timestamp,elapsed_s,cpu_pct,ram_pct,n_cameras_active
2026-08-04 18:16:19,5,62.0,10.0,4
2026-08-04 18:16:25,10,71.2,10.1,4
2026-08-04 18:16:30,15,66.2,10.1,4
2026-08-04 18:16:35,20,64.8,10.1,4
2026-08-04 18:16:40,25,67.6,10.2,4
2026-08-04 18:16:45,30,64.4,10.1,4
2026-08-04 18:16:50,35,62.4,10.1,4
2026-08-04 18:16:55,40,67.6,10.1,4
2026-08-04 18:17:00,45,68.6,10.2,4
2026-08-04 18:17:05,50,65.5,10.1,4
2026-08-04 18:17:10,55,67.9,10.2,4
2026-08-04 18:17:15,60,67.0,10.2,4
2026-08-04 18:17:20,65,66.6,10.2,4
2026-08-04 18:17:25,71,66.1,10.2,4
2026-08-04 18:17:31,76,65.2,10.2,4
2026-08-04 18:17:36,81,61.9,10.2,4
2026-08-04 18:17:41,86,62.4,10.2,4
2026-08-04 18:17:46,91,65.2,10.3,4
2026-08-04 18:17:51,96,64.7,10.3,4
2026-08-04 18:17:56,101,65.2,10.2,4
2026-08-04 18:18:01,106,68.1,10.3,4
2026-08-04 18:18:06,111,64.1,10.2,4
2026-08-04 18:18:11,116,67.5,10.2,4
2026-08-04 18:18:16,121,66.5,10.2,4
2026-08-04 18:18:21,126,69.4,10.3,4
2026-08-04 18:18:26,131,65.1,10.2,4
2026-08-04 18:18:31,137,64.0,10.2,4
2026-08-04 18:18:36,142,63.1,10.2,4
2026-08-04 18:18:42,147,61.8,10.3,4
2026-08-04 18:18:47,152,58.7,10.3,4
2026-08-04 18:18:52,157,59.0,10.3,4
2026-08-04 18:18:57,162,65.9,10.3,4
2026-08-04 18:19:02,167,60.0,10.3,4
2026-08-04 18:19:07,172,61.8,10.3,4
2026-08-04 18:19:12,177,87.6,10.3,4
2026-08-04 18:19:17,182,94.6,10.3,4
2026-08-04 18:19:22,187,95.3,10.3,4
2026-08-04 18:19:27,192,97.1,10.2,4
2026-08-04 18:19:32,198,97.4,10.2,4
2026-08-04 18:19:38,203,97.5,10.1,4
2026-08-04 18:19:43,208,97.7,10.1,4
2026-08-04 18:19:48,213,98.0,10.1,4
2026-08-04 18:19:53,218,97.2,10.1,4
2026-08-04 18:19:58,223,97.2,10.1,4
2026-08-04 18:20:03,228,97.3,10.1,4
2026-08-04 18:20:08,233,97.5,10.1,4
2026-08-04 18:20:13,238,97.1,10.2,4
2026-08-04 18:20:18,244,96.8,10.2,4
2026-08-04 18:20:24,249,97.4,10.2,4
2026-08-04 18:20:29,254,95.4,10.2,4
2026-08-04 18:20:34,259,96.2,10.2,4
2026-08-04 18:20:39,264,92.8,10.2,4
2026-08-04 18:20:44,269,94.6,10.2,4
2026-08-04 18:20:49,274,95.3,10.3,4
2026-08-04 18:20:54,279,97.3,10.2,4
2026-08-04 18:20:59,284,95.1,10.2,4
2026-08-04 18:21:04,290,96.0,10.3,4
2026-08-04 18:21:10,295,96.3,10.3,4
2026-08-04 18:21:15,300,95.0,10.3,4
2026-08-04 18:21:20,305,82.2,10.5,4
2026-08-04 18:21:25,310,85.9,10.5,4
2026-08-04 18:21:30,315,86.6,10.5,4
2026-08-04 18:21:35,320,84.1,10.6,4
2026-08-04 18:21:40,325,90.9,10.5,4
2026-08-04 18:21:45,330,96.7,10.4,4
2026-08-04 18:21:51,336,95.3,10.4,4
2026-08-04 18:21:56,341,93.9,10.4,4
2026-08-04 18:22:01,346,96.0,10.5,4
2026-08-04 18:22:06,351,95.0,10.5,4
2026-08-04 18:22:11,356,95.8,10.5,4
2026-08-04 18:22:16,361,94.0,10.5,4
2026-08-04 18:22:21,366,92.8,10.5,4
2026-08-04 18:22:26,371,83.9,10.4,4
2026-08-04 18:22:31,377,83.8,10.4,4
2026-08-04 18:22:37,382,86.0,10.5,4
2026-08-04 18:22:42,387,89.7,10.4,4
2026-08-04 18:22:47,392,91.2,10.4,4
2026-08-04 18:22:52,397,90.3,10.4,4
2026-08-04 18:22:57,402,91.2,10.5,4
2026-08-04 18:23:02,407,92.3,10.5,4
2026-08-04 18:23:07,412,92.2,10.4,4
2026-08-04 18:23:12,417,93.7,10.4,4
2026-08-04 18:23:17,422,95.6,10.5,4
2026-08-04 18:23:22,427,96.3,10.5,4
2026-08-04 18:23:27,433,94.7,10.5,4
2026-08-04 18:23:33,438,95.4,10.5,4
2026-08-04 18:23:38,443,96.0,10.4,4
2026-08-04 18:23:43,448,89.2,10.5,4
2026-08-04 18:23:48,453,89.2,10.4,4
2026-08-04 18:23:53,458,89.7,10.4,4
2026-08-04 18:23:58,463,85.8,10.5,4
2026-08-04 18:24:03,468,79.8,10.5,4
2026-08-04 18:24:08,473,77.2,10.5,4
2026-08-04 18:24:13,478,88.3,10.4,4
2026-08-04 18:24:18,483,89.7,10.4,4
2026-08-04 18:24:23,489,91.0,10.4,4
2026-08-04 18:24:29,494,93.1,10.4,4
2026-08-04 18:24:34,499,96.4,10.3,4
2026-08-04 18:24:39,504,96.9,10.3,4
2026-08-04 18:24:44,509,96.5,10.3,4
2026-08-04 18:24:49,514,98.0,10.3,4
2026-08-04 18:24:54,519,97.6,10.3,4
2026-08-04 18:24:59,524,97.6,10.3,4
2026-08-04 18:25:04,530,95.8,10.3,4
2026-08-04 18:25:10,535,96.7,10.3,4
2026-08-04 18:25:15,540,97.5,10.3,4
2026-08-04 18:25:20,545,95.6,10.3,4
2026-08-04 18:25:25,550,90.1,10.4,4
2026-08-04 18:25:30,555,89.7,10.4,4
2026-08-04 18:25:35,560,92.4,10.4,4
2026-08-04 18:25:40,565,90.0,10.4,4
2026-08-04 18:25:45,570,87.5,10.3,4
2026-08-04 18:25:50,575,93.2,10.3,4
2026-08-04 18:25:55,581,94.5,10.3,4
2026-08-04 18:26:01,586,92.0,10.4,4
2026-08-04 18:26:06,591,84.3,10.4,4
2026-08-04 18:26:11,596,83.2,10.4,4
2026-08-04 18:26:16,601,77.9,10.4,4
2026-08-04 18:26:21,606,78.8,10.4,4
2026-08-04 18:26:26,611,82.8,10.4,4
2026-08-04 18:26:31,616,77.7,10.4,4
2026-08-04 18:26:36,621,77.8,10.4,4
2026-08-04 18:26:41,626,77.1,10.4,4
2026-08-04 18:26:46,631,83.4,10.4,4
2026-08-04 18:26:51,637,86.4,10.4,4
2026-08-04 18:26:56,642,85.9,10.4,4
2026-08-04 18:27:02,647,80.9,10.4,4
2026-08-04 18:27:07,652,85.3,10.4,4
2026-08-04 18:27:12,657,87.2,10.4,4
2026-08-04 18:27:17,662,86.1,10.4,4
2026-08-04 18:27:22,667,82.0,10.4,4
2026-08-04 18:27:27,672,86.5,10.4,4
2026-08-04 18:27:32,677,87.8,10.4,4
2026-08-04 18:27:37,682,88.1,10.4,4
2026-08-04 18:27:42,687,86.2,10.4,4
2026-08-04 18:27:47,693,86.5,10.4,4
2026-08-04 18:27:52,698,88.6,10.4,4
2026-08-04 18:27:58,703,85.6,10.4,4
2026-08-04 18:28:03,708,90.0,10.4,4
2026-08-04 18:28:08,713,89.4,10.4,4
2026-08-04 18:28:13,718,81.6,10.4,4
2026-08-04 18:28:18,723,82.0,10.4,4
2026-08-04 18:28:23,728,80.4,10.4,4
2026-08-04 18:28:28,733,76.2,10.4,4
2026-08-04 18:28:33,738,88.9,10.4,4
2026-08-04 18:28:38,743,86.1,10.4,4
2026-08-04 18:28:43,749,93.9,10.4,4
2026-08-04 18:28:48,754,93.3,10.4,4
2026-08-04 18:28:54,759,90.8,10.4,4
2026-08-04 18:28:59,764,90.4,10.4,4
2026-08-04 18:29:04,769,90.9,10.4,4
2026-08-04 18:29:09,774,93.1,10.4,4
2026-08-04 18:29:14,779,91.4,10.4,4
2026-08-04 18:29:19,784,90.7,10.4,4
2026-08-04 18:29:24,789,89.8,10.4,4
2026-08-04 18:29:29,794,87.8,10.4,4
2026-08-04 18:29:34,799,85.9,10.4,4
2026-08-04 18:29:39,804,89.5,10.4,4
2026-08-04 18:29:45,810,94.3,10.4,4
2026-08-04 18:29:50,815,90.9,10.4,4
2026-08-04 18:29:55,820,91.6,10.4,4
2026-08-04 18:30:00,825,89.6,10.3,4
2026-08-04 18:30:05,830,86.2,10.4,4
2026-08-04 18:30:10,835,86.8,10.4,4
2026-08-04 18:30:15,840,94.2,10.4,4
2026-08-04 18:30:20,845,93.9,10.3,4
2026-08-04 18:30:25,850,93.6,10.4,4
2026-08-04 18:30:30,855,94.4,10.3,4
2026-08-04 18:30:35,861,91.7,10.4,4
2026-08-04 18:30:41,866,86.3,10.4,4
2026-08-04 18:30:46,871,82.6,10.4,4
2026-08-04 18:30:51,876,84.1,10.4,4
2026-08-04 18:30:56,881,86.4,10.4,4
2026-08-04 18:31:01,886,84.5,10.4,4
2026-08-04 18:31:06,891,87.7,10.5,4
2026-08-04 18:31:11,896,81.6,10.5,4
2026-08-04 18:31:16,901,84.6,10.5,4
2026-08-04 18:31:21,906,88.1,10.5,4
2026-08-04 18:31:26,911,89.3,10.4,4
2026-08-04 18:31:31,916,86.8,10.5,4
2026-08-04 18:31:37,922,83.0,10.4,4
2026-08-04 18:31:42,927,68.8,10.5,4
2026-08-04 18:31:47,932,75.0,10.5,4
2026-08-04 18:31:52,937,68.4,10.5,4
2026-08-04 18:31:57,942,79.6,10.4,4
2026-08-04 18:32:02,947,90.2,10.4,4
2026-08-04 18:32:07,952,90.3,10.5,4
2026-08-04 18:32:12,957,92.9,10.5,4
2026-08-04 18:32:17,962,94.3,10.4,4
2026-08-04 18:32:22,967,96.7,10.4,4
2026-08-04 18:32:27,972,97.0,10.3,4
2026-08-04 18:32:32,978,97.5,10.3,4
2026-08-04 18:32:38,983,97.7,10.3,4
2026-08-04 18:32:43,988,96.9,10.3,4
2026-08-04 18:32:48,993,96.3,10.3,4
2026-08-04 18:32:53,998,97.4,10.3,4
2026-08-04 18:32:58,1003,97.5,10.3,4
2026-08-04 18:33:03,1008,96.4,10.3,4
2026-08-04 18:33:08,1013,91.5,10.3,4
2026-08-04 18:33:13,1018,92.7,10.3,4
2026-08-04 18:33:18,1024,93.8,10.4,4
2026-08-04 18:33:24,1029,90.9,10.3,4
2026-08-04 18:33:29,1034,89.0,10.4,4
2026-08-04 18:33:34,1039,81.4,10.4,4
2026-08-04 18:33:39,1044,82.2,10.4,4
2026-08-04 18:33:44,1049,81.4,10.4,4
2026-08-04 18:33:49,1054,86.1,10.4,4
2026-08-04 18:33:54,1059,83.4,10.4,4
2026-08-04 18:33:59,1064,83.8,10.4,4
2026-08-04 18:34:04,1069,80.4,10.4,4
2026-08-04 18:34:09,1074,85.9,10.4,4
2026-08-04 18:34:14,1079,86.7,10.4,4
2026-08-04 18:34:19,1085,85.1,10.4,4
2026-08-04 18:34:25,1090,82.1,10.4,4
2026-08-04 18:34:30,1095,87.7,10.4,4
2026-08-04 18:34:35,1100,88.4,10.4,4
2026-08-04 18:34:40,1105,84.5,10.4,4
2026-08-04 18:34:45,1110,83.8,10.4,4
2026-08-04 18:34:50,1115,78.8,10.4,4
2026-08-04 18:34:55,1120,73.4,10.4,4
2026-08-04 18:35:00,1125,78.2,10.4,4
2026-08-04 18:35:05,1130,81.7,10.4,4
2026-08-04 18:35:10,1135,91.1,10.4,4
2026-08-04 18:35:15,1141,94.4,10.4,4
2026-08-04 18:35:21,1146,91.8,10.4,4
2026-08-04 18:35:26,1151,95.0,10.4,4
2026-08-04 18:35:31,1156,94.4,10.4,4
2026-08-04 18:35:36,1161,94.4,10.4,4
2026-08-04 18:35:41,1166,91.7,10.4,4
2026-08-04 18:35:46,1171,95.9,10.4,4
2026-08-04 18:35:51,1176,93.1,10.4,4
2026-08-04 18:35:56,1181,91.7,10.4,4
2026-08-04 18:36:01,1187,89.4,10.4,4
2026-08-04 18:36:06,1192,92.0,10.4,4
2026-08-04 18:36:12,1197,91.4,10.4,4
2026-08-04 18:36:17,1202,90.4,10.4,4
2026-08-04 18:36:22,1207,91.1,10.4,4
2026-08-04 18:36:27,1212,93.5,10.4,4
2026-08-04 18:36:32,1217,94.6,10.4,4
2026-08-04 18:36:37,1222,92.5,10.4,4
2026-08-04 18:36:42,1227,92.9,10.4,4
2026-08-04 18:36:47,1232,91.5,10.4,4
2026-08-04 18:36:52,1237,86.3,10.4,4
2026-08-04 18:36:57,1243,85.8,10.4,4
2026-08-04 18:37:03,1248,88.2,10.4,4
2026-08-04 18:37:08,1253,88.3,10.4,4
2026-08-04 18:37:13,1258,89.3,10.4,4
2026-08-04 18:37:18,1263,91.5,10.4,4
2026-08-04 18:37:23,1268,87.6,10.4,4
2026-08-04 18:37:28,1273,88.6,10.4,4
2026-08-04 18:37:33,1278,80.2,10.4,4
2026-08-04 18:37:38,1283,81.0,10.4,4
2026-08-04 18:37:43,1288,83.4,10.4,4
2026-08-04 18:37:48,1294,88.3,10.4,4
2026-08-04 18:37:53,1299,89.9,10.4,4
2026-08-04 18:37:59,1304,87.8,10.4,4
2026-08-04 18:38:04,1309,87.9,10.4,4
2026-08-04 18:38:09,1314,86.3,10.5,4
2026-08-04 18:38:14,1319,82.8,10.4,4
2026-08-04 18:38:19,1324,86.1,10.4,4
2026-08-04 18:38:24,1329,83.4,10.4,4
2026-08-04 18:38:29,1334,85.8,10.4,4
2026-08-04 18:38:34,1339,88.5,10.4,4
2026-08-04 18:38:39,1344,86.2,10.4,4
2026-08-04 18:38:44,1349,83.1,10.5,4
2026-08-04 18:38:49,1355,82.7,10.5,4
2026-08-04 18:38:55,1360,82.1,10.5,4
2026-08-04 18:39:00,1365,86.1,10.5,4
2026-08-04 18:39:05,1370,85.1,10.5,4
2026-08-04 18:39:10,1375,73.3,10.5,4
2026-08-04 18:39:15,1380,77.9,10.5,4
2026-08-04 18:39:20,1385,76.1,10.5,4
2026-08-04 18:39:25,1390,76.8,10.5,4
2026-08-04 18:39:30,1395,95.1,10.5,4
2026-08-04 18:39:35,1400,93.2,10.5,4
2026-08-04 18:39:40,1405,96.1,10.5,4
2026-08-04 18:39:46,1411,93.4,10.5,4
2026-08-04 18:39:51,1416,91.0,10.5,4
2026-08-04 18:39:56,1421,84.2,10.5,4
2026-08-04 18:40:01,1426,89.0,10.4,4
2026-08-04 18:40:06,1431,81.5,10.5,4
2026-08-04 18:40:11,1436,83.8,10.4,4
2026-08-04 18:40:16,1441,88.6,10.4,4
2026-08-04 18:40:21,1446,88.8,10.5,4
2026-08-04 18:40:26,1451,94.4,10.4,4
2026-08-04 18:40:31,1456,96.0,10.4,4
2026-08-04 18:40:36,1461,96.2,10.4,4
2026-08-04 18:40:41,1467,97.5,10.4,4
2026-08-04 18:40:47,1472,97.5,10.3,4
2026-08-04 18:40:52,1477,95.5,10.4,4
2026-08-04 18:40:57,1482,93.8,10.4,4
2026-08-04 18:41:02,1487,93.6,10.4,4
2026-08-04 18:41:07,1492,90.0,10.4,4
2026-08-04 18:41:12,1497,90.8,10.4,4
2026-08-04 18:41:17,1502,92.8,10.4,4
2026-08-04 18:41:22,1507,94.2,10.4,4
2026-08-04 18:41:27,1512,92.0,10.4,4
2026-08-04 18:41:32,1518,81.9,10.4,4
2026-08-04 18:41:38,1523,73.4,10.4,4
2026-08-04 18:41:43,1528,79.7,10.4,4
2026-08-04 18:41:48,1533,78.9,10.4,4
2026-08-04 18:41:53,1538,85.5,10.4,4
2026-08-04 18:41:58,1543,91.6,10.4,4
2026-08-04 18:42:03,1548,91.2,10.4,4
2026-08-04 18:42:08,1553,93.2,10.4,4
2026-08-04 18:42:13,1558,94.7,10.4,4
2026-08-04 18:42:18,1563,87.2,10.4,4
2026-08-04 18:42:23,1568,89.7,10.4,4
2026-08-04 18:42:28,1574,92.4,10.4,4
2026-08-04 18:42:34,1579,88.1,10.4,4
2026-08-04 18:42:39,1584,89.7,10.4,4
2026-08-04 18:42:44,1589,92.4,10.4,4
2026-08-04 18:42:49,1594,89.9,10.4,4
2026-08-04 18:42:54,1599,90.0,10.4,4
2026-08-04 18:42:59,1604,86.9,10.4,4
2026-08-04 18:43:04,1609,91.7,10.4,4
2026-08-04 18:43:09,1614,93.7,10.4,4
2026-08-04 18:43:14,1619,91.5,10.4,4
2026-08-04 18:43:19,1625,93.2,10.4,4
2026-08-04 18:43:25,1630,93.5,10.4,4
2026-08-04 18:43:30,1635,88.0,10.4,4
2026-08-04 18:43:35,1640,84.2,10.4,4
2026-08-04 18:43:40,1645,90.0,10.4,4
2026-08-04 18:43:45,1650,86.3,10.5,4
2026-08-04 18:43:50,1655,86.8,10.4,4
2026-08-04 18:43:55,1660,89.5,10.4,4
2026-08-04 18:44:00,1665,86.3,10.4,4
2026-08-04 18:44:05,1670,81.3,10.4,4
2026-08-04 18:44:10,1675,83.4,10.4,4
2026-08-04 18:44:15,1681,86.6,10.4,4
2026-08-04 18:44:21,1686,91.2,10.3,4
2026-08-04 18:44:26,1691,85.4,10.4,4
2026-08-04 18:44:31,1696,87.0,10.4,4
2026-08-04 18:44:36,1701,83.6,10.4,4
2026-08-04 18:44:41,1706,85.5,10.4,4
2026-08-04 18:44:46,1711,84.0,10.4,4
2026-08-04 18:44:51,1716,80.2,10.4,4
2026-08-04 18:44:56,1721,82.8,10.4,4
2026-08-04 18:45:01,1726,79.1,10.4,4
2026-08-04 18:45:06,1731,78.9,10.4,4
2026-08-04 18:45:11,1736,80.7,10.4,4
2026-08-04 18:45:16,1742,84.0,10.4,4
2026-08-04 18:45:22,1747,85.1,10.4,4
2026-08-04 18:45:27,1752,85.8,10.4,4
2026-08-04 18:45:32,1757,80.6,10.4,4
2026-08-04 18:45:37,1762,86.2,10.4,4
2026-08-04 18:45:42,1767,89.2,10.4,4
2026-08-04 18:45:47,1772,88.8,10.4,4
2026-08-04 18:45:52,1777,90.5,10.4,4
2026-08-04 18:45:57,1782,87.4,10.4,4
2026-08-04 18:46:02,1787,87.2,10.4,4
2026-08-04 18:46:07,1792,83.4,10.4,4
2026-08-04 18:46:12,1798,89.6,10.4,4
2026-08-04 18:46:17,1803,88.5,10.4,4
2026-08-04 18:46:23,1808,86.9,10.5,4
2026-08-04 18:46:28,1813,83.4,10.5,4
2026-08-04 18:46:33,1818,75.7,10.5,4
2026-08-04 18:46:38,1823,79.8,10.5,4
2026-08-04 18:46:43,1828,84.1,10.5,4
2026-08-04 18:46:48,1833,79.0,10.5,4
2026-08-04 18:46:53,1838,88.3,10.5,4
2026-08-04 18:46:58,1843,96.2,10.6,4
2026-08-04 18:47:03,1848,95.1,10.5,4
2026-08-04 18:47:08,1854,97.5,10.4,4
2026-08-04 18:47:14,1859,97.6,10.4,4
2026-08-04 18:47:19,1864,97.7,10.4,4
2026-08-04 18:47:24,1869,92.4,10.5,4
2026-08-04 18:47:29,1874,91.1,10.5,4
2026-08-04 18:47:34,1879,93.0,10.5,4
2026-08-04 18:47:39,1884,87.4,10.5,4
2026-08-04 18:47:44,1889,92.9,10.5,4
2026-08-04 18:47:49,1894,94.4,10.5,4
2026-08-04 18:47:54,1899,95.4,10.5,4
2026-08-04 18:47:59,1905,95.7,10.5,4
2026-08-04 18:48:05,1910,85.4,10.5,4
2026-08-04 18:48:10,1915,76.4,10.5,4
2026-08-04 18:48:15,1920,77.1,10.5,4
2026-08-04 18:48:20,1925,76.0,10.5,4
2026-08-04 18:48:25,1930,79.8,10.4,4
2026-08-04 18:48:30,1935,92.6,10.4,4
2026-08-04 18:48:35,1940,96.2,10.3,4
2026-08-04 18:48:40,1945,97.0,10.3,4
2026-08-04 18:48:45,1950,97.8,10.3,4
2026-08-04 18:48:50,1955,97.5,10.3,4
2026-08-04 18:48:56,1961,97.0,10.3,4
2026-08-04 18:49:01,1966,96.7,10.3,4
2026-08-04 18:49:06,1971,96.3,10.3,4
2026-08-04 18:49:11,1976,97.4,10.3,4
2026-08-04 18:49:16,1981,95.4,10.4,4
2026-08-04 18:49:21,1986,92.2,10.4,4
2026-08-04 18:49:26,1991,92.9,10.4,4
2026-08-04 18:49:31,1996,94.7,10.4,4
2026-08-04 18:49:36,2001,94.9,10.4,4
2026-08-04 18:49:41,2007,93.5,10.4,4
2026-08-04 18:49:47,2012,85.5,10.4,4
2026-08-04 18:49:52,2017,87.4,10.4,4
2026-08-04 18:49:57,2022,87.3,10.4,4
2026-08-04 18:50:02,2027,88.6,10.4,4
2026-08-04 18:50:07,2032,89.0,10.4,4
2026-08-04 18:50:12,2037,86.7,10.4,4
2026-08-04 18:50:17,2042,90.4,10.4,4
2026-08-04 18:50:22,2047,91.8,10.4,4
2026-08-04 18:50:27,2052,90.9,10.4,4
2026-08-04 18:50:32,2058,88.7,10.4,4
2026-08-04 18:50:38,2063,89.0,10.4,4
2026-08-04 18:50:43,2068,88.6,10.4,4
2026-08-04 18:50:48,2073,80.5,10.4,4
2026-08-04 18:50:53,2078,82.5,10.4,4
2026-08-04 18:50:58,2083,85.9,10.4,4
2026-08-04 18:51:03,2088,80.9,10.4,4
2026-08-04 18:51:08,2093,83.3,10.4,4
2026-08-04 18:51:13,2098,77.4,10.4,4
2026-08-04 18:51:18,2103,78.2,10.4,4
2026-08-04 18:51:23,2108,84.9,10.4,4
2026-08-04 18:51:28,2113,81.0,10.4,4
2026-08-04 18:51:33,2119,83.7,10.4,4
2026-08-04 18:51:38,2124,82.8,10.4,4
2026-08-04 18:51:44,2129,81.2,10.4,4
2026-08-04 18:51:49,2134,83.3,10.4,4
2026-08-04 18:51:54,2139,77.4,10.4,4
2026-08-04 18:51:59,2144,82.3,10.4,4
2026-08-04 18:52:04,2149,81.5,10.4,4
2026-08-04 18:52:09,2154,82.9,10.4,4
2026-08-04 18:52:14,2159,84.4,10.4,4
2026-08-04 18:52:19,2164,84.0,10.4,4
2026-08-04 18:52:24,2169,88.6,10.4,4
2026-08-04 18:52:29,2174,83.1,10.4,4
2026-08-04 18:52:34,2180,82.3,10.4,4
2026-08-04 18:52:40,2185,82.9,10.4,4
2026-08-04 18:52:45,2190,80.0,10.4,4
2026-08-04 18:52:50,2195,83.4,10.4,4
2026-08-04 18:52:55,2200,87.0,10.4,4
2026-08-04 18:53:00,2205,80.9,10.4,4
2026-08-04 18:53:05,2210,81.5,10.4,4
2026-08-04 18:53:10,2215,84.4,10.4,4
2026-08-04 18:53:15,2220,82.8,10.4,4
2026-08-04 18:53:20,2225,90.3,10.4,4
2026-08-04 18:53:25,2230,90.8,10.5,4
2026-08-04 18:53:30,2235,89.6,10.4,4
2026-08-04 18:53:35,2241,85.4,10.4,4
2026-08-04 18:53:41,2246,90.2,10.4,4
2026-08-04 18:53:46,2251,87.8,10.4,4
2026-08-04 18:53:51,2256,90.2,10.4,4
2026-08-04 18:53:56,2261,93.1,10.4,4
2026-08-04 18:54:01,2266,87.0,10.4,4
2026-08-04 18:54:06,2271,79.0,10.5,4
2026-08-04 18:54:11,2276,80.5,10.5,4
2026-08-04 18:54:16,2281,73.0,10.5,4
2026-08-04 18:54:21,2286,82.9,10.5,4
2026-08-04 18:54:26,2292,95.0,10.5,4
2026-08-04 18:54:32,2297,92.5,10.5,4
2026-08-04 18:54:37,2302,96.5,10.5,4
2026-08-04 18:54:42,2307,94.5,10.5,4
2026-08-04 18:54:47,2312,86.0,10.5,4
2026-08-04 18:54:52,2317,85.7,10.5,4
2026-08-04 18:54:57,2322,94.8,10.5,4
2026-08-04 18:55:02,2327,87.9,10.4,4
2026-08-04 18:55:07,2332,92.8,10.5,4
2026-08-04 18:55:12,2337,96.3,10.5,4
2026-08-04 18:55:17,2343,96.5,10.5,4
2026-08-04 18:55:23,2348,97.8,10.4,4
2026-08-04 18:55:28,2353,97.9,10.3,4
2026-08-04 18:55:33,2358,97.3,10.3,4
2026-08-04 18:55:38,2363,97.4,10.3,4
2026-08-04 18:55:43,2368,97.3,10.3,4
2026-08-04 18:55:48,2373,97.1,10.3,4
2026-08-04 18:55:53,2378,92.8,10.4,4
2026-08-04 18:55:58,2383,87.9,10.4,4
2026-08-04 18:56:03,2389,89.0,10.4,4
2026-08-04 18:56:09,2394,86.5,10.5,4
2026-08-04 18:56:14,2399,85.5,10.4,4
2026-08-04 18:56:19,2404,81.2,10.5,4
2026-08-04 18:56:24,2409,84.8,10.4,4
2026-08-04 18:56:29,2414,84.5,10.5,4
2026-08-04 18:56:34,2419,88.3,10.4,4
2026-08-04 18:56:39,2424,95.7,10.4,4
2026-08-04 18:56:44,2429,96.7,10.3,4
2026-08-04 18:56:49,2434,95.5,10.3,4
2026-08-04 18:56:54,2439,97.3,10.4,4
2026-08-04 18:57:00,2445,97.5,10.4,4
2026-08-04 18:57:05,2450,98.1,10.3,4
2026-08-04 18:57:10,2455,97.3,10.3,4
2026-08-04 18:57:15,2460,97.6,10.3,4
2026-08-04 18:57:20,2465,97.9,10.3,4
2026-08-04 18:57:25,2470,93.3,10.3,4
2026-08-04 18:57:30,2475,89.8,10.3,4
2026-08-04 18:57:35,2480,92.9,10.4,4
2026-08-04 18:57:40,2486,94.2,10.4,4
2026-08-04 18:57:46,2491,93.1,10.4,4
2026-08-04 18:57:51,2496,90.0,10.4,4
2026-08-04 18:57:56,2501,82.0,10.4,4
2026-08-04 18:58:01,2506,76.7,10.4,4
2026-08-04 18:58:06,2511,75.5,10.4,4
2026-08-04 18:58:11,2516,83.7,10.4,4
2026-08-04 18:58:16,2521,84.7,10.4,4
2026-08-04 18:58:21,2526,85.1,10.4,4
2026-08-04 18:58:26,2531,84.1,10.4,4
2026-08-04 18:58:31,2536,83.0,10.4,4
2026-08-04 18:58:36,2541,78.3,10.4,4
2026-08-04 18:58:41,2547,78.4,10.4,4
2026-08-04 18:58:47,2552,73.3,10.4,4
2026-08-04 18:58:52,2557,82.2,10.4,4
2026-08-04 18:58:57,2562,84.0,10.4,4
2026-08-04 18:59:02,2567,83.7,10.4,4
2026-08-04 18:59:07,2572,87.0,10.4,4
2026-08-04 18:59:12,2577,90.1,10.4,4
2026-08-04 18:59:17,2582,89.8,10.4,4
2026-08-04 18:59:22,2587,81.0,10.4,4
2026-08-04 18:59:27,2592,78.7,10.4,4
2026-08-04 18:59:32,2597,80.5,10.4,4
2026-08-04 18:59:37,2603,82.0,10.4,4
2026-08-04 18:59:43,2608,88.5,10.4,4
2026-08-04 18:59:48,2613,85.1,10.4,4
2026-08-04 18:59:53,2618,78.3,10.4,4
2026-08-04 18:59:58,2623,79.4,10.4,4
2026-08-04 19:00:03,2628,78.4,10.4,4
2026-08-04 19:00:08,2633,81.9,10.4,4
2026-08-04 19:00:13,2638,85.0,10.4,4
2026-08-04 19:00:18,2643,84.3,10.4,4
2026-08-04 19:00:23,2648,89.5,10.4,4
2026-08-04 19:00:28,2653,86.8,10.4,4
2026-08-04 19:00:33,2659,88.7,10.4,4
2026-08-04 19:00:38,2664,88.5,10.4,4
2026-08-04 19:00:44,2669,85.7,10.5,4
2026-08-04 19:00:49,2674,86.4,10.4,4
2026-08-04 19:00:54,2679,86.6,10.4,4
2026-08-04 19:00:59,2684,86.1,10.4,4
2026-08-04 19:01:04,2689,85.0,10.4,4
2026-08-04 19:01:09,2694,86.7,10.4,4
2026-08-04 19:01:14,2699,90.8,10.4,4
2026-08-04 19:01:19,2704,89.1,10.4,4
2026-08-04 19:01:24,2709,91.2,10.5,4
2026-08-04 19:01:29,2714,84.2,10.4,4
2026-08-04 19:01:34,2720,73.9,10.5,4
2026-08-04 19:01:40,2725,75.8,10.4,4
2026-08-04 19:01:45,2730,77.0,10.5,4
2026-08-04 19:01:50,2735,87.6,10.5,4
2026-08-04 19:01:55,2740,94.4,10.5,4
2026-08-04 19:02:00,2745,97.4,10.5,4
2026-08-04 19:02:05,2750,96.6,10.3,4
2026-08-04 19:02:10,2755,97.5,10.3,4
2026-08-04 19:02:15,2760,96.9,10.3,4
2026-08-04 19:02:20,2766,97.0,10.3,4
2026-08-04 19:02:26,2771,96.3,10.3,4
2026-08-04 19:02:31,2776,96.8,10.3,4
2026-08-04 19:02:36,2781,97.4,10.3,4
2026-08-04 19:02:41,2786,95.4,10.4,4
2026-08-04 19:02:46,2791,95.5,10.4,4
2026-08-04 19:02:51,2796,95.0,10.5,4
2026-08-04 19:02:56,2801,96.5,10.5,4
2026-08-04 19:03:01,2806,94.4,10.5,4
2026-08-04 19:03:06,2811,94.2,10.5,4
2026-08-04 19:03:11,2817,92.8,10.5,4
2026-08-04 19:03:17,2822,94.2,10.5,4
2026-08-04 19:03:22,2827,96.1,10.5,4
2026-08-04 19:03:27,2832,90.8,10.4,4
2026-08-04 19:03:32,2837,91.4,10.5,4
2026-08-04 19:03:37,2842,90.4,10.4,4
2026-08-04 19:03:42,2847,88.7,10.4,4
2026-08-04 19:03:47,2852,93.7,10.5,4
2026-08-04 19:03:52,2857,91.1,10.5,4
2026-08-04 19:03:57,2862,91.6,10.5,4
2026-08-04 19:04:02,2867,89.1,10.5,4
2026-08-04 19:04:07,2873,82.4,10.5,4
2026-08-04 19:04:13,2878,81.8,10.5,4
2026-08-04 19:04:18,2883,77.8,10.5,4
2026-08-04 19:04:23,2888,75.6,10.5,4
2026-08-04 19:04:28,2893,76.8,10.5,4
2026-08-04 19:04:33,2898,77.2,10.5,4
2026-08-04 19:04:38,2903,73.0,10.5,4
2026-08-04 19:04:43,2908,85.9,10.4,4
2026-08-04 19:04:48,2913,92.9,10.4,4
2026-08-04 19:04:53,2918,90.6,10.4,4
2026-08-04 19:04:58,2923,94.2,10.3,4
2026-08-04 19:05:03,2929,94.2,10.4,4
2026-08-04 19:05:09,2934,87.9,10.3,4
2026-08-04 19:05:14,2939,91.1,10.4,4
2026-08-04 19:05:19,2944,92.9,10.4,4
2026-08-04 19:05:24,2949,85.3,10.4,4
2026-08-04 19:05:29,2954,88.9,10.4,4
2026-08-04 19:05:34,2959,90.9,10.4,4
2026-08-04 19:05:39,2964,94.8,10.4,4
2026-08-04 19:05:44,2969,91.1,10.4,4
2026-08-04 19:05:49,2974,86.7,10.4,4
2026-08-04 19:05:54,2979,85.1,10.4,4
2026-08-04 19:05:59,2985,81.1,10.4,4
2026-08-04 19:06:05,2990,78.9,10.4,4
2026-08-04 19:06:10,2995,77.5,10.4,4
2026-08-04 19:06:15,3000,81.5,10.5,4
2026-08-04 19:06:20,3005,82.8,10.4,4
2026-08-04 19:06:25,3010,85.6,10.4,4
2026-08-04 19:06:30,3015,79.0,10.4,4
2026-08-04 19:06:35,3020,78.7,10.4,4
2026-08-04 19:06:40,3025,81.8,10.4,4
2026-08-04 19:06:45,3030,84.7,10.4,4
2026-08-04 19:06:50,3035,83.6,10.5,4
2026-08-04 19:06:55,3040,84.9,10.5,4
2026-08-04 19:07:00,3046,84.6,10.4,4
2026-08-04 19:07:06,3051,88.1,10.4,4
2026-08-04 19:07:11,3056,88.8,10.4,4
2026-08-04 19:07:16,3061,86.2,10.4,4
2026-08-04 19:07:21,3066,85.4,10.4,4
2026-08-04 19:07:26,3071,85.3,10.4,4
2026-08-04 19:07:31,3076,85.0,10.4,4
2026-08-04 19:07:36,3081,88.5,10.4,4
2026-08-04 19:07:41,3086,87.7,10.4,4
2026-08-04 19:07:46,3091,89.2,10.4,4
2026-08-04 19:07:51,3096,92.0,10.4,4
2026-08-04 19:07:56,3102,89.7,10.3,4
2026-08-04 19:08:02,3107,92.0,10.4,4
2026-08-04 19:08:07,3112,89.9,10.4,4
2026-08-04 19:08:12,3117,86.5,10.4,4
2026-08-04 19:08:17,3122,83.7,10.4,4
2026-08-04 19:08:22,3127,87.0,10.4,4
2026-08-04 19:08:27,3132,90.7,10.4,4
2026-08-04 19:08:32,3137,88.0,10.4,4
2026-08-04 19:08:37,3142,93.7,10.4,4
2026-08-04 19:08:42,3147,93.7,10.4,4
2026-08-04 19:08:47,3153,96.3,10.4,4
2026-08-04 19:08:53,3158,94.3,10.4,4
2026-08-04 19:08:58,3163,91.3,10.4,4
2026-08-04 19:09:03,3168,89.5,10.4,4
2026-08-04 19:09:08,3173,89.9,10.4,4
2026-08-04 19:09:13,3178,84.9,10.4,4
2026-08-04 19:09:18,3183,85.2,10.4,4
2026-08-04 19:09:23,3188,89.3,10.4,4
2026-08-04 19:09:28,3193,95.4,10.4,4
2026-08-04 19:09:33,3198,97.1,10.3,4
2026-08-04 19:09:38,3204,96.1,10.3,4
2026-08-04 19:09:44,3209,97.8,10.3,4
2026-08-04 19:09:49,3214,97.5,10.3,4
2026-08-04 19:09:54,3219,97.1,10.3,4
2026-08-04 19:09:59,3224,94.2,10.3,4
2026-08-04 19:10:04,3229,95.5,10.4,4
2026-08-04 19:10:09,3234,96.2,10.4,4
2026-08-04 19:10:14,3239,96.8,10.4,4
2026-08-04 19:10:19,3244,96.0,10.4,4
2026-08-04 19:10:24,3250,93.7,10.3,4
2026-08-04 19:10:30,3255,96.0,10.4,4
2026-08-04 19:10:35,3260,93.9,10.4,4
2026-08-04 19:10:40,3265,92.9,10.4,4
2026-08-04 19:10:45,3270,92.9,10.4,4
2026-08-04 19:10:50,3275,93.5,10.4,4
2026-08-04 19:10:55,3280,89.7,10.4,4
2026-08-04 19:11:00,3285,85.3,10.4,4
2026-08-04 19:11:05,3290,83.3,10.4,4
2026-08-04 19:11:10,3295,85.8,10.4,4
2026-08-04 19:11:15,3300,82.5,10.4,4
2026-08-04 19:11:20,3306,84.3,10.4,4
2026-08-04 19:11:25,3311,77.0,10.5,4
2026-08-04 19:11:31,3316,77.9,10.5,4
2026-08-04 19:11:36,3321,80.7,10.5,4
2026-08-04 19:11:41,3326,82.8,10.5,4
2026-08-04 19:11:46,3331,84.5,10.5,4
2026-08-04 19:11:51,3336,73.2,10.5,4
2026-08-04 19:11:56,3341,76.1,10.5,4
2026-08-04 19:12:01,3346,77.6,10.5,4
2026-08-04 19:12:06,3351,77.8,10.5,4
2026-08-04 19:12:11,3356,78.5,10.5,4
2026-08-04 19:12:16,3361,77.4,10.5,4
2026-08-04 19:12:21,3366,74.4,10.5,4
2026-08-04 19:12:26,3372,77.4,10.5,4
2026-08-04 19:12:32,3377,75.6,10.5,4
2026-08-04 19:12:37,3382,76.2,10.5,4
2026-08-04 19:12:42,3387,74.7,10.5,4
2026-08-04 19:12:47,3392,74.9,10.4,4
2026-08-04 19:12:52,3397,89.7,10.4,4
2026-08-04 19:12:57,3402,94.6,10.4,4
2026-08-04 19:13:02,3407,95.5,10.3,4
2026-08-04 19:13:07,3412,95.3,10.4,4
2026-08-04 19:13:12,3417,95.3,10.3,4
2026-08-04 19:13:17,3422,90.2,10.4,4
2026-08-04 19:13:23,3428,88.6,10.3,4
2026-08-04 19:13:28,3433,92.1,10.3,4
2026-08-04 19:13:33,3438,87.4,10.4,4
2026-08-04 19:13:38,3443,88.3,10.4,4
2026-08-04 19:13:43,3448,90.8,10.4,4
2026-08-04 19:13:48,3453,90.1,10.4,4
2026-08-04 19:13:53,3458,88.0,10.4,4
2026-08-04 19:13:58,3463,79.9,10.4,4
2026-08-04 19:14:03,3468,86.5,10.5,4
2026-08-04 19:14:08,3473,84.8,10.4,4
2026-08-04 19:14:13,3478,87.6,10.4,4
2026-08-04 19:14:18,3484,86.7,10.4,4
2026-08-04 19:14:24,3489,82.8,10.4,4
2026-08-04 19:14:29,3494,83.5,10.4,4
2026-08-04 19:14:34,3499,88.6,10.4,4
2026-08-04 19:14:39,3504,89.6,10.4,4
2026-08-04 19:14:44,3509,86.6,10.4,4
2026-08-04 19:14:49,3514,85.8,10.4,4
2026-08-04 19:14:54,3519,74.2,10.4,4
2026-08-04 19:14:59,3524,78.4,10.4,4
2026-08-04 19:15:04,3529,82.0,10.4,4
2026-08-04 19:15:09,3534,86.3,10.4,4
2026-08-04 19:15:14,3539,94.1,10.4,4
2026-08-04 19:15:19,3545,90.2,10.4,4
2026-08-04 19:15:25,3550,94.9,10.4,4
2026-08-04 19:15:30,3555,93.1,10.4,4
2026-08-04 19:15:35,3560,92.8,10.4,4
2026-08-04 19:15:40,3565,91.4,10.4,4
2026-08-04 19:15:45,3570,93.7,10.4,4
2026-08-04 19:15:50,3575,89.8,10.4,4
2026-08-04 19:15:55,3580,90.1,10.4,4
2026-08-04 19:16:00,3585,91.8,10.4,4
2026-08-04 19:16:05,3591,93.8,10.4,4
2026-08-04 19:16:10,3596,93.3,10.3,4
2026-08-04 19:16:16,3601,95.1,10.4,4
2026-08-04 19:16:21,3606,92.2,10.4,4
2026-08-04 19:16:26,3611,93.7,10.4,4
2026-08-04 19:16:31,3616,89.4,10.4,4
2026-08-04 19:16:36,3621,87.1,10.4,4
2026-08-04 19:16:41,3626,90.0,10.4,4
2026-08-04 19:16:46,3631,94.0,10.4,4
2026-08-04 19:16:51,3636,90.8,10.4,4
2026-08-04 19:16:56,3642,89.5,10.4,4
2026-08-04 19:17:02,3647,96.2,10.3,4
2026-08-04 19:17:07,3652,95.6,10.4,4
2026-08-04 19:17:12,3657,94.5,10.4,4
2026-08-04 19:17:17,3662,96.4,10.4,4
2026-08-04 19:17:22,3667,96.5,10.4,4
2026-08-04 19:17:27,3672,92.6,10.4,4
2026-08-04 19:17:32,3677,91.3,10.4,4
2026-08-04 19:17:37,3682,93.8,10.4,4
2026-08-04 19:17:42,3688,91.4,10.4,4
2026-08-04 19:17:47,3693,90.0,10.5,4
2026-08-04 19:17:53,3698,92.5,10.4,4
2026-08-04 19:17:58,3703,94.6,10.4,4
2026-08-04 19:18:03,3708,92.3,10.5,4
2026-08-04 19:18:08,3713,90.8,10.5,4
2026-08-04 19:18:13,3718,92.5,10.4,4
2026-08-04 19:18:18,3723,91.8,10.5,4
2026-08-04 19:18:23,3728,91.0,10.4,4
2026-08-04 19:18:28,3733,91.2,10.4,4
2026-08-04 19:18:33,3738,81.9,10.4,4
2026-08-04 19:18:38,3744,82.6,10.4,4
2026-08-04 19:18:44,3749,81.5,10.4,4
2026-08-04 19:18:49,3754,81.2,10.4,4
2026-08-04 19:18:54,3759,81.9,10.4,4
2026-08-04 19:18:59,3764,86.1,10.4,4
2026-08-04 19:19:04,3769,82.8,10.4,4
2026-08-04 19:19:09,3774,81.5,10.4,4
2026-08-04 19:19:14,3779,85.2,10.5,4
2026-08-04 19:19:19,3784,84.9,10.4,4
2026-08-04 19:19:24,3789,82.1,10.4,4
2026-08-04 19:19:29,3794,80.1,10.5,4
2026-08-04 19:19:34,3799,74.9,10.5,4
2026-08-04 19:19:39,3805,84.7,10.5,4
2026-08-04 19:19:45,3810,85.5,10.5,4
2026-08-04 19:19:50,3815,79.5,10.5,4
2026-08-04 19:19:55,3820,75.1,10.5,4
2026-08-04 19:20:00,3825,79.9,10.5,4
2026-08-04 19:20:05,3830,85.8,10.5,4
2026-08-04 19:20:10,3835,89.0,10.5,4
2026-08-04 19:20:15,3840,86.3,10.5,4
2026-08-04 19:20:20,3845,83.3,10.5,4
2026-08-04 19:20:25,3850,82.6,10.5,4
2026-08-04 19:20:30,3855,79.3,10.5,4
2026-08-04 19:20:35,3861,75.1,10.5,4
2026-08-04 19:20:40,3866,80.6,10.5,4
2026-08-04 19:20:46,3871,80.2,10.5,4
2026-08-04 19:20:51,3876,79.4,10.5,4
2026-08-04 19:20:56,3881,87.5,10.4,4
2026-08-04 19:21:01,3886,92.4,10.4,4
2026-08-04 19:21:06,3891,90.2,10.4,4
2026-08-04 19:21:11,3896,95.3,10.4,4
2026-08-04 19:21:16,3901,94.8,10.4,4
2026-08-04 19:21:21,3906,93.9,10.4,4
2026-08-04 19:21:26,3911,91.6,10.4,4
2026-08-04 19:21:31,3917,93.0,10.4,4
2026-08-04 19:21:37,3922,87.3,10.4,4
2026-08-04 19:21:42,3927,88.1,10.4,4
2026-08-04 19:21:47,3932,86.6,10.4,4
2026-08-04 19:21:52,3937,88.5,10.4,4
2026-08-04 19:21:57,3942,94.3,10.4,4
2026-08-04 19:22:02,3947,90.6,10.4,4
2026-08-04 19:22:07,3952,92.4,10.4,4
2026-08-04 19:22:12,3957,93.6,10.4,4
2026-08-04 19:22:17,3962,91.8,10.4,4
2026-08-04 19:22:22,3967,87.4,10.4,4
2026-08-04 19:22:27,3973,89.3,10.4,4
2026-08-04 19:22:33,3978,85.4,10.4,4
2026-08-04 19:22:38,3983,88.8,10.4,4
2026-08-04 19:22:43,3988,91.3,10.4,4
2026-08-04 19:22:48,3993,93.6,10.4,4
2026-08-04 19:22:53,3998,90.4,10.4,4
2026-08-04 19:22:58,4003,90.2,10.4,4
2026-08-04 19:23:03,4008,89.5,10.4,4
2026-08-04 19:23:08,4013,88.2,10.4,4
2026-08-04 19:23:13,4018,89.7,10.4,4
2026-08-04 19:23:18,4024,92.0,10.4,4
2026-08-04 19:23:24,4029,92.5,10.4,4
2026-08-04 19:23:29,4034,94.7,10.4,4
2026-08-04 19:23:34,4039,90.7,10.4,4
2026-08-04 19:23:39,4044,92.0,10.4,4
2026-08-04 19:23:44,4049,93.9,10.4,4
2026-08-04 19:23:49,4054,93.6,10.4,4
2026-08-04 19:23:54,4059,93.4,10.4,4
2026-08-04 19:23:59,4064,92.7,10.5,4
2026-08-04 19:24:04,4069,86.5,10.4,4
2026-08-04 19:24:09,4075,77.1,10.4,4
2026-08-04 19:24:15,4080,76.2,10.4,4
2026-08-04 19:24:20,4085,81.0,10.5,4
2026-08-04 19:24:25,4090,81.3,10.5,4
2026-08-04 19:24:30,4095,92.3,10.4,4
2026-08-04 19:24:35,4100,92.4,10.4,4
2026-08-04 19:24:40,4105,92.5,10.4,4
2026-08-04 19:24:45,4110,95.1,10.4,4
2026-08-04 19:24:50,4115,95.8,10.4,4
2026-08-04 19:24:55,4120,95.5,10.4,4
2026-08-04 19:25:00,4126,92.7,10.4,4
2026-08-04 19:25:06,4131,95.5,10.4,4
2026-08-04 19:25:11,4136,87.9,10.4,4
2026-08-04 19:25:16,4141,83.6,10.4,4
2026-08-04 19:25:21,4146,89.6,10.4,4
2026-08-04 19:25:26,4151,88.9,10.4,4
2026-08-04 19:25:31,4156,88.0,10.4,4
2026-08-04 19:25:36,4161,87.2,10.4,4
2026-08-04 19:25:41,4166,91.1,10.5,4
2026-08-04 19:25:46,4171,87.7,10.5,4
2026-08-04 19:25:51,4176,83.4,10.4,4
2026-08-04 19:25:56,4182,86.0,10.4,4
2026-08-04 19:26:02,4187,83.6,10.5,4
2026-08-04 19:26:07,4192,81.8,10.5,4
2026-08-04 19:26:12,4197,79.0,10.4,4
2026-08-04 19:26:17,4202,77.7,10.4,4
2026-08-04 19:26:22,4207,85.3,10.4,4
2026-08-04 19:26:27,4212,84.1,10.4,4
2026-08-04 19:26:32,4217,82.8,10.4,4
2026-08-04 19:26:37,4222,85.4,10.4,4
2026-08-04 19:26:42,4227,81.4,10.4,4
2026-08-04 19:26:47,4232,85.2,10.4,4
2026-08-04 19:26:52,4237,80.2,10.4,4
2026-08-04 19:26:57,4243,86.5,10.4,4
2026-08-04 19:27:03,4248,85.3,10.4,4
2026-08-04 19:27:08,4253,84.6,10.4,4
2026-08-04 19:27:13,4258,80.2,10.5,4
2026-08-04 19:27:18,4263,81.7,10.5,4
2026-08-04 19:27:23,4268,86.2,10.5,4
2026-08-04 19:27:28,4273,80.4,10.5,4
2026-08-04 19:27:33,4278,87.9,10.5,4
2026-08-04 19:27:38,4283,84.3,10.5,4
2026-08-04 19:27:43,4288,80.0,10.5,4
2026-08-04 19:27:48,4293,81.9,10.5,4
2026-08-04 19:27:53,4299,90.5,10.5,4
2026-08-04 19:27:59,4304,90.7,10.5,4
2026-08-04 19:28:04,4309,87.0,10.5,4
2026-08-04 19:28:09,4314,80.8,10.5,4
2026-08-04 19:28:14,4319,78.0,10.5,4
2026-08-04 19:28:19,4324,79.0,10.5,4
2026-08-04 19:28:24,4329,77.5,10.5,4
2026-08-04 19:28:29,4334,90.3,10.5,4
2026-08-04 19:28:34,4339,88.9,10.5,4
2026-08-04 19:28:39,4344,91.3,10.5,4
2026-08-04 19:28:44,4349,92.7,10.5,4
2026-08-04 19:28:49,4355,92.5,10.5,4
2026-08-04 19:28:55,4360,89.3,10.5,4
2026-08-04 19:29:00,4365,94.3,10.4,4
2026-08-04 19:29:05,4370,96.6,10.4,4
2026-08-04 19:29:10,4375,96.2,10.3,4
2026-08-04 19:29:15,4380,94.9,10.4,4
2026-08-04 19:29:20,4385,97.6,10.3,4
2026-08-04 19:29:25,4390,97.5,10.3,4
2026-08-04 19:29:30,4395,97.7,10.3,4
2026-08-04 19:29:35,4401,96.9,10.4,4
2026-08-04 19:29:41,4406,96.0,10.4,4
2026-08-04 19:29:46,4411,94.9,10.4,4
2026-08-04 19:29:51,4416,92.1,10.4,4
2026-08-04 19:29:56,4421,92.1,10.4,4
2026-08-04 19:30:01,4426,94.4,10.4,4
2026-08-04 19:30:06,4431,93.9,10.4,4
2026-08-04 19:30:11,4436,95.6,10.4,4
2026-08-04 19:30:16,4441,92.9,10.4,4
2026-08-04 19:30:21,4446,92.2,10.4,4
2026-08-04 19:30:26,4452,91.8,10.4,4
2026-08-04 19:30:32,4457,91.0,10.4,4
2026-08-04 19:30:37,4462,93.9,10.4,4
2026-08-04 19:30:42,4467,91.7,10.4,4
2026-08-04 19:30:47,4472,89.0,10.4,4
2026-08-04 19:30:52,4477,86.1,10.4,4
2026-08-04 19:30:57,4482,85.1,10.4,4
2026-08-04 19:31:02,4487,89.7,10.4,4
2026-08-04 19:31:07,4492,84.4,10.4,4
2026-08-04 19:31:12,4497,83.6,10.4,4
2026-08-04 19:31:17,4502,84.4,10.4,4
2026-08-04 19:31:22,4508,86.6,10.5,4
2026-08-04 19:31:28,4513,91.2,10.4,4
2026-08-04 19:31:33,4518,85.2,10.5,4
2026-08-04 19:31:38,4523,82.4,10.4,4
2026-08-04 19:31:43,4528,78.4,10.4,4
2026-08-04 19:31:48,4533,74.7,10.4,4
2026-08-04 19:31:53,4538,75.9,10.4,4
2026-08-04 19:31:58,4543,85.4,10.4,4
2026-08-04 19:32:03,4548,90.7,10.4,4
2026-08-04 19:32:08,4553,91.8,10.4,4
2026-08-04 19:32:13,4559,92.9,10.4,4
2026-08-04 19:32:18,4564,93.4,10.4,4
2026-08-04 19:32:24,4569,88.9,10.5,4
2026-08-04 19:32:29,4574,92.7,10.4,4
2026-08-04 19:32:34,4579,94.3,10.4,4
2026-08-04 19:32:39,4584,89.5,10.4,4
2026-08-04 19:32:44,4589,87.6,10.4,4
2026-08-04 19:32:49,4594,88.5,10.4,4
2026-08-04 19:32:54,4599,87.3,10.5,4
2026-08-04 19:32:59,4604,90.9,10.4,4
2026-08-04 19:33:04,4609,93.0,10.4,4
2026-08-04 19:33:09,4615,88.8,10.4,4
2026-08-04 19:33:15,4620,90.6,10.4,4
2026-08-04 19:33:20,4625,82.3,10.4,4
2026-08-04 19:33:25,4630,78.3,10.4,4
2026-08-04 19:33:30,4635,81.1,10.4,4
2026-08-04 19:33:35,4640,78.5,10.4,4
2026-08-04 19:33:40,4645,83.0,10.4,4
2026-08-04 19:33:45,4650,81.6,10.4,4
2026-08-04 19:33:50,4655,81.3,10.4,4
2026-08-04 19:33:55,4660,79.6,10.4,4
2026-08-04 19:34:00,4665,86.0,10.4,4
2026-08-04 19:34:05,4671,89.9,10.4,4
2026-08-04 19:34:10,4676,89.2,10.4,4
2026-08-04 19:34:16,4681,86.3,10.4,4
2026-08-04 19:34:21,4686,84.4,10.4,4
2026-08-04 19:34:26,4691,82.3,10.4,4
2026-08-04 19:34:31,4696,87.3,10.4,4
2026-08-04 19:34:36,4701,90.0,10.4,4
2026-08-04 19:34:41,4706,84.6,10.4,4
2026-08-04 19:34:46,4711,83.8,10.4,4
2026-08-04 19:34:51,4716,77.7,10.4,4
2026-08-04 19:34:56,4721,72.0,10.4,4
2026-08-04 19:35:01,4727,84.5,10.4,4
2026-08-04 19:35:06,4732,82.6,10.4,4
2026-08-04 19:35:12,4737,92.9,10.4,4
2026-08-04 19:35:17,4742,91.2,10.5,4
2026-08-04 19:35:22,4747,92.9,10.5,4
2026-08-04 19:35:27,4752,96.5,10.5,4
2026-08-04 19:35:32,4757,95.2,10.5,4
2026-08-04 19:35:37,4762,93.3,10.5,4
2026-08-04 19:35:42,4767,91.3,10.5,4
2026-08-04 19:35:47,4772,93.3,10.5,4
2026-08-04 19:35:52,4778,86.2,10.5,4
2026-08-04 19:35:58,4783,89.8,10.5,4
2026-08-04 19:36:03,4788,90.6,10.5,4
2026-08-04 19:36:08,4793,89.4,10.5,4
2026-08-04 19:36:13,4798,89.8,10.5,4
2026-08-04 19:36:18,4803,89.0,10.5,4
2026-08-04 19:36:23,4808,89.5,10.5,4
2026-08-04 19:36:28,4813,86.8,10.5,4
2026-08-04 19:36:33,4818,92.6,10.6,4
2026-08-04 19:36:38,4823,92.6,10.6,4
2026-08-04 19:36:43,4828,83.6,10.6,4
2026-08-04 19:36:48,4834,80.7,10.5,4
2026-08-04 19:36:54,4839,83.0,10.5,4
2026-08-04 19:36:59,4844,88.2,10.5,4
2026-08-04 19:37:04,4849,89.3,10.5,4
2026-08-04 19:37:09,4854,93.5,10.4,4
2026-08-04 19:37:14,4859,96.9,10.4,4
2026-08-04 19:37:19,4864,95.3,10.4,4
2026-08-04 19:37:24,4869,95.9,10.4,4
2026-08-04 19:37:29,4874,93.1,10.4,4
2026-08-04 19:37:34,4879,90.9,10.4,4
2026-08-04 19:37:39,4884,92.6,10.4,4
2026-08-04 19:37:44,4890,93.3,10.4,4
2026-08-04 19:37:50,4895,91.9,10.4,4
2026-08-04 19:37:55,4900,91.7,10.4,4
2026-08-04 19:38:00,4905,91.4,10.4,4
2026-08-04 19:38:05,4910,94.0,10.4,4
2026-08-04 19:38:10,4915,92.8,10.4,4
2026-08-04 19:38:15,4920,91.3,10.4,4
2026-08-04 19:38:20,4925,83.7,10.4,4
2026-08-04 19:38:25,4930,81.8,10.4,4
2026-08-04 19:38:30,4935,85.9,10.4,4
2026-08-04 19:38:35,4940,81.8,10.4,4
2026-08-04 19:38:40,4946,82.0,10.4,4
2026-08-04 19:38:46,4951,86.7,10.4,4
2026-08-04 19:38:51,4956,88.1,10.4,4
2026-08-04 19:38:56,4961,88.5,10.4,4
2026-08-04 19:39:01,4966,83.3,10.4,4
2026-08-04 19:39:06,4971,83.6,10.4,4
2026-08-04 19:39:11,4976,84.7,10.4,4
2026-08-04 19:39:16,4981,79.3,10.4,4
2026-08-04 19:39:21,4986,81.7,10.4,4
2026-08-04 19:39:26,4991,91.0,10.4,4
2026-08-04 19:39:31,4996,94.4,10.4,4
2026-08-04 19:39:36,5002,94.2,10.4,4
2026-08-04 19:39:42,5007,96.8,10.4,4
2026-08-04 19:39:47,5012,95.3,10.4,4
2026-08-04 19:39:52,5017,94.3,10.4,4
2026-08-04 19:39:57,5022,92.9,10.4,4
2026-08-04 19:40:02,5027,94.6,10.4,4
2026-08-04 19:40:07,5032,89.5,10.4,4
2026-08-04 19:40:12,5037,88.8,10.5,4
2026-08-04 19:40:17,5042,86.9,10.4,4
2026-08-04 19:40:22,5047,89.2,10.4,4
2026-08-04 19:40:27,5053,91.6,10.4,4
2026-08-04 19:40:33,5058,88.7,10.4,4
2026-08-04 19:40:38,5063,90.8,10.4,4
2026-08-04 19:40:43,5068,89.6,10.4,4
2026-08-04 19:40:48,5073,89.0,10.4,4
2026-08-04 19:40:53,5078,85.2,10.4,4
2026-08-04 19:40:58,5083,88.9,10.4,4
2026-08-04 19:41:03,5088,88.2,10.4,4
2026-08-04 19:41:08,5093,87.5,10.4,4
2026-08-04 19:41:13,5098,90.7,10.5,4
2026-08-04 19:41:18,5103,90.8,10.4,4
2026-08-04 19:41:23,5109,85.8,10.5,4
2026-08-04 19:41:29,5114,84.2,10.4,4
2026-08-04 19:41:34,5119,80.4,10.4,4
2026-08-04 19:41:39,5124,74.2,10.4,4
2026-08-04 19:41:44,5129,77.7,10.5,4
2026-08-04 19:41:49,5134,79.2,10.4,4
2026-08-04 19:41:54,5139,84.0,10.4,4
2026-08-04 19:41:59,5144,94.0,10.4,4
2026-08-04 19:42:04,5149,93.9,10.4,4
2026-08-04 19:42:09,5154,95.3,10.4,4
2026-08-04 19:42:14,5159,92.0,10.4,4
2026-08-04 19:42:19,5165,89.1,10.4,4
2026-08-04 19:42:25,5170,89.7,10.4,4
2026-08-04 19:42:30,5175,92.3,10.4,4
2026-08-04 19:42:35,5180,90.5,10.4,4
2026-08-04 19:42:40,5185,92.0,10.4,4
2026-08-04 19:42:45,5190,90.2,10.4,4
2026-08-04 19:42:50,5195,92.0,10.4,4
2026-08-04 19:42:55,5200,86.9,10.4,4
2026-08-04 19:43:00,5205,88.3,10.4,4
2026-08-04 19:43:05,5210,90.9,10.4,4
2026-08-04 19:43:10,5215,92.7,10.4,4
2026-08-04 19:43:15,5221,92.3,10.4,4
2026-08-04 19:43:21,5226,92.8,10.4,4
2026-08-04 19:43:26,5231,89.9,10.5,4
2026-08-04 19:43:31,5236,84.6,10.5,4
2026-08-04 19:43:36,5241,82.8,10.5,4
2026-08-04 19:43:41,5246,89.1,10.5,4
2026-08-04 19:43:46,5251,89.9,10.5,4
2026-08-04 19:43:51,5256,90.1,10.5,4
2026-08-04 19:43:56,5261,89.7,10.5,4
2026-08-04 19:44:01,5266,87.2,10.5,4
2026-08-04 19:44:06,5272,85.4,10.6,4
2026-08-04 19:44:12,5277,82.6,10.5,4
2026-08-04 19:44:17,5282,78.5,10.5,4
2026-08-04 19:44:22,5287,80.9,10.6,4
2026-08-04 19:44:27,5292,80.9,10.5,4
2026-08-04 19:44:32,5297,80.6,10.5,4
2026-08-04 19:44:37,5302,85.2,10.5,4
2026-08-04 19:44:42,5307,82.2,10.5,4
2026-08-04 19:44:47,5312,80.2,10.6,4
2026-08-04 19:44:52,5317,74.3,10.5,4
2026-08-04 19:44:57,5322,69.6,10.5,4
2026-08-04 19:45:02,5327,76.1,10.5,4
2026-08-04 19:45:07,5333,73.9,10.5,4
2026-08-04 19:45:13,5338,78.0,10.4,4
2026-08-04 19:45:18,5343,92.6,10.4,4
2026-08-04 19:45:23,5348,91.1,10.4,4
2026-08-04 19:45:28,5353,94.3,10.4,4
2026-08-04 19:45:33,5358,94.7,10.4,4
2026-08-04 19:45:38,5363,95.7,10.4,4
2026-08-04 19:45:43,5368,93.9,10.4,4
2026-08-04 19:45:48,5373,95.9,10.4,4
2026-08-04 19:45:53,5378,95.1,10.4,4
2026-08-04 19:45:58,5384,90.8,10.4,4
2026-08-04 19:46:04,5389,91.0,10.4,4
2026-08-04 19:46:09,5394,93.5,10.4,4
2026-08-04 19:46:14,5399,94.9,10.4,4
2026-08-04 19:46:19,5404,95.7,10.4,4
2026-08-04 19:46:24,5409,82.6,10.4,4
2026-08-04 19:46:29,5414,81.6,10.4,4
2026-08-04 19:46:34,5419,75.8,10.5,4
2026-08-04 19:46:39,5424,75.6,10.4,4
2026-08-04 19:46:44,5429,83.5,10.5,4
2026-08-04 19:46:49,5434,89.6,10.5,4
2026-08-04 19:46:54,5439,94.0,10.4,4
2026-08-04 19:47:00,5445,89.7,10.4,4
2026-08-04 19:47:05,5450,94.9,10.4,4
2026-08-04 19:47:10,5455,93.6,10.4,4
2026-08-04 19:47:15,5460,90.2,10.4,4
2026-08-04 19:47:20,5465,91.2,10.5,4
2026-08-04 19:47:25,5470,94.3,10.4,4
2026-08-04 19:47:30,5475,90.6,10.4,4
2026-08-04 19:47:35,5480,91.0,10.5,4
2026-08-04 19:47:40,5485,91.7,10.4,4
2026-08-04 19:47:45,5490,94.8,10.5,4
2026-08-04 19:47:50,5496,95.2,10.4,4
2026-08-04 19:47:56,5501,94.7,10.5,4
2026-08-04 19:48:01,5506,92.7,10.4,4
2026-08-04 19:48:06,5511,91.5,10.5,4
2026-08-04 19:48:11,5516,86.3,10.5,4
2026-08-04 19:48:16,5521,74.7,10.5,4
2026-08-04 19:48:21,5526,78.2,10.5,4
2026-08-04 19:48:26,5531,80.1,10.5,4
2026-08-04 19:48:31,5536,85.0,10.4,4
2026-08-04 19:48:36,5541,91.5,10.4,4
2026-08-04 19:48:41,5546,90.0,10.4,4
2026-08-04 19:48:46,5552,95.2,10.4,4
2026-08-04 19:48:52,5557,92.9,10.4,4
2026-08-04 19:48:57,5562,90.5,10.4,4
2026-08-04 19:49:02,5567,90.8,10.4,4
2026-08-04 19:49:07,5572,93.3,10.4,4
2026-08-04 19:49:12,5577,93.1,10.5,4
2026-08-04 19:49:17,5582,89.0,10.4,4
2026-08-04 19:49:22,5587,92.4,10.4,4
2026-08-04 19:49:27,5592,94.1,10.4,4
2026-08-04 19:49:32,5597,90.7,10.4,4
2026-08-04 19:49:37,5603,86.9,10.4,4
2026-08-04 19:49:43,5608,86.5,10.4,4
2026-08-04 19:49:48,5613,87.6,10.4,4
2026-08-04 19:49:53,5618,91.4,10.4,4
2026-08-04 19:49:58,5623,91.9,10.4,4
2026-08-04 19:50:03,5628,94.2,10.4,4
2026-08-04 19:50:08,5633,95.2,10.4,4
2026-08-04 19:50:13,5638,90.2,10.4,4
2026-08-04 19:50:18,5643,93.4,10.5,4
2026-08-04 19:50:23,5648,96.0,10.5,4
2026-08-04 19:50:28,5654,95.3,10.4,4
2026-08-04 19:50:34,5659,94.6,10.4,4
2026-08-04 19:50:39,5664,92.7,10.4,4
2026-08-04 19:50:44,5669,91.2,10.4,4
2026-08-04 19:50:49,5674,81.9,10.5,4
2026-08-04 19:50:54,5679,81.2,10.5,4
2026-08-04 19:50:59,5684,79.3,10.4,4
2026-08-04 19:51:04,5689,79.1,10.4,4
2026-08-04 19:51:09,5694,77.8,10.4,4
2026-08-04 19:51:14,5699,75.5,10.4,4
2026-08-04 19:51:19,5704,82.5,10.4,4
2026-08-04 19:51:24,5709,89.9,10.4,4
2026-08-04 19:51:29,5715,87.3,10.4,4
2026-08-04 19:51:35,5720,89.8,10.4,4
2026-08-04 19:51:40,5725,89.7,10.4,4
2026-08-04 19:51:45,5730,84.5,10.4,4
2026-08-04 19:51:50,5735,86.3,10.4,4
2026-08-04 19:51:55,5740,80.2,10.5,4
2026-08-04 19:52:00,5745,76.8,10.5,4
2026-08-04 19:52:05,5750,86.3,10.5,4
2026-08-04 19:52:10,5755,81.5,10.5,4
2026-08-04 19:52:15,5760,78.7,10.5,4
2026-08-04 19:52:20,5765,76.6,10.5,4
2026-08-04 19:52:25,5771,81.3,10.5,4
2026-08-04 19:52:30,5776,85.6,10.6,4
2026-08-04 19:52:36,5781,87.2,10.5,4
2026-08-04 19:52:41,5786,79.8,10.5,4
2026-08-04 19:52:46,5791,81.5,10.5,4
2026-08-04 19:52:51,5796,82.3,10.5,4
2026-08-04 19:52:56,5801,75.5,10.5,4
2026-08-04 19:53:01,5806,72.9,10.5,4
2026-08-04 19:53:06,5811,75.2,10.5,4
2026-08-04 19:53:11,5816,75.6,10.5,4
2026-08-04 19:53:16,5821,82.6,10.5,4
2026-08-04 19:53:21,5826,88.0,10.4,4
2026-08-04 19:53:26,5832,95.0,10.4,4
2026-08-04 19:53:32,5837,94.1,10.3,4
2026-08-04 19:53:37,5842,96.9,10.4,4
2026-08-04 19:53:42,5847,96.4,10.4,4
2026-08-04 19:53:47,5852,94.8,10.3,4
2026-08-04 19:53:52,5857,92.8,10.3,4
2026-08-04 19:53:57,5862,90.0,10.4,4
2026-08-04 19:54:02,5867,87.3,10.4,4
2026-08-04 19:54:07,5872,88.1,10.4,4
2026-08-04 19:54:12,5877,91.6,10.4,4
2026-08-04 19:54:17,5883,94.5,10.4,4
2026-08-04 19:54:23,5888,96.6,10.4,4
2026-08-04 19:54:28,5893,94.4,10.4,4
2026-08-04 19:54:33,5898,97.0,10.4,4
2026-08-04 19:54:38,5903,95.7,10.4,4
2026-08-04 19:54:43,5908,94.3,10.4,4
2026-08-04 19:54:48,5913,90.6,10.5,4
2026-08-04 19:54:53,5918,88.1,10.4,4
2026-08-04 19:54:58,5923,83.1,10.5,4
2026-08-04 19:55:03,5928,84.7,10.5,4
2026-08-04 19:55:08,5934,86.6,10.4,4
2026-08-04 19:55:14,5939,94.9,10.4,4
2026-08-04 19:55:19,5944,95.5,10.4,4
2026-08-04 19:55:24,5949,95.2,10.4,4
2026-08-04 19:55:29,5954,97.3,10.4,4
2026-08-04 19:55:34,5959,96.7,10.4,4
2026-08-04 19:55:39,5964,96.0,10.4,4
2026-08-04 19:55:44,5969,89.6,10.4,4
2026-08-04 19:55:49,5974,92.1,10.5,4
2026-08-04 19:55:54,5979,90.5,10.5,4
2026-08-04 19:55:59,5985,88.2,10.4,4
2026-08-04 19:56:05,5990,87.5,10.4,4
2026-08-04 19:56:10,5995,90.8,10.4,4
2026-08-04 19:56:15,6000,87.8,10.4,4
2026-08-04 19:56:20,6005,88.1,10.4,4
2026-08-04 19:56:25,6010,85.9,10.4,4
2026-08-04 19:56:30,6015,88.5,10.4,4
2026-08-04 19:56:35,6020,91.4,10.4,4
2026-08-04 19:56:40,6025,91.9,10.4,4
2026-08-04 19:56:45,6030,90.6,10.4,4
2026-08-04 19:56:50,6035,88.1,10.5,4
2026-08-04 19:56:55,6041,89.4,10.4,4
2026-08-04 19:57:01,6046,92.5,10.4,4
2026-08-04 19:57:06,6051,93.0,10.4,4
2026-08-04 19:57:11,6056,90.8,10.4,4
2026-08-04 19:57:16,6061,91.6,10.4,4
2026-08-04 19:57:21,6066,87.7,10.4,4
2026-08-04 19:57:26,6071,88.5,10.5,4
2026-08-04 19:57:31,6076,81.8,10.4,4
2026-08-04 19:57:36,6081,85.4,10.4,4
2026-08-04 19:57:41,6086,86.2,10.4,4
2026-08-04 19:57:46,6092,79.0,10.4,4
2026-08-04 19:57:52,6097,77.0,10.5,4
2026-08-04 19:57:57,6102,78.9,10.4,4
2026-08-04 19:58:02,6107,84.5,10.4,4
2026-08-04 19:58:07,6112,86.7,10.4,4
2026-08-04 19:58:12,6117,86.6,10.4,4
2026-08-04 19:58:17,6122,82.8,10.4,4
2026-08-04 19:58:22,6127,84.2,10.4,4
2026-08-04 19:58:27,6132,83.6,10.4,4
2026-08-04 19:58:32,6137,83.1,10.4,4
2026-08-04 19:58:37,6142,75.3,10.5,4
2026-08-04 19:58:42,6148,78.5,10.4,4
2026-08-04 19:58:47,6153,79.2,10.5,4
2026-08-04 19:58:53,6158,83.2,10.4,4
2026-08-04 19:58:58,6163,89.6,10.4,4
2026-08-04 19:59:03,6168,91.7,10.4,4
2026-08-04 19:59:08,6173,88.5,10.5,4
2026-08-04 19:59:13,6178,78.3,10.4,4
2026-08-04 19:59:18,6183,78.1,10.4,4
2026-08-04 19:59:23,6188,81.0,10.4,4
2026-08-04 19:59:28,6193,86.0,10.4,4
2026-08-04 19:59:33,6198,89.2,10.4,4
2026-08-04 19:59:38,6203,86.6,10.4,4
2026-08-04 19:59:43,6209,83.4,10.5,4
2026-08-04 19:59:48,6214,75.7,10.5,4
2026-08-04 19:59:54,6219,75.8,10.5,4
2026-08-04 19:59:59,6224,85.4,10.5,4
2026-08-04 20:00:04,6229,85.9,10.6,4
2026-08-04 20:00:09,6234,86.1,10.5,4
2026-08-04 20:00:14,6239,87.8,10.5,4
2026-08-04 20:00:19,6244,87.7,10.5,4
2026-08-04 20:00:24,6249,85.2,10.5,4
2026-08-04 20:00:29,6254,86.5,10.6,4
2026-08-04 20:00:34,6259,90.7,10.5,4
2026-08-04 20:00:39,6264,93.5,10.5,4
2026-08-04 20:00:44,6270,93.9,10.5,4
2026-08-04 20:00:50,6275,91.8,10.5,4
2026-08-04 20:00:55,6280,86.5,10.6,4
2026-08-04 20:01:00,6285,88.4,10.5,4
2026-08-04 20:01:05,6290,90.2,10.5,4
2026-08-04 20:01:10,6295,88.5,10.5,4
2026-08-04 20:01:15,6300,87.8,10.6,4
2026-08-04 20:01:20,6305,73.8,10.5,4
2026-08-04 20:01:25,6310,64.4,10.4,4
2026-08-04 20:01:30,6315,86.5,10.4,4
2026-08-04 20:01:35,6321,86.8,10.4,4
2026-08-04 20:01:41,6326,94.2,10.4,4
2026-08-04 20:01:46,6331,97.3,10.4,4
2026-08-04 20:01:51,6336,97.3,10.4,4
2026-08-04 20:01:56,6341,97.8,10.3,4
2026-08-04 20:02:01,6346,98.7,10.3,4
2026-08-04 20:02:06,6351,98.7,10.4,4
2026-08-04 20:02:11,6356,98.5,10.4,4
2026-08-04 20:02:16,6361,97.9,10.4,4
2026-08-04 20:02:21,6367,98.1,10.4,4
2026-08-04 20:02:27,6372,98.5,10.4,4
2026-08-04 20:02:32,6377,98.6,10.4,4
2026-08-04 20:02:37,6382,97.8,10.4,4
2026-08-04 20:02:42,6387,97.1,10.4,4
2026-08-04 20:02:47,6392,96.6,10.4,4
2026-08-04 20:02:52,6397,96.1,10.4,4
2026-08-04 20:02:57,6402,95.1,10.4,4
2026-08-04 20:03:02,6407,95.1,10.4,4
2026-08-04 20:03:07,6413,93.0,10.4,4
2026-08-04 20:03:13,6418,95.5,10.4,4
2026-08-04 20:03:18,6423,94.0,10.3,4
2026-08-04 20:03:23,6428,89.0,10.4,4
2026-08-04 20:03:28,6433,90.1,10.4,4
2026-08-04 20:03:33,6438,91.7,10.4,4
2026-08-04 20:03:38,6443,86.1,10.5,4
2026-08-04 20:03:43,6448,87.6,10.4,4
2026-08-04 20:03:48,6453,91.7,10.4,4
2026-08-04 20:03:53,6458,88.0,10.4,4
2026-08-04 20:03:58,6464,89.4,10.5,4
2026-08-04 20:04:03,6469,87.2,10.4,4
2026-08-04 20:04:09,6474,85.7,10.4,4
2026-08-04 20:04:14,6479,86.0,10.4,4
2026-08-04 20:04:19,6484,79.0,10.5,4
2026-08-04 20:04:24,6489,81.6,10.4,4
2026-08-04 20:04:29,6494,80.1,10.5,4
2026-08-04 20:04:34,6499,83.0,10.4,4
2026-08-04 20:04:39,6504,78.8,10.4,4
2026-08-04 20:04:44,6509,76.2,10.4,4
2026-08-04 20:04:49,6514,82.1,10.5,4
2026-08-04 20:04:54,6519,81.9,10.4,4
2026-08-04 20:04:59,6524,82.3,10.5,4
2026-08-04 20:05:04,6530,86.1,10.4,4
2026-08-04 20:05:10,6535,84.7,10.4,4
2026-08-04 20:05:15,6540,81.1,10.4,4
2026-08-04 20:05:20,6545,77.3,10.4,4
2026-08-04 20:05:25,6550,77.2,10.4,4
2026-08-04 20:05:30,6555,88.3,10.5,4
2026-08-04 20:05:35,6560,83.2,10.4,4
2026-08-04 20:05:40,6565,86.1,10.4,4
2026-08-04 20:05:45,6570,89.0,10.4,4
2026-08-04 20:05:50,6575,82.6,10.4,4
2026-08-04 20:05:55,6580,82.5,10.4,4
2026-08-04 20:06:00,6586,76.7,10.4,4
2026-08-04 20:06:05,6591,75.6,10.4,4
2026-08-04 20:06:11,6596,79.2,10.4,4
2026-08-04 20:06:16,6601,83.6,10.4,4
2026-08-04 20:06:21,6606,83.6,10.4,4
2026-08-04 20:06:26,6611,83.2,10.4,4
2026-08-04 20:06:31,6616,86.9,10.4,4
2026-08-04 20:06:36,6621,88.0,10.4,4
2026-08-04 20:06:41,6626,76.3,10.4,4
2026-08-04 20:06:46,6631,82.6,10.5,4
2026-08-04 20:06:51,6636,81.3,10.4,4
2026-08-04 20:06:56,6641,87.0,10.5,4
2026-08-04 20:07:01,6647,91.7,10.4,4
2026-08-04 20:07:07,6652,86.1,10.5,4
2026-08-04 20:07:12,6657,85.7,10.4,4
2026-08-04 20:07:17,6662,81.7,10.4,4
2026-08-04 20:07:22,6667,79.2,10.4,4
2026-08-04 20:07:27,6672,88.7,10.4,4
2026-08-04 20:07:32,6677,89.4,10.4,4
2026-08-04 20:07:37,6682,90.9,10.4,4
2026-08-04 20:07:42,6687,89.9,10.5,4
2026-08-04 20:07:47,6692,92.2,10.4,4
2026-08-04 20:07:52,6697,90.3,10.5,4
2026-08-04 20:07:57,6703,87.4,10.5,4
2026-08-04 20:08:03,6708,85.2,10.5,4
2026-08-04 20:08:08,6713,75.9,10.5,4
2026-08-04 20:08:13,6718,78.4,10.5,4
2026-08-04 20:08:18,6723,81.1,10.5,4
2026-08-04 20:08:23,6728,78.6,10.5,4
2026-08-04 20:08:28,6733,93.3,10.5,4
2026-08-04 20:08:33,6738,94.1,10.5,4
2026-08-04 20:08:38,6743,94.7,10.5,4
2026-08-04 20:08:43,6748,97.0,10.5,4
2026-08-04 20:08:48,6754,96.6,10.5,4
2026-08-04 20:08:54,6759,93.8,10.5,4
2026-08-04 20:08:59,6764,88.6,10.5,4
2026-08-04 20:09:04,6769,92.8,10.5,4
2026-08-04 20:09:09,6774,79.1,10.5,4
2026-08-04 20:09:14,6779,78.9,10.5,4
2026-08-04 20:09:19,6784,94.9,10.6,4
2026-08-04 20:09:24,6789,93.9,10.6,4
2026-08-04 20:09:29,6794,95.0,10.5,4
2026-08-04 20:09:34,6800,96.8,10.4,4
2026-08-04 20:09:40,6805,97.9,10.3,4
2026-08-04 20:09:45,6810,97.2,10.3,4
2026-08-04 20:09:50,6815,97.8,10.3,4
2026-08-04 20:09:55,6820,98.3,10.3,4
2026-08-04 20:10:00,6825,98.4,10.3,4
2026-08-04 20:10:05,6830,97.9,10.3,4
2026-08-04 20:10:10,6835,97.6,10.3,4
2026-08-04 20:10:15,6840,97.7,10.3,4
2026-08-04 20:10:20,6846,98.3,10.3,4
2026-08-04 20:10:26,6851,98.1,10.3,4
2026-08-04 20:10:31,6856,98.0,10.3,4
2026-08-04 20:10:36,6861,98.1,10.3,4
2026-08-04 20:10:41,6866,98.1,10.3,4
2026-08-04 20:10:46,6871,98.2,10.3,4
2026-08-04 20:10:51,6876,98.0,10.3,4
2026-08-04 20:10:56,6881,93.9,10.4,4
2026-08-04 20:11:01,6887,86.1,10.4,4
2026-08-04 20:11:06,6892,86.5,10.4,4
2026-08-04 20:11:12,6897,87.2,10.4,4
2026-08-04 20:11:17,6902,84.1,10.4,4
2026-08-04 20:11:22,6907,82.2,10.5,4
2026-08-04 20:11:27,6912,80.4,10.5,4
2026-08-04 20:11:32,6917,83.2,10.4,4
2026-08-04 20:11:37,6922,90.2,10.5,4
2026-08-04 20:11:42,6927,84.2,10.5,4
2026-08-04 20:11:47,6932,90.3,10.5,4
2026-08-04 20:11:52,6937,87.0,10.4,4
2026-08-04 20:11:57,6942,75.3,10.4,4
2026-08-04 20:12:02,6948,73.5,10.4,4
2026-08-04 20:12:08,6953,76.7,10.4,4
2026-08-04 20:12:13,6958,79.9,10.4,4
2026-08-04 20:12:18,6963,79.1,10.4,4
2026-08-04 20:12:23,6968,76.2,10.4,4
2026-08-04 20:12:28,6973,80.6,10.4,4
2026-08-04 20:12:33,6978,86.3,10.5,4
2026-08-04 20:12:38,6983,88.4,10.4,4
2026-08-04 20:12:43,6988,82.9,10.4,4
2026-08-04 20:12:48,6993,80.8,10.4,4
2026-08-04 20:12:53,6998,82.6,10.4,4
2026-08-04 20:12:58,7004,85.0,10.4,4
2026-08-04 20:13:03,7009,87.8,10.4,4
2026-08-04 20:13:09,7014,90.2,10.5,4
2026-08-04 20:13:14,7019,87.4,10.4,4
2026-08-04 20:13:19,7024,85.8,10.4,4
2026-08-04 20:13:24,7029,76.4,10.5,4
2026-08-04 20:13:29,7034,78.7,10.4,4
2026-08-04 20:13:34,7039,85.8,10.5,4
2026-08-04 20:13:39,7044,83.1,10.4,4
2026-08-04 20:13:44,7049,87.2,10.4,4
2026-08-04 20:13:49,7054,85.7,10.5,4
2026-08-04 20:13:54,7059,80.1,10.5,4
2026-08-04 20:13:59,7065,79.3,10.4,4
2026-08-04 20:14:05,7070,84.0,10.4,4
2026-08-04 20:14:10,7075,85.9,10.5,4
2026-08-04 20:14:15,7080,83.1,10.4,4
2026-08-04 20:14:20,7085,85.5,10.4,4
2026-08-04 20:14:25,7090,81.8,10.5,4
2026-08-04 20:14:30,7095,86.9,10.4,4
2026-08-04 20:14:35,7100,92.7,10.4,4
2026-08-04 20:14:40,7105,90.6,10.5,4
2026-08-04 20:14:45,7110,84.2,10.4,4
2026-08-04 20:14:50,7115,80.1,10.5,4
2026-08-04 20:14:55,7120,71.8,10.4,4
2026-08-04 20:15:00,7126,80.1,10.4,4
2026-08-04 20:15:06,7131,84.2,10.4,4
2026-08-04 20:15:11,7136,82.8,10.4,4
2026-08-04 20:15:16,7141,93.3,10.4,4
2026-08-04 20:15:21,7146,90.2,10.4,4
2026-08-04 20:15:26,7151,94.5,10.4,4
2026-08-04 20:15:31,7156,94.2,10.4,4
2026-08-04 20:15:36,7161,94.5,10.5,4
2026-08-04 20:15:41,7166,94.8,10.5,4
2026-08-04 20:15:46,7172,94.7,10.4,4
2026-08-04 20:15:52,7177,94.1,10.4,4
2026-08-04 20:15:57,7182,93.4,10.4,4
2026-08-04 20:16:02,7187,91.6,10.4,4
2026-08-04 20:16:07,7192,91.2,10.5,4
2026-08-04 20:16:12,7197,93.0,10.5,4
2026-08-04 20:16:17,7202,93.9,10.5,4
2026-08-04 20:16:22,7207,90.7,10.5,4
2026-08-04 20:16:27,7212,93.5,10.5,4
2026-08-04 20:16:32,7218,92.2,10.5,4
2026-08-04 20:16:37,7223,85.5,10.5,4
2026-08-04 20:16:43,7228,85.2,10.5,4
2026-08-04 20:16:48,7233,90.1,10.5,4
2026-08-04 20:16:53,7238,88.6,10.5,4
2026-08-04 20:16:58,7243,96.3,10.5,4
2026-08-04 20:17:03,7248,96.7,10.5,4
2026-08-04 20:17:08,7253,96.9,10.4,4
2026-08-04 20:17:13,7258,97.4,10.4,4
2026-08-04 20:17:18,7263,96.3,10.4,4
2026-08-04 20:17:23,7268,92.7,10.5,4
2026-08-04 20:17:28,7274,89.7,10.6,4
2026-08-04 20:17:34,7279,89.9,10.6,4
2026-08-04 20:17:39,7284,87.6,10.4,4
2026-08-04 20:17:44,7289,95.9,10.4,4
2026-08-04 20:17:49,7294,96.0,10.5,4
2026-08-04 20:17:54,7299,96.3,10.3,4
2026-08-04 20:17:59,7304,97.1,10.3,4
2026-08-04 20:18:04,7309,96.4,10.3,4
2026-08-04 20:18:09,7314,95.7,10.4,4
2026-08-04 20:18:14,7320,97.6,10.4,4
2026-08-04 20:18:20,7325,97.6,10.4,4
2026-08-04 20:18:25,7330,96.6,10.4,4
2026-08-04 20:18:30,7335,90.3,10.4,4
2026-08-04 20:18:35,7340,92.9,10.4,4
2026-08-04 20:18:40,7345,88.7,10.4,4
2026-08-04 20:18:45,7350,86.4,10.4,4
2026-08-04 20:18:50,7355,82.3,10.4,4
2026-08-04 20:18:55,7360,74.5,10.5,4
2026-08-04 20:19:00,7365,75.6,10.5,4
2026-08-04 20:19:05,7370,77.2,10.4,4
2026-08-04 20:19:10,7376,78.0,10.5,4
2026-08-04 20:19:16,7381,85.8,10.4,4
2026-08-04 20:19:21,7386,85.7,10.5,4
2026-08-04 20:19:26,7391,82.9,10.4,4
2026-08-04 20:19:31,7396,84.4,10.4,4
2026-08-04 20:19:36,7401,83.7,10.4,4
2026-08-04 20:19:41,7406,82.7,10.4,4
2026-08-04 20:19:46,7411,80.7,10.4,4
2026-08-04 20:19:51,7416,84.4,10.4,4
2026-08-04 20:19:56,7421,78.6,10.4,4
2026-08-04 20:20:01,7426,80.3,10.4,4
2026-08-04 20:20:06,7432,83.9,10.4,4
2026-08-04 20:20:12,7437,85.7,10.4,4
2026-08-04 20:20:17,7442,86.9,10.4,4
2026-08-04 20:20:22,7447,82.1,10.4,4
2026-08-04 20:20:27,7452,82.1,10.4,4
2026-08-04 20:20:32,7457,87.2,10.4,4
2026-08-04 20:20:37,7462,83.7,10.5,4
2026-08-04 20:20:42,7467,83.5,10.4,4
2026-08-04 20:20:47,7472,88.1,10.4,4
2026-08-04 20:20:52,7477,85.8,10.4,4
2026-08-04 20:20:57,7482,85.5,10.4,4
2026-08-04 20:21:02,7488,88.7,10.4,4
2026-08-04 20:21:08,7493,84.6,10.4,4
2026-08-04 20:21:13,7498,84.8,10.4,4
2026-08-04 20:21:18,7503,86.2,10.4,4
2026-08-04 20:21:23,7508,90.9,10.4,4
2026-08-04 20:21:28,7513,89.3,10.4,4
2026-08-04 20:21:33,7518,92.2,10.4,4
2026-08-04 20:21:38,7523,88.1,10.4,4
2026-08-04 20:21:43,7528,82.2,10.4,4
2026-08-04 20:21:48,7533,82.0,10.4,4
2026-08-04 20:21:53,7538,79.4,10.5,4
2026-08-04 20:21:58,7544,86.5,10.4,4
2026-08-04 20:22:04,7549,94.5,10.4,4
2026-08-04 20:22:09,7554,95.6,10.4,4
2026-08-04 20:22:14,7559,96.4,10.4,4
2026-08-04 20:22:19,7564,96.5,10.4,4
2026-08-04 20:22:24,7569,91.1,10.4,4
2026-08-04 20:22:29,7574,92.1,10.4,4
2026-08-04 20:22:34,7579,92.7,10.4,4
2026-08-04 20:22:39,7584,89.0,10.4,4
2026-08-04 20:22:44,7589,87.8,10.4,4
2026-08-04 20:22:49,7595,89.9,10.4,4
2026-08-04 20:22:55,7600,91.0,10.5,4
2026-08-04 20:23:00,7605,91.0,10.4,4
2026-08-04 20:23:05,7610,93.2,10.4,4
2026-08-04 20:23:10,7615,93.0,10.4,4
2026-08-04 20:23:15,7620,92.8,10.4,4
2026-08-04 20:23:20,7625,90.4,10.4,4
2026-08-04 20:23:25,7630,94.2,10.4,4
2026-08-04 20:23:30,7635,94.0,10.5,4
2026-08-04 20:23:35,7640,95.2,10.5,4
2026-08-04 20:23:40,7646,89.8,10.5,4
2026-08-04 20:23:46,7651,93.7,10.5,4
2026-08-04 20:23:51,7656,96.4,10.5,4
2026-08-04 20:23:56,7661,93.6,10.5,4
2026-08-04 20:24:01,7666,93.2,10.5,4
2026-08-04 20:24:06,7671,89.5,10.5,4
2026-08-04 20:24:11,7676,75.8,10.5,4
2026-08-04 20:24:16,7681,79.0,10.5,4
2026-08-04 20:24:21,7686,78.6,10.6,4
2026-08-04 20:24:26,7691,80.0,10.6,4
2026-08-04 20:24:31,7696,93.6,10.5,4
2026-08-04 20:24:36,7702,90.2,10.5,4
2026-08-04 20:24:42,7707,94.9,10.5,4
2026-08-04 20:24:47,7712,90.9,10.5,4
2026-08-04 20:24:52,7717,94.9,10.5,4
2026-08-04 20:24:57,7722,93.6,10.5,4
2026-08-04 20:25:02,7727,95.4,10.5,4
2026-08-04 20:25:07,7732,92.1,10.5,4
2026-08-04 20:25:12,7737,88.4,10.5,4
2026-08-04 20:25:17,7742,83.7,10.5,4
2026-08-04 20:25:22,7747,82.6,10.5,4
2026-08-04 20:25:27,7753,77.5,10.5,4
2026-08-04 20:25:33,7758,80.1,10.5,4
2026-08-04 20:25:38,7763,81.6,10.5,4
2026-08-04 20:25:43,7768,83.0,10.5,4
2026-08-04 20:25:48,7773,88.3,10.4,4
2026-08-04 20:25:53,7778,92.7,10.4,4
2026-08-04 20:25:58,7783,94.0,10.4,4
2026-08-04 20:26:03,7788,95.2,10.4,4
2026-08-04 20:26:08,7793,92.2,10.4,4
2026-08-04 20:26:13,7798,91.3,10.4,4
2026-08-04 20:26:18,7804,89.4,10.4,4
2026-08-04 20:26:24,7809,91.2,10.4,4
2026-08-04 20:26:29,7814,89.1,10.4,4
2026-08-04 20:26:34,7819,91.0,10.4,4
2026-08-04 20:26:39,7824,91.1,10.4,4
2026-08-04 20:26:44,7829,89.3,10.4,4
2026-08-04 20:26:49,7834,84.8,10.4,4
2026-08-04 20:26:54,7839,75.8,10.4,4
2026-08-04 20:26:59,7844,81.5,10.4,4
2026-08-04 20:27:04,7849,83.3,10.4,4
2026-08-04 20:27:09,7854,82.7,10.4,4
2026-08-04 20:27:14,7859,79.5,10.4,4
2026-08-04 20:27:19,7865,82.9,10.4,4
2026-08-04 20:27:25,7870,82.0,10.4,4
2026-08-04 20:27:30,7875,84.8,10.4,4
2026-08-04 20:27:35,7880,85.6,10.4,4
2026-08-04 20:27:40,7885,86.2,10.4,4
2026-08-04 20:27:45,7890,86.4,10.4,4
2026-08-04 20:27:50,7895,79.3,10.4,4
2026-08-04 20:27:55,7900,83.6,10.4,4
2026-08-04 20:28:00,7905,90.1,10.4,4
2026-08-04 20:28:05,7910,88.2,10.4,4
2026-08-04 20:28:10,7915,89.1,10.4,4
2026-08-04 20:28:15,7921,88.1,10.4,4
2026-08-04 20:28:21,7926,77.6,10.4,4
2026-08-04 20:28:26,7931,75.1,10.4,4
2026-08-04 20:28:31,7936,77.4,10.4,4
2026-08-04 20:28:36,7941,79.1,10.4,4
2026-08-04 20:28:41,7946,89.3,10.4,4
2026-08-04 20:28:46,7951,90.6,10.4,4
2026-08-04 20:28:51,7956,95.4,10.4,4
2026-08-04 20:28:56,7961,94.0,10.4,4
2026-08-04 20:29:01,7966,95.2,10.4,4
2026-08-04 20:29:06,7972,94.7,10.4,4
2026-08-04 20:29:11,7977,93.0,10.4,4
2026-08-04 20:29:17,7982,91.2,10.5,4
2026-08-04 20:29:22,7987,84.6,10.4,4
2026-08-04 20:29:27,7992,83.6,10.4,4
2026-08-04 20:29:32,7997,91.9,10.4,4
2026-08-04 20:29:37,8002,93.8,10.4,4
2026-08-04 20:29:42,8007,93.1,10.4,4
2026-08-04 20:29:47,8012,88.2,10.4,4
2026-08-04 20:29:52,8017,88.6,10.4,4
2026-08-04 20:29:57,8022,84.9,10.4,4
2026-08-04 20:30:02,8028,89.3,10.4,4
2026-08-04 20:30:07,8033,91.5,10.4,4
2026-08-04 20:30:13,8038,94.1,10.4,4
2026-08-04 20:30:18,8043,89.9,10.4,4
2026-08-04 20:30:23,8048,90.5,10.4,4
2026-08-04 20:30:28,8053,93.5,10.4,4
2026-08-04 20:30:33,8058,90.3,10.4,4
2026-08-04 20:30:38,8063,93.8,10.5,4
2026-08-04 20:30:43,8068,95.7,10.4,4
2026-08-04 20:30:48,8073,93.5,10.4,4
2026-08-04 20:30:53,8079,84.3,10.4,4
2026-08-04 20:30:58,8084,85.5,10.5,4
2026-08-04 20:31:04,8089,84.4,10.4,4
2026-08-04 20:31:09,8094,84.6,10.4,4
2026-08-04 20:31:14,8099,89.8,10.4,4
2026-08-04 20:31:19,8104,87.7,10.4,4
2026-08-04 20:31:24,8109,86.6,10.4,4
2026-08-04 20:31:29,8114,87.6,10.4,4
2026-08-04 20:31:34,8119,77.9,10.5,4
2026-08-04 20:31:39,8124,76.5,10.5,4
2026-08-04 20:31:44,8129,81.7,10.5,4
2026-08-04 20:31:49,8134,75.1,10.5,4
2026-08-04 20:31:54,8140,88.8,10.5,4
2026-08-04 20:32:00,8145,91.3,10.5,4
2026-08-04 20:32:05,8150,92.3,10.6,4
2026-08-04 20:32:10,8155,95.3,10.5,4
2026-08-04 20:32:15,8160,95.1,10.5,4
2026-08-04 20:32:20,8165,92.9,10.5,4
2026-08-04 20:32:25,8170,92.9,10.5,4
2026-08-04 20:32:30,8175,95.3,10.5,4
2026-08-04 20:32:35,8180,93.6,10.5,4
2026-08-04 20:32:40,8185,94.9,10.6,4
2026-08-04 20:32:45,8191,94.0,10.6,4
2026-08-04 20:32:51,8196,94.5,10.6,4
2026-08-04 20:32:56,8201,90.4,10.5,4
2026-08-04 20:33:01,8206,90.0,10.6,4
2026-08-04 20:33:06,8211,88.8,10.6,4
2026-08-04 20:33:11,8216,90.9,10.6,4
2026-08-04 20:33:16,8221,80.2,10.6,4
2026-08-04 20:33:21,8226,76.9,10.5,4
2026-08-04 20:33:26,8231,71.5,10.5,4
2026-08-04 20:33:31,8236,67.5,10.5,4
2026-08-04 20:33:36,8241,76.7,10.5,4
2026-08-04 20:33:41,8247,78.5,10.5,4
2026-08-04 20:33:46,8252,77.9,10.5,4
2026-08-04 20:33:52,8257,81.4,10.4,4
2026-08-04 20:33:57,8262,94.0,10.4,4
2026-08-04 20:34:02,8267,94.4,10.4,4
2026-08-04 20:34:07,8272,96.7,10.4,4
2026-08-04 20:34:12,8277,95.7,10.5,4
2026-08-04 20:34:17,8282,96.0,10.4,4
2026-08-04 20:34:22,8287,93.4,10.5,4
2026-08-04 20:34:27,8292,94.5,10.4,4
2026-08-04 20:34:32,8298,91.3,10.5,4
2026-08-04 20:34:38,8303,89.5,10.5,4
2026-08-04 20:34:43,8308,91.0,10.4,4
2026-08-04 20:34:48,8313,93.8,10.4,4
2026-08-04 20:34:53,8318,95.6,10.5,4
2026-08-04 20:34:58,8323,90.9,10.4,4
2026-08-04 20:35:03,8328,76.8,10.4,4
2026-08-04 20:35:08,8333,74.2,10.5,4
2026-08-04 20:35:13,8338,77.8,10.4,4
2026-08-04 20:35:18,8343,75.9,10.4,4
2026-08-04 20:35:23,8348,87.5,10.4,4
2026-08-04 20:35:28,8354,92.8,10.4,4
2026-08-04 20:35:34,8359,93.8,10.4,4
2026-08-04 20:35:39,8364,96.0,10.4,4
2026-08-04 20:35:44,8369,94.4,10.4,4
2026-08-04 20:35:49,8374,90.3,10.4,4
2026-08-04 20:35:54,8379,89.5,10.4,4
2026-08-04 20:35:59,8384,89.5,10.5,4
2026-08-04 20:36:04,8389,81.3,10.5,4
2026-08-04 20:36:09,8394,84.3,10.5,4
2026-08-04 20:36:14,8399,88.9,10.4,4
2026-08-04 20:36:19,8405,89.1,10.5,4
2026-08-04 20:36:24,8410,88.8,10.4,4
2026-08-04 20:36:30,8415,85.8,10.5,4
2026-08-04 20:36:35,8420,91.4,10.4,4
2026-08-04 20:36:40,8425,91.9,10.4,4
2026-08-04 20:36:45,8430,91.8,10.4,4
2026-08-04 20:36:50,8435,90.5,10.4,4
2026-08-04 20:36:55,8440,88.5,10.4,4
2026-08-04 20:37:00,8445,85.3,10.4,4
2026-08-04 20:37:05,8450,91.7,10.4,4
2026-08-04 20:37:10,8456,94.1,10.4,4
2026-08-04 20:37:15,8461,88.2,10.5,4
2026-08-04 20:37:21,8466,92.2,10.5,4
2026-08-04 20:37:26,8471,87.8,10.4,4
2026-08-04 20:37:31,8476,82.2,10.5,4
2026-08-04 20:37:36,8481,82.6,10.4,4
2026-08-04 20:37:41,8486,83.6,10.4,4
2026-08-04 20:37:46,8491,89.9,10.4,4
2026-08-04 20:37:51,8496,85.9,10.4,4
2026-08-04 20:37:56,8501,88.8,10.4,4
2026-08-04 20:38:01,8506,84.2,10.4,4
2026-08-04 20:38:06,8511,84.1,10.4,4
2026-08-04 20:38:11,8517,85.5,10.4,4
2026-08-04 20:38:17,8522,85.7,10.4,4
2026-08-04 20:38:22,8527,83.6,10.4,4
2026-08-04 20:38:27,8532,85.6,10.4,4
2026-08-04 20:38:32,8537,79.6,10.5,4
2026-08-04 20:38:37,8542,84.6,10.4,4
2026-08-04 20:38:42,8547,83.0,10.4,4
2026-08-04 20:38:47,8552,88.9,10.4,4
2026-08-04 20:38:52,8557,90.7,10.4,4
2026-08-04 20:38:57,8562,83.4,10.5,4
2026-08-04 20:39:02,8567,76.6,10.4,4
2026-08-04 20:39:07,8573,79.3,10.4,4
2026-08-04 20:39:13,8578,84.2,10.5,4
2026-08-04 20:39:18,8583,86.5,10.4,4
2026-08-04 20:39:23,8588,94.7,10.4,4
2026-08-04 20:39:28,8593,89.8,10.5,4
2026-08-04 20:39:33,8598,93.7,10.4,4
2026-08-04 20:39:38,8603,94.8,10.5,4
2026-08-04 20:39:43,8608,95.4,10.5,4
2026-08-04 20:39:48,8613,89.3,10.5,4
2026-08-04 20:39:53,8618,92.1,10.5,4
2026-08-04 20:39:58,8623,91.4,10.5,4
2026-08-04 20:40:03,8629,83.8,10.5,4
2026-08-04 20:40:09,8634,82.7,10.5,4
2026-08-04 20:40:14,8639,91.7,10.5,4
2026-08-04 20:40:19,8644,91.0,10.5,4
2026-08-04 20:40:24,8649,89.4,10.6,4
2026-08-04 20:40:29,8654,90.0,10.6,4
2026-08-04 20:40:34,8659,90.7,10.5,4
2026-08-04 20:40:39,8664,90.8,10.5,4
2026-08-04 20:40:44,8669,85.8,10.5,4
2026-08-04 20:40:49,8674,87.1,10.5,4
2026-08-04 20:40:54,8679,82.6,10.5,4
2026-08-04 20:41:00,8685,82.4,10.5,4
2026-08-04 20:41:05,8690,83.7,10.5,4
2026-08-04 20:41:10,8695,80.0,10.5,4
2026-08-04 20:41:15,8700,86.6,10.5,4
2026-08-04 20:41:20,8705,91.1,10.6,4
2026-08-04 20:41:25,8710,86.5,10.5,4
2026-08-04 20:41:30,8715,82.3,10.5,4
2026-08-04 20:41:35,8720,69.7,10.6,4
2026-08-04 20:41:40,8725,65.7,10.5,4
2026-08-04 20:41:45,8730,70.0,10.5,4
2026-08-04 20:41:50,8735,71.0,10.5,4
2026-08-04 20:41:55,8740,90.7,10.5,4
2026-08-04 20:42:01,8746,95.5,10.4,4
2026-08-04 20:42:06,8751,97.3,10.4,4
2026-08-04 20:42:11,8756,97.3,10.4,4
2026-08-04 20:42:16,8761,98.2,10.3,4
2026-08-04 20:42:21,8766,97.8,10.4,4
2026-08-04 20:42:26,8771,97.8,10.3,4
2026-08-04 20:42:31,8776,97.4,10.3,4
2026-08-04 20:42:36,8782,97.3,10.3,4
2026-08-04 20:42:42,8787,97.5,10.3,4
2026-08-04 20:42:47,8792,95.8,10.3,4
2026-08-04 20:42:52,8797,95.3,10.4,4
2026-08-04 20:42:57,8802,97.0,10.4,4
2026-08-04 20:43:02,8807,97.4,10.3,4
2026-08-04 20:43:07,8812,95.9,10.4,4
2026-08-04 20:43:12,8817,97.2,10.4,4
2026-08-04 20:43:17,8822,94.0,10.4,4
2026-08-04 20:43:22,8828,92.9,10.4,4
2026-08-04 20:43:28,8833,89.8,10.4,4
2026-08-04 20:43:33,8838,90.9,10.4,4
2026-08-04 20:43:38,8843,87.4,10.4,4
2026-08-04 20:43:43,8848,82.5,10.4,4
2026-08-04 20:43:48,8853,84.2,10.4,4
2026-08-04 20:43:53,8858,90.0,10.4,4
2026-08-04 20:43:58,8863,90.4,10.4,4
2026-08-04 20:44:03,8868,88.5,10.4,4
2026-08-04 20:44:08,8873,88.3,10.4,4
2026-08-04 20:44:13,8879,90.9,10.5,4
2026-08-04 20:44:18,8884,83.8,10.5,4
2026-08-04 20:44:24,8889,80.4,10.4,4
2026-08-04 20:44:29,8894,78.7,10.4,4
2026-08-04 20:44:34,8899,85.4,10.4,4
2026-08-04 20:44:39,8904,91.1,10.4,4
2026-08-04 20:44:44,8909,86.8,10.4,4
2026-08-04 20:44:49,8914,81.9,10.4,4
2026-08-04 20:44:54,8919,84.7,10.4,4
2026-08-04 20:44:59,8924,84.0,10.4,4
2026-08-04 20:45:04,8929,80.6,10.4,4
2026-08-04 20:45:09,8934,83.5,10.4,4
2026-08-04 20:45:14,8940,81.3,10.4,4
2026-08-04 20:45:20,8945,80.4,10.4,4
2026-08-04 20:45:25,8950,85.0,10.4,4
2026-08-04 20:45:30,8955,83.2,10.4,4
2026-08-04 20:45:35,8960,83.7,10.4,4
2026-08-04 20:45:40,8965,83.7,10.4,4
2026-08-04 20:45:45,8970,81.7,10.5,4
2026-08-04 20:45:50,8975,85.4,10.4,4
2026-08-04 20:45:55,8980,92.3,10.4,4
2026-08-04 20:46:00,8985,87.7,10.4,4
2026-08-04 20:46:05,8990,86.5,10.4,4
2026-08-04 20:46:10,8996,86.4,10.5,4
2026-08-04 20:46:16,9001,87.6,10.4,4
2026-08-04 20:46:21,9006,85.5,10.4,4
2026-08-04 20:46:26,9011,85.9,10.4,4
2026-08-04 20:46:31,9016,73.4,10.4,4
2026-08-04 20:46:36,9021,73.6,10.5,4
2026-08-04 20:46:41,9026,76.1,10.4,4
2026-08-04 20:46:46,9031,78.7,10.5,4
2026-08-04 20:46:51,9036,91.7,10.4,4
2026-08-04 20:46:56,9041,93.7,10.4,4
2026-08-04 20:47:01,9046,95.3,10.4,4
2026-08-04 20:47:06,9052,96.2,10.4,4
2026-08-04 20:47:12,9057,93.5,10.5,4
2026-08-04 20:47:17,9062,91.0,10.5,4
2026-08-04 20:47:22,9067,91.7,10.5,4
2026-08-04 20:47:27,9072,94.0,10.4,4
2026-08-04 20:47:32,9077,91.1,10.4,4
2026-08-04 20:47:37,9082,93.9,10.4,4
2026-08-04 20:47:42,9087,93.1,10.5,4
2026-08-04 20:47:47,9092,91.7,10.5,4
2026-08-04 20:47:52,9097,88.6,10.5,4
2026-08-04 20:47:57,9102,89.2,10.5,4
2026-08-04 20:48:02,9108,92.5,10.4,4
2026-08-04 20:48:08,9113,93.5,10.5,4
2026-08-04 20:48:13,9118,89.6,10.4,4
2026-08-04 20:48:18,9123,83.2,10.4,4
2026-08-04 20:48:23,9128,79.8,10.4,4
2026-08-04 20:48:28,9133,80.4,10.4,4
2026-08-04 20:48:33,9138,80.9,10.4,4
2026-08-04 20:48:38,9143,86.3,10.4,4
2026-08-04 20:48:43,9148,93.3,10.5,4
2026-08-04 20:48:48,9153,89.9,10.5,4
2026-08-04 20:48:53,9159,95.3,10.5,4
2026-08-04 20:48:58,9164,93.3,10.5,4
2026-08-04 20:49:04,9169,91.3,10.5,4
2026-08-04 20:49:09,9174,89.1,10.5,4
2026-08-04 20:49:14,9179,94.0,10.5,4
2026-08-04 20:49:19,9184,88.9,10.5,4
2026-08-04 20:49:24,9189,90.6,10.5,4
2026-08-04 20:49:29,9194,89.8,10.5,4
2026-08-04 20:49:34,9199,91.7,10.5,4
2026-08-04 20:49:39,9204,82.5,10.5,4
2026-08-04 20:49:44,9209,79.5,10.5,4
2026-08-04 20:49:49,9214,82.0,10.4,4
2026-08-04 20:49:54,9220,86.6,10.5,4
2026-08-04 20:50:00,9225,91.0,10.5,4
2026-08-04 20:50:05,9230,93.7,10.4,4
2026-08-04 20:50:10,9235,96.6,10.4,4
2026-08-04 20:50:15,9240,96.0,10.4,4
2026-08-04 20:50:20,9245,96.7,10.4,4
2026-08-04 20:50:25,9250,96.6,10.4,4
2026-08-04 20:50:30,9255,97.5,10.3,4
2026-08-04 20:50:35,9260,96.9,10.4,4
2026-08-04 20:50:40,9266,96.1,10.4,4
2026-08-04 20:50:46,9271,97.2,10.4,4
2026-08-04 20:50:51,9276,95.3,10.4,4
2026-08-04 20:50:56,9281,87.1,10.4,4
2026-08-04 20:51:01,9286,88.0,10.4,4
2026-08-04 20:51:06,9291,88.7,10.4,4
2026-08-04 20:51:11,9296,92.3,10.4,4
2026-08-04 20:51:16,9301,85.8,10.4,4
2026-08-04 20:51:21,9306,84.2,10.5,4
2026-08-04 20:51:26,9311,77.7,10.4,4
2026-08-04 20:51:31,9316,81.1,10.5,4
2026-08-04 20:51:36,9322,84.7,10.5,4
2026-08-04 20:51:42,9327,86.7,10.5,4
2026-08-04 20:51:47,9332,86.0,10.5,4
2026-08-04 20:51:52,9337,84.2,10.5,4
2026-08-04 20:51:57,9342,82.0,10.4,4
2026-08-04 20:52:02,9347,77.9,10.5,4
2026-08-04 20:52:07,9352,82.5,10.4,4
2026-08-04 20:52:12,9357,80.7,10.5,4
2026-08-04 20:52:17,9362,77.8,10.4,4
2026-08-04 20:52:22,9367,77.0,10.5,4
2026-08-04 20:52:27,9372,79.1,10.5,4
2026-08-04 20:52:32,9378,88.3,10.4,4
2026-08-04 20:52:38,9383,90.1,10.4,4
2026-08-04 20:52:43,9388,84.1,10.4,4
2026-08-04 20:52:48,9393,85.0,10.5,4
2026-08-04 20:52:53,9398,84.7,10.4,4
2026-08-04 20:52:58,9403,84.0,10.5,4
2026-08-04 20:53:03,9408,87.7,10.5,4
2026-08-04 20:53:08,9413,85.7,10.4,4
2026-08-04 20:53:13,9418,85.8,10.5,4
2026-08-04 20:53:18,9423,87.3,10.4,4
2026-08-04 20:53:23,9428,86.6,10.5,4
2026-08-04 20:53:28,9434,89.2,10.4,4
2026-08-04 20:53:33,9439,89.7,10.5,4
2026-08-04 20:53:39,9444,90.7,10.4,4
2026-08-04 20:53:44,9449,90.5,10.5,4
2026-08-04 20:53:49,9454,90.6,10.4,4
2026-08-04 20:53:54,9459,94.2,10.4,4
2026-08-04 20:53:59,9464,87.4,10.4,4
2026-08-04 20:54:04,9469,85.9,10.4,4
2026-08-04 20:54:09,9474,86.5,10.4,4
2026-08-04 20:54:14,9479,79.9,10.5,4
2026-08-04 20:54:19,9484,81.8,10.5,4
2026-08-04 20:54:24,9490,93.3,10.4,4
2026-08-04 20:54:30,9495,88.2,10.4,4
2026-08-04 20:54:35,9500,94.8,10.4,4
2026-08-04 20:54:40,9505,95.4,10.4,4
2026-08-04 20:54:45,9510,95.0,10.4,4
2026-08-04 20:54:50,9515,94.4,10.4,4
2026-08-04 20:54:55,9520,93.5,10.4,4
2026-08-04 20:55:00,9525,89.4,10.4,4
2026-08-04 20:55:05,9530,87.4,10.4,4
2026-08-04 20:55:10,9535,90.1,10.4,4
2026-08-04 20:55:15,9541,93.0,10.5,4
2026-08-04 20:55:21,9546,91.1,10.5,4
2026-08-04 20:55:26,9551,95.9,10.4,4
2026-08-04 20:55:31,9556,94.4,10.5,4
2026-08-04 20:55:36,9561,96.8,10.4,4
2026-08-04 20:55:41,9566,96.9,10.3,4
2026-08-04 20:55:46,9571,95.1,10.4,4
2026-08-04 20:55:51,9576,89.3,10.4,4
2026-08-04 20:55:56,9581,90.7,10.4,4
2026-08-04 20:56:01,9586,92.4,10.4,4
2026-08-04 20:56:06,9591,86.8,10.4,4
2026-08-04 20:56:11,9596,88.7,10.4,4
2026-08-04 20:56:17,9602,90.6,10.4,4
2026-08-04 20:56:22,9607,88.9,10.4,4
2026-08-04 20:56:27,9612,90.3,10.4,4
2026-08-04 20:56:32,9617,86.7,10.4,4
2026-08-04 20:56:37,9622,90.5,10.4,4
2026-08-04 20:56:42,9627,93.0,10.4,4
2026-08-04 20:56:47,9632,91.5,10.5,4
2026-08-04 20:56:52,9637,89.2,10.5,4
2026-08-04 20:56:57,9642,90.9,10.5,4
2026-08-04 20:57:02,9647,90.5,10.5,4
2026-08-04 20:57:07,9653,87.5,10.5,4
2026-08-04 20:57:13,9658,88.6,10.5,4
2026-08-04 20:57:18,9663,87.5,10.5,4
2026-08-04 20:57:23,9668,90.6,10.5,4
2026-08-04 20:57:28,9673,91.2,10.6,4
2026-08-04 20:57:33,9678,81.8,10.6,4
2026-08-04 20:57:38,9683,83.3,10.5,4
2026-08-04 20:57:43,9688,76.3,10.5,4
2026-08-04 20:57:48,9693,75.9,10.5,4
2026-08-04 20:57:53,9698,71.6,10.5,4
2026-08-04 20:57:58,9703,80.2,10.5,4
2026-08-04 20:58:03,9708,75.6,10.6,4
2026-08-04 20:58:08,9714,82.7,10.5,4
2026-08-04 20:58:14,9719,93.4,10.4,4
2026-08-04 20:58:19,9724,93.1,10.4,4
2026-08-04 20:58:24,9729,91.7,10.4,4
2026-08-04 20:58:29,9734,94.0,10.4,4
2026-08-04 20:58:34,9739,88.7,10.4,4
2026-08-04 20:58:39,9744,86.1,10.4,4
2026-08-04 20:58:44,9749,89.7,10.4,4
2026-08-04 20:58:49,9754,90.6,10.4,4
2026-08-04 20:58:54,9759,86.0,10.4,4
2026-08-04 20:58:59,9765,87.1,10.4,4
2026-08-04 20:59:05,9770,93.7,10.4,4
2026-08-04 20:59:10,9775,91.9,10.4,4
2026-08-04 20:59:15,9780,89.9,10.4,4
2026-08-04 20:59:20,9785,84.7,10.4,4
2026-08-04 20:59:25,9790,79.6,10.4,4
2026-08-04 20:59:30,9795,78.3,10.4,4
2026-08-04 20:59:35,9800,81.6,10.5,4
2026-08-04 20:59:40,9805,80.9,10.5,4
2026-08-04 20:59:45,9810,86.6,10.4,4
2026-08-04 20:59:50,9815,80.8,10.4,4
2026-08-04 20:59:55,9820,80.9,10.5,4
2026-08-04 21:00:00,9826,81.8,10.4,4
2026-08-04 21:00:06,9831,82.9,10.5,4
2026-08-04 21:00:11,9836,84.6,10.4,4
2026-08-04 21:00:16,9841,84.7,10.5,4
2026-08-04 21:00:21,9846,84.3,10.5,4
2026-08-04 21:00:26,9851,86.0,10.4,4
2026-08-04 21:00:31,9856,90.2,10.4,4
2026-08-04 21:00:36,9861,88.5,10.5,4
2026-08-04 21:00:41,9866,89.0,10.5,4
2026-08-04 21:00:46,9871,89.0,10.5,4
2026-08-04 21:00:51,9876,90.7,10.5,4
2026-08-04 21:00:56,9882,86.0,10.5,4
2026-08-04 21:01:02,9887,88.6,10.5,4
2026-08-04 21:01:07,9892,85.1,10.4,4
2026-08-04 21:01:12,9897,86.8,10.5,4
2026-08-04 21:01:17,9902,90.0,10.5,4
2026-08-04 21:01:22,9907,87.4,10.4,4
2026-08-04 21:01:27,9912,83.4,10.4,4
2026-08-04 21:01:32,9917,80.3,10.5,4
2026-08-04 21:01:37,9922,76.5,10.4,4
2026-08-04 21:01:42,9927,77.0,10.5,4
2026-08-04 21:01:47,9932,93.0,10.4,4
2026-08-04 21:01:52,9938,93.2,10.5,4
2026-08-04 21:01:58,9943,97.0,10.4,4
2026-08-04 21:02:03,9948,97.0,10.4,4
2026-08-04 21:02:08,9953,96.6,10.4,4
2026-08-04 21:02:13,9958,97.8,10.4,4
2026-08-04 21:02:18,9963,97.0,10.4,4
2026-08-04 21:02:23,9968,97.3,10.4,4
2026-08-04 21:02:28,9973,97.0,10.3,4
2026-08-04 21:02:33,9978,94.9,10.4,4
2026-08-04 21:02:38,9984,95.2,10.4,4
2026-08-04 21:02:44,9989,94.3,10.4,4
2026-08-04 21:02:49,9994,93.8,10.4,4
2026-08-04 21:02:54,9999,93.7,10.5,4
2026-08-04 21:02:59,10004,94.5,10.4,4
2026-08-04 21:03:04,10009,95.7,10.5,4
2026-08-04 21:03:09,10014,96.5,10.5,4
2026-08-04 21:03:14,10019,96.2,10.5,4
2026-08-04 21:03:19,10024,90.7,10.5,4
2026-08-04 21:03:24,10029,90.8,10.5,4
2026-08-04 21:03:29,10035,91.2,10.5,4
2026-08-04 21:03:35,10040,90.4,10.4,4
2026-08-04 21:03:40,10045,92.7,10.4,4
2026-08-04 21:03:45,10050,94.1,10.4,4
2026-08-04 21:03:50,10055,90.6,10.4,4
2026-08-04 21:03:55,10060,93.0,10.4,4
2026-08-04 21:04:00,10065,91.3,10.4,4
2026-08-04 21:04:05,10070,93.0,10.4,4
2026-08-04 21:04:10,10075,91.6,10.4,4
2026-08-04 21:04:15,10080,91.6,10.4,4
2026-08-04 21:04:20,10086,86.3,10.5,4
2026-08-04 21:04:26,10091,88.8,10.5,4
2026-08-04 21:04:31,10096,88.1,10.4,4
2026-08-04 21:04:36,10101,89.3,10.4,4
2026-08-04 21:04:41,10106,86.1,10.5,4
2026-08-04 21:04:46,10111,76.1,10.5,4
2026-08-04 21:04:51,10116,71.5,10.5,4
2026-08-04 21:04:56,10121,80.2,10.5,4
2026-08-04 21:05:01,10126,77.8,10.5,4
2026-08-04 21:05:06,10131,85.6,10.5,4
2026-08-04 21:05:11,10136,84.7,10.5,4
2026-08-04 21:05:16,10141,74.1,10.5,4
2026-08-04 21:05:21,10147,77.1,10.5,4
2026-08-04 21:05:27,10152,82.6,10.5,4
2026-08-04 21:05:32,10157,84.2,10.5,4
2026-08-04 21:05:37,10162,81.2,10.5,4
2026-08-04 21:05:42,10167,85.5,10.5,4
2026-08-04 21:05:47,10172,84.2,10.4,4
2026-08-04 21:05:52,10177,76.4,10.5,4
2026-08-04 21:05:57,10182,77.0,10.5,4
2026-08-04 21:06:02,10187,72.9,10.5,4
2026-08-04 21:06:07,10192,75.2,10.5,4
2026-08-04 21:06:12,10197,70.9,10.5,4
2026-08-04 21:06:17,10202,81.5,10.4,4
2026-08-04 21:06:22,10208,94.7,10.4,4
2026-08-04 21:06:28,10213,93.4,10.4,4
2026-08-04 21:06:33,10218,96.1,10.4,4
2026-08-04 21:06:38,10223,95.4,10.4,4
2026-08-04 21:06:43,10228,89.9,10.4,4
2026-08-04 21:06:48,10233,85.9,10.4,4
2026-08-04 21:06:53,10238,90.9,10.4,4
2026-08-04 21:06:58,10243,89.7,10.4,4
2026-08-04 21:07:03,10248,92.5,10.4,4
2026-08-04 21:07:08,10253,91.6,10.4,4
2026-08-04 21:07:13,10259,93.0,10.3,4
2026-08-04 21:07:19,10264,91.4,10.4,4
2026-08-04 21:07:24,10269,83.8,10.4,4
2026-08-04 21:07:29,10274,80.6,10.4,4
2026-08-04 21:07:34,10279,83.9,10.5,4
2026-08-04 21:07:39,10284,86.2,10.4,4
2026-08-04 21:07:44,10289,85.5,10.4,4
2026-08-04 21:07:49,10294,84.2,10.4,4
2026-08-04 21:07:54,10299,83.6,10.4,4
2026-08-04 21:07:59,10304,87.6,10.5,4
2026-08-04 21:08:04,10309,89.2,10.4,4
2026-08-04 21:08:09,10315,86.4,10.4,4
2026-08-04 21:08:14,10320,85.0,10.4,4
2026-08-04 21:08:20,10325,80.9,10.4,4
2026-08-04 21:08:25,10330,79.3,10.4,4
2026-08-04 21:08:30,10335,82.1,10.4,4
2026-08-04 21:08:35,10340,85.0,10.4,4
2026-08-04 21:08:40,10345,94.2,10.4,4
2026-08-04 21:08:45,10350,94.1,10.4,4
2026-08-04 21:08:50,10355,94.9,10.4,4
2026-08-04 21:08:55,10360,92.7,10.4,4
2026-08-04 21:09:00,10365,87.4,10.4,4
2026-08-04 21:09:05,10371,87.9,10.4,4
2026-08-04 21:09:11,10376,89.9,10.4,4
2026-08-04 21:09:16,10381,88.3,10.4,4
2026-08-04 21:09:21,10386,93.3,10.4,4
2026-08-04 21:09:26,10391,95.1,10.4,4
2026-08-04 21:09:31,10396,95.7,10.3,4
2026-08-04 21:09:36,10401,96.6,10.3,4
2026-08-04 21:09:41,10406,96.8,10.3,4
2026-08-04 21:09:46,10411,96.4,10.4,4
2026-08-04 21:09:52,10417,96.1,10.4,4
2026-08-04 21:09:57,10422,95.8,10.4,4
2026-08-04 21:10:02,10427,94.6,10.4,4
2026-08-04 21:10:07,10432,92.5,10.5,4
2026-08-04 21:10:12,10437,95.4,10.4,4
2026-08-04 21:10:17,10442,96.6,10.4,4
2026-08-04 21:10:22,10447,95.3,10.4,4
2026-08-04 21:10:27,10452,96.5,10.4,4
2026-08-04 21:10:32,10458,96.1,10.4,4
2026-08-04 21:10:38,10463,96.7,10.4,4
2026-08-04 21:10:43,10468,94.3,10.4,4
2026-08-04 21:10:48,10473,93.4,10.4,4
2026-08-04 21:10:53,10478,87.3,10.4,4
2026-08-04 21:10:58,10483,82.2,10.4,4
2026-08-04 21:11:03,10488,84.4,10.4,4
2026-08-04 21:11:08,10493,81.4,10.4,4
2026-08-04 21:11:13,10498,85.8,10.4,4
2026-08-04 21:11:18,10503,82.8,10.5,4
2026-08-04 21:11:23,10508,88.3,10.4,4
2026-08-04 21:11:28,10513,83.7,10.5,4
2026-08-04 21:11:34,10519,79.4,10.4,4
2026-08-04 21:11:39,10524,86.0,10.4,4
2026-08-04 21:11:44,10529,80.8,10.4,4
2026-08-04 21:11:49,10534,80.9,10.4,4
2026-08-04 21:11:54,10539,85.1,10.4,4
2026-08-04 21:11:59,10544,81.0,10.4,4
2026-08-04 21:12:04,10549,78.1,10.4,4
2026-08-04 21:12:09,10554,76.4,10.4,4
2026-08-04 21:12:14,10559,73.3,10.4,4
2026-08-04 21:12:19,10564,85.3,10.4,4
2026-08-04 21:12:24,10569,86.7,10.5,4
2026-08-04 21:12:29,10574,87.4,10.5,4
2026-08-04 21:12:35,10580,89.4,10.5,4
2026-08-04 21:12:40,10585,89.2,10.4,4
2026-08-04 21:12:45,10590,81.4,10.5,4
2026-08-04 21:12:50,10595,74.8,10.5,4
2026-08-04 21:12:55,10600,81.2,10.5,4
2026-08-04 21:13:00,10605,84.6,10.5,4
2026-08-04 21:13:05,10610,91.0,10.5,4
2026-08-04 21:13:10,10615,84.7,10.5,4
2026-08-04 21:13:15,10620,80.5,10.5,4
2026-08-04 21:13:20,10625,74.2,10.5,4
2026-08-04 21:13:25,10630,69.8,10.5,4
2026-08-04 21:13:30,10636,75.3,10.5,4
2026-08-04 21:13:36,10641,83.3,10.5,4
2026-08-04 21:13:41,10646,85.6,10.5,4
2026-08-04 21:13:46,10651,85.8,10.5,4
2026-08-04 21:13:51,10656,85.6,10.5,4
2026-08-04 21:13:56,10661,83.6,10.5,4
2026-08-04 21:14:01,10666,82.1,10.5,4
2026-08-04 21:14:06,10671,77.3,10.5,4
2026-08-04 21:14:11,10676,78.6,10.5,4
2026-08-04 21:14:16,10681,81.7,10.5,4
2026-08-04 21:14:21,10686,84.1,10.5,4
2026-08-04 21:14:26,10691,94.7,10.4,4
2026-08-04 21:14:31,10697,95.6,10.4,4
2026-08-04 21:14:37,10702,96.1,10.4,4
2026-08-04 21:14:42,10707,97.2,10.4,4
2026-08-04 21:14:47,10712,95.6,10.4,4
2026-08-04 21:14:52,10717,92.7,10.4,4
2026-08-04 21:14:57,10722,91.6,10.4,4
2026-08-04 21:15:02,10727,94.1,10.4,4
2026-08-04 21:15:07,10732,92.8,10.4,4
2026-08-04 21:15:12,10737,91.0,10.4,4
2026-08-04 21:15:17,10742,91.6,10.4,4
2026-08-04 21:15:22,10748,96.3,10.3,4
2026-08-04 21:15:28,10753,94.3,10.4,4
2026-08-04 21:15:33,10758,95.4,10.4,4
2026-08-04 21:15:38,10763,94.3,10.4,4
2026-08-04 21:15:43,10768,93.3,10.4,4
2026-08-04 21:15:48,10773,89.8,10.4,4
2026-08-04 21:15:53,10778,93.3,10.4,4
2026-08-04 21:15:58,10783,93.5,10.4,4
2026-08-04 21:16:03,10788,89.0,10.4,4
2026-08-04 21:16:08,10794,90.6,10.4,4
2026-08-04 21:16:14,10799,93.9,10.4,4
2026-08-04 21:16:19,10804,96.3,10.4,4
2026-08-04 21:16:24,10809,95.8,10.4,4
2026-08-04 21:16:29,10814,90.0,10.4,4
2026-08-04 21:16:34,10819,86.0,10.4,4
2026-08-04 21:16:39,10824,85.7,10.4,4
2026-08-04 21:16:44,10829,88.0,10.4,4
2026-08-04 21:16:49,10834,87.4,10.4,4
2026-08-04 21:16:54,10839,92.5,10.4,4
2026-08-04 21:16:59,10845,96.1,10.4,4
2026-08-04 21:17:05,10850,95.6,10.4,4
2026-08-04 21:17:10,10855,97.8,10.3,4
2026-08-04 21:17:15,10860,97.3,10.3,4
2026-08-04 21:17:20,10865,96.8,10.3,4
2026-08-04 21:17:25,10870,95.7,10.4,4
2026-08-04 21:17:30,10875,94.8,10.4,4
2026-08-04 21:17:35,10880,94.3,10.4,4
2026-08-04 21:17:40,10885,87.0,10.4,4
2026-08-04 21:17:45,10891,84.4,10.4,4
2026-08-04 21:17:51,10896,91.9,10.4,4
2026-08-04 21:17:56,10901,92.2,10.4,4
2026-08-04 21:18:01,10906,89.1,10.4,4
2026-08-04 21:18:06,10911,89.2,10.4,4
2026-08-04 21:18:11,10916,89.1,10.4,4
2026-08-04 21:18:16,10921,89.1,10.4,4
2026-08-04 21:18:21,10926,82.8,10.4,4
2026-08-04 21:18:26,10931,81.1,10.4,4
2026-08-04 21:18:31,10936,87.6,10.4,4
2026-08-04 21:18:36,10941,82.7,10.4,4
2026-08-04 21:18:41,10947,81.3,10.4,4
2026-08-04 21:18:46,10952,81.0,10.4,4
2026-08-04 21:18:52,10957,74.8,10.4,4
2026-08-04 21:18:57,10962,75.7,10.4,4
2026-08-04 21:19:02,10967,76.9,10.4,4
2026-08-04 21:19:07,10972,84.1,10.4,4
2026-08-04 21:19:12,10977,78.7,10.4,4
2026-08-04 21:19:17,10982,84.4,10.4,4
2026-08-04 21:19:22,10987,86.1,10.4,4
2026-08-04 21:19:27,10992,82.4,10.4,4
2026-08-04 21:19:32,10997,83.3,10.4,4
2026-08-04 21:19:37,11002,81.3,10.4,4
2026-08-04 21:19:42,11008,78.4,10.4,4
2026-08-04 21:19:47,11013,85.1,10.4,4
2026-08-04 21:19:53,11018,82.0,10.4,4
2026-08-04 21:19:58,11023,85.3,10.4,4
2026-08-04 21:20:03,11028,87.5,10.4,4
2026-08-04 21:20:08,11033,78.6,10.4,4
2026-08-04 21:20:13,11038,81.8,10.4,4
2026-08-04 21:20:18,11043,79.8,10.4,4
2026-08-04 21:20:23,11048,85.5,10.4,4
2026-08-04 21:20:28,11053,87.8,10.4,4
2026-08-04 21:20:33,11058,89.9,10.4,4
2026-08-04 21:20:38,11063,85.2,10.4,4
2026-08-04 21:20:43,11069,84.8,10.4,4
2026-08-04 21:20:49,11074,84.9,10.4,4
2026-08-04 21:20:54,11079,85.0,10.4,4
2026-08-04 21:20:59,11084,80.3,10.5,4
2026-08-04 21:21:04,11089,83.6,10.5,4
2026-08-04 21:21:09,11094,82.0,10.5,4
2026-08-04 21:21:14,11099,86.2,10.5,4
2026-08-04 21:21:19,11104,87.6,10.5,4
2026-08-04 21:21:24,11109,90.4,10.5,4
2026-08-04 21:21:29,11114,86.2,10.5,4
2026-08-04 21:21:34,11119,77.0,10.5,4
2026-08-04 21:21:39,11124,77.8,10.5,4
2026-08-04 21:21:44,11130,79.5,10.5,4
2026-08-04 21:21:50,11135,82.4,10.5,4
2026-08-04 21:21:55,11140,90.6,10.5,4
2026-08-04 21:22:00,11145,94.8,10.5,4
2026-08-04 21:22:05,11150,85.0,10.5,4
2026-08-04 21:22:10,11155,89.4,10.5,4
2026-08-04 21:22:15,11160,88.2,10.5,4
2026-08-04 21:22:20,11165,81.3,10.5,4
2026-08-04 21:22:25,11170,89.8,10.5,4
2026-08-04 21:22:30,11175,93.3,10.4,4
2026-08-04 21:22:35,11180,96.1,10.4,4
2026-08-04 21:22:40,11186,94.9,10.4,4
2026-08-04 21:22:46,11191,97.1,10.4,4
2026-08-04 21:22:51,11196,97.5,10.3,4
2026-08-04 21:22:56,11201,97.7,10.3,4
2026-08-04 21:23:01,11206,97.4,10.3,4
2026-08-04 21:23:06,11211,97.1,10.3,4
2026-08-04 21:23:11,11216,97.3,10.3,4
2026-08-04 21:23:16,11221,95.8,10.4,4
2026-08-04 21:23:21,11227,95.5,10.4,4
2026-08-04 21:23:27,11232,97.1,10.4,4
2026-08-04 21:23:32,11237,97.1,10.4,4
2026-08-04 21:23:37,11242,97.6,10.4,4
2026-08-04 21:23:42,11247,97.6,10.4,4
2026-08-04 21:23:47,11252,94.1,10.4,4
2026-08-04 21:23:52,11257,94.2,10.4,4
2026-08-04 21:23:57,11262,90.9,10.4,4
2026-08-04 21:24:02,11267,90.1,10.4,4
2026-08-04 21:24:07,11272,82.6,10.4,4
2026-08-04 21:24:12,11278,83.8,10.4,4
2026-08-04 21:24:18,11283,80.3,10.4,4
2026-08-04 21:24:23,11288,80.7,10.4,4
2026-08-04 21:24:28,11293,93.8,10.4,4
2026-08-04 21:24:33,11298,92.9,10.4,4
2026-08-04 21:24:38,11303,92.9,10.4,4
2026-08-04 21:24:43,11308,94.8,10.4,4
2026-08-04 21:24:48,11313,93.4,10.3,4
2026-08-04 21:24:53,11318,91.4,10.4,4
2026-08-04 21:24:58,11323,93.7,10.4,4
2026-08-04 21:25:03,11329,94.2,10.4,4
2026-08-04 21:25:09,11334,93.2,10.4,4
2026-08-04 21:25:14,11339,94.5,10.4,4
2026-08-04 21:25:19,11344,91.4,10.4,4
2026-08-04 21:25:24,11349,89.6,10.4,4
2026-08-04 21:25:29,11354,91.2,10.4,4
2026-08-04 21:25:34,11359,90.2,10.4,4
2026-08-04 21:25:39,11364,89.9,10.4,4
2026-08-04 21:25:44,11369,92.1,10.4,4
2026-08-04 21:25:49,11374,82.9,10.4,4
2026-08-04 21:25:54,11380,80.9,10.4,4
2026-08-04 21:26:00,11385,81.7,10.4,4
2026-08-04 21:26:05,11390,80.4,10.4,4
2026-08-04 21:26:10,11395,84.5,10.4,4
2026-08-04 21:26:15,11400,80.9,10.4,4
2026-08-04 21:26:20,11405,77.8,10.4,4
2026-08-04 21:26:25,11410,77.1,10.5,4
2026-08-04 21:26:30,11415,86.7,10.4,4
2026-08-04 21:26:35,11420,91.1,10.4,4
2026-08-04 21:26:40,11425,84.3,10.4,4
2026-08-04 21:26:45,11430,80.9,10.4,4
2026-08-04 21:26:50,11435,84.9,10.4,4
2026-08-04 21:26:55,11441,81.4,10.4,4
2026-08-04 21:27:01,11446,83.8,10.4,4
2026-08-04 21:27:06,11451,82.1,10.4,4
2026-08-04 21:27:11,11456,81.5,10.4,4
2026-08-04 21:27:16,11461,83.6,10.4,4
2026-08-04 21:27:21,11466,83.2,10.4,4
2026-08-04 21:27:26,11471,81.2,10.4,4
2026-08-04 21:27:31,11476,89.9,10.4,4
2026-08-04 21:27:36,11481,88.8,10.4,4
2026-08-04 21:27:41,11486,90.3,10.4,4
2026-08-04 21:27:46,11491,87.6,10.4,4
2026-08-04 21:27:51,11497,81.7,10.5,4
2026-08-04 21:27:57,11502,85.3,10.4,4
2026-08-04 21:28:02,11507,87.5,10.4,4
2026-08-04 21:28:07,11512,91.7,10.4,4
2026-08-04 21:28:12,11517,87.6,10.4,4
2026-08-04 21:28:17,11522,80.7,10.4,4
2026-08-04 21:28:22,11527,72.7,10.4,4
2026-08-04 21:28:27,11532,73.9,10.4,4
2026-08-04 21:28:32,11537,79.8,10.4,4
2026-08-04 21:28:37,11542,81.8,10.4,4
2026-08-04 21:28:42,11547,93.0,10.4,4
2026-08-04 21:28:47,11552,92.1,10.4,4
2026-08-04 21:28:52,11558,95.1,10.4,4
2026-08-04 21:28:58,11563,95.7,10.4,4
2026-08-04 21:29:03,11568,95.5,10.4,4
2026-08-04 21:29:08,11573,90.0,10.5,4
2026-08-04 21:29:13,11578,91.6,10.5,4
2026-08-04 21:29:18,11583,85.9,10.5,4
2026-08-04 21:29:23,11588,85.6,10.5,4
2026-08-04 21:29:28,11593,90.5,10.5,4
2026-08-04 21:29:33,11598,94.9,10.5,4
2026-08-04 21:29:38,11603,88.5,10.4,4
2026-08-04 21:29:43,11608,89.6,10.5,4
2026-08-04 21:29:48,11614,88.3,10.5,4
2026-08-04 21:29:54,11619,88.0,10.5,4
2026-08-04 21:29:59,11624,89.1,10.5,4
2026-08-04 21:30:04,11629,93.3,10.4,4
2026-08-04 21:30:09,11634,87.8,10.4,4
2026-08-04 21:30:14,11639,84.6,10.5,4
2026-08-04 21:30:19,11644,84.3,10.5,4
2026-08-04 21:30:24,11649,89.3,10.5,4
2026-08-04 21:30:29,11654,90.2,10.4,4
2026-08-04 21:30:34,11659,91.1,10.3,4
2026-08-04 21:30:39,11665,95.9,10.4,4
2026-08-04 21:30:45,11670,96.0,10.4,4
2026-08-04 21:30:50,11675,95.7,10.4,4
2026-08-04 21:30:55,11680,96.9,10.4,4
2026-08-04 21:31:00,11685,94.4,10.4,4
2026-08-04 21:31:05,11690,93.1,10.4,4
2026-08-04 21:31:10,11695,94.8,10.4,4
2026-08-04 21:31:15,11700,94.6,10.4,4
2026-08-04 21:31:20,11705,91.7,10.4,4
2026-08-04 21:31:25,11711,89.8,10.4,4
2026-08-04 21:31:31,11716,90.8,10.4,4
2026-08-04 21:31:36,11721,90.5,10.4,4
2026-08-04 21:31:41,11726,88.7,10.4,4
2026-08-04 21:31:46,11731,85.2,10.5,4
2026-08-04 21:31:51,11736,82.0,10.4,4
2026-08-04 21:31:56,11741,86.8,10.4,4
2026-08-04 21:32:01,11746,89.5,10.4,4
2026-08-04 21:32:06,11751,90.3,10.4,4
2026-08-04 21:32:11,11756,94.3,10.5,4
2026-08-04 21:32:16,11761,93.4,10.4,4
2026-08-04 21:32:21,11767,89.0,10.4,4
2026-08-04 21:32:27,11772,93.5,10.4,4
2026-08-04 21:32:32,11777,92.5,10.4,4
2026-08-04 21:32:37,11782,87.6,10.4,4
2026-08-04 21:32:42,11787,89.5,10.4,4
2026-08-04 21:32:47,11792,92.0,10.4,4
2026-08-04 21:32:52,11797,85.6,10.4,4
2026-08-04 21:32:57,11802,86.1,10.4,4
2026-08-04 21:33:02,11807,85.8,10.4,4
2026-08-04 21:33:07,11812,89.2,10.4,4
2026-08-04 21:33:12,11818,91.4,10.4,4
2026-08-04 21:33:18,11823,82.3,10.4,4
2026-08-04 21:33:23,11828,81.2,10.4,4
2026-08-04 21:33:28,11833,82.5,10.4,4
2026-08-04 21:33:33,11838,81.3,10.4,4
2026-08-04 21:33:38,11843,84.8,10.4,4
2026-08-04 21:33:43,11848,79.5,10.4,4
2026-08-04 21:33:48,11853,83.4,10.4,4
2026-08-04 21:33:53,11858,82.6,10.4,4
2026-08-04 21:33:58,11863,81.2,10.4,4
2026-08-04 21:34:03,11868,87.5,10.4,4
2026-08-04 21:34:08,11873,85.5,10.4,4
2026-08-04 21:34:13,11879,89.4,10.4,4
2026-08-04 21:34:19,11884,82.3,10.4,4
2026-08-04 21:34:24,11889,86.1,10.4,4
2026-08-04 21:34:29,11894,89.4,10.4,4
2026-08-04 21:34:34,11899,82.4,10.4,4
2026-08-04 21:34:39,11904,83.7,10.4,4
2026-08-04 21:34:44,11909,90.4,10.4,4
2026-08-04 21:34:49,11914,87.6,10.4,4
2026-08-04 21:34:54,11919,85.3,10.4,4
2026-08-04 21:34:59,11924,83.7,10.4,4
2026-08-04 21:35:04,11929,77.3,10.4,4
2026-08-04 21:35:09,11934,79.7,10.4,4
2026-08-04 21:35:14,11940,79.5,10.4,4
2026-08-04 21:35:20,11945,87.5,10.4,4
2026-08-04 21:35:25,11950,95.1,10.3,4
2026-08-04 21:35:30,11955,95.4,10.3,4
2026-08-04 21:35:35,11960,96.7,10.4,4
2026-08-04 21:35:40,11965,97.0,10.4,4
2026-08-04 21:35:45,11970,94.7,10.4,4
2026-08-04 21:35:50,11975,91.4,10.4,4
2026-08-04 21:35:55,11980,89.7,10.4,4
2026-08-04 21:36:00,11986,90.9,10.4,4
2026-08-04 21:36:06,11991,93.0,10.4,4
2026-08-04 21:36:11,11996,93.5,10.4,4
2026-08-04 21:36:16,12001,93.0,10.4,4
2026-08-04 21:36:21,12006,92.1,10.5,4
2026-08-04 21:36:26,12011,91.4,10.4,4
2026-08-04 21:36:31,12016,86.6,10.4,4
2026-08-04 21:36:36,12021,90.0,10.4,4
2026-08-04 21:36:41,12026,87.4,10.4,4
2026-08-04 21:36:46,12031,90.9,10.4,4
2026-08-04 21:36:51,12036,91.1,10.4,4
2026-08-04 21:36:56,12042,90.6,10.4,4
2026-08-04 21:37:02,12047,89.3,10.5,4
2026-08-04 21:37:07,12052,93.7,10.5,4
2026-08-04 21:37:12,12057,93.1,10.5,4
2026-08-04 21:37:17,12062,89.4,10.5,4
2026-08-04 21:37:22,12067,89.6,10.4,4
2026-08-04 21:37:27,12072,91.7,10.5,4
2026-08-04 21:37:32,12077,91.8,10.5,4
2026-08-04 21:37:37,12082,85.5,10.5,4
2026-08-04 21:37:42,12087,80.0,10.5,4
2026-08-04 21:37:47,12092,86.4,10.5,4
2026-08-04 21:37:52,12098,86.8,10.5,4
2026-08-04 21:37:58,12103,83.1,10.5,4
2026-08-04 21:38:03,12108,81.4,10.5,4
2026-08-04 21:38:08,12113,83.5,10.5,4
2026-08-04 21:38:13,12118,86.9,10.5,4
2026-08-04 21:38:18,12123,83.1,10.5,4
2026-08-04 21:38:23,12128,81.0,10.5,4
2026-08-04 21:38:28,12133,77.7,10.5,4
2026-08-04 21:38:33,12138,75.5,10.5,4
2026-08-04 21:38:38,12143,76.3,10.5,4
2026-08-04 21:38:43,12148,84.5,10.4,4
2026-08-04 21:38:48,12153,93.9,10.4,4
2026-08-04 21:38:53,12159,88.8,10.4,4
2026-08-04 21:38:59,12164,92.6,10.4,4
2026-08-04 21:39:04,12169,92.6,10.4,4
2026-08-04 21:39:09,12174,87.9,10.4,4
2026-08-04 21:39:14,12179,92.3,10.4,4
2026-08-04 21:39:19,12184,96.4,10.4,4
2026-08-04 21:39:24,12189,95.3,10.4,4
2026-08-04 21:39:29,12194,92.5,10.4,4
2026-08-04 21:39:34,12199,96.4,10.4,4
2026-08-04 21:39:39,12205,96.1,10.4,4
2026-08-04 21:39:45,12210,95.9,10.4,4
2026-08-04 21:39:50,12215,95.9,10.4,4
2026-08-04 21:39:55,12220,93.9,10.4,4
2026-08-04 21:40:00,12225,86.0,10.4,4
2026-08-04 21:40:05,12230,85.9,10.5,4
2026-08-04 21:40:10,12235,86.3,10.4,4
2026-08-04 21:40:15,12240,88.5,10.4,4
2026-08-04 21:40:20,12245,89.4,10.4,4
2026-08-04 21:40:25,12250,88.7,10.4,4
2026-08-04 21:40:30,12256,91.0,10.4,4
2026-08-04 21:40:36,12261,91.1,10.4,4
2026-08-04 21:40:41,12266,83.2,10.4,4
2026-08-04 21:40:46,12271,82.5,10.4,4
2026-08-04 21:40:51,12276,83.1,10.4,4
2026-08-04 21:40:56,12281,81.2,10.4,4
2026-08-04 21:41:01,12286,83.6,10.4,4
2026-08-04 21:41:06,12291,86.5,10.4,4
2026-08-04 21:41:11,12296,86.6,10.4,4
2026-08-04 21:41:16,12301,82.6,10.4,4
2026-08-04 21:41:21,12306,82.8,10.4,4
2026-08-04 21:41:26,12312,87.1,10.4,4
2026-08-04 21:41:32,12317,88.7,10.4,4
2026-08-04 21:41:37,12322,84.4,10.4,4
2026-08-04 21:41:42,12327,80.5,10.4,4
2026-08-04 21:41:47,12332,72.0,10.4,4
2026-08-04 21:41:52,12337,77.5,10.4,4
2026-08-04 21:41:57,12342,80.3,10.4,4
2026-08-04 21:42:02,12347,82.7,10.4,4
2026-08-04 21:42:07,12352,94.4,10.4,4
2026-08-04 21:42:12,12357,91.2,10.4,4
2026-08-04 21:42:17,12362,95.6,10.4,4
2026-08-04 21:42:22,12368,92.4,10.4,4
2026-08-04 21:42:28,12373,92.9,10.4,4
2026-08-04 21:42:33,12378,93.4,10.4,4
2026-08-04 21:42:38,12383,94.5,10.4,4
2026-08-04 21:42:43,12388,90.7,10.4,4
2026-08-04 21:42:48,12393,90.5,10.4,4
2026-08-04 21:42:53,12398,93.8,10.4,4
2026-08-04 21:42:58,12403,93.6,10.4,4
2026-08-04 21:43:03,12408,92.0,10.4,4
2026-08-04 21:43:08,12414,89.4,10.4,4
2026-08-04 21:43:13,12419,85.6,10.4,4
2026-08-04 21:43:19,12424,84.3,10.4,4
2026-08-04 21:43:24,12429,85.8,10.4,4
2026-08-04 21:43:29,12434,88.4,10.4,4
2026-08-04 21:43:34,12439,87.3,10.4,4
2026-08-04 21:43:39,12444,89.9,10.4,4
2026-08-04 21:43:44,12449,91.6,10.4,4
2026-08-04 21:43:49,12454,93.1,10.4,4
2026-08-04 21:43:54,12459,90.2,10.4,4
2026-08-04 21:43:59,12464,92.6,10.4,4
2026-08-04 21:44:04,12470,95.0,10.4,4
2026-08-04 21:44:10,12475,91.4,10.4,4
2026-08-04 21:44:15,12480,89.0,10.4,4
2026-08-04 21:44:20,12485,80.4,10.4,4
2026-08-04 21:44:25,12490,81.4,10.4,4
2026-08-04 21:44:30,12495,85.3,10.4,4
2026-08-04 21:44:35,12500,83.3,10.4,4
2026-08-04 21:44:40,12505,81.3,10.4,4
2026-08-04 21:44:45,12510,85.6,10.4,4
2026-08-04 21:44:50,12515,86.7,10.5,4
2026-08-04 21:44:55,12520,77.9,10.4,4
2026-08-04 21:45:00,12526,85.2,10.5,4
2026-08-04 21:45:06,12531,82.4,10.5,4
2026-08-04 21:45:11,12536,77.2,10.5,4
2026-08-04 21:45:16,12541,76.9,10.5,4
2026-08-04 21:45:21,12546,79.3,10.5,4
2026-08-04 21:45:26,12551,81.1,10.5,4
2026-08-04 21:45:31,12556,84.0,10.5,4
2026-08-04 21:45:36,12561,86.4,10.5,4
2026-08-04 21:45:41,12566,87.5,10.5,4
2026-08-04 21:45:46,12571,87.1,10.5,4
2026-08-04 21:45:51,12576,86.1,10.5,4
2026-08-04 21:45:56,12582,89.7,10.5,4
2026-08-04 21:46:02,12587,88.5,10.5,4
2026-08-04 21:46:07,12592,90.2,10.6,4
2026-08-04 21:46:12,12597,86.5,10.5,4
2026-08-04 21:46:17,12602,85.3,10.5,4
2026-08-04 21:46:22,12607,80.1,10.5,4
2026-08-04 21:46:27,12612,71.3,10.5,4
2026-08-04 21:46:32,12617,71.6,10.5,4
2026-08-04 21:46:37,12622,77.0,10.5,4
2026-08-04 21:46:42,12627,92.2,10.5,4
2026-08-04 21:46:47,12632,92.9,10.4,4
2026-08-04 21:46:52,12638,97.2,10.3,4
2026-08-04 21:46:58,12643,97.2,10.3,4
2026-08-04 21:47:03,12648,97.1,10.3,4
2026-08-04 21:47:08,12653,97.3,10.3,4
2026-08-04 21:47:13,12658,97.4,10.3,4
2026-08-04 21:47:18,12663,97.4,10.3,4
2026-08-04 21:47:23,12668,95.4,10.4,4
2026-08-04 21:47:28,12673,95.1,10.4,4
2026-08-04 21:47:33,12679,96.5,10.3,4
2026-08-04 21:47:39,12684,96.9,10.4,4
2026-08-04 21:47:44,12689,96.9,10.4,4
2026-08-04 21:47:49,12694,97.2,10.4,4
2026-08-04 21:47:54,12699,96.4,10.4,4
2026-08-04 21:47:59,12704,96.6,10.4,4
2026-08-04 21:48:04,12709,96.8,10.4,4
2026-08-04 21:48:09,12714,93.2,10.4,4
2026-08-04 21:48:14,12719,86.8,10.4,4
2026-08-04 21:48:19,12725,85.0,10.4,4
2026-08-04 21:48:24,12730,82.4,10.4,4
2026-08-04 21:48:30,12735,72.7,10.4,4
2026-08-04 21:48:35,12740,77.6,10.4,4
2026-08-04 21:48:40,12745,77.1,10.4,4
2026-08-04 21:48:45,12750,82.7,10.4,4
2026-08-04 21:48:50,12755,93.9,10.4,4
2026-08-04 21:48:55,12760,90.9,10.4,4
2026-08-04 21:49:00,12765,94.6,10.4,4
2026-08-04 21:49:05,12770,92.5,10.4,4
2026-08-04 21:49:10,12775,88.3,10.4,4
2026-08-04 21:49:15,12780,88.1,10.4,4
2026-08-04 21:49:20,12786,91.8,10.4,4
2026-08-04 21:49:26,12791,87.5,10.4,4
2026-08-04 21:49:31,12796,89.2,10.4,4
2026-08-04 21:49:36,12801,88.6,10.4,4
2026-08-04 21:49:41,12806,89.4,10.4,4
2026-08-04 21:49:46,12811,87.8,10.4,4
2026-08-04 21:49:51,12816,87.9,10.4,4
2026-08-04 21:49:56,12821,87.7,10.4,4
2026-08-04 21:50:01,12826,87.1,10.4,4
2026-08-04 21:50:06,12831,88.3,10.4,4
2026-08-04 21:50:11,12836,90.5,10.3,4
2026-08-04 21:50:17,12842,90.2,10.4,4
2026-08-04 21:50:22,12847,86.2,10.4,4
2026-08-04 21:50:27,12852,92.8,10.4,4
2026-08-04 21:50:32,12857,93.7,10.4,4
2026-08-04 21:50:37,12862,93.4,10.4,4
2026-08-04 21:50:42,12867,91.8,10.4,4
2026-08-04 21:50:47,12872,90.2,10.4,4
2026-08-04 21:50:52,12877,89.0,10.4,4
2026-08-04 21:50:57,12882,81.0,10.4,4
2026-08-04 21:51:02,12887,80.8,10.4,4
2026-08-04 21:51:07,12892,85.2,10.4,4
2026-08-04 21:51:12,12898,80.7,10.4,4
2026-08-04 21:51:18,12903,79.8,10.4,4
2026-08-04 21:51:23,12908,75.8,10.4,4
2026-08-04 21:51:28,12913,83.3,10.4,4
2026-08-04 21:51:33,12918,88.3,10.4,4
2026-08-04 21:51:38,12923,84.4,10.4,4
2026-08-04 21:51:43,12928,84.8,10.4,4
2026-08-04 21:51:48,12933,83.4,10.4,4
2026-08-04 21:51:53,12938,83.9,10.4,4
2026-08-04 21:51:58,12943,85.7,10.4,4
2026-08-04 21:52:03,12948,80.6,10.4,4
2026-08-04 21:52:08,12953,79.3,10.4,4
2026-08-04 21:52:13,12959,78.3,10.4,4
2026-08-04 21:52:19,12964,80.1,10.4,4
2026-08-04 21:52:24,12969,82.6,10.4,4
2026-08-04 21:52:29,12974,86.1,10.4,4
2026-08-04 21:52:34,12979,87.9,10.4,4
2026-08-04 21:52:39,12984,85.4,10.4,4
2026-08-04 21:52:44,12989,80.0,10.4,4
2026-08-04 21:52:49,12994,85.7,10.4,4
2026-08-04 21:52:54,12999,86.6,10.4,4
2026-08-04 21:52:59,13004,88.7,10.4,4
2026-08-04 21:53:04,13009,91.0,10.4,4
2026-08-04 21:53:09,13015,84.6,10.4,4
2026-08-04 21:53:15,13020,83.0,10.5,4
2026-08-04 21:53:20,13025,81.8,10.5,4
2026-08-04 21:53:25,13030,81.9,10.5,4
2026-08-04 21:53:30,13035,90.1,10.5,4
2026-08-04 21:53:35,13040,90.5,10.4,4
2026-08-04 21:53:40,13045,90.2,10.5,4
2026-08-04 21:53:45,13050,84.5,10.5,4
2026-08-04 21:53:50,13055,75.3,10.5,4
2026-08-04 21:53:55,13060,73.7,10.5,4
2026-08-04 21:54:00,13065,77.8,10.5,4
2026-08-04 21:54:05,13070,82.9,10.5,4
2026-08-04 21:54:10,13076,95.4,10.5,4
2026-08-04 21:54:16,13081,94.7,10.5,4
2026-08-04 21:54:21,13086,96.4,10.5,4
2026-08-04 21:54:26,13091,96.0,10.4,4
2026-08-04 21:54:31,13096,91.2,10.5,4
2026-08-04 21:54:36,13101,91.3,10.5,4
2026-08-04 21:54:41,13106,94.7,10.5,4
2026-08-04 21:54:46,13111,94.4,10.5,4
2026-08-04 21:54:51,13116,85.2,10.6,4
2026-08-04 21:54:56,13121,89.4,10.4,4
2026-08-04 21:55:01,13127,94.1,10.3,4
2026-08-04 21:55:07,13132,93.6,10.4,4
2026-08-04 21:55:12,13137,96.5,10.3,4
2026-08-04 21:55:17,13142,96.3,10.4,4
2026-08-04 21:55:22,13147,97.8,10.3,4
2026-08-04 21:55:27,13152,97.5,10.3,4
2026-08-04 21:55:32,13157,97.6,10.3,4
2026-08-04 21:55:37,13162,97.9,10.3,4
2026-08-04 21:55:42,13168,96.6,10.3,4
2026-08-04 21:55:48,13173,96.5,10.3,4
2026-08-04 21:55:53,13178,95.4,10.3,4
2026-08-04 21:55:58,13183,96.8,10.3,4
2026-08-04 21:56:03,13188,97.2,10.3,4
2026-08-04 21:56:08,13193,96.2,10.4,4
2026-08-04 21:56:13,13198,86.6,10.4,4
2026-08-04 21:56:18,13203,89.2,10.4,4
2026-08-04 21:56:23,13208,89.4,10.4,4
2026-08-04 21:56:28,13213,89.8,10.4,4
2026-08-04 21:56:33,13219,90.2,10.4,4
2026-08-04 21:56:39,13224,90.0,10.4,4
2026-08-04 21:56:44,13229,88.6,10.4,4
2026-08-04 21:56:49,13234,91.0,10.4,4
2026-08-04 21:56:54,13239,94.3,10.4,4
2026-08-04 21:56:59,13244,93.1,10.4,4
2026-08-04 21:57:04,13249,88.5,10.4,4
2026-08-04 21:57:09,13254,90.3,10.4,4
2026-08-04 21:57:14,13259,91.8,10.4,4
2026-08-04 21:57:19,13264,92.5,10.4,4
2026-08-04 21:57:24,13270,92.8,10.4,4
2026-08-04 21:57:29,13275,91.7,10.3,4
2026-08-04 21:57:35,13280,92.1,10.4,4
2026-08-04 21:57:40,13285,84.4,10.4,4
2026-08-04 21:57:45,13290,78.5,10.5,4
2026-08-04 21:57:50,13295,78.2,10.4,4
2026-08-04 21:57:55,13300,83.4,10.4,4
2026-08-04 21:58:00,13305,85.6,10.4,4
2026-08-04 21:58:05,13310,80.5,10.5,4
2026-08-04 21:58:10,13315,80.3,10.4,4
2026-08-04 21:58:15,13320,88.7,10.4,4
2026-08-04 21:58:20,13325,84.7,10.4,4
2026-08-04 21:58:25,13331,80.8,10.4,4
2026-08-04 21:58:31,13336,84.2,10.4,4
2026-08-04 21:58:36,13341,84.7,10.4,4
2026-08-04 21:58:41,13346,83.6,10.4,4
2026-08-04 21:58:46,13351,79.1,10.4,4
2026-08-04 21:58:51,13356,79.7,10.4,4
2026-08-04 21:58:56,13361,88.4,10.3,4
2026-08-04 21:59:01,13366,85.2,10.4,4
2026-08-04 21:59:06,13371,86.4,10.4,4
2026-08-04 21:59:11,13376,82.7,10.4,4
2026-08-04 21:59:16,13381,84.3,10.4,4
2026-08-04 21:59:21,13386,83.2,10.4,4
2026-08-04 21:59:26,13392,82.2,10.4,4
2026-08-04 21:59:32,13397,84.2,10.4,4
2026-08-04 21:59:37,13402,77.0,10.4,4
2026-08-04 21:59:42,13407,78.7,10.4,4
2026-08-04 21:59:47,13412,83.0,10.4,4
2026-08-04 21:59:52,13417,80.9,10.4,4
2026-08-04 21:59:57,13422,86.3,10.4,4
2026-08-04 22:00:02,13427,84.0,10.4,4
2026-08-04 22:00:07,13432,81.6,10.4,4
2026-08-04 22:00:12,13437,83.9,10.4,4
2026-08-04 22:00:17,13442,84.7,10.4,4
2026-08-04 22:00:22,13447,86.2,10.3,4
2026-08-04 22:00:28,13453,90.1,10.4,4
2026-08-04 22:00:33,13458,85.8,10.4,4
2026-08-04 22:00:38,13463,85.6,10.4,4
2026-08-04 22:00:43,13468,86.1,10.4,4
2026-08-04 22:00:48,13473,84.3,10.4,4
2026-08-04 22:00:53,13478,87.8,10.4,4
2026-08-04 22:00:58,13483,90.5,10.4,4
2026-08-04 22:01:03,13488,89.7,10.5,4
2026-08-04 22:01:08,13493,83.9,10.5,4
2026-08-04 22:01:13,13498,87.1,10.5,4
2026-08-04 22:01:18,13503,82.8,10.5,4
2026-08-04 22:01:23,13508,77.9,10.5,4
2026-08-04 22:01:29,13514,78.9,10.5,4
2026-08-04 22:01:34,13519,72.1,10.5,4
2026-08-04 22:01:39,13524,85.5,10.5,4
2026-08-04 22:01:44,13529,90.1,10.5,4
2026-08-04 22:01:49,13534,92.4,10.5,4
2026-08-04 22:01:54,13539,96.1,10.5,4
2026-08-04 22:01:59,13544,97.5,10.4,4
2026-08-04 22:02:04,13549,95.8,10.4,4
2026-08-04 22:02:09,13554,97.2,10.4,4
2026-08-04 22:02:14,13560,98.0,10.3,4
2026-08-04 22:02:20,13565,98.0,10.3,4
2026-08-04 22:02:25,13570,97.0,10.3,4
2026-08-04 22:02:30,13575,96.9,10.3,4
2026-08-04 22:02:35,13580,96.3,10.4,4
2026-08-04 22:02:40,13585,95.6,10.4,4
2026-08-04 22:02:45,13590,89.1,10.5,4
2026-08-04 22:02:50,13595,91.2,10.5,4
2026-08-04 22:02:55,13601,91.8,10.5,4
2026-08-04 22:03:01,13606,93.8,10.3,4
2026-08-04 22:03:06,13611,96.6,10.3,4
2026-08-04 22:03:11,13616,95.7,10.3,4
2026-08-04 22:03:16,13621,94.8,10.4,4
2026-08-04 22:03:21,13626,97.3,10.4,4
2026-08-04 22:03:26,13631,97.0,10.3,4
2026-08-04 22:03:31,13636,96.5,10.3,4
2026-08-04 22:03:36,13641,97.5,10.4,4
2026-08-04 22:03:41,13647,96.3,10.4,4
2026-08-04 22:03:47,13652,92.0,10.4,4
2026-08-04 22:03:52,13657,94.8,10.4,4
2026-08-04 22:03:57,13662,95.9,10.4,4
2026-08-04 22:04:02,13667,96.3,10.4,4
2026-08-04 22:04:07,13672,96.7,10.4,4
2026-08-04 22:04:12,13677,97.0,10.4,4
2026-08-04 22:04:17,13682,92.1,10.4,4
2026-08-04 22:04:22,13687,82.4,10.4,4
2026-08-04 22:04:27,13692,78.2,10.4,4
2026-08-04 22:04:32,13698,78.0,10.4,4
2026-08-04 22:04:38,13703,79.4,10.4,4
2026-08-04 22:04:43,13708,79.1,10.4,4
2026-08-04 22:04:48,13713,79.4,10.4,4
2026-08-04 22:04:53,13718,80.9,10.4,4
2026-08-04 22:04:58,13723,82.4,10.4,4
2026-08-04 22:05:03,13728,85.2,10.4,4
2026-08-04 22:05:08,13733,85.3,10.4,4
2026-08-04 22:05:13,13738,87.1,10.4,4
2026-08-04 22:05:18,13743,85.9,10.4,4
2026-08-04 22:05:23,13748,77.2,10.4,4
2026-08-04 22:05:28,13753,82.8,10.4,4
2026-08-04 22:05:34,13759,83.1,10.4,4
2026-08-04 22:05:39,13764,82.2,10.4,4
2026-08-04 22:05:44,13769,83.0,10.4,4
2026-08-04 22:05:49,13774,80.1,10.4,4
2026-08-04 22:05:54,13779,82.8,10.4,4
2026-08-04 22:05:59,13784,84.7,10.4,4
2026-08-04 22:06:04,13789,81.6,10.4,4
2026-08-04 22:06:09,13794,78.9,10.4,4
2026-08-04 22:06:14,13799,81.0,10.4,4
2026-08-04 22:06:19,13804,77.6,10.4,4
2026-08-04 22:06:24,13809,82.5,10.4,4
2026-08-04 22:06:29,13814,90.7,10.4,4
2026-08-04 22:06:35,13820,90.5,10.4,4
2026-08-04 22:06:40,13825,82.5,10.4,4
2026-08-04 22:06:45,13830,79.0,10.4,4
2026-08-04 22:06:50,13835,84.4,10.4,4
2026-08-04 22:06:55,13840,85.1,10.4,4
2026-08-04 22:07:00,13845,92.4,10.4,4
2026-08-04 22:07:05,13850,88.0,10.4,4
2026-08-04 22:07:10,13855,85.1,10.4,4
2026-08-04 22:07:15,13860,83.0,10.4,4
2026-08-04 22:07:20,13865,81.2,10.4,4
2026-08-04 22:07:25,13870,84.0,10.4,4
2026-08-04 22:07:30,13876,89.6,10.3,4
2026-08-04 22:07:36,13881,89.3,10.4,4
2026-08-04 22:07:41,13886,88.1,10.4,4
2026-08-04 22:07:46,13891,89.9,10.4,4
2026-08-04 22:07:51,13896,92.8,10.4,4
2026-08-04 22:07:56,13901,92.4,10.4,4
2026-08-04 22:08:01,13906,93.7,10.4,4
2026-08-04 22:08:06,13911,91.4,10.4,4
2026-08-04 22:08:11,13916,88.5,10.4,4
2026-08-04 22:08:16,13921,85.5,10.4,4
2026-08-04 22:08:21,13926,80.9,10.4,4
2026-08-04 22:08:26,13932,81.2,10.4,4
2026-08-04 22:08:32,13937,82.3,10.5,4
2026-08-04 22:08:37,13942,80.9,10.5,4
2026-08-04 22:08:42,13947,84.1,10.4,4
2026-08-04 22:08:47,13952,93.5,10.4,4
2026-08-04 22:08:52,13957,86.6,10.5,4
2026-08-04 22:08:57,13962,92.3,10.5,4
2026-08-04 22:09:02,13967,90.7,10.5,4
2026-08-04 22:09:07,13972,90.0,10.4,4
2026-08-04 22:09:12,13977,92.9,10.5,4
2026-08-04 22:09:17,13983,97.0,10.4,4
2026-08-04 22:09:23,13988,96.6,10.4,4
2026-08-04 22:09:28,13993,96.4,10.4,4
2026-08-04 22:09:33,13998,97.8,10.3,4
2026-08-04 22:09:38,14003,97.8,10.3,4
2026-08-04 22:09:43,14008,97.3,10.3,4
2026-08-04 22:09:48,14013,97.0,10.3,4
2026-08-04 22:09:53,14018,95.9,10.4,4
2026-08-04 22:09:58,14024,97.4,10.3,4
2026-08-04 22:10:04,14029,96.7,10.3,4
2026-08-04 22:10:09,14034,93.2,10.4,4
2026-08-04 22:10:14,14039,96.2,10.5,4
2026-08-04 22:10:19,14044,97.2,10.4,4
2026-08-04 22:10:24,14049,96.8,10.4,4
2026-08-04 22:10:29,14054,95.4,10.5,4
2026-08-04 22:10:34,14059,94.8,10.5,4
2026-08-04 22:10:39,14064,96.0,10.5,4
2026-08-04 22:10:44,14070,92.2,10.4,4
2026-08-04 22:10:50,14075,84.1,10.4,4
2026-08-04 22:10:55,14080,86.3,10.4,4
2026-08-04 22:11:00,14085,84.0,10.4,4
2026-08-04 22:11:05,14090,72.4,10.5,4
2026-08-04 22:11:10,14095,88.7,10.3,4
2026-08-04 22:11:15,14100,91.8,10.4,4
2026-08-04 22:11:20,14105,92.3,10.4,4
2026-08-04 22:11:25,14110,93.7,10.4,4
2026-08-04 22:11:30,14115,92.4,10.3,4
2026-08-04 22:11:35,14120,87.5,10.3,4
2026-08-04 22:11:40,14126,92.4,10.4,4
2026-08-04 22:11:46,14131,92.7,10.4,4
2026-08-04 22:11:51,14136,87.5,10.4,4
2026-08-04 22:11:56,14141,91.2,10.4,4
2026-08-04 22:12:01,14146,93.0,10.4,4
2026-08-04 22:12:06,14151,87.4,10.4,4
2026-08-04 22:12:11,14156,86.5,10.4,4
2026-08-04 22:12:16,14161,74.3,10.4,4
2026-08-04 22:12:21,14166,76.0,10.4,4
2026-08-04 22:12:26,14171,77.8,10.4,4
2026-08-04 22:12:31,14176,77.4,10.4,4
2026-08-04 22:12:36,14181,83.5,10.4,4
2026-08-04 22:12:42,14187,82.0,10.4,4
2026-08-04 22:12:47,14192,85.8,10.4,4
2026-08-04 22:12:52,14197,85.9,10.4,4
2026-08-04 22:12:57,14202,81.8,10.4,4
2026-08-04 22:13:02,14207,84.1,10.4,4
2026-08-04 22:13:07,14212,82.3,10.4,4
2026-08-04 22:13:12,14217,84.4,10.4,4
2026-08-04 22:13:17,14222,85.6,10.4,4
2026-08-04 22:13:22,14227,78.7,10.4,4
2026-08-04 22:13:27,14232,79.1,10.4,4
2026-08-04 22:13:32,14237,76.8,10.4,4
2026-08-04 22:13:37,14243,76.9,10.4,4
2026-08-04 22:13:43,14248,82.6,10.4,4
2026-08-04 22:13:48,14253,84.4,10.4,4
2026-08-04 22:13:53,14258,82.7,10.4,4
2026-08-04 22:13:58,14263,89.7,10.4,4
2026-08-04 22:14:03,14268,87.1,10.4,4
2026-08-04 22:14:08,14273,81.2,10.4,4
2026-08-04 22:14:13,14278,86.1,10.4,4
2026-08-04 22:14:18,14283,81.8,10.4,4
2026-08-04 22:14:23,14288,87.1,10.4,4
2026-08-04 22:14:28,14293,93.5,10.4,4
2026-08-04 22:14:33,14299,89.3,10.4,4
2026-08-04 22:14:39,14304,84.3,10.4,4
2026-08-04 22:14:44,14309,87.7,10.4,4
2026-08-04 22:14:49,14314,91.0,10.4,4
2026-08-04 22:14:54,14319,85.3,10.4,4
2026-08-04 22:14:59,14324,88.6,10.4,4
2026-08-04 22:15:04,14329,82.6,10.4,4
2026-08-04 22:15:09,14334,75.3,10.4,4
2026-08-04 22:15:14,14339,79.1,10.4,4
2026-08-04 22:15:19,14344,77.6,10.4,4
2026-08-04 22:15:24,14349,89.3,10.4,4
2026-08-04 22:15:29,14354,92.7,10.4,4
2026-08-04 22:15:34,14360,94.0,10.4,4
2026-08-04 22:15:40,14365,95.7,10.4,4
2026-08-04 22:15:45,14370,96.4,10.4,4
2026-08-04 22:15:50,14375,96.3,10.4,4
2026-08-04 22:15:55,14380,95.7,10.4,4
2026-08-04 22:16:00,14385,96.8,10.4,4
2026-08-04 22:16:05,14390,92.0,10.4,4
2026-08-04 22:16:10,14395,91.1,10.4,4
2026-08-04 22:16:15,14400,91.0,10.4,4
2026-08-04 22:16:20,14406,93.8,10.4,4
2026-08-04 22:16:26,14411,91.3,10.4,4
2026-08-04 22:16:31,14416,87.7,10.5,4
2026-08-04 22:16:36,14421,83.1,10.5,4
2026-08-04 22:16:41,14426,85.0,10.5,4
2026-08-04 22:16:46,14431,87.0,10.5,4
2026-08-04 22:16:51,14436,95.6,10.5,4
2026-08-04 22:16:56,14441,91.2,10.5,4
2026-08-04 22:17:01,14446,96.8,10.4,4
2026-08-04 22:17:06,14451,97.1,10.3,4
2026-08-04 22:17:11,14457,97.6,10.3,4
2026-08-04 22:17:17,14462,97.8,10.3,4
2026-08-04 22:17:22,14467,97.7,10.3,4
2026-08-04 22:17:27,14472,97.9,10.3,4
2026-08-04 22:17:32,14477,97.6,10.3,4
2026-08-04 22:17:37,14482,95.5,10.3,4
2026-08-04 22:17:42,14487,94.4,10.4,4
2026-08-04 22:17:47,14492,93.8,10.4,4
2026-08-04 22:17:52,14497,93.1,10.5,4
2026-08-04 22:17:57,14503,94.1,10.5,4
2026-08-04 22:18:03,14508,94.5,10.5,4
2026-08-04 22:18:08,14513,92.1,10.5,4
2026-08-04 22:18:13,14518,89.2,10.5,4
2026-08-04 22:18:18,14523,81.0,10.5,4
2026-08-04 22:18:23,14528,87.1,10.5,4
2026-08-04 22:18:28,14533,91.0,10.5,4
2026-08-04 22:18:33,14538,87.1,10.5,4
2026-08-04 22:18:38,14543,86.8,10.5,4
2026-08-04 22:18:43,14548,82.5,10.5,4
2026-08-04 22:18:48,14554,66.3,10.5,4
2026-08-04 22:18:53,14559,64.9,10.5,4
2026-08-04 22:18:59,14564,68.4,10.5,4
2026-08-04 22:19:04,14569,74.1,10.5,4
2026-08-04 22:19:09,14574,71.0,10.4,4
2026-08-04 22:19:14,14579,79.0,10.4,4
2026-08-04 22:19:19,14584,93.4,10.4,4
2026-08-04 22:19:24,14589,94.3,10.4,4
2026-08-04 22:19:29,14594,96.5,10.4,4
2026-08-04 22:19:34,14599,93.5,10.4,4
2026-08-04 22:19:39,14604,91.3,10.4,4
2026-08-04 22:19:44,14609,91.2,10.4,4
2026-08-04 22:19:50,14615,92.7,10.4,4
2026-08-04 22:19:55,14620,91.0,10.4,4
2026-08-04 22:20:00,14625,92.5,10.4,4
2026-08-04 22:20:05,14630,92.7,10.4,4
2026-08-04 22:20:10,14635,91.9,10.4,4
2026-08-04 22:20:15,14640,88.5,10.4,4
2026-08-04 22:20:20,14645,81.7,10.4,4
2026-08-04 22:20:25,14650,81.2,10.4,4
2026-08-04 22:20:30,14655,85.2,10.4,4
2026-08-04 22:20:35,14660,88.1,10.4,4
2026-08-04 22:20:40,14666,83.8,10.4,4
2026-08-04 22:20:46,14671,83.9,10.4,4
2026-08-04 22:20:51,14676,78.3,10.4,4
2026-08-04 22:20:56,14681,79.6,10.4,4
2026-08-04 22:21:01,14686,81.4,10.4,4
2026-08-04 22:21:06,14691,80.3,10.4,4
2026-08-04 22:21:11,14696,85.0,10.4,4
2026-08-04 22:21:16,14701,86.7,10.4,4
2026-08-04 22:21:21,14706,80.4,10.4,4
2026-08-04 22:21:26,14711,87.2,10.4,4
2026-08-04 22:21:31,14716,89.1,10.4,4
2026-08-04 22:21:36,14722,90.3,10.4,4
2026-08-04 22:21:42,14727,84.7,10.4,4
2026-08-04 22:21:47,14732,75.0,10.4,4
2026-08-04 22:21:52,14737,73.8,10.4,4
2026-08-04 22:21:57,14742,81.8,10.4,4
2026-08-04 22:22:02,14747,82.3,10.4,4
2026-08-04 22:22:07,14752,84.2,10.4,4
2026-08-04 22:22:12,14757,91.0,10.4,4
2026-08-04 22:22:17,14762,89.5,10.4,4
2026-08-04 22:22:22,14767,93.9,10.4,4
2026-08-04 22:22:27,14772,92.8,10.4,4
2026-08-04 22:22:32,14778,93.9,10.4,4
2026-08-04 22:22:38,14783,93.8,10.4,4
2026-08-04 22:22:43,14788,94.6,10.4,4
2026-08-04 22:22:48,14793,89.4,10.4,4
2026-08-04 22:22:53,14798,88.4,10.4,4
2026-08-04 22:22:58,14803,92.2,10.4,4
2026-08-04 22:23:03,14808,93.9,10.4,4
2026-08-04 22:23:08,14813,92.3,10.4,4
2026-08-04 22:23:13,14818,92.1,10.4,4
2026-08-04 22:23:18,14823,94.3,10.4,4
2026-08-04 22:23:23,14829,93.1,10.4,4
2026-08-04 22:23:29,14834,89.4,10.4,4
2026-08-04 22:23:34,14839,91.3,10.4,4
2026-08-04 22:23:39,14844,91.9,10.4,4
2026-08-04 22:23:44,14849,92.0,10.4,4
2026-08-04 22:23:49,14854,91.8,10.3,4
2026-08-04 22:23:54,14859,93.4,10.4,4
2026-08-04 22:23:59,14864,89.9,10.4,4
2026-08-04 22:24:04,14869,86.9,10.4,4
2026-08-04 22:24:09,14874,90.4,10.4,4
2026-08-04 22:24:14,14880,89.3,10.4,4
2026-08-04 22:24:20,14885,81.5,10.4,4
2026-08-04 22:24:25,14890,91.1,10.4,4
2026-08-04 22:24:30,14895,90.6,10.4,4
2026-08-04 22:24:35,14900,95.7,10.4,4
2026-08-04 22:24:40,14905,96.1,10.4,4
2026-08-04 22:24:45,14910,96.6,10.4,4
2026-08-04 22:24:50,14915,88.5,10.4,4
2026-08-04 22:24:55,14920,89.1,10.4,4
2026-08-04 22:25:00,14925,94.3,10.4,4
2026-08-04 22:25:05,14931,90.5,10.4,4
2026-08-04 22:25:11,14936,91.2,10.3,4
2026-08-04 22:25:16,14941,95.0,10.4,4
2026-08-04 22:25:21,14946,94.9,10.4,4
2026-08-04 22:25:26,14951,91.8,10.4,4
2026-08-04 22:25:31,14956,83.3,10.5,4
2026-08-04 22:25:36,14961,84.0,10.5,4
2026-08-04 22:25:41,14966,81.5,10.5,4
2026-08-04 22:25:46,14971,73.3,10.5,4
2026-08-04 22:25:51,14976,76.5,10.5,4
2026-08-04 22:25:56,14981,75.8,10.4,4
2026-08-04 22:26:01,14986,80.8,10.5,4
2026-08-04 22:26:06,14992,85.7,10.4,4
2026-08-04 22:26:12,14997,79.7,10.4,4
2026-08-04 22:26:17,15002,79.9,10.5,4
2026-08-04 22:26:22,15007,78.0,10.4,4
2026-08-04 22:26:27,15012,84.5,10.5,4
2026-08-04 22:26:32,15017,87.2,10.5,4
2026-08-04 22:26:37,15022,83.1,10.5,4
2026-08-04 22:26:42,15027,80.2,10.5,4
2026-08-04 22:26:47,15032,76.9,10.5,4
2026-08-04 22:26:52,15037,72.1,10.5,4
2026-08-04 22:26:57,15042,73.5,10.5,4
2026-08-04 22:27:02,15047,76.9,10.4,4
2026-08-04 22:27:07,15053,76.7,10.5,4
2026-08-04 22:27:12,15058,77.9,10.5,4
2026-08-04 22:27:18,15063,77.4,10.5,4
2026-08-04 22:27:23,15068,92.2,10.4,4
2026-08-04 22:27:28,15073,92.7,10.4,4
2026-08-04 22:27:33,15078,93.4,10.4,4
2026-08-04 22:27:38,15083,96.4,10.4,4
2026-08-04 22:27:43,15088,95.9,10.4,4
2026-08-04 22:27:48,15093,96.3,10.4,4
2026-08-04 22:27:53,15098,95.6,10.4,4
2026-08-04 22:27:58,15103,95.5,10.4,4
2026-08-04 22:28:03,15109,94.5,10.3,4
2026-08-04 22:28:09,15114,94.5,10.3,4
2026-08-04 22:28:14,15119,92.5,10.4,4
2026-08-04 22:28:19,15124,95.1,10.4,4
2026-08-04 22:28:24,15129,92.2,10.4,4
2026-08-04 22:28:29,15134,79.3,10.4,4
2026-08-04 22:28:34,15139,78.3,10.4,4
2026-08-04 22:28:39,15144,80.9,10.4,4
2026-08-04 22:28:44,15149,82.1,10.4,4
2026-08-04 22:28:49,15154,90.1,10.4,4
2026-08-04 22:28:54,15159,93.3,10.4,4
2026-08-04 22:29:00,15165,96.1,10.4,4
2026-08-04 22:29:05,15170,97.2,10.4,4
2026-08-04 22:29:10,15175,95.0,10.4,4
2026-08-04 22:29:15,15180,93.0,10.4,4
2026-08-04 22:29:20,15185,89.2,10.4,4
2026-08-04 22:29:25,15190,90.0,10.4,4
2026-08-04 22:29:30,15195,85.4,10.4,4
2026-08-04 22:29:35,15200,88.5,10.4,4
2026-08-04 22:29:40,15205,88.4,10.4,4
2026-08-04 22:29:45,15210,88.2,10.4,4
2026-08-04 22:29:50,15215,86.0,10.4,4
2026-08-04 22:29:55,15221,88.8,10.3,4
2026-08-04 22:30:01,15226,91.3,10.4,4
2026-08-04 22:30:06,15231,92.1,10.4,4
2026-08-04 22:30:11,15236,89.7,10.4,4
2026-08-04 22:30:16,15241,94.7,10.4,4
2026-08-04 22:30:21,15246,94.8,10.4,4
2026-08-04 22:30:26,15251,92.6,10.4,4
2026-08-04 22:30:31,15256,89.1,10.3,4
2026-08-04 22:30:36,15261,94.1,10.4,4
2026-08-04 22:30:41,15266,94.0,10.4,4
2026-08-04 22:30:46,15272,93.2,10.4,4
2026-08-04 22:30:52,15277,91.6,10.4,4
2026-08-04 22:30:57,15282,93.2,10.4,4
2026-08-04 22:31:02,15287,83.9,10.4,4
2026-08-04 22:31:07,15292,87.3,10.4,4
2026-08-04 22:31:12,15297,88.2,10.4,4
2026-08-04 22:31:17,15302,88.5,10.4,4
2026-08-04 22:31:22,15307,88.3,10.4,4
2026-08-04 22:31:27,15312,83.5,10.4,4
2026-08-04 22:31:32,15317,76.2,10.4,4
2026-08-04 22:31:37,15322,83.6,10.4,4
2026-08-04 22:31:42,15328,77.8,10.4,4
2026-08-04 22:31:48,15333,83.2,10.4,4
2026-08-04 22:31:53,15338,92.1,10.4,4
2026-08-04 22:31:58,15343,87.6,10.4,4
2026-08-04 22:32:03,15348,93.5,10.4,4
2026-08-04 22:32:08,15353,92.2,10.4,4
2026-08-04 22:32:13,15358,90.6,10.4,4
2026-08-04 22:32:18,15363,86.8,10.4,4
2026-08-04 22:32:23,15368,93.6,10.4,4
2026-08-04 22:32:28,15373,91.0,10.4,4
2026-08-04 22:32:33,15378,85.9,10.4,4
2026-08-04 22:32:38,15384,89.5,10.4,4
2026-08-04 22:32:44,15389,92.3,10.4,4
2026-08-04 22:32:49,15394,91.8,10.4,4
2026-08-04 22:32:54,15399,88.1,10.4,4
2026-08-04 22:32:59,15404,92.2,10.4,4
2026-08-04 22:33:04,15409,88.0,10.4,4
2026-08-04 22:33:09,15414,84.6,10.4,4
2026-08-04 22:33:14,15419,81.3,10.4,4
2026-08-04 22:33:19,15424,81.9,10.4,4
2026-08-04 22:33:24,15429,82.5,10.4,4
2026-08-04 22:33:29,15434,81.2,10.4,4
2026-08-04 22:33:34,15440,80.1,10.4,4
2026-08-04 22:33:40,15445,81.8,10.4,4
2026-08-04 22:33:45,15450,84.7,10.4,4
2026-08-04 22:33:50,15455,82.3,10.5,4
2026-08-04 22:33:55,15460,83.9,10.5,4
2026-08-04 22:34:00,15465,84.2,10.5,4
2026-08-04 22:34:05,15470,79.9,10.5,4
2026-08-04 22:34:10,15475,80.3,10.5,4
2026-08-04 22:34:15,15480,84.0,10.5,4
2026-08-04 22:34:20,15485,84.5,10.5,4
2026-08-04 22:34:25,15490,83.0,10.5,4
2026-08-04 22:34:30,15496,79.3,10.5,4
2026-08-04 22:34:35,15501,81.9,10.5,4
2026-08-04 22:34:41,15506,86.4,10.4,4
2026-08-04 22:34:46,15511,86.5,10.5,4
2026-08-04 22:34:51,15516,87.6,10.5,4
2026-08-04 22:34:56,15521,84.5,10.5,4
2026-08-04 22:35:01,15526,71.2,10.5,4
2026-08-04 22:35:06,15531,67.9,10.5,4
2026-08-04 22:35:11,15536,75.0,10.5,4
2026-08-04 22:35:16,15541,78.3,10.5,4
2026-08-04 22:35:21,15546,91.9,10.5,4
2026-08-04 22:35:26,15551,92.0,10.3,4
2026-08-04 22:35:31,15557,96.9,10.3,4
2026-08-04 22:35:37,15562,97.1,10.3,4
2026-08-04 22:35:42,15567,97.7,10.3,4
2026-08-04 22:35:47,15572,98.0,10.3,4
2026-08-04 22:35:52,15577,97.5,10.3,4
2026-08-04 22:35:57,15582,97.5,10.3,4
2026-08-04 22:36:02,15587,95.8,10.3,4
2026-08-04 22:36:07,15592,94.2,10.4,4
2026-08-04 22:36:12,15598,93.7,10.3,4
2026-08-04 22:36:18,15603,93.6,10.3,4
2026-08-04 22:36:23,15608,93.9,10.3,4
2026-08-04 22:36:28,15613,96.1,10.4,4
2026-08-04 22:36:33,15618,95.8,10.4,4
2026-08-04 22:36:38,15623,94.7,10.4,4
2026-08-04 22:36:43,15628,88.0,10.4,4
2026-08-04 22:36:48,15633,86.5,10.4,4
2026-08-04 22:36:53,15638,90.9,10.4,4
2026-08-04 22:36:58,15643,92.5,10.4,4
2026-08-04 22:37:03,15649,94.4,10.4,4
2026-08-04 22:37:09,15654,87.6,10.4,4
2026-08-04 22:37:14,15659,89.8,10.4,4
2026-08-04 22:37:19,15664,88.5,10.4,4
2026-08-04 22:37:24,15669,89.6,10.4,4
2026-08-04 22:37:29,15674,89.4,10.4,4
2026-08-04 22:37:34,15679,91.8,10.4,4
2026-08-04 22:37:39,15684,88.1,10.4,4
2026-08-04 22:37:44,15689,82.6,10.4,4
2026-08-04 22:37:49,15694,82.6,10.4,4
2026-08-04 22:37:54,15699,84.3,10.4,4
2026-08-04 22:37:59,15705,82.3,10.4,4
2026-08-04 22:38:04,15710,84.2,10.4,4
2026-08-04 22:38:10,15715,83.7,10.4,4
2026-08-04 22:38:15,15720,89.3,10.4,4
2026-08-04 22:38:20,15725,90.2,10.4,4
2026-08-04 22:38:25,15730,90.3,10.4,4
2026-08-04 22:38:30,15735,86.0,10.4,4
2026-08-04 22:38:35,15740,88.3,10.4,4
2026-08-04 22:38:40,15745,84.8,10.4,4
2026-08-04 22:38:45,15750,84.3,10.4,4
2026-08-04 22:38:50,15755,84.5,10.4,4
2026-08-04 22:38:55,15760,77.5,10.4,4
2026-08-04 22:39:00,15766,82.2,10.4,4
2026-08-04 22:39:06,15771,83.5,10.4,4
2026-08-04 22:39:11,15776,83.0,10.4,4
2026-08-04 22:39:16,15781,92.1,10.4,4
2026-08-04 22:39:21,15786,95.2,10.4,4
2026-08-04 22:39:26,15791,95.9,10.4,4
2026-08-04 22:39:31,15796,96.8,10.4,4
2026-08-04 22:39:36,15801,97.2,10.5,4
2026-08-04 22:39:41,15806,95.4,10.4,4
2026-08-04 22:39:46,15812,94.4,10.5,4
2026-08-04 22:39:52,15817,92.3,10.4,4
2026-08-04 22:39:57,15822,89.5,10.5,4
2026-08-04 22:40:02,15827,80.3,10.5,4
2026-08-04 22:40:07,15832,86.5,10.5,4
2026-08-04 22:40:12,15837,87.6,10.4,4
2026-08-04 22:40:17,15842,87.0,10.4,4
2026-08-04 22:40:22,15847,88.3,10.4,4
2026-08-04 22:40:27,15852,90.2,10.4,4
2026-08-04 22:40:32,15857,93.7,10.4,4
2026-08-04 22:40:37,15862,92.2,10.4,4
2026-08-04 22:40:42,15868,83.1,10.4,4
2026-08-04 22:40:48,15873,85.6,10.4,4
2026-08-04 22:40:53,15878,84.0,10.4,4
2026-08-04 22:40:58,15883,87.2,10.4,4
2026-08-04 22:41:03,15888,88.5,10.4,4
2026-08-04 22:41:08,15893,89.3,10.4,4
2026-08-04 22:41:13,15898,86.5,10.4,4
2026-08-04 22:41:18,15903,82.8,10.4,4
2026-08-04 22:41:23,15908,82.6,10.4,4
2026-08-04 22:41:28,15913,87.1,10.4,4
2026-08-04 22:41:33,15918,87.9,10.4,4
2026-08-04 22:41:38,15924,88.2,10.4,4
2026-08-04 22:41:44,15929,87.1,10.4,4
2026-08-04 22:41:49,15934,78.1,10.4,4
2026-08-04 22:41:54,15939,79.0,10.4,4
2026-08-04 22:41:59,15944,77.4,10.4,4
2026-08-04 22:42:04,15949,79.8,10.5,4
2026-08-04 22:42:09,15954,92.8,10.5,4
2026-08-04 22:42:14,15959,88.7,10.5,4
2026-08-04 22:42:19,15964,95.2,10.5,4
2026-08-04 22:42:24,15969,96.4,10.5,4
2026-08-04 22:42:29,15974,93.6,10.5,4
2026-08-04 22:42:34,15980,88.9,10.5,4
2026-08-04 22:42:40,15985,92.5,10.5,4
2026-08-04 22:42:45,15990,89.1,10.5,4
2026-08-04 22:42:50,15995,91.2,10.5,4
2026-08-04 22:42:55,16000,89.7,10.5,4
2026-08-04 22:43:00,16005,93.8,10.5,4
2026-08-04 22:43:05,16010,88.0,10.5,4
2026-08-04 22:43:10,16015,80.4,10.5,4
2026-08-04 22:43:15,16020,76.3,10.5,4
2026-08-04 22:43:20,16025,81.0,10.5,4
2026-08-04 22:43:25,16031,82.8,10.5,4
2026-08-04 22:43:31,16036,85.4,10.4,4
2026-08-04 22:43:36,16041,94.5,10.4,4
2026-08-04 22:43:41,16046,95.6,10.4,4
2026-08-04 22:43:46,16051,95.4,10.4,4
2026-08-04 22:43:51,16056,96.7,10.4,4
2026-08-04 22:43:56,16061,97.5,10.4,4
2026-08-04 22:44:01,16066,97.4,10.3,4
2026-08-04 22:44:06,16071,97.1,10.3,4
2026-08-04 22:44:11,16076,96.6,10.3,4
2026-08-04 22:44:17,16082,95.9,10.4,4
2026-08-04 22:44:22,16087,84.7,10.4,4
2026-08-04 22:44:27,16092,89.1,10.4,4
2026-08-04 22:44:32,16097,92.2,10.4,4
2026-08-04 22:44:37,16102,95.0,10.4,4
2026-08-04 22:44:42,16107,88.8,10.4,4
2026-08-04 22:44:47,16112,79.7,10.4,4
2026-08-04 22:44:52,16117,75.6,10.4,4
2026-08-04 22:44:57,16122,79.9,10.4,4
2026-08-04 22:45:02,16127,83.6,10.4,4
2026-08-04 22:45:07,16132,86.1,10.4,4
2026-08-04 22:45:12,16138,82.4,10.4,4
2026-08-04 22:45:18,16143,83.2,10.4,4
2026-08-04 22:45:23,16148,82.1,10.4,4
2026-08-04 22:45:28,16153,81.2,10.4,4
2026-08-04 22:45:33,16158,79.6,10.4,4
2026-08-04 22:45:38,16163,84.7,10.4,4
2026-08-04 22:45:43,16168,84.3,10.4,4
2026-08-04 22:45:48,16173,86.7,10.4,4
2026-08-04 22:45:53,16178,84.5,10.4,4
2026-08-04 22:45:58,16183,87.9,10.4,4
2026-08-04 22:46:03,16188,90.1,10.4,4
2026-08-04 22:46:08,16194,88.8,10.4,4
2026-08-04 22:46:14,16199,88.2,10.4,4
2026-08-04 22:46:19,16204,84.0,10.4,4
2026-08-04 22:46:24,16209,82.3,10.4,4
2026-08-04 22:46:29,16214,81.6,10.4,4
2026-08-04 22:46:34,16219,80.0,10.4,4
2026-08-04 22:46:39,16224,77.3,10.4,4
2026-08-04 22:46:44,16229,83.8,10.4,4
2026-08-04 22:46:49,16234,91.1,10.4,4
2026-08-04 22:46:54,16239,87.8,10.4,4
2026-08-04 22:46:59,16244,95.8,10.4,4
2026-08-04 22:47:04,16250,94.6,10.5,4
2026-08-04 22:47:10,16255,92.0,10.4,4
2026-08-04 22:47:15,16260,90.8,10.4,4
2026-08-04 22:47:20,16265,94.9,10.4,4
2026-08-04 22:47:25,16270,92.5,10.4,4
2026-08-04 22:47:30,16275,92.5,10.4,4
2026-08-04 22:47:35,16280,95.1,10.4,4
2026-08-04 22:47:40,16285,95.2,10.4,4
2026-08-04 22:47:45,16290,92.4,10.4,4
2026-08-04 22:47:50,16296,90.6,10.4,4
2026-08-04 22:47:56,16301,89.5,10.4,4
2026-08-04 22:48:01,16306,86.3,10.4,4
2026-08-04 22:48:06,16311,88.3,10.4,4
2026-08-04 22:48:11,16316,89.5,10.4,4
2026-08-04 22:48:16,16321,87.9,10.4,4
2026-08-04 22:48:21,16326,85.2,10.4,4
2026-08-04 22:48:26,16331,80.5,10.4,4
2026-08-04 22:48:31,16336,77.9,10.4,4
2026-08-04 22:48:36,16341,79.5,10.4,4
2026-08-04 22:48:41,16346,77.7,10.4,4
2026-08-04 22:48:46,16352,85.9,10.4,4
2026-08-04 22:48:52,16357,93.2,10.4,4
2026-08-04 22:48:57,16362,93.0,10.4,4
2026-08-04 22:49:02,16367,96.6,10.4,4
2026-08-04 22:49:07,16372,95.5,10.4,4
2026-08-04 22:49:12,16377,92.8,10.4,4
2026-08-04 22:49:17,16382,90.9,10.4,4
2026-08-04 22:49:22,16387,92.5,10.4,4
2026-08-04 22:49:27,16392,89.2,10.4,4
2026-08-04 22:49:32,16398,89.3,10.4,4
2026-08-04 22:49:37,16403,92.2,10.4,4
2026-08-04 22:49:43,16408,94.9,10.4,4
2026-08-04 22:49:48,16413,95.4,10.4,4
2026-08-04 22:49:53,16418,91.1,10.4,4
2026-08-04 22:49:58,16423,92.7,10.5,4
2026-08-04 22:50:03,16428,92.2,10.5,4
2026-08-04 22:50:08,16433,94.6,10.5,4
2026-08-04 22:50:13,16438,93.2,10.5,4
2026-08-04 22:50:18,16443,92.7,10.5,4
2026-08-04 22:50:23,16449,95.0,10.5,4
2026-08-04 22:50:28,16454,93.1,10.4,4
2026-08-04 22:50:34,16459,88.5,10.5,4
2026-08-04 22:50:39,16464,91.2,10.5,4
2026-08-04 22:50:44,16469,90.9,10.5,4
2026-08-04 22:50:49,16474,89.1,10.5,4
2026-08-04 22:50:54,16479,87.8,10.5,4
2026-08-04 22:50:59,16484,80.8,10.5,4
2026-08-04 22:51:04,16489,80.6,10.5,4
2026-08-04 22:51:09,16494,78.4,10.5,4
2026-08-04 22:51:14,16499,75.4,10.5,4
2026-08-04 22:51:19,16504,71.5,10.5,4
2026-08-04 22:51:24,16510,82.6,10.5,4
2026-08-04 22:51:30,16515,84.4,10.5,4
2026-08-04 22:51:35,16520,80.5,10.5,4
2026-08-04 22:51:40,16525,87.7,10.4,4
2026-08-04 22:51:45,16530,94.4,10.4,4
2026-08-04 22:51:50,16535,91.5,10.4,4
2026-08-04 22:51:55,16540,94.7,10.4,4
2026-08-04 22:52:00,16545,95.1,10.4,4
2026-08-04 22:52:05,16550,91.0,10.4,4
2026-08-04 22:52:10,16555,88.7,10.4,4
2026-08-04 22:52:15,16560,91.6,10.4,4
2026-08-04 22:52:20,16565,88.0,10.4,4
2026-08-04 22:52:26,16571,84.5,10.4,4
2026-08-04 22:52:31,16576,90.4,10.4,4
2026-08-04 22:52:36,16581,89.6,10.4,4
2026-08-04 22:52:41,16586,92.9,10.4,4
2026-08-04 22:52:46,16591,86.8,10.4,4
2026-08-04 22:52:51,16596,84.1,10.4,4
2026-08-04 22:52:56,16601,80.7,10.4,4
2026-08-04 22:53:01,16606,82.0,10.4,4
2026-08-04 22:53:06,16611,82.1,10.4,4
2026-08-04 22:53:11,16616,85.7,10.4,4
2026-08-04 22:53:16,16621,89.2,10.4,4
2026-08-04 22:53:21,16627,84.0,10.4,4
2026-08-04 22:53:27,16632,82.0,10.4,4
2026-08-04 22:53:32,16637,83.4,10.4,4
2026-08-04 22:53:37,16642,82.4,10.4,4
2026-08-04 22:53:42,16647,86.4,10.4,4
2026-08-04 22:53:47,16652,84.3,10.4,4
2026-08-04 22:53:52,16657,76.4,10.4,4
2026-08-04 22:53:57,16662,78.6,10.4,4
2026-08-04 22:54:02,16667,83.8,10.4,4
2026-08-04 22:54:07,16672,81.8,10.4,4
2026-08-04 22:54:12,16677,93.0,10.4,4
2026-08-04 22:54:17,16683,92.6,10.4,4
2026-08-04 22:54:23,16688,94.3,10.4,4
2026-08-04 22:54:28,16693,96.3,10.4,4
2026-08-04 22:54:33,16698,96.1,10.5,4
2026-08-04 22:54:38,16703,88.8,10.4,4
2026-08-04 22:54:43,16708,91.9,10.4,4
2026-08-04 22:54:48,16713,94.1,10.4,4
2026-08-04 22:54:53,16718,91.5,10.4,4
2026-08-04 22:54:58,16723,90.8,10.4,4
2026-08-04 22:55:03,16728,95.5,10.4,4
2026-08-04 22:55:08,16734,89.8,10.4,4
2026-08-04 22:55:14,16739,85.8,10.4,4
2026-08-04 22:55:19,16744,84.9,10.4,4
2026-08-04 22:55:24,16749,86.3,10.4,4
2026-08-04 22:55:29,16754,91.6,10.4,4
2026-08-04 22:55:34,16759,93.4,10.4,4
2026-08-04 22:55:39,16764,92.4,10.4,4
2026-08-04 22:55:44,16769,95.4,10.4,4
2026-08-04 22:55:49,16774,93.1,10.4,4
2026-08-04 22:55:54,16779,90.8,10.3,4
2026-08-04 22:55:59,16784,87.8,10.4,4
2026-08-04 22:56:04,16790,90.2,10.3,4
2026-08-04 22:56:10,16795,86.4,10.3,4
2026-08-04 22:56:15,16800,87.0,10.3,4
2026-08-04 22:56:20,16805,89.9,10.3,4
2026-08-04 22:56:25,16810,93.8,10.3,4
2026-08-04 22:56:30,16815,90.3,10.3,4
2026-08-04 22:56:35,16820,88.7,10.3,4
2026-08-04 22:56:40,16825,91.6,10.3,4
2026-08-04 22:56:45,16830,91.4,10.4,4
2026-08-04 22:56:50,16835,91.7,10.3,4
2026-08-04 22:56:55,16841,90.5,10.3,4
2026-08-04 22:57:01,16846,89.7,10.3,4
2026-08-04 22:57:06,16851,91.4,10.3,4
2026-08-04 22:57:11,16856,91.9,10.3,4
2026-08-04 22:57:16,16861,91.7,10.3,4
2026-08-04 22:57:21,16866,89.8,10.3,4
2026-08-04 22:57:26,16871,89.8,10.4,4
2026-08-04 22:57:31,16876,90.3,10.3,4
2026-08-04 22:57:36,16881,86.1,10.3,4
2026-08-04 22:57:41,16886,83.0,10.4,4
2026-08-04 22:57:46,16892,83.0,10.4,4
2026-08-04 22:57:52,16897,88.0,10.4,4
2026-08-04 22:57:57,16902,82.6,10.4,4
2026-08-04 22:58:02,16907,87.2,10.4,4
2026-08-04 22:58:07,16912,83.8,10.4,4
2026-08-04 22:58:12,16917,78.6,10.5,4
2026-08-04 22:58:17,16922,79.4,10.5,4
2026-08-04 22:58:22,16927,78.9,10.5,4
2026-08-04 22:58:27,16932,79.6,10.4,4
2026-08-04 22:58:32,16937,81.1,10.4,4
2026-08-04 22:58:37,16942,78.2,10.4,4
2026-08-04 22:58:42,16947,79.6,10.4,4
2026-08-04 22:58:47,16953,81.2,10.4,4
2026-08-04 22:58:52,16958,82.2,10.4,4
2026-08-04 22:58:58,16963,82.8,10.5,4
2026-08-04 22:59:03,16968,79.5,10.4,4
2026-08-04 22:59:08,16973,76.2,10.4,4
2026-08-04 22:59:13,16978,80.3,10.4,4
2026-08-04 22:59:18,16983,86.3,10.5,4
2026-08-04 22:59:23,16988,79.9,10.5,4
2026-08-04 22:59:28,16993,74.4,10.5,4
2026-08-04 22:59:33,16998,73.5,10.5,4
2026-08-04 22:59:38,17003,72.9,10.5,4
2026-08-04 22:59:43,17008,84.5,10.4,4
2026-08-04 22:59:48,17013,93.8,10.4,4
2026-08-04 22:59:53,17019,93.6,10.3,4
2026-08-04 22:59:59,17024,93.4,10.3,4
2026-08-04 23:00:04,17029,96.0,10.4,4
2026-08-04 23:00:09,17034,95.5,10.4,4
2026-08-04 23:00:14,17039,94.3,10.4,4
2026-08-04 23:00:19,17044,95.6,10.4,4
2026-08-04 23:00:24,17049,97.1,10.4,4
2026-08-04 23:00:29,17054,93.9,10.4,4
2026-08-04 23:00:34,17059,94.1,10.4,4
2026-08-04 23:00:39,17065,95.9,10.4,4
2026-08-04 23:00:45,17070,97.1,10.4,4
2026-08-04 23:00:50,17075,95.7,10.3,4
2026-08-04 23:00:55,17080,93.1,10.3,4
2026-08-04 23:01:00,17085,89.5,10.3,4
2026-08-04 23:01:05,17090,86.4,10.3,4
2026-08-04 23:01:10,17095,86.5,10.4,4
2026-08-04 23:01:15,17100,81.6,10.3,4
2026-08-04 23:01:20,17105,76.8,10.3,4
2026-08-04 23:01:25,17110,81.3,10.4,4
2026-08-04 23:01:30,17115,82.6,10.4,4
2026-08-04 23:01:35,17120,84.6,10.4,4
2026-08-04 23:01:40,17126,92.5,10.4,4
2026-08-04 23:01:46,17131,89.9,10.4,4
2026-08-04 23:01:51,17136,90.9,10.3,4
2026-08-04 23:01:56,17141,92.1,10.3,4
2026-08-04 23:02:01,17146,94.1,10.4,4
2026-08-04 23:02:06,17151,93.2,10.3,4
2026-08-04 23:02:11,17156,96.7,10.3,4
2026-08-04 23:02:16,17161,96.4,10.3,4
2026-08-04 23:02:21,17166,97.6,10.3,4
2026-08-04 23:02:26,17172,97.2,10.3,4
2026-08-04 23:02:32,17177,96.4,10.3,4
2026-08-04 23:02:37,17182,96.0,10.4,4
2026-08-04 23:02:42,17187,96.2,10.4,4
2026-08-04 23:02:47,17192,97.1,10.4,4
2026-08-04 23:02:52,17197,95.1,10.3,4
2026-08-04 23:02:57,17202,92.0,10.3,4
2026-08-04 23:03:02,17207,91.5,10.3,4
2026-08-04 23:03:07,17212,90.4,10.3,4
2026-08-04 23:03:12,17217,88.3,10.3,4
2026-08-04 23:03:17,17223,87.1,10.3,4
2026-08-04 23:03:23,17228,88.7,10.3,4
2026-08-04 23:03:28,17233,89.3,10.3,4
2026-08-04 23:03:33,17238,90.9,10.3,4
2026-08-04 23:03:38,17243,90.1,10.3,4
2026-08-04 23:03:43,17248,87.1,10.3,4
2026-08-04 23:03:48,17253,90.9,10.4,4
2026-08-04 23:03:53,17258,90.4,10.3,4
2026-08-04 23:03:58,17263,92.2,10.3,4
2026-08-04 23:04:03,17268,92.1,10.3,4
2026-08-04 23:04:08,17274,90.2,10.3,4
2026-08-04 23:04:14,17279,87.9,10.4,4
2026-08-04 23:04:19,17284,85.1,10.3,4
2026-08-04 23:04:24,17289,78.8,10.3,4
2026-08-04 23:04:29,17294,79.9,10.3,4
2026-08-04 23:04:34,17299,77.4,10.3,4
2026-08-04 23:04:39,17304,83.2,10.3,4
2026-08-04 23:04:44,17309,82.0,10.4,4
2026-08-04 23:04:49,17314,83.8,10.3,4
2026-08-04 23:04:54,17319,86.4,10.3,4
2026-08-04 23:04:59,17324,86.8,10.3,4
2026-08-04 23:05:04,17329,85.6,10.3,4
2026-08-04 23:05:09,17335,82.3,10.4,4
2026-08-04 23:05:15,17340,82.3,10.4,4
2026-08-04 23:05:20,17345,86.3,10.3,4
2026-08-04 23:05:25,17350,83.6,10.3,4
2026-08-04 23:05:30,17355,81.1,10.3,4
2026-08-04 23:05:35,17360,81.7,10.4,4
2026-08-04 23:05:40,17365,78.0,10.3,4
2026-08-04 23:05:45,17370,77.6,10.3,4
2026-08-04 23:05:50,17375,81.1,10.3,4
2026-08-04 23:05:55,17380,82.3,10.3,4
2026-08-04 23:06:00,17385,85.9,10.3,4
2026-08-04 23:06:05,17391,88.2,10.3,4
2026-08-04 23:06:10,17396,76.6,10.4,4
2026-08-04 23:06:16,17401,80.2,10.4,4
2026-08-04 23:06:21,17406,80.0,10.4,4
2026-08-04 23:06:26,17411,82.1,10.4,4
2026-08-04 23:06:31,17416,84.0,10.4,4
2026-08-04 23:06:36,17421,77.6,10.4,4
2026-08-04 23:06:41,17426,79.3,10.5,4
2026-08-04 23:06:46,17431,83.8,10.4,4
2026-08-04 23:06:51,17436,79.7,10.5,4
2026-08-04 23:06:56,17441,80.4,10.4,4
2026-08-04 23:07:01,17446,83.5,10.4,4
2026-08-04 23:07:06,17452,81.4,10.5,4
2026-08-04 23:07:12,17457,81.2,10.5,4
2026-08-04 23:07:17,17462,86.4,10.5,4
2026-08-04 23:07:22,17467,86.5,10.4,4
2026-08-04 23:07:27,17472,81.0,10.4,4
2026-08-04 23:07:32,17477,83.0,10.5,4
2026-08-04 23:07:37,17482,80.7,10.5,4
2026-08-04 23:07:42,17487,85.5,10.4,4
2026-08-04 23:07:47,17492,79.4,10.4,4
2026-08-04 23:07:52,17497,87.2,10.4,4
2026-08-04 23:07:57,17502,95.4,10.4,4
2026-08-04 23:08:02,17507,94.9,10.4,4
2026-08-04 23:08:07,17513,96.6,10.4,4
2026-08-04 23:08:13,17518,95.9,10.4,4
2026-08-04 23:08:18,17523,94.0,10.4,4
2026-08-04 23:08:23,17528,90.5,10.4,4
2026-08-04 23:08:28,17533,93.5,10.4,4
2026-08-04 23:08:33,17538,92.6,10.4,4
2026-08-04 23:08:38,17543,89.3,10.4,4
2026-08-04 23:08:43,17548,93.4,10.3,4
2026-08-04 23:08:48,17553,95.2,10.4,4
2026-08-04 23:08:53,17559,94.9,10.4,4
2026-08-04 23:08:59,17564,96.7,10.4,4
2026-08-04 23:09:04,17569,90.3,10.3,4
2026-08-04 23:09:09,17574,95.1,10.3,4
2026-08-04 23:09:14,17579,96.1,10.3,4
2026-08-04 23:09:19,17584,96.8,10.3,4
2026-08-04 23:09:24,17589,97.3,10.3,4
2026-08-04 23:09:29,17594,96.2,10.3,4
2026-08-04 23:09:34,17599,95.3,10.3,4
2026-08-04 23:09:39,17604,94.2,10.3,4
2026-08-04 23:09:44,17610,96.1,10.3,4
2026-08-04 23:09:50,17615,96.2,10.3,4
2026-08-04 23:09:55,17620,93.8,10.3,4
2026-08-04 23:10:00,17625,93.5,10.3,4
2026-08-04 23:10:05,17630,95.8,10.3,4
2026-08-04 23:10:10,17635,95.6,10.3,4
2026-08-04 23:10:15,17640,95.9,10.3,4
2026-08-04 23:10:20,17645,94.6,10.4,4
2026-08-04 23:10:25,17650,95.4,10.4,4
2026-08-04 23:10:30,17655,94.6,10.4,4
2026-08-04 23:10:35,17661,95.4,10.3,4
2026-08-04 23:10:41,17666,93.8,10.3,4
2026-08-04 23:10:46,17671,92.5,10.3,4
2026-08-04 23:10:51,17676,93.5,10.3,4
2026-08-04 23:10:56,17681,92.3,10.3,4
2026-08-04 23:11:01,17686,90.5,10.3,4
2026-08-04 23:11:06,17691,82.3,10.3,4
2026-08-04 23:11:11,17696,83.4,10.3,4
2026-08-04 23:11:16,17701,83.1,10.4,4
2026-08-04 23:11:21,17706,86.3,10.3,4
2026-08-04 23:11:26,17711,86.5,10.4,4
2026-08-04 23:11:31,17717,85.5,10.3,4
2026-08-04 23:11:37,17722,81.8,10.4,4
2026-08-04 23:11:42,17727,81.6,10.4,4
2026-08-04 23:11:47,17732,81.0,10.3,4
2026-08-04 23:11:52,17737,82.7,10.4,4
2026-08-04 23:11:57,17742,85.0,10.3,4
2026-08-04 23:12:02,17747,80.0,10.4,4
2026-08-04 23:12:07,17752,80.1,10.4,4
2026-08-04 23:12:12,17757,83.5,10.3,4
2026-08-04 23:12:17,17762,80.7,10.4,4
2026-08-04 23:12:22,17767,80.5,10.4,4
2026-08-04 23:12:27,17772,78.5,10.4,4
2026-08-04 23:12:32,17778,83.7,10.3,4
2026-08-04 23:12:38,17783,83.4,10.3,4
2026-08-04 23:12:43,17788,87.1,10.3,4
2026-08-04 23:12:48,17793,90.4,10.4,4
2026-08-04 23:12:53,17798,81.9,10.4,4
2026-08-04 23:12:58,17803,87.5,10.4,4
2026-08-04 23:13:03,17808,87.2,10.4,4
2026-08-04 23:13:08,17813,80.2,10.4,4
2026-08-04 23:13:13,17818,85.4,10.4,4
2026-08-04 23:13:18,17823,76.0,10.4,4
2026-08-04 23:13:23,17828,82.2,10.4,4
2026-08-04 23:13:28,17834,84.2,10.3,4
2026-08-04 23:13:33,17839,79.1,10.4,4
2026-08-04 23:13:39,17844,81.7,10.4,4
2026-08-04 23:13:44,17849,82.3,10.3,4
2026-08-04 23:13:49,17854,83.6,10.3,4
2026-08-04 23:13:54,17859,86.1,10.4,4
2026-08-04 23:13:59,17864,83.8,10.4,4
2026-08-04 23:14:04,17869,84.3,10.3,4
2026-08-04 23:14:09,17874,86.0,10.3,4
2026-08-04 23:14:14,17879,87.6,10.3,4
2026-08-04 23:14:19,17884,89.2,10.4,4
2026-08-04 23:14:24,17889,87.4,10.4,4
2026-08-04 23:14:29,17895,86.8,10.4,4
2026-08-04 23:14:35,17900,76.7,10.4,4
2026-08-04 23:14:40,17905,79.4,10.5,4
2026-08-04 23:14:45,17910,87.4,10.5,4
2026-08-04 23:14:50,17915,88.4,10.5,4
2026-08-04 23:14:55,17920,84.4,10.5,4
2026-08-04 23:15:00,17925,73.1,10.5,4
2026-08-04 23:15:05,17930,76.2,10.4,4
2026-08-04 23:15:10,17935,79.9,10.4,4
2026-08-04 23:15:15,17940,82.5,10.4,4
2026-08-04 23:15:20,17945,92.3,10.4,4
2026-08-04 23:15:25,17951,94.9,10.4,4
2026-08-04 23:15:31,17956,93.1,10.4,4
2026-08-04 23:15:36,17961,94.8,10.3,4
2026-08-04 23:15:41,17966,89.6,10.4,4
2026-08-04 23:15:46,17971,88.4,10.4,4
2026-08-04 23:15:51,17976,90.6,10.4,4
2026-08-04 23:15:56,17981,93.2,10.4,4
2026-08-04 23:16:01,17986,95.0,10.3,4
2026-08-04 23:16:06,17991,96.1,10.3,4
2026-08-04 23:16:11,17996,96.2,10.4,4
2026-08-04 23:16:16,18002,97.0,10.3,4
2026-08-04 23:16:22,18007,95.9,10.3,4
2026-08-04 23:16:27,18012,94.4,10.3,4
2026-08-04 23:16:32,18017,94.0,10.3,4
2026-08-04 23:16:37,18022,95.1,10.3,4
2026-08-04 23:16:42,18027,96.9,10.3,4
2026-08-04 23:16:47,18032,97.2,10.3,4
2026-08-04 23:16:52,18037,97.7,10.3,4
2026-08-04 23:16:57,18042,98.1,10.3,4
2026-08-04 23:17:03,18048,98.1,10.3,4
2026-08-04 23:17:08,18053,97.8,10.3,4
2026-08-04 23:17:13,18058,98.2,10.3,4
2026-08-04 23:17:18,18063,95.5,10.3,4
2026-08-04 23:17:23,18068,97.1,10.3,4
2026-08-04 23:17:28,18073,95.3,10.3,4
2026-08-04 23:17:33,18078,95.0,10.3,4
2026-08-04 23:17:38,18083,94.9,10.3,4
2026-08-04 23:17:43,18088,94.0,10.3,4
2026-08-04 23:17:48,18094,88.8,10.4,4
2026-08-04 23:17:54,18099,90.4,10.3,4
2026-08-04 23:17:59,18104,89.6,10.3,4
2026-08-04 23:18:04,18109,93.1,10.3,4
2026-08-04 23:18:09,18114,87.1,10.3,4
2026-08-04 23:18:14,18119,84.5,10.3,4
2026-08-04 23:18:19,18124,79.8,10.3,4
2026-08-04 23:18:24,18129,79.9,10.3,4
2026-08-04 23:18:29,18134,81.1,10.3,4
2026-08-04 23:18:34,18139,83.3,10.3,4
2026-08-04 23:18:39,18144,81.0,10.3,4
2026-08-04 23:18:44,18150,80.2,10.3,4
2026-08-04 23:18:50,18155,78.0,10.3,4
2026-08-04 23:18:55,18160,79.2,10.3,4
2026-08-04 23:19:00,18165,80.3,10.3,4
2026-08-04 23:19:05,18170,77.6,10.3,4
2026-08-04 23:19:10,18175,83.3,10.3,4
2026-08-04 23:19:15,18180,82.7,10.3,4
2026-08-04 23:19:20,18185,83.4,10.4,4
2026-08-04 23:19:25,18190,86.5,10.3,4
2026-08-04 23:19:30,18195,82.0,10.3,4
2026-08-04 23:19:35,18200,81.8,10.3,4
2026-08-04 23:19:40,18206,80.7,10.4,4
2026-08-04 23:19:45,18211,80.4,10.3,4
2026-08-04 23:19:51,18216,86.4,10.3,4
2026-08-04 23:19:56,18221,91.8,10.3,4
2026-08-04 23:20:01,18226,85.0,10.3,4
2026-08-04 23:20:06,18231,84.3,10.3,4
2026-08-04 23:20:11,18236,81.9,10.3,4
2026-08-04 23:20:16,18241,83.6,10.3,4
2026-08-04 23:20:21,18246,79.8,10.3,4
2026-08-04 23:20:26,18251,85.4,10.3,4
2026-08-04 23:20:31,18256,86.1,10.3,4
2026-08-04 23:20:36,18262,82.1,10.3,4
2026-08-04 23:20:41,18267,82.1,10.3,4
2026-08-04 23:20:47,18272,81.9,10.3,4
2026-08-04 23:20:52,18277,83.1,10.3,4
2026-08-04 23:20:57,18282,88.3,10.3,4
2026-08-04 23:21:02,18287,89.0,10.3,4
2026-08-04 23:21:07,18292,90.1,10.3,4
2026-08-04 23:21:12,18297,88.0,10.3,4
2026-08-04 23:21:17,18302,87.8,10.4,4
2026-08-04 23:21:22,18307,90.2,10.3,4
2026-08-04 23:21:27,18312,90.9,10.3,4
2026-08-04 23:21:32,18317,93.6,10.3,4
2026-08-04 23:21:37,18323,85.5,10.4,4
2026-08-04 23:21:43,18328,83.1,10.3,4
2026-08-04 23:21:48,18333,82.1,10.3,4
2026-08-04 23:21:53,18338,83.7,10.3,4
2026-08-04 23:21:58,18343,84.4,10.3,4
2026-08-04 23:22:03,18348,86.1,10.3,4
2026-08-04 23:22:08,18353,94.4,10.3,4
2026-08-04 23:22:13,18358,88.4,10.3,4
2026-08-04 23:22:18,18363,94.9,10.3,4
2026-08-04 23:22:23,18368,94.8,10.3,4
2026-08-04 23:22:28,18374,93.6,10.3,4
2026-08-04 23:22:34,18379,91.6,10.4,4
2026-08-04 23:22:39,18384,92.6,10.4,4
2026-08-04 23:22:44,18389,90.8,10.4,4
2026-08-04 23:22:49,18394,90.3,10.4,4
2026-08-04 23:22:54,18399,94.4,10.5,4
2026-08-04 23:22:59,18404,94.1,10.4,4
2026-08-04 23:23:04,18409,91.3,10.4,4
2026-08-04 23:23:09,18414,95.5,10.4,4
2026-08-04 23:23:14,18420,96.1,10.4,4
2026-08-04 23:23:20,18425,93.7,10.4,4
2026-08-04 23:23:25,18430,93.1,10.4,4
2026-08-04 23:23:30,18435,95.9,10.3,4
2026-08-04 23:23:35,18440,96.1,10.3,4
2026-08-04 23:23:40,18445,87.3,10.4,4
2026-08-04 23:23:45,18450,84.5,10.4,4
2026-08-04 23:23:50,18455,81.9,10.4,4
2026-08-04 23:23:55,18460,84.7,10.4,4
2026-08-04 23:24:00,18465,86.0,10.4,4
2026-08-04 23:24:05,18471,91.4,10.3,4
2026-08-04 23:24:11,18476,95.6,10.3,4
2026-08-04 23:24:16,18481,96.4,10.3,4
2026-08-04 23:24:21,18486,96.8,10.3,4
2026-08-04 23:24:26,18491,97.6,10.3,4
2026-08-04 23:24:31,18496,97.9,10.3,4
2026-08-04 23:24:36,18501,97.3,10.3,4
2026-08-04 23:24:41,18506,97.5,10.3,4
2026-08-04 23:24:46,18511,96.9,10.3,4
2026-08-04 23:24:51,18516,95.7,10.3,4
2026-08-04 23:24:56,18522,95.3,10.3,4
2026-08-04 23:25:02,18527,91.3,10.3,4
2026-08-04 23:25:07,18532,95.2,10.3,4
2026-08-04 23:25:12,18537,95.1,10.3,4
2026-08-04 23:25:17,18542,96.4,10.3,4
2026-08-04 23:25:22,18547,88.4,10.3,4
2026-08-04 23:25:27,18552,87.8,10.3,4
2026-08-04 23:25:32,18557,83.7,10.3,4
2026-08-04 23:25:37,18562,85.3,10.3,4
2026-08-04 23:25:42,18567,77.1,10.4,4
2026-08-04 23:25:47,18573,78.4,10.4,4
2026-08-04 23:25:52,18578,80.6,10.4,4
2026-08-04 23:25:58,18583,82.6,10.3,4
2026-08-04 23:26:03,18588,78.7,10.4,4
2026-08-04 23:26:08,18593,83.4,10.3,4
2026-08-04 23:26:13,18598,86.2,10.4,4
2026-08-04 23:26:18,18603,78.3,10.4,4
2026-08-04 23:26:23,18608,77.9,10.4,4
2026-08-04 23:26:28,18613,81.7,10.3,4
2026-08-04 23:26:33,18618,81.6,10.4,4
2026-08-04 23:26:38,18623,85.6,10.4,4
2026-08-04 23:26:43,18628,82.4,10.3,4
2026-08-04 23:26:48,18634,83.9,10.4,4
2026-08-04 23:26:54,18639,79.5,10.4,4
2026-08-04 23:26:59,18644,77.2,10.4,4
2026-08-04 23:27:04,18649,80.6,10.3,4
2026-08-04 23:27:09,18654,80.5,10.3,4
2026-08-04 23:27:14,18659,84.1,10.3,4
2026-08-04 23:27:19,18664,84.6,10.3,4
2026-08-04 23:27:24,18669,85.1,10.3,4
2026-08-04 23:27:29,18674,84.1,10.3,4
2026-08-04 23:27:34,18679,84.5,10.4,4
2026-08-04 23:27:39,18684,82.7,10.3,4
2026-08-04 23:27:44,18689,88.9,10.4,4
2026-08-04 23:27:49,18695,86.3,10.4,4
2026-08-04 23:27:55,18700,93.2,10.4,4
2026-08-04 23:28:00,18705,88.8,10.3,4
2026-08-04 23:28:05,18710,88.8,10.3,4
2026-08-04 23:28:10,18715,89.4,10.3,4
2026-08-04 23:28:15,18720,83.7,10.4,4
2026-08-04 23:28:20,18725,79.3,10.3,4
2026-08-04 23:28:25,18730,78.2,10.4,4
2026-08-04 23:28:30,18735,76.0,10.3,4
2026-08-04 23:28:35,18740,79.7,10.4,4
2026-08-04 23:28:40,18745,81.9,10.3,4
2026-08-04 23:28:45,18751,88.5,10.3,4
2026-08-04 23:28:51,18756,95.6,10.3,4
2026-08-04 23:28:56,18761,91.4,10.4,4
2026-08-04 23:29:01,18766,95.7,10.3,4
2026-08-04 23:29:06,18771,94.0,10.3,4
2026-08-04 23:29:11,18776,89.6,10.3,4
2026-08-04 23:29:16,18781,89.2,10.3,4
2026-08-04 23:29:21,18786,93.6,10.3,4
2026-08-04 23:29:26,18791,89.2,10.3,4
2026-08-04 23:29:31,18796,91.9,10.3,4
2026-08-04 23:29:36,18802,89.6,10.3,4
2026-08-04 23:29:42,18807,90.1,10.3,4
2026-08-04 23:29:47,18812,90.3,10.3,4
2026-08-04 23:29:52,18817,91.4,10.3,4
2026-08-04 23:29:57,18822,90.1,10.3,4
2026-08-04 23:30:02,18827,90.1,10.3,4
2026-08-04 23:30:07,18832,93.3,10.4,4
2026-08-04 23:30:12,18837,92.1,10.4,4
2026-08-04 23:30:17,18842,90.4,10.4,4
2026-08-04 23:30:22,18847,90.9,10.5,4
2026-08-04 23:30:27,18853,94.2,10.4,4
2026-08-04 23:30:32,18858,94.0,10.4,4
2026-08-04 23:30:38,18863,94.1,10.4,4
2026-08-04 23:30:43,18868,93.4,10.4,4
2026-08-04 23:30:48,18873,93.2,10.4,4
2026-08-04 23:30:53,18878,88.2,10.4,4
2026-08-04 23:30:58,18883,88.6,10.4,4
2026-08-04 23:31:03,18888,90.3,10.4,4
2026-08-04 23:31:08,18893,85.8,10.4,4
2026-08-04 23:31:13,18898,86.2,10.5,4
2026-08-04 23:31:18,18903,81.2,10.4,4
2026-08-04 23:31:23,18908,78.0,10.4,4
2026-08-04 23:31:28,18914,80.3,10.4,4
2026-08-04 23:31:34,18919,81.9,10.4,4
2026-08-04 23:31:39,18924,88.9,10.4,4
2026-08-04 23:31:44,18929,93.9,10.5,4
2026-08-04 23:31:49,18934,89.7,10.5,4
2026-08-04 23:31:54,18939,95.5,10.4,4
2026-08-04 23:31:59,18944,92.6,10.4,4
2026-08-04 23:32:04,18949,89.8,10.4,4
2026-08-04 23:32:09,18954,88.6,10.4,4
2026-08-04 23:32:14,18959,95.4,10.4,4
2026-08-04 23:32:20,18965,96.1,10.4,4
2026-08-04 23:32:25,18970,96.3,10.4,4
2026-08-04 23:32:30,18975,97.7,10.3,4
2026-08-04 23:32:35,18980,97.8,10.3,4
2026-08-04 23:32:40,18985,97.6,10.3,4
2026-08-04 23:32:45,18990,96.1,10.4,4
2026-08-04 23:32:50,18995,95.0,10.4,4
2026-08-04 23:32:55,19000,96.1,10.4,4
2026-08-04 23:33:00,19005,91.9,10.4,4
2026-08-04 23:33:05,19011,91.2,10.4,4
2026-08-04 23:33:11,19016,87.8,10.4,4
2026-08-04 23:33:16,19021,88.3,10.4,4
2026-08-04 23:33:21,19026,92.1,10.3,4
2026-08-04 23:33:26,19031,84.4,10.3,4
2026-08-04 23:33:31,19036,80.1,10.3,4
2026-08-04 23:33:36,19041,77.5,10.4,4
2026-08-04 23:33:41,19046,79.9,10.4,4
2026-08-04 23:33:46,19051,80.6,10.4,4
2026-08-04 23:33:51,19056,84.8,10.4,4
2026-08-04 23:33:56,19061,87.2,10.3,4
2026-08-04 23:34:01,19066,87.2,10.3,4
2026-08-04 23:34:06,19072,84.2,10.3,4
2026-08-04 23:34:12,19077,82.1,10.4,4
2026-08-04 23:34:17,19082,82.7,10.3,4
2026-08-04 23:34:22,19087,81.0,10.3,4
2026-08-04 23:34:27,19092,82.1,10.4,4
2026-08-04 23:34:32,19097,86.1,10.3,4
2026-08-04 23:34:37,19102,88.2,10.3,4
2026-08-04 23:34:42,19107,82.8,10.3,4
2026-08-04 23:34:47,19112,81.8,10.4,4
2026-08-04 23:34:52,19117,88.2,10.3,4
2026-08-04 23:34:57,19122,85.5,10.4,4
2026-08-04 23:35:02,19127,84.6,10.3,4
2026-08-04 23:35:07,19133,80.4,10.4,4
2026-08-04 23:35:13,19138,75.7,10.3,4
2026-08-04 23:35:18,19143,81.6,10.3,4
2026-08-04 23:35:23,19148,83.5,10.3,4
2026-08-04 23:35:28,19153,81.5,10.3,4
2026-08-04 23:35:33,19158,94.6,10.3,4
2026-08-04 23:35:38,19163,89.9,10.3,4
2026-08-04 23:35:43,19168,93.7,10.3,4
2026-08-04 23:35:48,19173,91.6,10.3,4
2026-08-04 23:35:53,19178,87.6,10.3,4
2026-08-04 23:35:58,19184,90.7,10.3,4
2026-08-04 23:36:04,19189,93.4,10.3,4
2026-08-04 23:36:09,19194,88.9,10.3,4
2026-08-04 23:36:14,19199,88.2,10.3,4
2026-08-04 23:36:19,19204,93.2,10.3,4
2026-08-04 23:36:24,19209,91.8,10.3,4
2026-08-04 23:36:29,19214,91.4,10.3,4
2026-08-04 23:36:34,19219,85.8,10.3,4
2026-08-04 23:36:39,19224,84.5,10.3,4
2026-08-04 23:36:44,19229,86.3,10.3,4
2026-08-04 23:36:49,19234,90.2,10.3,4
2026-08-04 23:36:54,19240,93.5,10.3,4
2026-08-04 23:37:00,19245,90.3,10.3,4
2026-08-04 23:37:05,19250,90.4,10.3,4
2026-08-04 23:37:10,19255,90.8,10.3,4
2026-08-04 23:37:15,19260,93.6,10.3,4
2026-08-04 23:37:20,19265,89.3,10.3,4
2026-08-04 23:37:25,19270,92.3,10.3,4
2026-08-04 23:37:30,19275,91.4,10.3,4
2026-08-04 23:37:35,19280,90.2,10.3,4
2026-08-04 23:37:40,19285,85.4,10.3,4
2026-08-04 23:37:45,19291,86.7,10.3,4
2026-08-04 23:37:51,19296,83.0,10.3,4
2026-08-04 23:37:56,19301,85.4,10.3,4
2026-08-04 23:38:01,19306,84.0,10.3,4
2026-08-04 23:38:06,19311,80.2,10.3,4
2026-08-04 23:38:11,19316,87.0,10.3,4
2026-08-04 23:38:16,19321,91.0,10.4,4
2026-08-04 23:38:21,19326,82.3,10.4,4
2026-08-04 23:38:26,19331,85.9,10.4,4
2026-08-04 23:38:31,19336,90.4,10.5,4
2026-08-04 23:38:36,19341,85.4,10.5,4
2026-08-04 23:38:41,19346,79.8,10.5,4
2026-08-04 23:38:46,19352,71.8,10.4,4
2026-08-04 23:38:52,19357,70.4,10.5,4
2026-08-04 23:38:57,19362,73.9,10.4,4
2026-08-04 23:39:02,19367,80.1,10.4,4
2026-08-04 23:39:07,19372,92.9,10.5,4
2026-08-04 23:39:12,19377,94.4,10.4,4
2026-08-04 23:39:17,19382,96.1,10.5,4
2026-08-04 23:39:22,19387,97.6,10.4,4
2026-08-04 23:39:27,19392,96.7,10.4,4
2026-08-04 23:39:32,19397,92.1,10.4,4
2026-08-04 23:39:37,19403,88.7,10.5,4
2026-08-04 23:39:42,19408,92.1,10.4,4
2026-08-04 23:39:48,19413,84.1,10.5,4
2026-08-04 23:39:53,19418,86.3,10.5,4
2026-08-04 23:39:58,19423,83.3,10.5,4
2026-08-04 23:40:03,19428,84.6,10.5,4
2026-08-04 23:40:08,19433,83.9,10.5,4
2026-08-04 23:40:13,19438,79.7,10.5,4
2026-08-04 23:40:18,19443,91.7,10.4,4
2026-08-04 23:40:23,19448,96.3,10.4,4
2026-08-04 23:40:28,19453,94.4,10.4,4
2026-08-04 23:40:33,19459,96.3,10.4,4
2026-08-04 23:40:38,19464,96.0,10.3,4
2026-08-04 23:40:44,19469,93.2,10.4,4
2026-08-04 23:40:49,19474,89.8,10.4,4
2026-08-04 23:40:54,19479,93.4,10.4,4
2026-08-04 23:40:59,19484,93.7,10.3,4
2026-08-04 23:41:04,19489,90.8,10.3,4
2026-08-04 23:41:09,19494,90.7,10.4,4
2026-08-04 23:41:14,19499,94.1,10.3,4
2026-08-04 23:41:19,19504,92.0,10.4,4
2026-08-04 23:41:24,19509,88.0,10.4,4
2026-08-04 23:41:29,19515,81.6,10.4,4
2026-08-04 23:41:35,19520,86.6,10.3,4
2026-08-04 23:41:40,19525,86.9,10.4,4
2026-08-04 23:41:45,19530,83.2,10.4,4
2026-08-04 23:41:50,19535,78.2,10.4,4
2026-08-04 23:41:55,19540,75.8,10.4,4
2026-08-04 23:42:00,19545,80.6,10.3,4
2026-08-04 23:42:05,19550,81.7,10.4,4
2026-08-04 23:42:10,19555,89.8,10.3,4
2026-08-04 23:42:15,19560,93.5,10.3,4
2026-08-04 23:42:20,19566,95.4,10.3,4
2026-08-04 23:42:26,19571,94.9,10.3,4
2026-08-04 23:42:31,19576,95.1,10.3,4
2026-08-04 23:42:36,19581,91.9,10.3,4
2026-08-04 23:42:41,19586,92.0,10.3,4
2026-08-04 23:42:46,19591,95.5,10.3,4
2026-08-04 23:42:51,19596,92.5,10.4,4
2026-08-04 23:42:56,19601,92.9,10.3,4
2026-08-04 23:43:01,19606,94.1,10.4,4
2026-08-04 23:43:06,19611,93.9,10.3,4
2026-08-04 23:43:11,19617,92.1,10.3,4
2026-08-04 23:43:17,19622,87.7,10.3,4
2026-08-04 23:43:22,19627,83.5,10.4,4
2026-08-04 23:43:27,19632,81.2,10.3,4
2026-08-04 23:43:32,19637,86.3,10.4,4
2026-08-04 23:43:37,19642,90.7,10.3,4
2026-08-04 23:43:42,19647,88.7,10.3,4
2026-08-04 23:43:47,19652,88.6,10.3,4
2026-08-04 23:43:52,19657,93.0,10.4,4
2026-08-04 23:43:57,19663,95.3,10.3,4
2026-08-04 23:44:02,19668,92.7,10.3,4
2026-08-04 23:44:08,19673,88.0,10.3,4
2026-08-04 23:44:13,19678,92.1,10.4,4
2026-08-04 23:44:18,19683,92.6,10.3,4
2026-08-04 23:44:23,19688,87.3,10.4,4
2026-08-04 23:44:28,19693,90.0,10.4,4
2026-08-04 23:44:33,19698,86.0,10.3,4
2026-08-04 23:44:38,19703,84.9,10.3,4
2026-08-04 23:44:43,19708,79.1,10.4,4
2026-08-04 23:44:48,19713,74.1,10.4,4
2026-08-04 23:44:53,19718,79.2,10.4,4
2026-08-04 23:44:58,19724,87.9,10.4,4
2026-08-04 23:45:04,19729,85.2,10.4,4
2026-08-04 23:45:09,19734,88.5,10.4,4
2026-08-04 23:45:14,19739,89.3,10.3,4
2026-08-04 23:45:19,19744,85.3,10.4,4
2026-08-04 23:45:24,19749,81.0,10.4,4
2026-08-04 23:45:29,19754,80.6,10.4,4
2026-08-04 23:45:34,19759,80.8,10.4,4
2026-08-04 23:45:39,19764,83.7,10.3,4
2026-08-04 23:45:44,19769,87.6,10.4,4
2026-08-04 23:45:49,19774,87.5,10.3,4
2026-08-04 23:45:54,19779,84.3,10.3,4
2026-08-04 23:45:59,19785,89.2,10.3,4
2026-08-04 23:46:05,19790,88.1,10.4,4
2026-08-04 23:46:10,19795,82.2,10.4,4
2026-08-04 23:46:15,19800,79.5,10.4,4
2026-08-04 23:46:20,19805,67.8,10.5,4
2026-08-04 23:46:25,19810,74.8,10.5,4
2026-08-04 23:46:30,19815,80.7,10.5,4
2026-08-04 23:46:35,19820,83.0,10.5,4
2026-08-04 23:46:40,19825,92.6,10.4,4
2026-08-04 23:46:45,19830,87.7,10.4,4
2026-08-04 23:46:50,19835,93.1,10.4,4
2026-08-04 23:46:55,19841,93.6,10.4,4
2026-08-04 23:47:01,19846,91.8,10.5,4
2026-08-04 23:47:06,19851,92.8,10.5,4
2026-08-04 23:47:11,19856,95.4,10.5,4
2026-08-04 23:47:16,19861,90.9,10.5,4
2026-08-04 23:47:21,19866,90.6,10.4,4
2026-08-04 23:47:26,19871,89.3,10.4,4
2026-08-04 23:47:31,19876,91.6,10.4,4
2026-08-04 23:47:36,19881,94.5,10.5,4
2026-08-04 23:47:41,19886,91.2,10.5,4
2026-08-04 23:47:46,19891,92.1,10.4,4
2026-08-04 23:47:51,19897,93.6,10.4,4
2026-08-04 23:47:57,19902,82.0,10.4,4
2026-08-04 23:48:02,19907,75.9,10.5,4
2026-08-04 23:48:07,19912,79.2,10.4,4
2026-08-04 23:48:12,19917,79.1,10.4,4
2026-08-04 23:48:17,19922,79.1,10.5,4
2026-08-04 23:48:22,19927,75.0,10.4,4
2026-08-04 23:48:27,19932,86.3,10.4,4
2026-08-04 23:48:32,19937,88.1,10.4,4
2026-08-04 23:48:37,19942,93.5,10.4,4
2026-08-04 23:48:42,19947,92.8,10.4,4
2026-08-04 23:48:47,19953,96.4,10.3,4
2026-08-04 23:48:53,19958,95.9,10.3,4
2026-08-04 23:48:58,19963,96.1,10.4,4
2026-08-04 23:49:03,19968,97.5,10.3,4
2026-08-04 23:49:08,19973,97.2,10.3,4
2026-08-04 23:49:13,19978,96.5,10.4,4
2026-08-04 23:49:18,19983,96.1,10.4,4
2026-08-04 23:49:23,19988,96.8,10.4,4
2026-08-04 23:49:28,19993,93.4,10.3,4
2026-08-04 23:49:33,19999,92.0,10.3,4
2026-08-04 23:49:39,20004,89.8,10.3,4
2026-08-04 23:49:44,20009,90.3,10.3,4
2026-08-04 23:49:49,20014,91.9,10.3,4
2026-08-04 23:49:54,20019,90.9,10.3,4
2026-08-04 23:49:59,20024,88.4,10.3,4
2026-08-04 23:50:04,20029,86.4,10.3,4
2026-08-04 23:50:09,20034,86.7,10.3,4
2026-08-04 23:50:14,20039,90.1,10.3,4
2026-08-04 23:50:19,20044,91.4,10.3,4
2026-08-04 23:50:24,20049,89.5,10.3,4
2026-08-04 23:50:29,20055,89.2,10.3,4
2026-08-04 23:50:35,20060,92.9,10.3,4
2026-08-04 23:50:40,20065,89.3,10.3,4
2026-08-04 23:50:45,20070,88.4,10.3,4
2026-08-04 23:50:50,20075,88.2,10.3,4
2026-08-04 23:50:55,20080,88.9,10.3,4
2026-08-04 23:51:00,20085,87.8,10.4,4
2026-08-04 23:51:05,20090,82.7,10.4,4
2026-08-04 23:51:10,20095,79.8,10.3,4
2026-08-04 23:51:15,20100,83.2,10.3,4
2026-08-04 23:51:20,20105,84.6,10.3,4
2026-08-04 23:51:25,20111,85.3,10.4,4
2026-08-04 23:51:31,20116,80.3,10.3,4
2026-08-04 23:51:36,20121,87.0,10.3,4
2026-08-04 23:51:41,20126,83.8,10.3,4
2026-08-04 23:51:46,20131,83.4,10.3,4
2026-08-04 23:51:51,20136,86.8,10.3,4
2026-08-04 23:51:56,20141,87.8,10.3,4
2026-08-04 23:52:01,20146,78.7,10.3,4
2026-08-04 23:52:06,20151,75.0,10.3,4
2026-08-04 23:52:11,20156,77.0,10.3,4
2026-08-04 23:52:16,20161,85.3,10.3,4
2026-08-04 23:52:21,20166,87.4,10.3,4
2026-08-04 23:52:26,20172,87.9,10.3,4
2026-08-04 23:52:32,20177,87.1,10.3,4
2026-08-04 23:52:37,20182,88.7,10.3,4
2026-08-04 23:52:42,20187,88.0,10.3,4
2026-08-04 23:52:47,20192,81.1,10.3,4
2026-08-04 23:52:52,20197,84.1,10.3,4
2026-08-04 23:52:57,20202,85.6,10.3,4
2026-08-04 23:53:02,20207,87.0,10.3,4
2026-08-04 23:53:07,20212,91.1,10.3,4
2026-08-04 23:53:12,20217,91.5,10.3,4
2026-08-04 23:53:17,20222,88.0,10.3,4
2026-08-04 23:53:22,20228,90.4,10.3,4
2026-08-04 23:53:28,20233,89.6,10.3,4
2026-08-04 23:53:33,20238,87.7,10.3,4
2026-08-04 23:53:38,20243,90.3,10.3,4
2026-08-04 23:53:43,20248,84.7,10.3,4
2026-08-04 23:53:48,20253,82.6,10.3,4
2026-08-04 23:53:53,20258,87.4,10.3,4
2026-08-04 23:53:58,20263,77.7,10.3,4
2026-08-04 23:54:03,20268,82.6,10.3,4
2026-08-04 23:54:08,20273,93.0,10.3,4
2026-08-04 23:54:13,20279,90.4,10.3,4
2026-08-04 23:54:19,20284,95.6,10.3,4
2026-08-04 23:54:24,20289,95.8,10.4,4
2026-08-04 23:54:29,20294,96.5,10.4,4
2026-08-04 23:54:34,20299,95.2,10.4,4
2026-08-04 23:54:39,20304,94.3,10.4,4
2026-08-04 23:54:44,20309,91.5,10.4,4
2026-08-04 23:54:49,20314,93.8,10.4,4
2026-08-04 23:54:54,20319,95.0,10.4,4
2026-08-04 23:54:59,20324,95.9,10.4,4
2026-08-04 23:55:04,20330,92.1,10.4,4
2026-08-04 23:55:10,20335,83.1,10.4,4
2026-08-04 23:55:15,20340,86.8,10.4,4
2026-08-04 23:55:20,20345,87.5,10.3,4
2026-08-04 23:55:25,20350,84.3,10.4,4
2026-08-04 23:55:30,20355,88.3,10.3,4
2026-08-04 23:55:35,20360,91.8,10.3,4
2026-08-04 23:55:40,20365,95.3,10.4,4
2026-08-04 23:55:45,20370,96.5,10.4,4
2026-08-04 23:55:50,20375,93.3,10.4,4
2026-08-04 23:55:55,20381,88.5,10.4,4
2026-08-04 23:56:01,20386,87.3,10.4,4
2026-08-04 23:56:06,20391,83.6,10.3,4
2026-08-04 23:56:11,20396,76.0,10.4,4
2026-08-04 23:56:16,20401,83.8,10.4,4
2026-08-04 23:56:21,20406,90.6,10.4,4
2026-08-04 23:56:26,20411,85.1,10.3,4
2026-08-04 23:56:31,20416,90.4,10.3,4
2026-08-04 23:56:36,20421,95.1,10.3,4
2026-08-04 23:56:41,20426,94.2,10.3,4
2026-08-04 23:56:46,20432,96.7,10.3,4
2026-08-04 23:56:52,20437,96.1,10.3,4
2026-08-04 23:56:57,20442,96.6,10.3,4
2026-08-04 23:57:02,20447,94.0,10.3,4
2026-08-04 23:57:07,20452,94.2,10.3,4
2026-08-04 23:57:12,20457,95.9,10.4,4
2026-08-04 23:57:17,20462,93.4,10.4,4
2026-08-04 23:57:22,20467,95.0,10.4,4
2026-08-04 23:57:27,20472,95.5,10.3,4
2026-08-04 23:57:32,20477,96.2,10.3,4
2026-08-04 23:57:38,20483,95.5,10.3,4
2026-08-04 23:57:43,20488,88.4,10.3,4
2026-08-04 23:57:48,20493,77.7,10.3,4
2026-08-04 23:57:53,20498,83.0,10.3,4
2026-08-04 23:57:58,20503,84.0,10.4,4
2026-08-04 23:58:03,20508,83.4,10.3,4
2026-08-04 23:58:08,20513,82.7,10.3,4
2026-08-04 23:58:13,20518,77.5,10.3,4
2026-08-04 23:58:18,20523,80.4,10.3,4
2026-08-04 23:58:23,20528,82.4,10.4,4
2026-08-04 23:58:28,20533,82.3,10.4,4
2026-08-04 23:58:33,20538,84.0,10.3,4
2026-08-04 23:58:39,20544,80.9,10.3,4
2026-08-04 23:58:44,20549,77.7,10.3,4
2026-08-04 23:58:49,20554,79.4,10.3,4
2026-08-04 23:58:54,20559,82.7,10.3,4
2026-08-04 23:58:59,20564,84.8,10.3,4
2026-08-04 23:59:04,20569,80.0,10.3,4
2026-08-04 23:59:09,20574,78.4,10.3,4
2026-08-04 23:59:14,20579,78.6,10.3,4
2026-08-04 23:59:19,20584,89.3,10.3,4
2026-08-04 23:59:24,20589,88.6,10.4,4
2026-08-04 23:59:29,20594,78.7,10.3,4
2026-08-04 23:59:34,20599,79.6,10.3,4
2026-08-04 23:59:40,20605,80.8,10.3,4
2026-08-04 23:59:45,20610,80.7,10.3,4
2026-08-04 23:59:50,20615,89.5,10.3,4
2026-08-04 23:59:55,20620,87.8,10.3,4
2026-08-05 00:00:00,20625,84.9,10.3,4
2026-08-05 00:00:05,20630,81.0,10.3,4
2026-08-05 00:00:10,20635,81.8,10.3,4
2026-08-05 00:00:15,20640,88.8,10.3,4
2026-08-05 00:00:20,20645,89.6,10.4,4
2026-08-05 00:00:25,20650,91.4,10.3,4
2026-08-05 00:00:30,20655,90.0,10.3,4
2026-08-05 00:00:35,20661,89.6,10.3,4
2026-08-05 00:00:41,20666,84.2,10.3,4
2026-08-05 00:00:46,20671,80.6,10.3,4
2026-08-05 00:00:51,20676,85.1,10.3,4
2026-08-05 00:00:56,20681,86.9,10.3,4
2026-08-05 00:01:01,20686,88.4,10.3,4
2026-08-05 00:01:06,20691,88.6,10.3,4
2026-08-05 00:01:11,20696,79.8,10.3,4
2026-08-05 00:01:16,20701,83.6,10.3,4
2026-08-05 00:01:21,20706,88.5,10.3,4
2026-08-05 00:01:26,20711,89.7,10.3,4
2026-08-05 00:01:31,20717,87.9,10.4,4
2026-08-05 00:01:37,20722,95.3,10.3,4
2026-08-05 00:01:42,20727,86.9,10.3,4
2026-08-05 00:01:47,20732,92.9,10.3,4
2026-08-05 00:01:52,20737,94.2,10.4,4
2026-08-05 00:01:57,20742,91.1,10.3,4
2026-08-05 00:02:02,20747,90.8,10.3,4
2026-08-05 00:02:07,20752,96.3,10.4,4
2026-08-05 00:02:12,20757,95.9,10.3,4
2026-08-05 00:02:17,20762,94.7,10.4,4
2026-08-05 00:02:22,20768,96.7,10.4,4
2026-08-05 00:02:28,20773,97.1,10.4,4
2026-08-05 00:02:33,20778,97.0,10.4,4
2026-08-05 00:02:38,20783,95.8,10.4,4
2026-08-05 00:02:43,20788,96.7,10.3,4
2026-08-05 00:02:48,20793,95.7,10.4,4
2026-08-05 00:02:53,20798,95.5,10.4,4
2026-08-05 00:02:58,20803,95.3,10.4,4
2026-08-05 00:03:03,20808,92.0,10.4,4
2026-08-05 00:03:08,20814,91.1,10.4,4
2026-08-05 00:03:14,20819,91.8,10.4,4
2026-08-05 00:03:19,20824,87.6,10.4,4
2026-08-05 00:03:24,20829,91.8,10.4,4
2026-08-05 00:03:29,20834,92.4,10.4,4
2026-08-05 00:03:34,20839,91.5,10.4,4
2026-08-05 00:03:39,20844,92.2,10.4,4
2026-08-05 00:03:44,20849,94.1,10.5,4
2026-08-05 00:03:49,20854,93.4,10.4,4
2026-08-05 00:03:54,20859,93.6,10.4,4
2026-08-05 00:03:59,20865,95.2,10.4,4
2026-08-05 00:04:05,20870,94.0,10.4,4
2026-08-05 00:04:10,20875,91.8,10.4,4
2026-08-05 00:04:15,20880,87.4,10.4,4
2026-08-05 00:04:20,20885,82.7,10.4,4
2026-08-05 00:04:25,20890,78.5,10.4,4
2026-08-05 00:04:30,20895,67.2,10.4,4
2026-08-05 00:04:35,20900,76.8,10.3,4
2026-08-05 00:04:40,20905,92.4,10.3,4
2026-08-05 00:04:45,20910,88.9,10.3,4
2026-08-05 00:04:50,20916,95.0,10.3,4
2026-08-05 00:04:55,20921,93.1,10.3,4
2026-08-05 00:05:01,20926,94.6,10.3,4
2026-08-05 00:05:06,20931,94.0,10.3,4
2026-08-05 00:05:11,20936,92.8,10.3,4
2026-08-05 00:05:16,20941,91.0,10.3,4
2026-08-05 00:05:21,20946,92.8,10.3,4
2026-08-05 00:05:26,20951,91.0,10.3,4
2026-08-05 00:05:31,20956,94.1,10.3,4
2026-08-05 00:05:36,20961,92.1,10.3,4
2026-08-05 00:05:41,20966,85.4,10.3,4
2026-08-05 00:05:46,20972,78.2,10.4,4
2026-08-05 00:05:52,20977,76.5,10.4,4
2026-08-05 00:05:57,20982,76.6,10.3,4
2026-08-05 00:06:02,20987,78.5,10.3,4
2026-08-05 00:06:07,20992,83.6,10.3,4
2026-08-05 00:06:12,20997,85.4,10.3,4
2026-08-05 00:06:17,21002,84.3,10.3,4
2026-08-05 00:06:22,21007,85.2,10.3,4
2026-08-05 00:06:27,21012,81.9,10.3,4
2026-08-05 00:06:32,21017,80.7,10.3,4
2026-08-05 00:06:37,21022,82.9,10.3,4
2026-08-05 00:06:42,21027,76.7,10.3,4
2026-08-05 00:06:47,21033,80.7,10.3,4
2026-08-05 00:06:53,21038,83.1,10.3,4
2026-08-05 00:06:58,21043,81.1,10.3,4
2026-08-05 00:07:03,21048,84.8,10.3,4
2026-08-05 00:07:08,21053,80.4,10.3,4
2026-08-05 00:07:13,21058,80.3,10.3,4
2026-08-05 00:07:18,21063,86.7,10.3,4
2026-08-05 00:07:23,21068,84.6,10.3,4
2026-08-05 00:07:28,21073,82.1,10.3,4
2026-08-05 00:07:33,21078,84.4,10.3,4
2026-08-05 00:07:38,21083,84.6,10.3,4
2026-08-05 00:07:43,21088,86.4,10.3,4
2026-08-05 00:07:49,21094,87.0,10.3,4
2026-08-05 00:07:54,21099,89.0,10.3,4
2026-08-05 00:07:59,21104,87.3,10.3,4
2026-08-05 00:08:04,21109,91.8,10.3,4
2026-08-05 00:08:09,21114,89.4,10.3,4
2026-08-05 00:08:14,21119,88.6,10.3,4
2026-08-05 00:08:19,21124,91.9,10.3,4
2026-08-05 00:08:24,21129,86.0,10.3,4
2026-08-05 00:08:29,21134,84.0,10.3,4
2026-08-05 00:08:34,21139,86.1,10.3,4
2026-08-05 00:08:39,21144,74.5,10.4,4
2026-08-05 00:08:44,21150,80.9,10.3,4
2026-08-05 00:08:50,21155,88.7,10.3,4
2026-08-05 00:08:55,21160,90.5,10.3,4
2026-08-05 00:09:00,21165,94.4,10.3,4
2026-08-05 00:09:05,21170,96.9,10.3,4
2026-08-05 00:09:10,21175,95.1,10.3,4
2026-08-05 00:09:15,21180,96.7,10.3,4
2026-08-05 00:09:20,21185,97.3,10.3,4
2026-08-05 00:09:25,21190,97.4,10.3,4
2026-08-05 00:09:30,21196,96.7,10.3,4
2026-08-05 00:09:36,21201,96.3,10.3,4
2026-08-05 00:09:41,21206,95.8,10.3,4
2026-08-05 00:09:46,21211,94.9,10.3,4
2026-08-05 00:09:51,21216,92.2,10.3,4
2026-08-05 00:09:56,21221,92.4,10.3,4
2026-08-05 00:10:01,21226,95.5,10.3,4
2026-08-05 00:10:06,21231,95.9,10.3,4
2026-08-05 00:10:11,21236,95.6,10.3,4
2026-08-05 00:10:16,21242,95.5,10.3,4
2026-08-05 00:10:22,21247,94.7,10.3,4
2026-08-05 00:10:27,21252,95.2,10.3,4
2026-08-05 00:10:32,21257,90.3,10.3,4
2026-08-05 00:10:37,21262,90.1,10.3,4
2026-08-05 00:10:42,21267,93.6,10.3,4
2026-08-05 00:10:47,21272,94.3,10.3,4
2026-08-05 00:10:52,21277,91.5,10.3,4
2026-08-05 00:10:57,21282,95.0,10.3,4
2026-08-05 00:11:02,21287,90.4,10.3,4
2026-08-05 00:11:07,21293,80.5,10.4,4
2026-08-05 00:11:13,21298,74.8,10.4,4
2026-08-05 00:11:18,21303,78.6,10.4,4
2026-08-05 00:11:23,21308,79.6,10.4,4
2026-08-05 00:11:28,21313,79.9,10.4,4
2026-08-05 00:11:33,21318,77.0,10.4,4
2026-08-05 00:11:38,21323,78.7,10.4,4
2026-08-05 00:11:43,21328,81.6,10.4,4
2026-08-05 00:11:48,21333,80.6,10.4,4
2026-08-05 00:11:53,21338,83.7,10.4,4
2026-08-05 00:11:58,21343,81.4,10.4,4
2026-08-05 00:12:03,21348,80.9,10.4,4
2026-08-05 00:12:08,21354,82.0,10.4,4
2026-08-05 00:12:14,21359,75.7,10.4,4
2026-08-05 00:12:19,21364,74.0,10.4,4
2026-08-05 00:12:24,21369,71.8,10.3,4
2026-08-05 00:12:29,21374,72.6,10.4,4
2026-08-05 00:12:34,21379,74.1,10.4,4
2026-08-05 00:12:39,21384,85.2,10.4,4
2026-08-05 00:12:44,21389,93.5,10.3,4
2026-08-05 00:12:49,21394,95.2,10.3,4
2026-08-05 00:12:54,21399,91.3,10.3,4
2026-08-05 00:12:59,21404,94.4,10.3,4
2026-08-05 00:13:04,21410,91.3,10.3,4
2026-08-05 00:13:10,21415,89.1,10.3,4
2026-08-05 00:13:15,21420,90.9,10.3,4
2026-08-05 00:13:20,21425,92.9,10.4,4
2026-08-05 00:13:25,21430,88.5,10.4,4
2026-08-05 00:13:30,21435,86.8,10.3,4
2026-08-05 00:13:35,21440,90.5,10.3,4
2026-08-05 00:13:40,21445,91.2,10.3,4
2026-08-05 00:13:45,21450,95.3,10.3,4
2026-08-05 00:13:50,21455,85.8,10.3,4
2026-08-05 00:13:55,21461,85.5,10.3,4
2026-08-05 00:14:01,21466,84.9,10.3,4
2026-08-05 00:14:06,21471,83.0,10.3,4
2026-08-05 00:14:11,21476,83.2,10.3,4
2026-08-05 00:14:16,21481,88.2,10.3,4
2026-08-05 00:14:21,21486,92.3,10.3,4
2026-08-05 00:14:26,21491,86.9,10.3,4
2026-08-05 00:14:31,21496,87.1,10.3,4
2026-08-05 00:14:36,21501,84.3,10.3,4
2026-08-05 00:14:41,21506,86.4,10.3,4
2026-08-05 00:14:46,21511,91.7,10.3,4
2026-08-05 00:14:51,21516,89.7,10.3,4
2026-08-05 00:14:57,21522,90.0,10.3,4
2026-08-05 00:15:02,21527,86.4,10.3,4
2026-08-05 00:15:07,21532,77.4,10.3,4
2026-08-05 00:15:12,21537,76.0,10.3,4
2026-08-05 00:15:17,21542,79.9,10.3,4
2026-08-05 00:15:22,21547,82.2,10.3,4
2026-08-05 00:15:27,21552,92.9,10.3,4
2026-08-05 00:15:32,21557,91.7,10.3,4
2026-08-05 00:15:37,21562,95.7,10.3,4
2026-08-05 00:15:42,21567,95.6,10.3,4
2026-08-05 00:15:47,21572,94.3,10.3,4
2026-08-05 00:15:52,21578,90.1,10.3,4
2026-08-05 00:15:58,21583,95.7,10.3,4
2026-08-05 00:16:03,21588,96.1,10.3,4
2026-08-05 00:16:08,21593,94.5,10.3,4
2026-08-05 00:16:13,21598,91.8,10.3,4
2026-08-05 00:16:18,21603,88.4,10.3,4
2026-08-05 00:16:23,21608,88.7,10.3,4
2026-08-05 00:16:28,21613,87.0,10.3,4
2026-08-05 00:16:33,21618,86.9,10.3,4
2026-08-05 00:16:38,21624,93.9,10.3,4
2026-08-05 00:16:44,21629,95.7,10.4,4
2026-08-05 00:16:49,21634,96.8,10.4,4
2026-08-05 00:16:54,21639,97.8,10.3,4
2026-08-05 00:16:59,21644,97.3,10.3,4
2026-08-05 00:17:04,21649,96.5,10.3,4
2026-08-05 00:17:09,21654,92.8,10.3,4
2026-08-05 00:17:14,21659,92.8,10.3,4
2026-08-05 00:17:19,21664,95.6,10.3,4
2026-08-05 00:17:24,21670,93.7,10.3,4
2026-08-05 00:17:30,21675,94.1,10.3,4
2026-08-05 00:17:35,21680,94.7,10.3,4
2026-08-05 00:17:40,21685,94.8,10.3,4
2026-08-05 00:17:45,21690,90.9,10.3,4
2026-08-05 00:17:50,21695,91.3,10.3,4
2026-08-05 00:17:55,21700,90.7,10.3,4
2026-08-05 00:18:00,21705,88.9,10.4,4
2026-08-05 00:18:05,21710,85.9,10.3,4
2026-08-05 00:18:10,21715,78.2,10.3,4
2026-08-05 00:18:15,21720,80.8,10.3,4
2026-08-05 00:18:20,21726,82.7,10.3,4
2026-08-05 00:18:26,21731,86.1,10.3,4
2026-08-05 00:18:31,21736,81.0,10.3,4
2026-08-05 00:18:36,21741,80.9,10.3,4
2026-08-05 00:18:41,21746,81.0,10.3,4
2026-08-05 00:18:46,21751,79.3,10.3,4
2026-08-05 00:18:51,21756,81.8,10.3,4
2026-08-05 00:18:56,21761,81.4,10.3,4
2026-08-05 00:19:01,21766,81.1,10.3,4
2026-08-05 00:19:06,21771,83.4,10.3,4
2026-08-05 00:19:11,21776,81.6,10.4,4
2026-08-05 00:19:16,21781,79.0,10.4,4
2026-08-05 00:19:21,21787,83.1,10.4,4
2026-08-05 00:19:27,21792,81.9,10.4,4
2026-08-05 00:19:32,21797,76.7,10.5,4
2026-08-05 00:19:37,21802,84.2,10.4,4
2026-08-05 00:19:42,21807,79.2,10.4,4
2026-08-05 00:19:47,21812,80.0,10.4,4
2026-08-05 00:19:52,21817,83.7,10.4,4
2026-08-05 00:19:57,21822,82.1,10.3,4
2026-08-05 00:20:02,21827,81.5,10.4,4
2026-08-05 00:20:07,21832,81.7,10.4,4
2026-08-05 00:20:12,21837,78.6,10.4,4
2026-08-05 00:20:17,21842,84.0,10.4,4
2026-08-05 00:20:22,21847,77.7,10.4,4
2026-08-05 00:20:27,21853,73.9,10.4,4
2026-08-05 00:20:33,21858,73.4,10.4,4
2026-08-05 00:20:38,21863,75.3,10.4,4
2026-08-05 00:20:43,21868,73.5,10.4,4
2026-08-05 00:20:48,21873,83.3,10.3,4
2026-08-05 00:20:53,21878,94.6,10.4,4
2026-08-05 00:20:58,21883,93.6,10.3,4
2026-08-05 00:21:03,21888,95.7,10.3,4
2026-08-05 00:21:08,21893,96.8,10.4,4
2026-08-05 00:21:13,21898,95.0,10.3,4
2026-08-05 00:21:18,21904,96.4,10.3,4
2026-08-05 00:21:24,21909,95.0,10.4,4
2026-08-05 00:21:29,21914,96.6,10.3,4
2026-08-05 00:21:34,21919,91.5,10.3,4
2026-08-05 00:21:39,21924,92.1,10.3,4
2026-08-05 00:21:44,21929,89.8,10.3,4
2026-08-05 00:21:49,21934,89.0,10.3,4
2026-08-05 00:21:54,21939,86.0,10.3,4
2026-08-05 00:21:59,21944,75.5,10.3,4
2026-08-05 00:22:04,21949,80.7,10.3,4
2026-08-05 00:22:09,21954,90.2,10.3,4
2026-08-05 00:22:14,21960,89.8,10.3,4
2026-08-05 00:22:20,21965,94.8,10.4,4
2026-08-05 00:22:25,21970,94.5,10.3,4
2026-08-05 00:22:30,21975,90.5,10.3,4
2026-08-05 00:22:35,21980,93.2,10.4,4
2026-08-05 00:22:40,21985,96.2,10.3,4
2026-08-05 00:22:45,21990,91.7,10.3,4
2026-08-05 00:22:50,21995,88.9,10.3,4
2026-08-05 00:22:55,22000,91.1,10.3,4
2026-08-05 00:23:00,22005,92.4,10.3,4
2026-08-05 00:23:05,22011,91.9,10.3,4
2026-08-05 00:23:11,22016,91.1,10.3,4
2026-08-05 00:23:16,22021,91.2,10.3,4
2026-08-05 00:23:21,22026,93.9,10.3,4
2026-08-05 00:23:26,22031,94.0,10.4,4
2026-08-05 00:23:31,22036,95.1,10.3,4
2026-08-05 00:23:36,22041,92.4,10.3,4
2026-08-05 00:23:41,22046,92.3,10.3,4
2026-08-05 00:23:46,22051,85.8,10.4,4
2026-08-05 00:23:51,22056,87.4,10.3,4
2026-08-05 00:23:56,22061,90.8,10.3,4
2026-08-05 00:24:01,22067,89.3,10.3,4
2026-08-05 00:24:07,22072,91.3,10.3,4
2026-08-05 00:24:12,22077,95.1,10.3,4
2026-08-05 00:24:17,22082,93.8,10.4,4
2026-08-05 00:24:22,22087,93.4,10.3,4
2026-08-05 00:24:27,22092,95.6,10.3,4
2026-08-05 00:24:32,22097,94.9,10.3,4
2026-08-05 00:24:37,22102,94.5,10.4,4
2026-08-05 00:24:42,22107,92.0,10.4,4
2026-08-05 00:24:47,22112,95.1,10.3,4
2026-08-05 00:24:52,22118,93.3,10.3,4
2026-08-05 00:24:58,22123,92.4,10.3,4
2026-08-05 00:25:03,22128,95.1,10.3,4
2026-08-05 00:25:08,22133,94.8,10.3,4
2026-08-05 00:25:13,22138,95.6,10.3,4
2026-08-05 00:25:18,22143,92.0,10.3,4
2026-08-05 00:25:23,22148,91.6,10.3,4
2026-08-05 00:25:28,22153,88.7,10.3,4
2026-08-05 00:25:33,22158,83.2,10.3,4
2026-08-05 00:25:38,22163,74.2,10.3,4
2026-08-05 00:25:43,22168,76.9,10.3,4
2026-08-05 00:25:48,22174,77.9,10.3,4
2026-08-05 00:25:54,22179,82.1,10.3,4
2026-08-05 00:25:59,22184,83.1,10.3,4
2026-08-05 00:26:04,22189,85.4,10.3,4
2026-08-05 00:26:09,22194,84.8,10.3,4
2026-08-05 00:26:14,22199,80.1,10.3,4
2026-08-05 00:26:19,22204,84.5,10.3,4
2026-08-05 00:26:24,22209,83.0,10.4,4
2026-08-05 00:26:29,22214,84.7,10.3,4
2026-08-05 00:26:34,22219,86.7,10.3,4
2026-08-05 00:26:39,22224,87.8,10.3,4
2026-08-05 00:26:44,22230,81.3,10.3,4
2026-08-05 00:26:50,22235,79.9,10.3,4
2026-08-05 00:26:55,22240,80.1,10.4,4
2026-08-05 00:27:00,22245,84.0,10.3,4
2026-08-05 00:27:05,22250,85.4,10.3,4
2026-08-05 00:27:10,22255,84.5,10.3,4
2026-08-05 00:27:15,22260,87.4,10.3,4
2026-08-05 00:27:20,22265,87.1,10.3,4
2026-08-05 00:27:25,22270,87.2,10.4,4
2026-08-05 00:27:30,22275,80.1,10.4,4
2026-08-05 00:27:35,22280,80.4,10.4,4
2026-08-05 00:27:40,22286,86.9,10.4,4
2026-08-05 00:27:46,22291,85.2,10.4,4
2026-08-05 00:27:51,22296,88.4,10.4,4
2026-08-05 00:27:56,22301,80.7,10.4,4
2026-08-05 00:28:01,22306,80.4,10.4,4
2026-08-05 00:28:06,22311,87.8,10.4,4
2026-08-05 00:28:11,22316,84.0,10.4,4
2026-08-05 00:28:16,22321,81.0,10.4,4
2026-08-05 00:28:21,22326,75.8,10.4,4
2026-08-05 00:28:26,22331,70.8,10.4,4
2026-08-05 00:28:31,22336,68.5,10.4,4
2026-08-05 00:28:36,22341,73.2,10.4,4
2026-08-05 00:28:41,22347,90.1,10.4,4
2026-08-05 00:28:47,22352,87.1,10.4,4
2026-08-05 00:28:52,22357,90.9,10.4,4
2026-08-05 00:28:57,22362,94.5,10.3,4
2026-08-05 00:29:02,22367,96.5,10.3,4
2026-08-05 00:29:07,22372,94.4,10.4,4
2026-08-05 00:29:12,22377,97.2,10.3,4
2026-08-05 00:29:17,22382,97.8,10.3,4
2026-08-05 00:29:22,22387,97.0,10.4,4
2026-08-05 00:29:27,22393,94.9,10.4,4
2026-08-05 00:29:33,22398,93.8,10.4,4
2026-08-05 00:29:38,22403,96.4,10.3,4
2026-08-05 00:29:43,22408,92.9,10.3,4
2026-08-05 00:29:48,22413,94.9,10.3,4
2026-08-05 00:29:53,22418,93.9,10.3,4
2026-08-05 00:29:58,22423,96.0,10.3,4
2026-08-05 00:30:03,22428,95.2,10.3,4
2026-08-05 00:30:08,22433,93.6,10.3,4
2026-08-05 00:30:13,22438,92.1,10.3,4
2026-08-05 00:30:18,22444,90.2,10.3,4
2026-08-05 00:30:24,22449,90.6,10.3,4
2026-08-05 00:30:29,22454,90.2,10.3,4
2026-08-05 00:30:34,22459,91.1,10.3,4
2026-08-05 00:30:39,22464,93.4,10.3,4
2026-08-05 00:30:44,22469,93.5,10.4,4
2026-08-05 00:30:49,22474,92.3,10.3,4
2026-08-05 00:30:54,22479,88.2,10.3,4
2026-08-05 00:30:59,22484,87.2,10.3,4
2026-08-05 00:31:04,22489,87.4,10.3,4
2026-08-05 00:31:09,22494,86.8,10.3,4
2026-08-05 00:31:14,22500,83.4,10.3,4
2026-08-05 00:31:20,22505,78.1,10.3,4
2026-08-05 00:31:25,22510,79.4,10.3,4
2026-08-05 00:31:30,22515,80.6,10.3,4
2026-08-05 00:31:35,22520,84.0,10.3,4
2026-08-05 00:31:40,22525,91.6,10.3,4
2026-08-05 00:31:45,22530,92.7,10.3,4
2026-08-05 00:31:50,22535,94.2,10.3,4
2026-08-05 00:31:55,22540,96.3,10.3,4
2026-08-05 00:32:00,22545,92.8,10.3,4
2026-08-05 00:32:05,22550,91.7,10.3,4
2026-08-05 00:32:10,22556,87.7,10.3,4
2026-08-05 00:32:16,22561,90.8,10.3,4
2026-08-05 00:32:21,22566,85.5,10.3,4
2026-08-05 00:32:26,22571,86.4,10.3,4
2026-08-05 00:32:31,22576,90.7,10.3,4
2026-08-05 00:32:36,22581,88.2,10.3,4
2026-08-05 00:32:41,22586,90.7,10.3,4
2026-08-05 00:32:46,22591,89.2,10.3,4
2026-08-05 00:32:51,22596,89.9,10.3,4
2026-08-05 00:32:56,22601,88.8,10.3,4
2026-08-05 00:33:01,22606,83.5,10.3,4
2026-08-05 00:33:06,22612,83.8,10.3,4
2026-08-05 00:33:12,22617,87.2,10.3,4
2026-08-05 00:33:17,22622,88.6,10.3,4
2026-08-05 00:33:22,22627,81.6,10.3,4
2026-08-05 00:33:27,22632,77.0,10.3,4
2026-08-05 00:33:32,22637,76.3,10.3,4
2026-08-05 00:33:37,22642,74.7,10.3,4
2026-08-05 00:33:42,22647,82.6,10.3,4
2026-08-05 00:33:47,22652,87.4,10.3,4
2026-08-05 00:33:52,22657,86.2,10.3,4
2026-08-05 00:33:57,22662,89.0,10.3,4
2026-08-05 00:34:02,22668,87.3,10.3,4
2026-08-05 00:34:08,22673,83.5,10.3,4
2026-08-05 00:34:13,22678,82.0,10.3,4
2026-08-05 00:34:18,22683,81.0,10.3,4
2026-08-05 00:34:23,22688,82.1,10.3,4
2026-08-05 00:34:28,22693,90.8,10.3,4
2026-08-05 00:34:33,22698,89.0,10.3,4
2026-08-05 00:34:38,22703,84.3,10.3,4
2026-08-05 00:34:43,22708,89.3,10.3,4
2026-08-05 00:34:48,22713,88.8,10.3,4
2026-08-05 00:34:53,22718,86.0,10.3,4
2026-08-05 00:34:58,22724,87.0,10.3,4
2026-08-05 00:35:03,22729,83.7,10.3,4
2026-08-05 00:35:09,22734,84.9,10.3,4
2026-08-05 00:35:14,22739,85.9,10.3,4
2026-08-05 00:35:19,22744,84.0,10.4,4
2026-08-05 00:35:24,22749,89.3,10.4,4
2026-08-05 00:35:29,22754,94.5,10.4,4
2026-08-05 00:35:34,22759,91.2,10.4,4
2026-08-05 00:35:39,22764,95.1,10.4,4
2026-08-05 00:35:44,22769,94.7,10.4,4
2026-08-05 00:35:49,22774,95.2,10.4,4
2026-08-05 00:35:54,22780,94.9,10.5,4
2026-08-05 00:36:00,22785,95.0,10.4,4
2026-08-05 00:36:05,22790,91.5,10.4,4
2026-08-05 00:36:10,22795,87.5,10.4,4
2026-08-05 00:36:15,22800,90.7,10.4,4
2026-08-05 00:36:20,22805,93.4,10.4,4
2026-08-05 00:36:25,22810,89.4,10.4,4
2026-08-05 00:36:30,22815,86.1,10.4,4
2026-08-05 00:36:35,22820,80.2,10.4,4
2026-08-05 00:36:40,22825,78.9,10.4,4
2026-08-05 00:36:45,22830,88.7,10.4,4
2026-08-05 00:36:50,22836,92.8,10.4,4
2026-08-05 00:36:56,22841,87.1,10.4,4
2026-08-05 00:37:01,22846,86.5,10.3,4
2026-08-05 00:37:06,22851,96.0,10.4,4
2026-08-05 00:37:11,22856,96.7,10.4,4
2026-08-05 00:37:16,22861,97.4,10.3,4
2026-08-05 00:37:21,22866,98.0,10.3,4
2026-08-05 00:37:26,22871,97.8,10.3,4
2026-08-05 00:37:31,22876,97.7,10.3,4
2026-08-05 00:37:36,22881,95.5,10.3,4
2026-08-05 00:37:41,22887,93.0,10.4,4
2026-08-05 00:37:47,22892,92.1,10.3,4
2026-08-05 00:37:52,22897,87.5,10.3,4
2026-08-05 00:37:57,22902,93.1,10.4,4
2026-08-05 00:38:02,22907,94.8,10.3,4
2026-08-05 00:38:07,22912,92.0,10.3,4
2026-08-05 00:38:12,22917,88.9,10.3,4
2026-08-05 00:38:17,22922,80.4,10.3,4
2026-08-05 00:38:22,22927,83.7,10.4,4
2026-08-05 00:38:27,22932,84.5,10.3,4
2026-08-05 00:38:32,22938,87.7,10.3,4
2026-08-05 00:38:37,22943,88.1,10.3,4
2026-08-05 00:38:43,22948,83.5,10.3,4
2026-08-05 00:38:48,22953,78.7,10.4,4
2026-08-05 00:38:53,22958,73.3,10.3,4
2026-08-05 00:38:58,22963,74.8,10.3,4
2026-08-05 00:39:03,22968,79.2,10.3,4
2026-08-05 00:39:08,22973,81.6,10.4,4
2026-08-05 00:39:13,22978,91.8,10.4,4
2026-08-05 00:39:18,22983,88.1,10.4,4
2026-08-05 00:39:23,22988,95.3,10.3,4
2026-08-05 00:39:28,22994,95.5,10.4,4
2026-08-05 00:39:34,22999,91.2,10.4,4
2026-08-05 00:39:39,23004,88.7,10.4,4
2026-08-05 00:39:44,23009,91.6,10.3,4
2026-08-05 00:39:49,23014,87.0,10.3,4
2026-08-05 00:39:54,23019,89.4,10.4,4
2026-08-05 00:39:59,23024,92.9,10.3,4
2026-08-05 00:40:04,23029,89.9,10.3,4
2026-08-05 00:40:09,23034,88.1,10.3,4
2026-08-05 00:40:14,23039,85.3,10.4,4
2026-08-05 00:40:19,23044,86.0,10.3,4
2026-08-05 00:40:24,23050,88.1,10.4,4
2026-08-05 00:40:30,23055,84.8,10.4,4
2026-08-05 00:40:35,23060,85.1,10.4,4
2026-08-05 00:40:40,23065,85.1,10.3,4
2026-08-05 00:40:45,23070,84.3,10.3,4
2026-08-05 00:40:50,23075,82.8,10.3,4
2026-08-05 00:40:55,23080,85.9,10.3,4
2026-08-05 00:41:00,23085,85.0,10.3,4
2026-08-05 00:41:05,23090,87.2,10.3,4
2026-08-05 00:41:10,23095,88.3,10.3,4
2026-08-05 00:41:15,23100,86.4,10.4,4
2026-08-05 00:41:20,23105,82.0,10.4,4
2026-08-05 00:41:25,23111,83.1,10.3,4
2026-08-05 00:41:31,23116,82.9,10.3,4
2026-08-05 00:41:36,23121,84.7,10.4,4
2026-08-05 00:41:41,23126,83.7,10.3,4
2026-08-05 00:41:46,23131,79.6,10.3,4
2026-08-05 00:41:51,23136,74.3,10.3,4
2026-08-05 00:41:56,23141,84.3,10.3,4
2026-08-05 00:42:01,23146,87.0,10.3,4
2026-08-05 00:42:06,23151,85.6,10.3,4
2026-08-05 00:42:11,23156,94.7,10.3,4
2026-08-05 00:42:16,23161,89.7,10.3,4
2026-08-05 00:42:21,23166,94.5,10.4,4
2026-08-05 00:42:27,23172,95.4,10.3,4
2026-08-05 00:42:32,23177,94.2,10.4,4
2026-08-05 00:42:37,23182,93.3,10.4,4
2026-08-05 00:42:42,23187,96.1,10.4,4
2026-08-05 00:42:47,23192,91.5,10.4,4
2026-08-05 00:42:52,23197,88.0,10.4,4
2026-08-05 00:42:57,23202,87.4,10.3,4
2026-08-05 00:43:02,23207,91.0,10.3,4
2026-08-05 00:43:07,23212,89.0,10.3,4
2026-08-05 00:43:12,23217,86.5,10.3,4
2026-08-05 00:43:17,23223,85.3,10.4,4
2026-08-05 00:43:23,23228,85.1,10.4,4
2026-08-05 00:43:28,23233,86.9,10.4,4
2026-08-05 00:43:33,23238,91.3,10.5,4
2026-08-05 00:43:38,23243,87.6,10.4,4
2026-08-05 00:43:43,23248,94.1,10.4,4
2026-08-05 00:43:48,23253,94.9,10.5,4
2026-08-05 00:43:53,23258,96.0,10.4,4
2026-08-05 00:43:58,23263,91.2,10.5,4
2026-08-05 00:44:03,23268,91.2,10.4,4
2026-08-05 00:44:08,23273,87.0,10.4,4
2026-08-05 00:44:13,23279,86.8,10.4,4
2026-08-05 00:44:19,23284,86.3,10.4,4
2026-08-05 00:44:24,23289,85.7,10.4,4
2026-08-05 00:44:29,23294,85.5,10.4,4
2026-08-05 00:44:34,23299,81.7,10.4,4
2026-08-05 00:44:39,23304,75.1,10.4,4
2026-08-05 00:44:44,23309,72.3,10.4,4
2026-08-05 00:44:49,23314,72.8,10.5,4
2026-08-05 00:44:54,23319,79.2,10.5,4
2026-08-05 00:44:59,23324,79.4,10.4,4
2026-08-05 00:45:04,23329,82.8,10.4,4
2026-08-05 00:45:09,23334,92.7,10.4,4
2026-08-05 00:45:14,23340,94.2,10.3,4
2026-08-05 00:45:20,23345,92.4,10.4,4
2026-08-05 00:45:25,23350,96.0,10.4,4
2026-08-05 00:45:30,23355,95.7,10.3,4
2026-08-05 00:45:35,23360,93.9,10.3,4
2026-08-05 00:45:40,23365,93.5,10.4,4
2026-08-05 00:45:45,23370,95.1,10.4,4
2026-08-05 00:45:50,23375,94.3,10.4,4
2026-08-05 00:45:55,23380,92.9,10.3,4
2026-08-05 00:46:00,23386,96.5,10.4,4
2026-08-05 00:46:06,23391,97.0,10.3,4
2026-08-05 00:46:11,23396,94.4,10.3,4
2026-08-05 00:46:16,23401,84.0,10.3,4
2026-08-05 00:46:21,23406,77.7,10.3,4
2026-08-05 00:46:26,23411,82.1,10.3,4
2026-08-05 00:46:31,23416,84.8,10.4,4
2026-08-05 00:46:36,23421,93.6,10.4,4
2026-08-05 00:46:41,23426,92.6,10.3,4
2026-08-05 00:46:46,23431,91.2,10.3,4
2026-08-05 00:46:51,23436,91.6,10.4,4
2026-08-05 00:46:56,23442,89.9,10.3,4
2026-08-05 00:47:02,23447,88.5,10.3,4
2026-08-05 00:47:07,23452,92.2,10.3,4
2026-08-05 00:47:12,23457,91.4,10.3,4
2026-08-05 00:47:17,23462,88.1,10.3,4
2026-08-05 00:47:22,23467,91.4,10.3,4
2026-08-05 00:47:27,23472,93.3,10.3,4
2026-08-05 00:47:32,23477,90.2,10.3,4
2026-08-05 00:47:37,23482,90.0,10.3,4
2026-08-05 00:47:42,23487,94.7,10.4,4
2026-08-05 00:47:47,23493,94.3,10.4,4
2026-08-05 00:47:53,23498,92.3,10.3,4
2026-08-05 00:47:58,23503,86.0,10.3,4
2026-08-05 00:48:03,23508,85.6,10.3,4
2026-08-05 00:48:08,23513,85.5,10.3,4
2026-08-05 00:48:13,23518,84.9,10.3,4
2026-08-05 00:48:18,23523,83.7,10.3,4
2026-08-05 00:48:23,23528,84.5,10.3,4
2026-08-05 00:48:28,23533,81.0,10.3,4
2026-08-05 00:48:33,23538,76.6,10.3,4
2026-08-05 00:48:38,23543,80.1,10.3,4
2026-08-05 00:48:43,23548,81.9,10.3,4
2026-08-05 00:48:48,23554,82.5,10.4,4
2026-08-05 00:48:54,23559,91.4,10.3,4
2026-08-05 00:48:59,23564,88.9,10.3,4
2026-08-05 00:49:04,23569,95.5,10.3,4
2026-08-05 00:49:09,23574,93.2,10.3,4
2026-08-05 00:49:14,23579,94.5,10.4,4
2026-08-05 00:49:19,23584,90.5,10.3,4
2026-08-05 00:49:24,23589,90.9,10.3,4
2026-08-05 00:49:29,23594,85.4,10.3,4
2026-08-05 00:49:34,23599,86.0,10.3,4
2026-08-05 00:49:39,23605,85.4,10.3,4
2026-08-05 00:49:45,23610,90.1,10.3,4
2026-08-05 00:49:50,23615,89.6,10.3,4
2026-08-05 00:49:55,23620,86.7,10.3,4
2026-08-05 00:50:00,23625,85.7,10.3,4
2026-08-05 00:50:05,23630,89.0,10.3,4
2026-08-05 00:50:10,23635,93.8,10.3,4
2026-08-05 00:50:15,23640,93.6,10.3,4
2026-08-05 00:50:20,23645,91.6,10.3,4
2026-08-05 00:50:25,23650,90.9,10.3,4
2026-08-05 00:50:30,23655,89.8,10.3,4
2026-08-05 00:50:35,23661,89.5,10.3,4
2026-08-05 00:50:41,23666,89.6,10.3,4
2026-08-05 00:50:46,23671,92.3,10.3,4
2026-08-05 00:50:51,23676,88.5,10.3,4
2026-08-05 00:50:56,23681,85.1,10.3,4
2026-08-05 00:51:01,23686,79.0,10.3,4
2026-08-05 00:51:06,23691,76.6,10.3,4
2026-08-05 00:51:11,23696,87.6,10.3,4
2026-08-05 00:51:16,23701,88.4,10.3,4
2026-08-05 00:51:21,23706,89.7,10.3,4
2026-08-05 00:51:26,23711,83.1,10.3,4
2026-08-05 00:51:31,23716,80.5,10.3,4
2026-08-05 00:51:36,23722,83.3,10.4,4
2026-08-05 00:51:42,23727,80.7,10.4,4
2026-08-05 00:51:47,23732,89.7,10.4,4
2026-08-05 00:51:52,23737,81.3,10.4,4
2026-08-05 00:51:57,23742,77.0,10.4,4
2026-08-05 00:52:02,23747,74.0,10.4,4
2026-08-05 00:52:07,23752,74.3,10.4,4
2026-08-05 00:52:12,23757,78.7,10.4,4
2026-08-05 00:52:17,23762,80.2,10.4,4
2026-08-05 00:52:22,23767,81.4,10.4,4
2026-08-05 00:52:27,23772,83.5,10.4,4
2026-08-05 00:52:32,23777,89.6,10.4,4
2026-08-05 00:52:37,23783,87.5,10.4,4
2026-08-05 00:52:43,23788,86.7,10.4,4
2026-08-05 00:52:48,23793,78.0,10.4,4
2026-08-05 00:52:53,23798,73.4,10.4,4
2026-08-05 00:52:58,23803,79.8,10.4,4
2026-08-05 00:53:03,23808,83.8,10.3,4
2026-08-05 00:53:08,23813,83.4,10.4,4
2026-08-05 00:53:13,23818,87.7,10.3,4
2026-08-05 00:53:18,23823,95.0,10.3,4
2026-08-05 00:53:23,23828,93.7,10.3,4
2026-08-05 00:53:28,23833,93.2,10.3,4
2026-08-05 00:53:33,23839,93.2,10.3,4
2026-08-05 00:53:39,23844,89.5,10.3,4
2026-08-05 00:53:44,23849,89.2,10.4,4
2026-08-05 00:53:49,23854,91.7,10.4,4
2026-08-05 00:53:54,23859,91.0,10.4,4
2026-08-05 00:53:59,23864,95.1,10.4,4
2026-08-05 00:54:04,23869,95.1,10.4,4
2026-08-05 00:54:09,23874,96.8,10.4,4
2026-08-05 00:54:14,23879,97.2,10.3,4
2026-08-05 00:54:19,23885,97.8,10.3,4
2026-08-05 00:54:25,23890,96.2,10.3,4
2026-08-05 00:54:30,23895,95.9,10.3,4
2026-08-05 00:54:35,23900,93.2,10.3,4
2026-08-05 00:54:40,23905,89.2,10.4,4
2026-08-05 00:54:45,23910,87.9,10.3,4
2026-08-05 00:54:50,23915,91.9,10.3,4
2026-08-05 00:54:55,23920,93.8,10.3,4
2026-08-05 00:55:00,23925,94.7,10.3,4
2026-08-05 00:55:05,23930,91.3,10.3,4
2026-08-05 00:55:10,23936,84.1,10.3,4
2026-08-05 00:55:15,23941,84.9,10.3,4
2026-08-05 00:55:21,23946,82.1,10.3,4
2026-08-05 00:55:26,23951,77.1,10.3,4
2026-08-05 00:55:31,23956,89.7,10.3,4
2026-08-05 00:55:36,23961,91.2,10.3,4
2026-08-05 00:55:41,23966,93.3,10.3,4
2026-08-05 00:55:46,23971,95.6,10.4,4
2026-08-05 00:55:51,23976,95.5,10.3,4
2026-08-05 00:55:56,23981,89.9,10.3,4
2026-08-05 00:56:01,23986,91.4,10.3,4
2026-08-05 00:56:06,23992,90.6,10.3,4
2026-08-05 00:56:12,23997,88.9,10.3,4
2026-08-05 00:56:17,24002,91.7,10.3,4
2026-08-05 00:56:22,24007,92.6,10.4,4
2026-08-05 00:56:27,24012,89.6,10.3,4
2026-08-05 00:56:32,24017,90.7,10.3,4
2026-08-05 00:56:37,24022,91.4,10.3,4
2026-08-05 00:56:42,24027,90.7,10.3,4
2026-08-05 00:56:47,24032,89.8,10.3,4
2026-08-05 00:56:52,24037,92.6,10.3,4
2026-08-05 00:56:57,24043,93.1,10.4,4
2026-08-05 00:57:03,24048,94.5,10.4,4
2026-08-05 00:57:08,24053,92.1,10.4,4
2026-08-05 00:57:13,24058,89.9,10.3,4
2026-08-05 00:57:18,24063,95.6,10.4,4
2026-08-05 00:57:23,24068,90.3,10.4,4
2026-08-05 00:57:28,24073,91.5,10.3,4
2026-08-05 00:57:33,24078,90.0,10.3,4
2026-08-05 00:57:38,24083,85.3,10.3,4
2026-08-05 00:57:43,24088,82.7,10.4,4
2026-08-05 00:57:48,24094,78.1,10.3,4
2026-08-05 00:57:54,24099,85.0,10.3,4
2026-08-05 00:57:59,24104,85.4,10.3,4
2026-08-05 00:58:04,24109,81.7,10.3,4
2026-08-05 00:58:09,24114,76.8,10.3,4
2026-08-05 00:58:14,24119,80.6,10.3,4
2026-08-05 00:58:19,24124,89.4,10.3,4
2026-08-05 00:58:24,24129,89.5,10.3,4
2026-08-05 00:58:29,24134,86.9,10.3,4
2026-08-05 00:58:34,24139,86.1,10.3,4
2026-08-05 00:58:39,24144,79.6,10.3,4
2026-08-05 00:58:44,24150,82.3,10.3,4
2026-08-05 00:58:50,24155,85.6,10.4,4
2026-08-05 00:58:55,24160,82.2,10.3,4
2026-08-05 00:59:00,24165,77.6,10.3,4
2026-08-05 00:59:05,24170,80.7,10.3,4
2026-08-05 00:59:10,24175,83.1,10.3,4
2026-08-05 00:59:15,24180,86.1,10.3,4
2026-08-05 00:59:20,24185,84.7,10.3,4
2026-08-05 00:59:25,24190,85.6,10.3,4
2026-08-05 00:59:30,24195,80.3,10.4,4
2026-08-05 00:59:35,24200,79.2,10.3,4
2026-08-05 00:59:40,24205,83.3,10.3,4
2026-08-05 00:59:46,24211,83.0,10.4,4
2026-08-05 00:59:51,24216,87.3,10.4,4
2026-08-05 00:59:56,24221,81.1,10.4,4
2026-08-05 01:00:01,24226,79.7,10.4,4
2026-08-05 01:00:06,24231,79.7,10.4,4
2026-08-05 01:00:11,24236,82.1,10.4,4
2026-08-05 01:00:16,24241,85.1,10.3,4
2026-08-05 01:00:21,24246,81.8,10.4,4
2026-08-05 01:00:26,24251,86.6,10.4,4
2026-08-05 01:00:31,24256,86.3,10.4,4
2026-08-05 01:00:36,24261,85.9,10.4,4
2026-08-05 01:00:41,24266,85.2,10.4,4
2026-08-05 01:00:47,24272,89.1,10.4,4
2026-08-05 01:00:52,24277,85.7,10.4,4
2026-08-05 01:00:57,24282,79.3,10.4,4
2026-08-05 01:01:02,24287,72.0,10.4,4
2026-08-05 01:01:07,24292,72.8,10.4,4
2026-08-05 01:01:12,24297,76.7,10.4,4
2026-08-05 01:01:17,24302,81.8,10.4,4
2026-08-05 01:01:22,24307,94.8,10.4,4
2026-08-05 01:01:27,24312,96.5,10.3,4
2026-08-05 01:01:32,24317,96.1,10.4,4
2026-08-05 01:01:37,24322,97.6,10.4,4
2026-08-05 01:01:43,24328,97.1,10.3,4
2026-08-05 01:01:48,24333,97.0,10.3,4
2026-08-05 01:01:53,24338,96.1,10.4,4
2026-08-05 01:01:58,24343,96.6,10.4,4
2026-08-05 01:02:03,24348,97.5,10.3,4
2026-08-05 01:02:08,24353,97.8,10.3,4
2026-08-05 01:02:13,24358,96.5,10.4,4
2026-08-05 01:02:18,24363,97.7,10.3,4
2026-08-05 01:02:23,24368,98.3,10.3,4
2026-08-05 01:02:28,24374,98.1,10.3,4
2026-08-05 01:02:34,24379,98.3,10.3,4
2026-08-05 01:02:39,24384,95.3,10.3,4
2026-08-05 01:02:44,24389,93.8,10.3,4
2026-08-05 01:02:49,24394,93.7,10.3,4
2026-08-05 01:02:54,24399,92.8,10.3,4
2026-08-05 01:02:59,24404,87.7,10.3,4
2026-08-05 01:03:04,24409,90.1,10.3,4
2026-08-05 01:03:09,24414,91.5,10.3,4
2026-08-05 01:03:14,24419,88.0,10.3,4
2026-08-05 01:03:19,24425,88.3,10.3,4
2026-08-05 01:03:25,24430,88.5,10.3,4
2026-08-05 01:03:30,24435,85.7,10.3,4
2026-08-05 01:03:35,24440,92.9,10.3,4
2026-08-05 01:03:40,24445,91.1,10.3,4
2026-08-05 01:03:45,24450,89.9,10.3,4
2026-08-05 01:03:50,24455,91.8,10.3,4
2026-08-05 01:03:55,24460,91.4,10.4,4
2026-08-05 01:04:00,24465,90.7,10.4,4
2026-08-05 01:04:05,24470,90.0,10.4,4
2026-08-05 01:04:10,24476,91.1,10.3,4
2026-08-05 01:04:16,24481,86.4,10.3,4
2026-08-05 01:04:21,24486,80.6,10.3,4
2026-08-05 01:04:26,24491,79.0,10.3,4
2026-08-05 01:04:31,24496,78.8,10.3,4
2026-08-05 01:04:36,24501,84.1,10.3,4
2026-08-05 01:04:41,24506,78.8,10.3,4
2026-08-05 01:04:46,24511,82.5,10.3,4
2026-08-05 01:04:51,24516,85.2,10.3,4
2026-08-05 01:04:56,24521,86.7,10.3,4
2026-08-05 01:05:01,24526,89.0,10.3,4
2026-08-05 01:05:06,24532,85.6,10.4,4
2026-08-05 01:05:12,24537,88.2,10.3,4
2026-08-05 01:05:17,24542,83.2,10.3,4
2026-08-05 01:05:22,24547,82.4,10.3,4
2026-08-05 01:05:27,24552,85.5,10.3,4
2026-08-05 01:05:32,24557,81.9,10.3,4
2026-08-05 01:05:37,24562,83.8,10.3,4
2026-08-05 01:05:42,24567,77.7,10.4,4
2026-08-05 01:05:47,24572,77.7,10.3,4
2026-08-05 01:05:52,24577,77.2,10.3,4
2026-08-05 01:05:57,24582,82.6,10.3,4
2026-08-05 01:06:02,24587,81.5,10.4,4
2026-08-05 01:06:07,24593,84.5,10.3,4
2026-08-05 01:06:13,24598,88.6,10.3,4
2026-08-05 01:06:18,24603,83.4,10.3,4
2026-08-05 01:06:23,24608,86.7,10.3,4
2026-08-05 01:06:28,24613,89.4,10.3,4
2026-08-05 01:06:33,24618,85.5,10.3,4
2026-08-05 01:06:38,24623,85.6,10.3,4
2026-08-05 01:06:43,24628,84.0,10.3,4
2026-08-05 01:06:48,24633,80.5,10.3,4
2026-08-05 01:06:53,24638,86.8,10.3,4
2026-08-05 01:06:58,24643,87.0,10.3,4
2026-08-05 01:07:03,24648,83.7,10.3,4
2026-08-05 01:07:08,24654,88.3,10.3,4
2026-08-05 01:07:14,24659,89.1,10.3,4
2026-08-05 01:07:19,24664,85.6,10.3,4
2026-08-05 01:07:24,24669,89.1,10.4,4
2026-08-05 01:07:29,24674,91.9,10.3,4
2026-08-05 01:07:34,24679,92.4,10.3,4
2026-08-05 01:07:39,24684,92.6,10.3,4
2026-08-05 01:07:44,24689,93.5,10.4,4
2026-08-05 01:07:49,24694,90.4,10.4,4
2026-08-05 01:07:54,24699,82.3,10.4,4
2026-08-05 01:07:59,24704,85.8,10.4,4
2026-08-05 01:08:04,24710,85.0,10.4,4
2026-08-05 01:08:10,24715,86.3,10.4,4
2026-08-05 01:08:15,24720,89.6,10.5,4
2026-08-05 01:08:20,24725,81.5,10.4,4
2026-08-05 01:08:25,24730,75.8,10.4,4
2026-08-05 01:08:30,24735,78.4,10.4,4
2026-08-05 01:08:35,24740,74.0,10.4,4
2026-08-05 01:08:40,24745,89.8,10.4,4
2026-08-05 01:08:45,24750,91.7,10.4,4
2026-08-05 01:08:50,24755,94.4,10.5,4
2026-08-05 01:08:55,24761,97.4,10.4,4
2026-08-05 01:09:01,24766,97.2,10.3,4
2026-08-05 01:09:06,24771,95.5,10.3,4
2026-08-05 01:09:11,24776,97.3,10.3,4
2026-08-05 01:09:16,24781,97.4,10.4,4
2026-08-05 01:09:21,24786,96.3,10.4,4
2026-08-05 01:09:26,24791,93.5,10.4,4
2026-08-05 01:09:31,24796,97.0,10.3,4
2026-08-05 01:09:36,24801,97.5,10.3,4
2026-08-05 01:09:41,24806,98.0,10.3,4
2026-08-05 01:09:46,24812,98.2,10.3,4
2026-08-05 01:09:52,24817,97.9,10.4,4
2026-08-05 01:09:57,24822,97.6,10.3,4
2026-08-05 01:10:02,24827,97.0,10.4,4
2026-08-05 01:10:07,24832,97.2,10.3,4
2026-08-05 01:10:12,24837,97.9,10.3,4
2026-08-05 01:10:17,24842,96.8,10.3,4
2026-08-05 01:10:22,24847,97.3,10.3,4
2026-08-05 01:10:27,24853,97.4,10.3,4
2026-08-05 01:10:33,24858,97.1,10.3,4
2026-08-05 01:10:38,24863,95.3,10.3,4
2026-08-05 01:10:43,24868,95.7,10.3,4
2026-08-05 01:10:48,24873,93.3,10.3,4
2026-08-05 01:10:53,24878,88.0,10.3,4
2026-08-05 01:10:58,24883,89.1,10.4,4
2026-08-05 01:11:03,24888,85.6,10.3,4
2026-08-05 01:11:08,24893,79.9,10.3,4
2026-08-05 01:11:13,24898,79.1,10.4,4
2026-08-05 01:11:18,24904,78.9,10.3,4
2026-08-05 01:11:24,24909,84.7,10.3,4
2026-08-05 01:11:29,24914,83.9,10.3,4
2026-08-05 01:11:34,24919,79.6,10.3,4
2026-08-05 01:11:39,24924,81.0,10.3,4
2026-08-05 01:11:44,24929,83.0,10.3,4
2026-08-05 01:11:49,24934,81.2,10.3,4
2026-08-05 01:11:54,24939,83.9,10.3,4
2026-08-05 01:11:59,24944,80.7,10.3,4
2026-08-05 01:12:04,24949,80.5,10.3,4
2026-08-05 01:12:09,24954,80.2,10.4,4
2026-08-05 01:12:14,24959,77.4,10.3,4
2026-08-05 01:12:19,24965,81.6,10.3,4
2026-08-05 01:12:25,24970,79.9,10.4,4
2026-08-05 01:12:30,24975,82.9,10.3,4
2026-08-05 01:12:35,24980,79.5,10.4,4
2026-08-05 01:12:40,24985,83.2,10.3,4
2026-08-05 01:12:45,24990,87.6,10.3,4
2026-08-05 01:12:50,24995,88.9,10.3,4
2026-08-05 01:12:55,25000,84.1,10.3,4
2026-08-05 01:13:00,25005,82.6,10.3,4
2026-08-05 01:13:05,25010,79.1,10.3,4
2026-08-05 01:13:10,25015,78.4,10.3,4
2026-08-05 01:13:15,25021,81.8,10.3,4
2026-08-05 01:13:21,25026,83.5,10.3,4
2026-08-05 01:13:26,25031,83.0,10.3,4
2026-08-05 01:13:31,25036,83.0,10.3,4
2026-08-05 01:13:36,25041,81.1,10.3,4
2026-08-05 01:13:41,25046,87.8,10.3,4
2026-08-05 01:13:46,25051,87.4,10.3,4
2026-08-05 01:13:51,25056,82.8,10.3,4
2026-08-05 01:13:56,25061,81.2,10.3,4
2026-08-05 01:14:01,25066,80.2,10.3,4
2026-08-05 01:14:06,25071,82.5,10.3,4
2026-08-05 01:14:11,25076,90.8,10.3,4
2026-08-05 01:14:16,25082,88.2,10.3,4
2026-08-05 01:14:22,25087,90.5,10.4,4
2026-08-05 01:14:27,25092,89.9,10.3,4
2026-08-05 01:14:32,25097,86.4,10.3,4
2026-08-05 01:14:37,25102,79.5,10.3,4
2026-08-05 01:14:42,25107,85.2,10.4,4
2026-08-05 01:14:47,25112,88.2,10.3,4
2026-08-05 01:14:52,25117,88.8,10.3,4
2026-08-05 01:14:57,25122,88.6,10.3,4
2026-08-05 01:15:02,25127,79.5,10.3,4
2026-08-05 01:15:07,25132,76.1,10.3,4
2026-08-05 01:15:12,25138,77.0,10.4,4
2026-08-05 01:15:18,25143,75.9,10.4,4
2026-08-05 01:15:23,25148,87.9,10.4,4
2026-08-05 01:15:28,25153,96.2,10.4,4
2026-08-05 01:15:33,25158,95.1,10.4,4
2026-08-05 01:15:38,25163,96.9,10.4,4
2026-08-05 01:15:43,25168,95.0,10.4,4
2026-08-05 01:15:48,25173,96.0,10.4,4
2026-08-05 01:15:53,25178,92.9,10.4,4
2026-08-05 01:15:58,25183,94.1,10.4,4
2026-08-05 01:16:04,25189,91.3,10.4,4
2026-08-05 01:16:09,25194,87.5,10.4,4
2026-08-05 01:16:14,25199,86.3,10.4,4
2026-08-05 01:16:19,25204,90.4,10.4,4
2026-08-05 01:16:24,25209,89.6,10.4,4
2026-08-05 01:16:29,25214,89.4,10.5,4
2026-08-05 01:16:34,25219,95.6,10.4,4
2026-08-05 01:16:39,25224,93.6,10.4,4
2026-08-05 01:16:44,25229,97.2,10.3,4
2026-08-05 01:16:49,25234,97.5,10.3,4
2026-08-05 01:16:55,25240,97.8,10.3,4
2026-08-05 01:17:00,25245,97.9,10.3,4
2026-08-05 01:17:05,25250,97.9,10.3,4
2026-08-05 01:17:10,25255,96.0,10.3,4
2026-08-05 01:17:15,25260,94.8,10.3,4
2026-08-05 01:17:20,25265,95.3,10.3,4
2026-08-05 01:17:25,25270,95.0,10.4,4
2026-08-05 01:17:30,25275,96.2,10.4,4
2026-08-05 01:17:35,25281,97.5,10.4,4
2026-08-05 01:17:41,25286,97.8,10.4,4
2026-08-05 01:17:46,25291,96.9,10.3,4
2026-08-05 01:17:51,25296,97.9,10.4,4
2026-08-05 01:17:56,25301,97.4,10.3,4
2026-08-05 01:18:01,25306,97.7,10.3,4
2026-08-05 01:18:06,25311,97.0,10.3,4
2026-08-05 01:18:11,25316,95.0,10.3,4
2026-08-05 01:18:16,25321,96.0,10.3,4
2026-08-05 01:18:21,25327,90.8,10.3,4
2026-08-05 01:18:27,25332,85.3,10.4,4
2026-08-05 01:18:32,25337,89.6,10.3,4
2026-08-05 01:18:37,25342,89.3,10.3,4
2026-08-05 01:18:42,25347,89.3,10.3,4
2026-08-05 01:18:47,25352,79.6,10.4,4
2026-08-05 01:18:52,25357,78.5,10.3,4
2026-08-05 01:18:57,25362,77.3,10.4,4
2026-08-05 01:19:02,25367,79.7,10.4,4
2026-08-05 01:19:07,25372,78.0,10.4,4
2026-08-05 01:19:12,25377,80.0,10.3,4
2026-08-05 01:19:17,25382,79.0,10.3,4
2026-08-05 01:19:22,25388,85.4,10.3,4
2026-08-05 01:19:28,25393,83.1,10.3,4
2026-08-05 01:19:33,25398,86.9,10.3,4
2026-08-05 01:19:38,25403,86.3,10.4,4
2026-08-05 01:19:43,25408,80.2,10.3,4
2026-08-05 01:19:48,25413,82.4,10.3,4
2026-08-05 01:19:53,25418,81.8,10.3,4
2026-08-05 01:19:58,25423,82.6,10.3,4
2026-08-05 01:20:03,25428,87.4,10.3,4
2026-08-05 01:20:08,25433,79.9,10.3,4
2026-08-05 01:20:13,25438,87.3,10.3,4
2026-08-05 01:20:18,25444,84.9,10.3,4
2026-08-05 01:20:24,25449,79.5,10.3,4
2026-08-05 01:20:29,25454,84.4,10.3,4
2026-08-05 01:20:34,25459,78.5,10.3,4
2026-08-05 01:20:39,25464,80.0,10.3,4
2026-08-05 01:20:44,25469,80.7,10.3,4
2026-08-05 01:20:49,25474,79.3,10.3,4
2026-08-05 01:20:54,25479,83.9,10.3,4
2026-08-05 01:20:59,25484,85.2,10.3,4
2026-08-05 01:21:04,25489,85.9,10.3,4
2026-08-05 01:21:09,25494,83.6,10.3,4
2026-08-05 01:21:14,25500,89.8,10.3,4
2026-08-05 01:21:20,25505,93.1,10.3,4
2026-08-05 01:21:25,25510,80.8,10.3,4
2026-08-05 01:21:30,25515,88.1,10.3,4
2026-08-05 01:21:35,25520,88.0,10.3,4
2026-08-05 01:21:40,25525,83.8,10.3,4
2026-08-05 01:21:45,25530,85.2,10.3,4
2026-08-05 01:21:50,25535,77.2,10.3,4
2026-08-05 01:21:55,25540,73.8,10.3,4
2026-08-05 01:22:00,25545,76.3,10.4,4
2026-08-05 01:22:05,25550,75.7,10.3,4
2026-08-05 01:22:10,25555,89.7,10.3,4
2026-08-05 01:22:15,25561,94.8,10.4,4
2026-08-05 01:22:21,25566,94.2,10.3,4
2026-08-05 01:22:26,25571,96.5,10.4,4
2026-08-05 01:22:31,25576,95.4,10.3,4
2026-08-05 01:22:36,25581,92.6,10.3,4
2026-08-05 01:22:41,25586,89.3,10.3,4
2026-08-05 01:22:46,25591,93.3,10.3,4
2026-08-05 01:22:51,25596,90.2,10.3,4
2026-08-05 01:22:56,25601,93.5,10.4,4
2026-08-05 01:23:01,25606,94.1,10.3,4
2026-08-05 01:23:06,25611,95.0,10.3,4
2026-08-05 01:23:12,25617,91.1,10.4,4
2026-08-05 01:23:17,25622,85.8,10.4,4
2026-08-05 01:23:22,25627,88.2,10.4,4
2026-08-05 01:23:27,25632,91.4,10.4,4
2026-08-05 01:23:32,25637,93.8,10.4,4
2026-08-05 01:23:37,25642,93.3,10.4,4
2026-08-05 01:23:42,25647,87.5,10.4,4
2026-08-05 01:23:47,25652,79.8,10.4,4
2026-08-05 01:23:52,25657,86.9,10.4,4
2026-08-05 01:23:57,25662,90.4,10.4,4
2026-08-05 01:24:02,25668,90.1,10.4,4
2026-08-05 01:24:08,25673,95.8,10.4,4
2026-08-05 01:24:13,25678,96.8,10.4,4
2026-08-05 01:24:18,25683,97.5,10.3,4
2026-08-05 01:24:23,25688,97.2,10.3,4
2026-08-05 01:24:28,25693,96.5,10.4,4
2026-08-05 01:24:33,25698,92.1,10.4,4
2026-08-05 01:24:38,25703,88.8,10.4,4
2026-08-05 01:24:43,25708,96.1,10.5,4
2026-08-05 01:24:48,25714,92.0,10.5,4
2026-08-05 01:24:54,25719,91.6,10.4,4
2026-08-05 01:24:59,25724,92.5,10.4,4
2026-08-05 01:25:04,25729,93.7,10.4,4
2026-08-05 01:25:09,25734,93.0,10.4,4
2026-08-05 01:25:14,25739,82.9,10.4,4
2026-08-05 01:25:19,25744,83.4,10.4,4
2026-08-05 01:25:24,25749,83.7,10.4,4
2026-08-05 01:25:29,25754,71.0,10.4,4
2026-08-05 01:25:34,25759,71.4,10.4,4
2026-08-05 01:25:39,25764,79.6,10.3,4
2026-08-05 01:25:44,25770,91.0,10.3,4
2026-08-05 01:25:50,25775,91.0,10.3,4
2026-08-05 01:25:55,25780,94.3,10.4,4
2026-08-05 01:26:00,25785,94.1,10.3,4
2026-08-05 01:26:05,25790,90.8,10.3,4
2026-08-05 01:26:10,25795,94.5,10.3,4
2026-08-05 01:26:15,25800,95.2,10.3,4
2026-08-05 01:26:20,25805,91.4,10.3,4
2026-08-05 01:26:25,25810,86.6,10.3,4
2026-08-05 01:26:30,25815,86.6,10.4,4
2026-08-05 01:26:35,25821,89.9,10.3,4
2026-08-05 01:26:41,25826,92.2,10.4,4
2026-08-05 01:26:46,25831,87.4,10.3,4
2026-08-05 01:26:51,25836,80.1,10.3,4
2026-08-05 01:26:56,25841,76.9,10.4,4
2026-08-05 01:27:01,25846,77.1,10.3,4
2026-08-05 01:27:06,25851,75.6,10.4,4
2026-08-05 01:27:11,25856,79.4,10.3,4
2026-08-05 01:27:16,25861,87.0,10.3,4
2026-08-05 01:27:21,25866,87.9,10.3,4
2026-08-05 01:27:26,25871,85.2,10.3,4
2026-08-05 01:27:31,25876,83.6,10.3,4
2026-08-05 01:27:36,25882,85.4,10.3,4
2026-08-05 01:27:42,25887,88.9,10.3,4
2026-08-05 01:27:47,25892,85.4,10.3,4
2026-08-05 01:27:52,25897,87.7,10.3,4
2026-08-05 01:27:57,25902,90.2,10.3,4
2026-08-05 01:28:02,25907,88.4,10.3,4
2026-08-05 01:28:07,25912,83.7,10.3,4
2026-08-05 01:28:12,25917,85.9,10.3,4
2026-08-05 01:28:17,25922,88.5,10.3,4
2026-08-05 01:28:22,25927,89.2,10.3,4
2026-08-05 01:28:27,25932,83.8,10.3,4
2026-08-05 01:28:32,25938,80.6,10.4,4
2026-08-05 01:28:38,25943,78.4,10.3,4
2026-08-05 01:28:43,25948,87.8,10.3,4
2026-08-05 01:28:48,25953,88.0,10.3,4
2026-08-05 01:28:53,25958,86.3,10.3,4
2026-08-05 01:28:58,25963,95.3,10.3,4
2026-08-05 01:29:03,25968,89.6,10.4,4
2026-08-05 01:29:08,25973,92.8,10.3,4
2026-08-05 01:29:13,25978,92.5,10.4,4
2026-08-05 01:29:18,25983,91.9,10.3,4
2026-08-05 01:29:23,25989,91.3,10.3,4
2026-08-05 01:29:29,25994,94.4,10.4,4
2026-08-05 01:29:34,25999,88.0,10.3,4
2026-08-05 01:29:39,26004,89.7,10.3,4
2026-08-05 01:29:44,26009,92.4,10.3,4
2026-08-05 01:29:49,26014,89.8,10.4,4
2026-08-05 01:29:54,26019,90.4,10.3,4
2026-08-05 01:29:59,26024,90.9,10.3,4
2026-08-05 01:30:04,26029,91.2,10.3,4
2026-08-05 01:30:09,26034,90.8,10.4,4
2026-08-05 01:30:14,26039,91.7,10.3,4
2026-08-05 01:30:20,26045,93.5,10.3,4
2026-08-05 01:30:25,26050,92.9,10.3,4
2026-08-05 01:30:30,26055,91.8,10.3,4
2026-08-05 01:30:35,26060,94.0,10.3,4
2026-08-05 01:30:40,26065,96.4,10.3,4
2026-08-05 01:30:45,26070,93.0,10.3,4
2026-08-05 01:30:50,26075,93.4,10.3,4
2026-08-05 01:30:55,26080,92.4,10.3,4
2026-08-05 01:31:00,26085,91.9,10.4,4
2026-08-05 01:31:05,26090,89.4,10.3,4
2026-08-05 01:31:10,26096,88.4,10.4,4
2026-08-05 01:31:16,26101,79.1,10.3,4
2026-08-05 01:31:21,26106,77.5,10.3,4
2026-08-05 01:31:26,26111,76.6,10.3,4
2026-08-05 01:31:31,26116,76.9,10.4,4
2026-08-05 01:31:36,26121,79.6,10.4,4
2026-08-05 01:31:41,26126,94.1,10.4,4
2026-08-05 01:31:46,26131,91.0,10.4,4
2026-08-05 01:31:51,26136,95.3,10.4,4
2026-08-05 01:31:56,26141,95.1,10.5,4
2026-08-05 01:32:01,26147,92.8,10.5,4
2026-08-05 01:32:07,26152,85.3,10.4,4
2026-08-05 01:32:12,26157,90.8,10.4,4
2026-08-05 01:32:17,26162,84.0,10.4,4
2026-08-05 01:32:22,26167,82.5,10.4,4
2026-08-05 01:32:27,26172,87.7,10.4,4
2026-08-05 01:32:32,26177,90.0,10.4,4
2026-08-05 01:32:37,26182,91.9,10.5,4
2026-08-05 01:32:42,26187,85.7,10.5,4
2026-08-05 01:32:47,26192,90.5,10.4,4
2026-08-05 01:32:52,26198,91.8,10.5,4
2026-08-05 01:32:58,26203,83.7,10.4,4
2026-08-05 01:33:03,26208,81.9,10.4,4
2026-08-05 01:33:08,26213,76.7,10.4,4
2026-08-05 01:33:13,26218,76.7,10.4,4
2026-08-05 01:33:18,26223,80.1,10.4,4
2026-08-05 01:33:23,26228,70.9,10.4,4
2026-08-05 01:33:28,26233,70.4,10.4,4
2026-08-05 01:33:33,26238,71.4,10.4,4
2026-08-05 01:33:38,26243,74.4,10.4,4
2026-08-05 01:33:43,26248,80.5,10.3,4
2026-08-05 01:33:48,26253,90.5,10.4,4
2026-08-05 01:33:53,26259,93.4,10.4,4
2026-08-05 01:33:59,26264,93.3,10.4,4
2026-08-05 01:34:04,26269,95.8,10.4,4
2026-08-05 01:34:09,26274,93.3,10.4,4
2026-08-05 01:34:14,26279,91.7,10.3,4
2026-08-05 01:34:19,26284,90.3,10.4,4
2026-08-05 01:34:24,26289,92.6,10.3,4
2026-08-05 01:34:29,26294,89.5,10.4,4
2026-08-05 01:34:34,26299,92.7,10.4,4
2026-08-05 01:34:39,26304,93.3,10.4,4
2026-08-05 01:34:44,26310,93.3,10.3,4
2026-08-05 01:34:50,26315,92.5,10.3,4
2026-08-05 01:34:55,26320,86.5,10.3,4
2026-08-05 01:35:00,26325,85.5,10.3,4
2026-08-05 01:35:05,26330,84.9,10.3,4
2026-08-05 01:35:10,26335,82.3,10.3,4
2026-08-05 01:35:15,26340,78.2,10.3,4
2026-08-05 01:35:20,26345,82.8,10.3,4
2026-08-05 01:35:25,26350,80.8,10.3,4
2026-08-05 01:35:30,26355,84.3,10.3,4
2026-08-05 01:35:35,26361,93.0,10.4,4
2026-08-05 01:35:40,26366,89.4,10.3,4
2026-08-05 01:35:46,26371,93.7,10.3,4
2026-08-05 01:35:51,26376,90.8,10.3,4
2026-08-05 01:35:56,26381,88.9,10.4,4
2026-08-05 01:36:01,26386,88.2,10.3,4
2026-08-05 01:36:06,26391,91.7,10.4,4
2026-08-05 01:36:11,26396,90.6,10.3,4
2026-08-05 01:36:16,26401,92.5,10.4,4
2026-08-05 01:36:21,26406,90.2,10.3,4
2026-08-05 01:36:26,26411,90.6,10.3,4
2026-08-05 01:36:31,26417,87.8,10.3,4
2026-08-05 01:36:37,26422,90.1,10.3,4
2026-08-05 01:36:42,26427,91.0,10.3,4
2026-08-05 01:36:47,26432,92.9,10.3,4
2026-08-05 01:36:52,26437,87.4,10.3,4
2026-08-05 01:36:57,26442,91.9,10.3,4
2026-08-05 01:37:02,26447,89.0,10.3,4
2026-08-05 01:37:07,26452,84.7,10.3,4
2026-08-05 01:37:12,26457,90.1,10.4,4
2026-08-05 01:37:17,26462,95.6,10.4,4
2026-08-05 01:37:22,26467,94.6,10.3,4
2026-08-05 01:37:28,26473,91.3,10.3,4
2026-08-05 01:37:33,26478,92.1,10.3,4
2026-08-05 01:37:38,26483,90.4,10.3,4
2026-08-05 01:37:43,26488,85.9,10.3,4
2026-08-05 01:37:48,26493,83.6,10.3,4
2026-08-05 01:37:53,26498,88.3,10.3,4
2026-08-05 01:37:58,26503,91.2,10.3,4
2026-08-05 01:38:03,26508,86.3,10.3,4
2026-08-05 01:38:08,26513,86.2,10.3,4
2026-08-05 01:38:13,26518,81.6,10.3,4
2026-08-05 01:38:18,26524,87.1,10.3,4
2026-08-05 01:38:23,26529,90.5,10.3,4
2026-08-05 01:38:29,26534,88.6,10.3,4
2026-08-05 01:38:34,26539,90.4,10.3,4
2026-08-05 01:38:39,26544,87.2,10.3,4
2026-08-05 01:38:44,26549,81.3,10.3,4
2026-08-05 01:38:49,26554,82.6,10.3,4
2026-08-05 01:38:54,26559,80.3,10.3,4
2026-08-05 01:38:59,26564,81.5,10.3,4
2026-08-05 01:39:04,26569,90.7,10.4,4
2026-08-05 01:39:09,26574,92.6,10.3,4
2026-08-05 01:39:14,26580,95.0,10.3,4
2026-08-05 01:39:20,26585,96.8,10.4,4
2026-08-05 01:39:25,26590,96.6,10.3,4
2026-08-05 01:39:30,26595,95.7,10.4,4
2026-08-05 01:39:35,26600,91.1,10.4,4
2026-08-05 01:39:40,26605,89.1,10.4,4
2026-08-05 01:39:45,26610,82.4,10.4,4
2026-08-05 01:39:50,26615,87.8,10.3,4
2026-08-05 01:39:55,26620,91.9,10.4,4
2026-08-05 01:40:00,26625,93.8,10.3,4
2026-08-05 01:40:05,26631,91.2,10.3,4
2026-08-05 01:40:10,26636,90.5,10.4,4
2026-08-05 01:40:16,26641,90.6,10.3,4
2026-08-05 01:40:21,26646,89.8,10.4,4
2026-08-05 01:40:26,26651,75.5,10.4,4
2026-08-05 01:40:31,26656,84.8,10.4,4
2026-08-05 01:40:36,26661,87.7,10.4,4
2026-08-05 01:40:41,26666,85.7,10.4,4
2026-08-05 01:40:46,26671,85.8,10.4,4
2026-08-05 01:40:51,26676,79.0,10.4,4
2026-08-05 01:40:56,26681,81.2,10.4,4
2026-08-05 01:41:01,26686,82.4,10.3,4
2026-08-05 01:41:06,26692,83.7,10.4,4
2026-08-05 01:41:12,26697,87.3,10.4,4
2026-08-05 01:41:17,26702,86.2,10.4,4
2026-08-05 01:41:22,26707,82.3,10.4,4
2026-08-05 01:41:27,26712,79.1,10.4,4
2026-08-05 01:41:32,26717,77.5,10.5,4
2026-08-05 01:41:37,26722,77.0,10.5,4
2026-08-05 01:41:42,26727,75.1,10.5,4
2026-08-05 01:41:47,26732,66.9,10.5,4
2026-08-05 01:41:52,26737,78.2,10.4,4
2026-08-05 01:41:57,26742,91.9,10.4,4
2026-08-05 01:42:02,26747,89.1,10.4,4
2026-08-05 01:42:08,26753,95.8,10.4,4
2026-08-05 01:42:13,26758,97.2,10.3,4
2026-08-05 01:42:18,26763,96.7,10.3,4
2026-08-05 01:42:23,26768,96.8,10.3,4
2026-08-05 01:42:28,26773,97.0,10.3,4
2026-08-05 01:42:33,26778,97.5,10.3,4
2026-08-05 01:42:38,26783,96.5,10.3,4
2026-08-05 01:42:43,26788,94.3,10.4,4
2026-08-05 01:42:48,26794,96.9,10.4,4
2026-08-05 01:42:54,26799,96.2,10.4,4
2026-08-05 01:42:59,26804,94.0,10.4,4
2026-08-05 01:43:04,26809,90.1,10.3,4
2026-08-05 01:43:09,26814,86.7,10.3,4
2026-08-05 01:43:14,26819,85.6,10.3,4
2026-08-05 01:43:19,26824,86.1,10.3,4
2026-08-05 01:43:24,26829,87.0,10.3,4
2026-08-05 01:43:29,26834,85.7,10.3,4
2026-08-05 01:43:34,26839,89.8,10.3,4
2026-08-05 01:43:39,26845,89.7,10.4,4
2026-08-05 01:43:44,26850,93.4,10.4,4
2026-08-05 01:43:50,26855,91.0,10.4,4
2026-08-05 01:43:55,26860,88.3,10.4,4
2026-08-05 01:44:00,26865,91.0,10.4,4
2026-08-05 01:44:05,26870,89.0,10.3,4
2026-08-05 01:44:10,26875,89.3,10.3,4
2026-08-05 01:44:15,26880,91.7,10.3,4
2026-08-05 01:44:20,26885,91.3,10.3,4
2026-08-05 01:44:25,26890,83.0,10.3,4
2026-08-05 01:44:30,26895,82.1,10.3,4
2026-08-05 01:44:35,26901,80.9,10.3,4
2026-08-05 01:44:41,26906,80.5,10.3,4
2026-08-05 01:44:46,26911,84.6,10.3,4
2026-08-05 01:44:51,26916,82.2,10.3,4
2026-08-05 01:44:56,26921,79.7,10.4,4
2026-08-05 01:45:01,26926,85.7,10.3,4
2026-08-05 01:45:06,26931,85.3,10.3,4
2026-08-05 01:45:11,26936,86.7,10.3,4
2026-08-05 01:45:16,26941,85.5,10.3,4
2026-08-05 01:45:21,26946,87.6,10.3,4
2026-08-05 01:45:26,26951,85.8,10.3,4
2026-08-05 01:45:31,26956,84.8,10.3,4
2026-08-05 01:45:36,26962,84.2,10.3,4
2026-08-05 01:45:42,26967,82.0,10.3,4
2026-08-05 01:45:47,26972,87.5,10.3,4
2026-08-05 01:45:52,26977,90.8,10.3,4
2026-08-05 01:45:57,26982,89.7,10.3,4
2026-08-05 01:46:02,26987,91.8,10.3,4
2026-08-05 01:46:07,26992,86.8,10.4,4
2026-08-05 01:46:12,26997,77.2,10.3,4
2026-08-05 01:46:17,27002,76.6,10.3,4
2026-08-05 01:46:22,27007,75.0,10.4,4
2026-08-05 01:46:27,27012,82.3,10.4,4
2026-08-05 01:46:32,27017,93.4,10.3,4
2026-08-05 01:46:38,27023,92.1,10.3,4
2026-08-05 01:46:43,27028,94.2,10.4,4
2026-08-05 01:46:48,27033,94.8,10.4,4
2026-08-05 01:46:53,27038,94.2,10.4,4
2026-08-05 01:46:58,27043,89.5,10.4,4
2026-08-05 01:47:03,27048,92.5,10.4,4
2026-08-05 01:47:08,27053,90.3,10.4,4
2026-08-05 01:47:13,27058,91.4,10.3,4
2026-08-05 01:47:18,27063,94.0,10.3,4
2026-08-05 01:47:23,27068,95.9,10.3,4
2026-08-05 01:47:28,27074,92.2,10.3,4
2026-08-05 01:47:34,27079,89.1,10.3,4
2026-08-05 01:47:39,27084,89.1,10.3,4
2026-08-05 01:47:44,27089,90.9,10.4,4
2026-08-05 01:47:49,27094,87.9,10.3,4
2026-08-05 01:47:54,27099,91.1,10.3,4
2026-08-05 01:47:59,27104,89.5,10.3,4
2026-08-05 01:48:04,27109,85.1,10.3,4
2026-08-05 01:48:09,27114,83.3,10.4,4
2026-08-05 01:48:14,27119,84.4,10.4,4
2026-08-05 01:48:19,27124,79.0,10.4,4
2026-08-05 01:48:24,27129,81.9,10.4,4
2026-08-05 01:48:29,27135,75.3,10.4,4
2026-08-05 01:48:35,27140,75.9,10.4,4
2026-08-05 01:48:40,27145,80.6,10.4,4
2026-08-05 01:48:45,27150,79.2,10.5,4
2026-08-05 01:48:50,27155,91.1,10.4,4
2026-08-05 01:48:55,27160,93.9,10.5,4
2026-08-05 01:49:00,27165,91.1,10.4,4
2026-08-05 01:49:05,27170,95.7,10.4,4
2026-08-05 01:49:10,27175,96.2,10.4,4
2026-08-05 01:49:15,27180,93.1,10.4,4
2026-08-05 01:49:20,27186,94.3,10.4,4
2026-08-05 01:49:26,27191,96.3,10.4,4
2026-08-05 01:49:31,27196,88.2,10.4,4
2026-08-05 01:49:36,27201,81.8,10.4,4
2026-08-05 01:49:41,27206,87.8,10.4,4
2026-08-05 01:49:46,27211,90.7,10.4,4
2026-08-05 01:49:51,27216,90.6,10.4,4
2026-08-05 01:49:56,27221,87.8,10.4,4
2026-08-05 01:50:01,27226,95.2,10.4,4
2026-08-05 01:50:06,27232,96.5,10.3,4
2026-08-05 01:50:12,27237,95.3,10.4,4
2026-08-05 01:50:17,27242,96.8,10.4,4
2026-08-05 01:50:22,27247,97.1,10.4,4
2026-08-05 01:50:27,27252,97.4,10.4,4
2026-08-05 01:50:32,27257,92.8,10.4,4
2026-08-05 01:50:37,27262,94.6,10.4,4
2026-08-05 01:50:42,27267,95.7,10.4,4
2026-08-05 01:50:47,27272,94.8,10.4,4
2026-08-05 01:50:52,27278,94.3,10.4,4
2026-08-05 01:50:57,27283,95.2,10.4,4
2026-08-05 01:51:03,27288,94.5,10.4,4
2026-08-05 01:51:08,27293,95.0,10.4,4
2026-08-05 01:51:13,27298,85.1,10.3,4
2026-08-05 01:51:18,27303,84.0,10.3,4
2026-08-05 01:51:23,27308,87.4,10.3,4
2026-08-05 01:51:28,27313,83.8,10.3,4
2026-08-05 01:51:33,27318,80.9,10.3,4
2026-08-05 01:51:38,27323,77.2,10.3,4
2026-08-05 01:51:43,27328,81.3,10.3,4
2026-08-05 01:51:48,27334,88.3,10.3,4
2026-08-05 01:51:53,27339,85.1,10.4,4
2026-08-05 01:51:59,27344,86.4,10.3,4
2026-08-05 01:52:04,27349,83.8,10.4,4
2026-08-05 01:52:09,27354,74.4,10.4,4
2026-08-05 01:52:14,27359,76.1,10.3,4
2026-08-05 01:52:19,27364,78.3,10.3,4
2026-08-05 01:52:24,27369,80.7,10.4,4
2026-08-05 01:52:29,27374,83.8,10.4,4
2026-08-05 01:52:34,27379,82.8,10.3,4
2026-08-05 01:52:39,27384,83.2,10.3,4
2026-08-05 01:52:44,27389,85.9,10.3,4
2026-08-05 01:52:49,27394,88.3,10.3,4
2026-08-05 01:52:54,27400,84.4,10.3,4
2026-08-05 01:53:00,27405,84.3,10.3,4
2026-08-05 01:53:05,27410,83.4,10.4,4
2026-08-05 01:53:10,27415,79.2,10.3,4
2026-08-05 01:53:15,27420,87.4,10.3,4
2026-08-05 01:53:20,27425,88.6,10.3,4
2026-08-05 01:53:25,27430,87.9,10.3,4
2026-08-05 01:53:30,27435,83.5,10.3,4
2026-08-05 01:53:35,27440,78.8,10.3,4
2026-08-05 01:53:40,27445,72.0,10.3,4
2026-08-05 01:53:45,27450,85.6,10.3,4
2026-08-05 01:53:50,27456,83.3,10.3,4
2026-08-05 01:53:56,27461,89.0,10.3,4
2026-08-05 01:54:01,27466,95.2,10.3,4
2026-08-05 01:54:06,27471,91.8,10.3,4
2026-08-05 01:54:11,27476,95.0,10.3,4
2026-08-05 01:54:16,27481,94.3,10.3,4
2026-08-05 01:54:21,27486,91.8,10.4,4
2026-08-05 01:54:26,27491,91.1,10.3,4
2026-08-05 01:54:31,27496,92.6,10.4,4
2026-08-05 01:54:36,27501,93.0,10.4,4
2026-08-05 01:54:41,27507,89.6,10.4,4
2026-08-05 01:54:47,27512,92.1,10.3,4
2026-08-05 01:54:52,27517,95.4,10.3,4
2026-08-05 01:54:57,27522,95.1,10.3,4
2026-08-05 01:55:02,27527,95.0,10.3,4
2026-08-05 01:55:07,27532,89.8,10.3,4
2026-08-05 01:55:12,27537,88.1,10.3,4
2026-08-05 01:55:17,27542,80.2,10.3,4
2026-08-05 01:55:22,27547,79.0,10.3,4
2026-08-05 01:55:27,27552,84.7,10.3,4
2026-08-05 01:55:32,27557,83.4,10.3,4
2026-08-05 01:55:37,27563,93.1,10.3,4
2026-08-05 01:55:43,27568,91.1,10.3,4
2026-08-05 01:55:48,27573,93.6,10.3,4
2026-08-05 01:55:53,27578,90.0,10.3,4
2026-08-05 01:55:58,27583,92.6,10.3,4
2026-08-05 01:56:03,27588,92.8,10.3,4
2026-08-05 01:56:08,27593,95.2,10.4,4
2026-08-05 01:56:13,27598,90.8,10.3,4
2026-08-05 01:56:18,27603,89.1,10.4,4
2026-08-05 01:56:23,27608,90.5,10.4,4
2026-08-05 01:56:28,27614,92.1,10.5,4
2026-08-05 01:56:34,27619,90.7,10.4,4
2026-08-05 01:56:39,27624,89.4,10.4,4
2026-08-05 01:56:44,27629,89.4,10.4,4
2026-08-05 01:56:49,27634,87.7,10.4,4
2026-08-05 01:56:54,27639,89.1,10.4,4
2026-08-05 01:56:59,27644,91.8,10.4,4
2026-08-05 01:57:04,27649,86.7,10.4,4
2026-08-05 01:57:09,27654,88.2,10.4,4
2026-08-05 01:57:14,27659,90.4,10.3,4
2026-08-05 01:57:19,27665,93.6,10.4,4
2026-08-05 01:57:24,27670,90.4,10.4,4
2026-08-05 01:57:30,27675,90.3,10.4,4
2026-08-05 01:57:35,27680,91.7,10.4,4
2026-08-05 01:57:40,27685,83.3,10.4,4
2026-08-05 01:57:45,27690,79.7,10.4,4
2026-08-05 01:57:50,27695,79.7,10.3,4
2026-08-05 01:57:55,27700,80.4,10.4,4
2026-08-05 01:58:00,27705,72.7,10.3,4
2026-08-05 01:58:05,27710,85.0,10.3,4
2026-08-05 01:58:10,27715,90.1,10.3,4
2026-08-05 01:58:15,27720,89.2,10.3,4
2026-08-05 01:58:20,27726,95.7,10.3,4
2026-08-05 01:58:26,27731,96.1,10.3,4
2026-08-05 01:58:31,27736,94.3,10.4,4
2026-08-05 01:58:36,27741,90.8,10.4,4
2026-08-05 01:58:41,27746,95.9,10.4,4
2026-08-05 01:58:46,27751,89.7,10.4,4
2026-08-05 01:58:51,27756,84.3,10.4,4
2026-08-05 01:58:56,27761,86.1,10.3,4
2026-08-05 01:59:01,27766,89.8,10.3,4
2026-08-05 01:59:06,27772,90.8,10.3,4
2026-08-05 01:59:12,27777,83.6,10.3,4
2026-08-05 01:59:17,27782,85.9,10.3,4
2026-08-05 01:59:22,27787,81.2,10.3,4
2026-08-05 01:59:27,27792,86.2,10.3,4
2026-08-05 01:59:32,27797,82.8,10.4,4
2026-08-05 01:59:37,27802,79.0,10.3,4
2026-08-05 01:59:42,27807,86.0,10.3,4
2026-08-05 01:59:47,27812,86.2,10.3,4
2026-08-05 01:59:52,27817,84.9,10.3,4
2026-08-05 01:59:57,27822,91.0,10.3,4
2026-08-05 02:00:02,27828,89.3,10.3,4
2026-08-05 02:00:08,27833,85.5,10.3,4
2026-08-05 02:00:13,27838,81.3,10.3,4
2026-08-05 02:00:18,27843,84.5,10.3,4
2026-08-05 02:00:23,27848,88.8,10.3,4
2026-08-05 02:00:28,27853,93.6,10.3,4
2026-08-05 02:00:33,27858,91.4,10.3,4
2026-08-05 02:00:38,27863,87.8,10.3,4
2026-08-05 02:00:43,27868,88.8,10.3,4
2026-08-05 02:00:48,27873,86.5,10.3,4
2026-08-05 02:00:53,27878,82.5,10.3,4
2026-08-05 02:00:58,27884,87.4,10.3,4
2026-08-05 02:01:03,27889,78.1,10.3,4
2026-08-05 02:01:09,27894,79.8,10.3,4
2026-08-05 02:01:14,27899,83.3,10.3,4
2026-08-05 02:01:19,27904,82.1,10.3,4
2026-08-05 02:01:24,27909,92.2,10.4,4
2026-08-05 02:01:29,27914,95.9,10.3,4
2026-08-05 02:01:34,27919,92.7,10.4,4
2026-08-05 02:01:39,27924,96.7,10.4,4
2026-08-05 02:01:44,27929,96.5,10.4,4
2026-08-05 02:01:49,27934,94.6,10.4,4
2026-08-05 02:01:54,27940,90.2,10.4,4
2026-08-05 02:02:00,27945,92.3,10.4,4
2026-08-05 02:02:05,27950,92.1,10.3,4
2026-08-05 02:02:10,27955,87.5,10.4,4
2026-08-05 02:02:15,27960,93.1,10.3,4
2026-08-05 02:02:20,27965,95.7,10.4,4
2026-08-05 02:02:25,27970,94.6,10.4,4
2026-08-05 02:02:30,27975,97.1,10.3,4
2026-08-05 02:02:35,27980,96.2,10.4,4
2026-08-05 02:02:40,27985,94.5,10.4,4
2026-08-05 02:02:45,27990,94.5,10.3,4
2026-08-05 02:02:50,27996,92.8,10.3,4
2026-08-05 02:02:56,28001,87.6,10.3,4
2026-08-05 02:03:01,28006,88.3,10.3,4
2026-08-05 02:03:06,28011,90.6,10.3,4
2026-08-05 02:03:11,28016,93.0,10.4,4
2026-08-05 02:03:16,28021,90.0,10.4,4
2026-08-05 02:03:21,28026,87.4,10.4,4
2026-08-05 02:03:26,28031,85.7,10.3,4
2026-08-05 02:03:31,28036,86.1,10.4,4
2026-08-05 02:03:36,28041,90.4,10.4,4
2026-08-05 02:03:41,28047,92.6,10.3,4
2026-08-05 02:03:47,28052,89.9,10.3,4
2026-08-05 02:03:52,28057,86.9,10.3,4
2026-08-05 02:03:57,28062,87.6,10.3,4
2026-08-05 02:04:02,28067,88.7,10.4,4
2026-08-05 02:04:07,28072,91.3,10.4,4
2026-08-05 02:04:12,28077,91.2,10.3,4
2026-08-05 02:04:17,28082,92.0,10.3,4
2026-08-05 02:04:22,28087,88.0,10.4,4
2026-08-05 02:04:27,28092,82.8,10.3,4
2026-08-05 02:04:32,28098,83.8,10.3,4
2026-08-05 02:04:37,28103,81.4,10.4,4
2026-08-05 02:04:43,28108,85.1,10.4,4
2026-08-05 02:04:48,28113,81.6,10.4,4
2026-08-05 02:04:53,28118,77.6,10.4,4
2026-08-05 02:04:58,28123,75.9,10.4,4
2026-08-05 02:05:03,28128,88.5,10.4,4
2026-08-05 02:05:08,28133,82.6,10.4,4
2026-08-05 02:05:13,28138,84.1,10.4,4
2026-08-05 02:05:18,28143,88.1,10.4,4
2026-08-05 02:05:23,28148,80.7,10.4,4
2026-08-05 02:05:28,28153,76.2,10.4,4
2026-08-05 02:05:33,28158,73.8,10.4,4
2026-08-05 02:05:38,28164,74.1,10.4,4
2026-08-05 02:05:44,28169,74.2,10.5,4
2026-08-05 02:05:49,28174,71.3,10.5,4
2026-08-05 02:05:54,28179,70.5,10.5,4
2026-08-05 02:05:59,28184,83.7,10.5,4
2026-08-05 02:06:04,28189,81.7,10.5,4
2026-08-05 02:06:09,28194,78.9,10.4,4
2026-08-05 02:06:14,28199,91.3,10.4,4
2026-08-05 02:06:19,28204,89.1,10.4,4
2026-08-05 02:06:24,28209,93.1,10.4,4
2026-08-05 02:06:29,28214,95.7,10.3,4
2026-08-05 02:06:34,28220,96.5,10.4,4
2026-08-05 02:06:40,28225,91.4,10.4,4
2026-08-05 02:06:45,28230,91.9,10.4,4
2026-08-05 02:06:50,28235,90.0,10.4,4
2026-08-05 02:06:55,28240,81.9,10.4,4
2026-08-05 02:07:00,28245,90.0,10.4,4
2026-08-05 02:07:05,28250,94.9,10.4,4
2026-08-05 02:07:10,28255,94.1,10.4,4
2026-08-05 02:07:15,28260,92.9,10.4,4
2026-08-05 02:07:20,28265,86.5,10.3,4
2026-08-05 02:07:25,28271,85.1,10.3,4
2026-08-05 02:07:31,28276,81.9,10.3,4
2026-08-05 02:07:36,28281,83.0,10.4,4
2026-08-05 02:07:41,28286,85.0,10.4,4
2026-08-05 02:07:46,28291,86.0,10.4,4
2026-08-05 02:07:51,28296,88.4,10.3,4
2026-08-05 02:07:56,28301,89.9,10.3,4
2026-08-05 02:08:01,28306,84.6,10.3,4
2026-08-05 02:08:06,28311,89.4,10.3,4
2026-08-05 02:08:11,28316,90.5,10.4,4
2026-08-05 02:08:16,28321,91.8,10.3,4
2026-08-05 02:08:21,28327,90.1,10.4,4
2026-08-05 02:08:27,28332,83.6,10.3,4
2026-08-05 02:08:32,28337,71.6,10.4,4
2026-08-05 02:08:37,28342,78.2,10.4,4
2026-08-05 02:08:42,28347,76.6,10.4,4
2026-08-05 02:08:47,28352,88.9,10.4,4
2026-08-05 02:08:52,28357,95.6,10.4,4
2026-08-05 02:08:57,28362,96.0,10.4,4
2026-08-05 02:09:02,28367,97.8,10.3,4
2026-08-05 02:09:07,28372,97.6,10.4,4
2026-08-05 02:09:12,28378,97.5,10.4,4
2026-08-05 02:09:18,28383,96.0,10.4,4
2026-08-05 02:09:23,28388,95.7,10.4,4
2026-08-05 02:09:28,28393,95.8,10.4,4
2026-08-05 02:09:33,28398,95.8,10.4,4
2026-08-05 02:09:38,28403,93.1,10.4,4
2026-08-05 02:09:43,28408,95.6,10.3,4
2026-08-05 02:09:48,28413,96.8,10.4,4
2026-08-05 02:09:53,28418,96.9,10.4,4
2026-08-05 02:09:58,28423,95.9,10.4,4
2026-08-05 02:10:04,28429,93.7,10.3,4
2026-08-05 02:10:09,28434,94.8,10.4,4
2026-08-05 02:10:14,28439,96.1,10.3,4
2026-08-05 02:10:19,28444,96.5,10.4,4
2026-08-05 02:10:24,28449,96.3,10.4,4
2026-08-05 02:10:29,28454,93.3,10.4,4
2026-08-05 02:10:34,28459,93.4,10.3,4
2026-08-05 02:10:39,28464,90.4,10.3,4
2026-08-05 02:10:44,28469,91.0,10.4,4
2026-08-05 02:10:49,28474,91.5,10.3,4
2026-08-05 02:10:54,28480,90.7,10.3,4
2026-08-05 02:11:00,28485,92.6,10.3,4
2026-08-05 02:11:05,28490,90.5,10.3,4
2026-08-05 02:11:10,28495,85.4,10.3,4
2026-08-05 02:11:15,28500,83.4,10.4,4
2026-08-05 02:11:20,28505,85.0,10.3,4
2026-08-05 02:11:25,28510,84.9,10.3,4
2026-08-05 02:11:30,28515,79.5,10.3,4
2026-08-05 02:11:35,28520,78.9,10.4,4
2026-08-05 02:11:40,28525,76.6,10.3,4
2026-08-05 02:11:45,28530,83.8,10.3,4
2026-08-05 02:11:50,28536,86.1,10.4,4
2026-08-05 02:11:56,28541,86.8,10.4,4
2026-08-05 02:12:01,28546,87.0,10.3,4
2026-08-05 02:12:06,28551,77.4,10.3,4
2026-08-05 02:12:11,28556,78.8,10.4,4
2026-08-05 02:12:16,28561,84.7,10.3,4
2026-08-05 02:12:21,28566,86.6,10.4,4
2026-08-05 02:12:26,28571,83.5,10.3,4
2026-08-05 02:12:31,28576,84.8,10.3,4
2026-08-05 02:12:36,28581,88.9,10.3,4
2026-08-05 02:12:41,28586,84.4,10.3,4
2026-08-05 02:12:46,28592,89.2,10.3,4
2026-08-05 02:12:52,28597,90.8,10.3,4
2026-08-05 02:12:57,28602,78.7,10.4,4
2026-08-05 02:13:02,28607,77.2,10.4,4
2026-08-05 02:13:07,28612,79.9,10.4,4
2026-08-05 02:13:12,28617,78.3,10.4,4
2026-08-05 02:13:17,28622,80.1,10.4,4
2026-08-05 02:13:22,28627,76.0,10.4,4
2026-08-05 02:13:27,28632,77.5,10.4,4
2026-08-05 02:13:32,28637,81.8,10.5,4
2026-08-05 02:13:37,28642,81.6,10.5,4
2026-08-05 02:13:42,28647,83.3,10.4,4
2026-08-05 02:13:47,28652,82.1,10.5,4
2026-08-05 02:13:52,28658,73.5,10.4,4
2026-08-05 02:13:57,28663,73.0,10.4,4
2026-08-05 02:14:03,28668,80.7,10.4,4
2026-08-05 02:14:08,28673,77.9,10.4,4
2026-08-05 02:14:13,28678,77.7,10.4,4
2026-08-05 02:14:18,28683,83.7,10.4,4
2026-08-05 02:14:23,28688,94.1,10.4,4
2026-08-05 02:14:28,28693,92.0,10.4,4
2026-08-05 02:14:33,28698,96.0,10.4,4
2026-08-05 02:14:38,28703,95.1,10.4,4
2026-08-05 02:14:43,28708,95.3,10.4,4
2026-08-05 02:14:48,28714,95.2,10.4,4
2026-08-05 02:14:54,28719,95.7,10.4,4
2026-08-05 02:14:59,28724,92.7,10.4,4
2026-08-05 02:15:04,28729,91.2,10.4,4
2026-08-05 02:15:09,28734,87.0,10.4,4
2026-08-05 02:15:14,28739,89.6,10.3,4
2026-08-05 02:15:19,28744,91.3,10.4,4
2026-08-05 02:15:24,28749,87.3,10.3,4
2026-08-05 02:15:29,28754,88.8,10.3,4
2026-08-05 02:15:34,28759,91.6,10.3,4
2026-08-05 02:15:39,28765,93.1,10.3,4
2026-08-05 02:15:45,28770,96.2,10.3,4
2026-08-05 02:15:50,28775,95.3,10.3,4
2026-08-05 02:15:55,28780,93.1,10.4,4
2026-08-05 02:16:00,28785,92.0,10.4,4
2026-08-05 02:16:05,28790,89.7,10.3,4
2026-08-05 02:16:10,28795,84.8,10.4,4
2026-08-05 02:16:15,28800,84.3,10.4,4
2026-08-05 02:16:20,28805,90.8,10.4,4
2026-08-05 02:16:25,28810,92.5,10.3,4
2026-08-05 02:16:30,28816,95.7,10.3,4
2026-08-05 02:16:36,28821,91.1,10.3,4
2026-08-05 02:16:41,28826,95.9,10.3,4
2026-08-05 02:16:46,28831,96.2,10.4,4
2026-08-05 02:16:51,28836,97.0,10.3,4
2026-08-05 02:16:56,28841,96.1,10.3,4
2026-08-05 02:17:01,28846,96.6,10.4,4
2026-08-05 02:17:06,28851,97.3,10.3,4
2026-08-05 02:17:11,28857,94.1,10.4,4
2026-08-05 02:17:16,28862,93.2,10.4,4
2026-08-05 02:17:22,28867,95.3,10.3,4
2026-08-05 02:17:27,28872,95.5,10.3,4
2026-08-05 02:17:32,28877,96.1,10.4,4
2026-08-05 02:17:37,28882,95.3,10.3,4
2026-08-05 02:17:42,28887,94.2,10.4,4
2026-08-05 02:17:47,28892,94.2,10.3,4
2026-08-05 02:17:52,28897,90.3,10.3,4
2026-08-05 02:17:57,28902,81.7,10.3,4
2026-08-05 02:18:02,28907,84.8,10.3,4
2026-08-05 02:18:07,28912,82.7,10.3,4
2026-08-05 02:18:13,28918,79.7,10.3,4
2026-08-05 02:18:18,28923,77.1,10.4,4
2026-08-05 02:18:23,28928,83.7,10.3,4
2026-08-05 02:18:28,28933,85.3,10.3,4
2026-08-05 02:18:33,28938,84.7,10.3,4
2026-08-05 02:18:38,28943,85.7,10.3,4
2026-08-05 02:18:43,28948,85.7,10.4,4
2026-08-05 02:18:48,28953,77.1,10.4,4
2026-08-05 02:18:53,28958,79.4,10.3,4
2026-08-05 02:18:58,28963,79.0,10.3,4
2026-08-05 02:19:03,28968,81.1,10.4,4
2026-08-05 02:19:08,28973,77.6,10.4,4
2026-08-05 02:19:14,28979,81.2,10.4,4
2026-08-05 02:19:19,28984,79.0,10.4,4
2026-08-05 02:19:24,28989,87.9,10.4,4
2026-08-05 02:19:29,28994,90.5,10.3,4
2026-08-05 02:19:34,28999,85.2,10.4,4
2026-08-05 02:19:39,29004,86.6,10.3,4
2026-08-05 02:19:44,29009,78.2,10.3,4
2026-08-05 02:19:49,29014,81.6,10.3,4
2026-08-05 02:19:54,29019,86.4,10.3,4
2026-08-05 02:19:59,29024,86.9,10.4,4
2026-08-05 02:20:04,29029,81.8,10.4,4
2026-08-05 02:20:09,29035,84.9,10.3,4
2026-08-05 02:20:15,29040,80.8,10.3,4
2026-08-05 02:20:20,29045,82.7,10.4,4
2026-08-05 02:20:25,29050,86.1,10.3,4
2026-08-05 02:20:30,29055,86.2,10.4,4
2026-08-05 02:20:35,29060,84.6,10.3,4
2026-08-05 02:20:40,29065,86.7,10.3,4
2026-08-05 02:20:45,29070,83.9,10.4,4
2026-08-05 02:20:50,29075,83.0,10.4,4
2026-08-05 02:20:55,29080,83.9,10.5,4
2026-08-05 02:21:00,29085,89.8,10.5,4
2026-08-05 02:21:05,29091,92.2,10.5,4
2026-08-05 02:21:11,29096,92.2,10.4,4
2026-08-05 02:21:16,29101,87.1,10.4,4
2026-08-05 02:21:21,29106,80.4,10.4,4
2026-08-05 02:21:26,29111,86.8,10.4,4
2026-08-05 02:21:31,29116,93.1,10.5,4
2026-08-05 02:21:36,29121,95.0,10.4,4
2026-08-05 02:21:41,29126,89.1,10.4,4
2026-08-05 02:21:46,29131,80.5,10.4,4
2026-08-05 02:21:51,29136,72.4,10.4,4
2026-08-05 02:21:56,29141,66.6,10.4,4
2026-08-05 02:22:01,29147,70.1,10.4,4
2026-08-05 02:22:06,29152,89.2,10.4,4
2026-08-05 02:22:12,29157,88.1,10.4,4
2026-08-05 02:22:17,29162,93.9,10.4,4
2026-08-05 02:22:22,29167,92.2,10.4,4
2026-08-05 02:22:27,29172,96.5,10.4,4
2026-08-05 02:22:32,29177,96.6,10.4,4
2026-08-05 02:22:37,29182,97.2,10.4,4
2026-08-05 02:22:42,29187,98.1,10.4,4
2026-08-05 02:22:47,29193,97.4,10.3,4
2026-08-05 02:22:53,29198,98.1,10.3,4
2026-08-05 02:22:58,29203,97.5,10.3,4
2026-08-05 02:23:03,29208,97.9,10.4,4
2026-08-05 02:23:08,29213,97.9,10.3,4
2026-08-05 02:23:13,29218,97.3,10.4,4
2026-08-05 02:23:18,29223,95.6,10.4,4
2026-08-05 02:23:23,29228,96.5,10.4,4
2026-08-05 02:23:28,29233,97.2,10.4,4
2026-08-05 02:23:33,29239,96.9,10.4,4
2026-08-05 02:23:39,29244,96.3,10.3,4
2026-08-05 02:23:44,29249,86.9,10.4,4
2026-08-05 02:23:49,29254,85.6,10.4,4
2026-08-05 02:23:54,29259,84.2,10.3,4
2026-08-05 02:23:59,29264,85.0,10.3,4
2026-08-05 02:24:04,29269,94.9,10.4,4
2026-08-05 02:24:09,29274,95.4,10.4,4
2026-08-05 02:24:14,29279,95.2,10.4,4
2026-08-05 02:24:19,29285,97.0,10.3,4
2026-08-05 02:24:25,29290,97.2,10.3,4
2026-08-05 02:24:30,29295,91.3,10.4,4
2026-08-05 02:24:35,29300,89.9,10.3,4
2026-08-05 02:24:40,29305,92.4,10.4,4
2026-08-05 02:24:45,29310,89.4,10.4,4
2026-08-05 02:24:50,29315,85.8,10.4,4
2026-08-05 02:24:55,29320,87.5,10.4,4
2026-08-05 02:25:00,29325,88.4,10.4,4
2026-08-05 02:25:05,29330,89.5,10.4,4
2026-08-05 02:25:10,29335,91.3,10.3,4
2026-08-05 02:25:15,29341,88.6,10.4,4
2026-08-05 02:25:21,29346,90.7,10.3,4
2026-08-05 02:25:26,29351,85.4,10.3,4
2026-08-05 02:25:31,29356,79.5,10.4,4
2026-08-05 02:25:36,29361,80.7,10.3,4
2026-08-05 02:25:41,29366,75.6,10.3,4
2026-08-05 02:25:46,29371,78.2,10.3,4
2026-08-05 02:25:51,29376,79.9,10.3,4
2026-08-05 02:25:56,29381,77.3,10.3,4
2026-08-05 02:26:01,29386,82.5,10.4,4
2026-08-05 02:26:06,29391,82.3,10.4,4
2026-08-05 02:26:11,29396,87.0,10.3,4
2026-08-05 02:26:16,29402,84.0,10.3,4
2026-08-05 02:26:22,29407,80.6,10.4,4
2026-08-05 02:26:27,29412,85.2,10.4,4
2026-08-05 02:26:32,29417,84.0,10.3,4
2026-08-05 02:26:37,29422,83.7,10.4,4
2026-08-05 02:26:42,29427,88.1,10.4,4
2026-08-05 02:26:47,29432,75.6,10.4,4
2026-08-05 02:26:52,29437,79.4,10.4,4
2026-08-05 02:26:57,29442,77.3,10.3,4
2026-08-05 02:27:02,29447,77.0,10.4,4
2026-08-05 02:27:07,29452,86.5,10.3,4
2026-08-05 02:27:12,29458,82.5,10.3,4
2026-08-05 02:27:18,29463,82.0,10.3,4
2026-08-05 02:27:23,29468,86.5,10.4,4
2026-08-05 02:27:28,29473,90.6,10.3,4
2026-08-05 02:27:33,29478,86.4,10.4,4
2026-08-05 02:27:38,29483,88.0,10.4,4
2026-08-05 02:27:43,29488,86.9,10.3,4
2026-08-05 02:27:48,29493,87.1,10.4,4
2026-08-05 02:27:53,29498,87.6,10.4,4
2026-08-05 02:27:58,29503,85.7,10.3,4
2026-08-05 02:28:03,29508,79.4,10.4,4
2026-08-05 02:28:08,29514,87.7,10.3,4
2026-08-05 02:28:14,29519,87.8,10.4,4
2026-08-05 02:28:19,29524,83.8,10.3,4
2026-08-05 02:28:24,29529,88.6,10.4,4
2026-08-05 02:28:29,29534,85.4,10.3,4
2026-08-05 02:28:34,29539,80.1,10.4,4
2026-08-05 02:28:39,29544,78.0,10.4,4
2026-08-05 02:28:44,29549,74.6,10.5,4
2026-08-05 02:28:49,29554,87.4,10.5,4
2026-08-05 02:28:54,29559,87.0,10.5,4
2026-08-05 02:28:59,29564,92.8,10.4,4
2026-08-05 02:29:04,29570,96.3,10.4,4
2026-08-05 02:29:10,29575,94.3,10.4,4
2026-08-05 02:29:15,29580,90.0,10.4,4
2026-08-05 02:29:20,29585,89.8,10.5,4
2026-08-05 02:29:25,29590,93.6,10.4,4
2026-08-05 02:29:30,29595,84.7,10.5,4
2026-08-05 02:29:35,29600,93.2,10.4,4
2026-08-05 02:29:40,29605,93.8,10.4,4
2026-08-05 02:29:45,29610,94.4,10.4,4
2026-08-05 02:29:50,29615,92.3,10.4,4
2026-08-05 02:29:55,29621,88.4,10.4,4
2026-08-05 02:30:01,29626,89.2,10.4,4
2026-08-05 02:30:06,29631,85.2,10.4,4
2026-08-05 02:30:11,29636,90.4,10.5,4
2026-08-05 02:30:16,29641,88.7,10.4,4
2026-08-05 02:30:21,29646,89.9,10.4,4
2026-08-05 02:30:26,29651,88.2,10.5,4
2026-08-05 02:30:31,29656,93.3,10.4,4
2026-08-05 02:30:36,29661,96.1,10.4,4
2026-08-05 02:30:41,29666,96.6,10.4,4
2026-08-05 02:30:46,29672,98.0,10.4,4
2026-08-05 02:30:52,29677,98.3,10.4,4
2026-08-05 02:30:57,29682,97.9,10.4,4
2026-08-05 02:31:02,29687,97.1,10.3,4
2026-08-05 02:31:07,29692,95.1,10.4,4
2026-08-05 02:31:12,29697,92.9,10.4,4
2026-08-05 02:31:17,29702,84.3,10.4,4
2026-08-05 02:31:22,29707,90.5,10.4,4
2026-08-05 02:31:27,29712,91.2,10.4,4
2026-08-05 02:31:32,29718,94.3,10.4,4
2026-08-05 02:31:38,29723,96.6,10.4,4
2026-08-05 02:31:43,29728,92.2,10.4,4
2026-08-05 02:31:48,29733,96.4,10.3,4
2026-08-05 02:31:53,29738,94.9,10.4,4
2026-08-05 02:31:58,29743,94.6,10.4,4
2026-08-05 02:32:03,29748,92.9,10.3,4
2026-08-05 02:32:08,29753,94.9,10.4,4
2026-08-05 02:32:13,29758,92.8,10.3,4
2026-08-05 02:32:18,29763,86.7,10.4,4
2026-08-05 02:32:23,29768,88.5,10.4,4
2026-08-05 02:32:29,29774,88.0,10.4,4
2026-08-05 02:32:34,29779,84.9,10.4,4
2026-08-05 02:32:39,29784,85.7,10.4,4
2026-08-05 02:32:44,29789,87.1,10.3,4
2026-08-05 02:32:49,29794,85.3,10.4,4
2026-08-05 02:32:54,29799,88.0,10.4,4
2026-08-05 02:32:59,29804,83.8,10.3,4
2026-08-05 02:33:04,29809,84.5,10.4,4
2026-08-05 02:33:09,29814,84.4,10.4,4
2026-08-05 02:33:14,29819,78.3,10.4,4
2026-08-05 02:33:19,29824,80.2,10.3,4
2026-08-05 02:33:24,29830,88.5,10.3,4
2026-08-05 02:33:30,29835,85.9,10.3,4
2026-08-05 02:33:35,29840,82.9,10.3,4
2026-08-05 02:33:40,29845,77.8,10.3,4
2026-08-05 02:33:45,29850,81.9,10.3,4
2026-08-05 02:33:50,29855,83.1,10.3,4
2026-08-05 02:33:55,29860,81.3,10.3,4
2026-08-05 02:34:00,29865,84.2,10.4,4
2026-08-05 02:34:05,29870,85.4,10.3,4
2026-08-05 02:34:10,29875,85.7,10.3,4
2026-08-05 02:34:15,29880,83.2,10.3,4
2026-08-05 02:34:20,29885,81.2,10.4,4
2026-08-05 02:34:25,29891,87.8,10.4,4
2026-08-05 02:34:31,29896,84.1,10.3,4
2026-08-05 02:34:36,29901,89.1,10.4,4
2026-08-05 02:34:41,29906,89.3,10.4,4
2026-08-05 02:34:46,29911,81.7,10.4,4
2026-08-05 02:34:51,29916,83.1,10.4,4
2026-08-05 02:34:56,29921,85.7,10.3,4
2026-08-05 02:35:01,29926,87.3,10.3,4
2026-08-05 02:35:06,29931,84.6,10.4,4
2026-08-05 02:35:11,29936,82.9,10.3,4
2026-08-05 02:35:16,29941,79.5,10.3,4
2026-08-05 02:35:21,29947,77.4,10.4,4
2026-08-05 02:35:27,29952,79.7,10.4,4
2026-08-05 02:35:32,29957,86.4,10.4,4
2026-08-05 02:35:37,29962,91.2,10.4,4
2026-08-05 02:35:42,29967,89.8,10.4,4
2026-08-05 02:35:47,29972,93.7,10.4,4
2026-08-05 02:35:52,29977,93.7,10.4,4
2026-08-05 02:35:57,29982,91.0,10.4,4
2026-08-05 02:36:02,29987,94.4,10.3,4
2026-08-05 02:36:07,29992,94.8,10.4,4
2026-08-05 02:36:12,29998,91.6,10.3,4
2026-08-05 02:36:18,30003,84.7,10.4,4
2026-08-05 02:36:23,30008,87.1,10.3,4
2026-08-05 02:36:28,30013,90.0,10.4,4
2026-08-05 02:36:33,30018,91.9,10.4,4
2026-08-05 02:36:38,30023,92.0,10.4,4
2026-08-05 02:36:43,30028,91.2,10.4,4
2026-08-05 02:36:48,30033,89.1,10.4,4
2026-08-05 02:36:53,30038,87.0,10.4,4
2026-08-05 02:36:58,30043,88.2,10.4,4
2026-08-05 02:37:03,30049,90.0,10.4,4
2026-08-05 02:37:08,30054,91.8,10.4,4
2026-08-05 02:37:14,30059,90.7,10.4,4
2026-08-05 02:37:19,30064,93.6,10.5,4
2026-08-05 02:37:24,30069,92.8,10.5,4
2026-08-05 02:37:29,30074,94.9,10.4,4
2026-08-05 02:37:34,30079,91.4,10.4,4
2026-08-05 02:37:39,30084,86.7,10.4,4
2026-08-05 02:37:44,30089,82.5,10.4,4
2026-08-05 02:37:49,30094,84.1,10.4,4
2026-08-05 02:37:54,30099,87.2,10.4,4
2026-08-05 02:37:59,30104,88.0,10.4,4
2026-08-05 02:38:04,30110,82.0,10.5,4
2026-08-05 02:38:10,30115,79.1,10.4,4
2026-08-05 02:38:15,30120,80.5,10.4,4
2026-08-05 02:38:20,30125,83.3,10.4,4
2026-08-05 02:38:25,30130,83.0,10.4,4
2026-08-05 02:38:30,30135,75.1,10.4,4
2026-08-05 02:38:35,30140,75.6,10.4,4
2026-08-05 02:38:40,30145,90.7,10.4,4
2026-08-05 02:38:45,30150,90.3,10.4,4
2026-08-05 02:38:50,30155,95.1,10.4,4
2026-08-05 02:38:55,30161,97.1,10.4,4
2026-08-05 02:39:01,30166,96.4,10.4,4
2026-08-05 02:39:06,30171,97.3,10.4,4
2026-08-05 02:39:11,30176,97.3,10.4,4
2026-08-05 02:39:16,30181,97.5,10.4,4
2026-08-05 02:39:21,30186,93.3,10.4,4
2026-08-05 02:39:26,30191,95.1,10.4,4
2026-08-05 02:39:31,30196,96.4,10.4,4
2026-08-05 02:39:36,30201,96.7,10.4,4
2026-08-05 02:39:41,30207,92.4,10.4,4
2026-08-05 02:39:47,30212,92.8,10.3,4
2026-08-05 02:39:52,30217,88.4,10.3,4
2026-08-05 02:39:57,30222,88.2,10.4,4
2026-08-05 02:40:02,30227,92.4,10.4,4
2026-08-05 02:40:07,30232,92.3,10.4,4
2026-08-05 02:40:12,30237,88.6,10.4,4
2026-08-05 02:40:17,30242,86.0,10.4,4
2026-08-05 02:40:22,30247,79.3,10.4,4
2026-08-05 02:40:27,30252,78.8,10.3,4
2026-08-05 02:40:32,30257,83.0,10.3,4
2026-08-05 02:40:37,30263,82.9,10.3,4
2026-08-05 02:40:43,30268,87.8,10.4,4
2026-08-05 02:40:48,30273,83.1,10.4,4
2026-08-05 02:40:53,30278,80.9,10.4,4
2026-08-05 02:40:58,30283,80.7,10.3,4
2026-08-05 02:41:03,30288,82.2,10.3,4
2026-08-05 02:41:08,30293,88.1,10.3,4
2026-08-05 02:41:13,30298,83.2,10.3,4
2026-08-05 02:41:18,30303,87.5,10.3,4
2026-08-05 02:41:23,30308,84.1,10.3,4
2026-08-05 02:41:28,30313,87.3,10.3,4
2026-08-05 02:41:33,30318,86.9,10.3,4
2026-08-05 02:41:39,30324,87.1,10.4,4
2026-08-05 02:41:44,30329,84.6,10.4,4
2026-08-05 02:41:49,30334,82.9,10.4,4
2026-08-05 02:41:54,30339,79.2,10.4,4
2026-08-05 02:41:59,30344,79.7,10.4,4
2026-08-05 02:42:04,30349,88.2,10.3,4
2026-08-05 02:42:09,30354,84.2,10.3,4
2026-08-05 02:42:14,30359,93.5,10.4,4
2026-08-05 02:42:19,30364,92.2,10.3,4
2026-08-05 02:42:24,30369,92.9,10.4,4
2026-08-05 02:42:29,30375,96.5,10.4,4
2026-08-05 02:42:35,30380,96.3,10.3,4
2026-08-05 02:42:40,30385,97.0,10.3,4
2026-08-05 02:42:45,30390,95.8,10.3,4
2026-08-05 02:42:50,30395,96.8,10.4,4
2026-08-05 02:42:55,30400,88.5,10.4,4
2026-08-05 02:43:00,30405,83.4,10.4,4
2026-08-05 02:43:05,30410,81.3,10.4,4
2026-08-05 02:43:10,30415,85.2,10.4,4
2026-08-05 02:43:15,30420,87.3,10.4,4
2026-08-05 02:43:20,30425,84.8,10.4,4
2026-08-05 02:43:25,30431,88.4,10.4,4
2026-08-05 02:43:31,30436,85.7,10.3,4
2026-08-05 02:43:36,30441,95.0,10.4,4
2026-08-05 02:43:41,30446,96.4,10.4,4
2026-08-05 02:43:46,30451,93.8,10.3,4
2026-08-05 02:43:51,30456,87.5,10.4,4
2026-08-05 02:43:56,30461,90.2,10.4,4
2026-08-05 02:44:01,30466,92.3,10.4,4
2026-08-05 02:44:06,30471,93.2,10.4,4
2026-08-05 02:44:11,30477,95.7,10.3,4
2026-08-05 02:44:17,30482,94.4,10.4,4
2026-08-05 02:44:22,30487,88.5,10.3,4
2026-08-05 02:44:27,30492,81.3,10.3,4
2026-08-05 02:44:32,30497,78.9,10.4,4
2026-08-05 02:44:37,30502,78.1,10.3,4
2026-08-05 02:44:42,30507,87.6,10.4,4
2026-08-05 02:44:47,30512,88.9,10.4,4
2026-08-05 02:44:52,30517,87.3,10.3,4
2026-08-05 02:44:57,30522,83.2,10.3,4
2026-08-05 02:45:02,30528,86.7,10.3,4
2026-08-05 02:45:07,30533,83.2,10.4,4
2026-08-05 02:45:13,30538,84.1,10.4,4
2026-08-05 02:45:18,30543,84.4,10.4,4
2026-08-05 02:45:23,30548,80.4,10.5,4
2026-08-05 02:45:28,30553,83.6,10.4,4
2026-08-05 02:45:33,30558,82.4,10.4,4
2026-08-05 02:45:38,30563,78.9,10.4,4
2026-08-05 02:45:43,30568,80.8,10.4,4
2026-08-05 02:45:48,30573,84.9,10.4,4
2026-08-05 02:45:53,30578,87.1,10.4,4
2026-08-05 02:45:58,30583,81.1,10.4,4
2026-08-05 02:46:03,30589,77.6,10.4,4
2026-08-05 02:46:08,30594,78.4,10.4,4
2026-08-05 02:46:14,30599,73.0,10.5,4
2026-08-05 02:46:19,30604,71.5,10.5,4
2026-08-05 02:46:24,30609,86.2,10.4,4
2026-08-05 02:46:29,30614,88.0,10.4,4
2026-08-05 02:46:34,30619,95.5,10.4,4
2026-08-05 02:46:39,30624,90.3,10.4,4
2026-08-05 02:46:44,30629,94.0,10.3,4
2026-08-05 02:46:49,30634,96.6,10.3,4
2026-08-05 02:46:54,30639,95.2,10.3,4
2026-08-05 02:46:59,30645,96.8,10.3,4
2026-08-05 02:47:05,30650,96.9,10.3,4
2026-08-05 02:47:10,30655,97.2,10.3,4
2026-08-05 02:47:15,30660,96.3,10.4,4
2026-08-05 02:47:20,30665,96.6,10.4,4
2026-08-05 02:47:25,30670,97.2,10.3,4
2026-08-05 02:47:30,30675,94.9,10.3,4
2026-08-05 02:47:35,30680,95.1,10.3,4
2026-08-05 02:47:40,30685,95.1,10.4,4
2026-08-05 02:47:45,30691,96.2,10.3,4
2026-08-05 02:47:51,30696,92.3,10.3,4
2026-08-05 02:47:56,30701,86.7,10.3,4
2026-08-05 02:48:01,30706,84.9,10.3,4
2026-08-05 02:48:06,30711,82.2,10.3,4
2026-08-05 02:48:11,30716,81.9,10.3,4
2026-08-05 02:48:16,30721,84.0,10.3,4
2026-08-05 02:48:21,30726,82.0,10.3,4
2026-08-05 02:48:26,30731,84.5,10.3,4
2026-08-05 02:48:31,30736,83.0,10.4,4
2026-08-05 02:48:36,30741,79.9,10.3,4
2026-08-05 02:48:41,30746,75.5,10.4,4
2026-08-05 02:48:46,30752,81.3,10.3,4
2026-08-05 02:48:52,30757,80.5,10.4,4
2026-08-05 02:48:57,30762,91.1,10.3,4
2026-08-05 02:49:02,30767,88.8,10.4,4
2026-08-05 02:49:07,30772,93.3,10.3,4
2026-08-05 02:49:12,30777,92.6,10.3,4
2026-08-05 02:49:17,30782,95.0,10.3,4
2026-08-05 02:49:22,30787,89.8,10.4,4
2026-08-05 02:49:27,30792,92.3,10.4,4
2026-08-05 02:49:32,30797,91.0,10.4,4
2026-08-05 02:49:37,30802,92.5,10.3,4
2026-08-05 02:49:42,30808,88.3,10.4,4
2026-08-05 02:49:48,30813,90.6,10.3,4
2026-08-05 02:49:53,30818,86.0,10.4,4
2026-08-05 02:49:58,30823,87.1,10.4,4
2026-08-05 02:50:03,30828,89.7,10.3,4
2026-08-05 02:50:08,30833,87.4,10.4,4
2026-08-05 02:50:13,30838,93.1,10.4,4
2026-08-05 02:50:18,30843,94.0,10.3,4
2026-08-05 02:50:23,30848,89.6,10.3,4
2026-08-05 02:50:28,30853,88.0,10.3,4
2026-08-05 02:50:33,30859,87.8,10.4,4
2026-08-05 02:50:39,30864,92.1,10.3,4
2026-08-05 02:50:44,30869,95.0,10.4,4
2026-08-05 02:50:49,30874,90.3,10.3,4
2026-08-05 02:50:54,30879,92.2,10.3,4
2026-08-05 02:50:59,30884,91.3,10.3,4
2026-08-05 02:51:04,30889,81.7,10.3,4
2026-08-05 02:51:09,30894,85.6,10.3,4
2026-08-05 02:51:14,30899,84.1,10.3,4
2026-08-05 02:51:19,30904,84.4,10.3,4
2026-08-05 02:51:24,30909,81.0,10.4,4
2026-08-05 02:51:29,30915,80.8,10.3,4
2026-08-05 02:51:35,30920,80.4,10.3,4
2026-08-05 02:51:40,30925,87.5,10.4,4
2026-08-05 02:51:45,30930,86.4,10.4,4
2026-08-05 02:51:50,30935,88.8,10.3,4
2026-08-05 02:51:55,30940,83.5,10.3,4
2026-08-05 02:52:00,30945,81.5,10.4,4
2026-08-05 02:52:05,30950,79.8,10.3,4
2026-08-05 02:52:10,30955,84.4,10.3,4
2026-08-05 02:52:15,30960,88.7,10.3,4
2026-08-05 02:52:20,30965,83.3,10.3,4
2026-08-05 02:52:25,30971,84.6,10.3,4
2026-08-05 02:52:31,30976,83.8,10.3,4
2026-08-05 02:52:36,30981,82.6,10.4,4
2026-08-05 02:52:41,30986,90.9,10.3,4
2026-08-05 02:52:46,30991,92.2,10.3,4
2026-08-05 02:52:51,30996,93.3,10.3,4
2026-08-05 02:52:56,31001,91.5,10.3,4
2026-08-05 02:53:01,31006,81.9,10.4,4
2026-08-05 02:53:06,31011,82.3,10.4,4
2026-08-05 02:53:11,31016,89.2,10.5,4
2026-08-05 02:53:16,31021,94.8,10.4,4
2026-08-05 02:53:21,31027,88.3,10.5,4
2026-08-05 02:53:27,31032,85.6,10.5,4
2026-08-05 02:53:32,31037,74.9,10.4,4
2026-08-05 02:53:37,31042,70.0,10.4,4
2026-08-05 02:53:42,31047,76.1,10.4,4
2026-08-05 02:53:47,31052,78.2,10.4,4
2026-08-05 02:53:52,31057,92.4,10.4,4
2026-08-05 02:53:57,31062,92.3,10.4,4
2026-08-05 02:54:02,31067,95.2,10.4,4
2026-08-05 02:54:07,31072,96.5,10.4,4
2026-08-05 02:54:12,31077,96.4,10.5,4
2026-08-05 02:54:17,31083,94.7,10.5,4
2026-08-05 02:54:23,31088,88.3,10.4,4
2026-08-05 02:54:28,31093,90.1,10.5,4
2026-08-05 02:54:33,31098,90.9,10.5,4
2026-08-05 02:54:38,31103,92.0,10.5,4
2026-08-05 02:54:43,31108,89.3,10.5,4
2026-08-05 02:54:48,31113,93.2,10.4,4
2026-08-05 02:54:53,31118,97.1,10.4,4
2026-08-05 02:54:58,31123,96.8,10.4,4
2026-08-05 02:55:03,31128,96.0,10.4,4
2026-08-05 02:55:08,31134,97.2,10.4,4
2026-08-05 02:55:14,31139,95.8,10.4,4
2026-08-05 02:55:19,31144,87.8,10.4,4
2026-08-05 02:55:24,31149,90.1,10.4,4
2026-08-05 02:55:29,31154,92.8,10.4,4
2026-08-05 02:55:34,31159,85.2,10.4,4
2026-08-05 02:55:39,31164,92.5,10.4,4
2026-08-05 02:55:44,31169,94.3,10.4,4
2026-08-05 02:55:49,31174,96.1,10.4,4
2026-08-05 02:55:54,31179,96.4,10.4,4
2026-08-05 02:55:59,31185,93.8,10.4,4
2026-08-05 02:56:05,31190,88.9,10.4,4
2026-08-05 02:56:10,31195,90.1,10.3,4
2026-08-05 02:56:15,31200,92.6,10.4,4
2026-08-05 02:56:20,31205,85.2,10.4,4
2026-08-05 02:56:25,31210,86.0,10.3,4
2026-08-05 02:56:30,31215,89.1,10.3,4
2026-08-05 02:56:35,31220,88.5,10.3,4
2026-08-05 02:56:40,31225,88.3,10.4,4
2026-08-05 02:56:45,31230,84.6,10.4,4
2026-08-05 02:56:50,31235,85.9,10.4,4
2026-08-05 02:56:55,31241,87.4,10.4,4
2026-08-05 02:57:01,31246,90.1,10.3,4
2026-08-05 02:57:06,31251,86.6,10.4,4
2026-08-05 02:57:11,31256,91.3,10.4,4
2026-08-05 02:57:16,31261,87.9,10.3,4
2026-08-05 02:57:21,31266,92.0,10.4,4
2026-08-05 02:57:26,31271,93.2,10.4,4
2026-08-05 02:57:31,31276,87.1,10.3,4
2026-08-05 02:57:36,31281,93.5,10.3,4
2026-08-05 02:57:41,31286,89.3,10.4,4
2026-08-05 02:57:46,31291,87.4,10.4,4
2026-08-05 02:57:51,31297,82.7,10.3,4
2026-08-05 02:57:57,31302,79.0,10.3,4
2026-08-05 02:58:02,31307,79.8,10.3,4
2026-08-05 02:58:07,31312,79.0,10.3,4
2026-08-05 02:58:12,31317,81.4,10.4,4
2026-08-05 02:58:17,31322,80.4,10.3,4
2026-08-05 02:58:22,31327,85.3,10.3,4
2026-08-05 02:58:27,31332,85.6,10.4,4
2026-08-05 02:58:32,31337,82.5,10.4,4
2026-08-05 02:58:37,31342,87.2,10.3,4
2026-08-05 02:58:42,31347,88.1,10.4,4
2026-08-05 02:58:47,31352,81.6,10.3,4
2026-08-05 02:58:52,31358,81.0,10.4,4
2026-08-05 02:58:58,31363,79.1,10.4,4
2026-08-05 02:59:03,31368,77.3,10.4,4
2026-08-05 02:59:08,31373,85.1,10.3,4
2026-08-05 02:59:13,31378,79.4,10.4,4
2026-08-05 02:59:18,31383,78.8,10.3,4
2026-08-05 02:59:23,31388,85.0,10.4,4
2026-08-05 02:59:28,31393,83.5,10.3,4
2026-08-05 02:59:33,31398,82.6,10.4,4
2026-08-05 02:59:38,31403,83.4,10.4,4
2026-08-05 02:59:43,31408,85.4,10.4,4
2026-08-05 02:59:48,31413,88.1,10.3,4
2026-08-05 02:59:53,31419,89.8,10.4,4
2026-08-05 02:59:59,31424,86.3,10.3,4
2026-08-05 03:00:04,31429,84.6,10.3,4
2026-08-05 03:00:09,31434,84.6,10.4,4
2026-08-05 03:00:14,31439,88.8,10.3,4
2026-08-05 03:00:19,31444,85.3,10.3,4
2026-08-05 03:00:24,31449,87.0,10.3,4
2026-08-05 03:00:29,31454,83.7,10.3,4
2026-08-05 03:00:34,31459,80.8,10.4,4
2026-08-05 03:00:39,31464,82.3,10.5,4
2026-08-05 03:00:44,31469,84.2,10.4,4
2026-08-05 03:00:49,31474,84.8,10.4,4
2026-08-05 03:00:54,31480,81.3,10.4,4
2026-08-05 03:01:00,31485,76.2,10.5,4
2026-08-05 03:01:05,31490,80.0,10.4,4
2026-08-05 03:01:10,31495,86.1,10.4,4
2026-08-05 03:01:15,31500,86.3,10.4,4
2026-08-05 03:01:20,31505,95.7,10.4,4
2026-08-05 03:01:25,31510,92.6,10.4,4
2026-08-05 03:01:30,31515,97.0,10.4,4
2026-08-05 03:01:35,31520,96.1,10.4,4
2026-08-05 03:01:40,31525,96.0,10.5,4
2026-08-05 03:01:45,31531,88.0,10.4,4
2026-08-05 03:01:51,31536,92.1,10.4,4
2026-08-05 03:01:56,31541,89.8,10.4,4
2026-08-05 03:02:01,31546,84.2,10.5,4
2026-08-05 03:02:06,31551,89.4,10.5,4
2026-08-05 03:02:11,31556,96.3,10.4,4
2026-08-05 03:02:16,31561,96.4,10.3,4
2026-08-05 03:02:21,31566,96.7,10.4,4
2026-08-05 03:02:26,31571,97.5,10.4,4
2026-08-05 03:02:31,31577,97.0,10.4,4
2026-08-05 03:02:37,31582,94.7,10.4,4
2026-08-05 03:02:42,31587,93.0,10.4,4
2026-08-05 03:02:47,31592,89.6,10.4,4
2026-08-05 03:02:52,31597,87.5,10.4,4
2026-08-05 03:02:57,31602,93.0,10.4,4
2026-08-05 03:03:02,31607,96.1,10.3,4
2026-08-05 03:03:07,31612,96.4,10.4,4
2026-08-05 03:03:12,31617,97.5,10.3,4
2026-08-05 03:03:17,31623,97.6,10.3,4
2026-08-05 03:03:23,31628,97.2,10.4,4
2026-08-05 03:03:28,31633,96.5,10.4,4
2026-08-05 03:03:33,31638,96.3,10.4,4
2026-08-05 03:03:38,31643,97.1,10.4,4
2026-08-05 03:03:43,31648,97.1,10.4,4
2026-08-05 03:03:48,31653,97.1,10.4,4
2026-08-05 03:03:53,31658,97.4,10.4,4
2026-08-05 03:03:58,31663,97.4,10.4,4
2026-08-05 03:04:03,31669,96.4,10.4,4
2026-08-05 03:04:09,31674,96.4,10.3,4
2026-08-05 03:04:14,31679,85.7,10.4,4
2026-08-05 03:04:19,31684,86.9,10.4,4
2026-08-05 03:04:24,31689,86.1,10.4,4
2026-08-05 03:04:29,31694,85.2,10.4,4
2026-08-05 03:04:34,31699,79.3,10.3,4
2026-08-05 03:04:39,31704,76.6,10.4,4
2026-08-05 03:04:44,31709,86.1,10.3,4
2026-08-05 03:04:49,31714,87.3,10.4,4
2026-08-05 03:04:54,31719,84.7,10.4,4
2026-08-05 03:04:59,31724,78.3,10.3,4
2026-08-05 03:05:04,31730,82.2,10.4,4
2026-08-05 03:05:10,31735,90.7,10.3,4
2026-08-05 03:05:15,31740,87.3,10.3,4
2026-08-05 03:05:20,31745,87.6,10.3,4
2026-08-05 03:05:25,31750,87.4,10.4,4
2026-08-05 03:05:30,31755,83.1,10.4,4
2026-08-05 03:05:35,31760,76.8,10.4,4
2026-08-05 03:05:40,31765,76.3,10.4,4
2026-08-05 03:05:45,31770,75.6,10.4,4
2026-08-05 03:05:50,31775,79.2,10.4,4
2026-08-05 03:05:55,31780,83.0,10.4,4
2026-08-05 03:06:00,31785,81.0,10.4,4
2026-08-05 03:06:05,31791,84.0,10.3,4
2026-08-05 03:06:11,31796,87.1,10.3,4
2026-08-05 03:06:16,31801,85.7,10.3,4
2026-08-05 03:06:21,31806,81.2,10.4,4
2026-08-05 03:06:26,31811,78.9,10.4,4
2026-08-05 03:06:31,31816,80.7,10.4,4
2026-08-05 03:06:36,31821,84.4,10.4,4
2026-08-05 03:06:41,31826,90.4,10.4,4
2026-08-05 03:06:46,31831,82.6,10.4,4
2026-08-05 03:06:51,31836,82.9,10.4,4
2026-08-05 03:06:56,31841,81.1,10.4,4
2026-08-05 03:07:01,31846,79.3,10.4,4
2026-08-05 03:07:07,31852,81.0,10.4,4
2026-08-05 03:07:12,31857,83.3,10.4,4
2026-08-05 03:07:17,31862,83.9,10.5,4
2026-08-05 03:07:22,31867,88.4,10.4,4
2026-08-05 03:07:27,31872,90.6,10.4,4
2026-08-05 03:07:32,31877,83.8,10.4,4
2026-08-05 03:07:37,31882,85.8,10.3,4
2026-08-05 03:07:42,31887,88.3,10.4,4
2026-08-05 03:07:47,31892,89.7,10.4,4
2026-08-05 03:07:52,31897,93.1,10.4,4
2026-08-05 03:07:57,31902,90.1,10.4,4
2026-08-05 03:08:02,31908,83.4,10.4,4
2026-08-05 03:08:08,31913,87.1,10.4,4
2026-08-05 03:08:13,31918,92.8,10.4,4
2026-08-05 03:08:18,31923,92.9,10.3,4
2026-08-05 03:08:23,31928,90.4,10.4,4
2026-08-05 03:08:28,31933,81.6,10.4,4
2026-08-05 03:08:33,31938,63.0,10.4,4
2026-08-05 03:08:38,31943,68.9,10.4,4
2026-08-05 03:08:43,31948,71.0,10.5,4
2026-08-05 03:08:48,31953,86.8,10.5,4
2026-08-05 03:08:53,31958,96.2,10.4,4
2026-08-05 03:08:58,31964,95.9,10.4,4
2026-08-05 03:09:04,31969,97.8,10.4,4
2026-08-05 03:09:09,31974,97.9,10.4,4
2026-08-05 03:09:14,31979,98.2,10.4,4
2026-08-05 03:09:19,31984,97.3,10.4,4
2026-08-05 03:09:24,31989,97.1,10.4,4
2026-08-05 03:09:29,31994,96.8,10.4,4
2026-08-05 03:09:34,31999,96.2,10.4,4
2026-08-05 03:09:39,32004,94.9,10.4,4
2026-08-05 03:09:44,32010,96.2,10.4,4
2026-08-05 03:09:50,32015,96.9,10.4,4
2026-08-05 03:09:55,32020,97.6,10.4,4
2026-08-05 03:10:00,32025,97.7,10.3,4
2026-08-05 03:10:05,32030,95.0,10.4,4
2026-08-05 03:10:10,32035,96.0,10.5,4
2026-08-05 03:10:15,32040,95.7,10.5,4
2026-08-05 03:10:20,32045,96.2,10.4,4
2026-08-05 03:10:25,32050,94.0,10.4,4
2026-08-05 03:10:30,32056,92.4,10.5,4
2026-08-05 03:10:35,32061,89.2,10.4,4
2026-08-05 03:10:41,32066,82.1,10.4,4
2026-08-05 03:10:46,32071,87.6,10.4,4
2026-08-05 03:10:51,32076,88.1,10.4,4
2026-08-05 03:10:56,32081,83.4,10.4,4
2026-08-05 03:11:01,32086,88.0,10.4,4
2026-08-05 03:11:06,32091,94.1,10.4,4
2026-08-05 03:11:11,32096,88.9,10.4,4
2026-08-05 03:11:16,32101,94.9,10.4,4
2026-08-05 03:11:21,32106,93.7,10.4,4
2026-08-05 03:11:26,32112,93.5,10.4,4
2026-08-05 03:11:32,32117,91.0,10.4,4
2026-08-05 03:11:37,32122,92.5,10.3,4
2026-08-05 03:11:42,32127,92.2,10.4,4
2026-08-05 03:11:47,32132,87.2,10.4,4
2026-08-05 03:11:52,32137,92.6,10.4,4
2026-08-05 03:11:57,32142,93.1,10.4,4
2026-08-05 03:12:02,32147,90.0,10.4,4
2026-08-05 03:12:07,32152,86.0,10.3,4
2026-08-05 03:12:12,32157,80.2,10.4,4
2026-08-05 03:12:17,32163,81.3,10.4,4
2026-08-05 03:12:23,32168,81.0,10.4,4
2026-08-05 03:12:28,32173,79.4,10.4,4
2026-08-05 03:12:33,32178,76.7,10.3,4
2026-08-05 03:12:38,32183,84.7,10.4,4
2026-08-05 03:12:43,32188,82.2,10.4,4
2026-08-05 03:12:48,32193,82.8,10.4,4
2026-08-05 03:12:53,32198,84.4,10.4,4
2026-08-05 03:12:58,32203,87.7,10.4,4
2026-08-05 03:13:03,32208,80.9,10.3,4
2026-08-05 03:13:08,32213,78.7,10.3,4
2026-08-05 03:13:13,32219,78.2,10.4,4
2026-08-05 03:13:18,32224,81.6,10.4,4
2026-08-05 03:13:24,32229,88.4,10.4,4
2026-08-05 03:13:29,32234,85.2,10.3,4
2026-08-05 03:13:34,32239,81.7,10.3,4
2026-08-05 03:13:39,32244,86.2,10.4,4
2026-08-05 03:13:44,32249,86.7,10.4,4
2026-08-05 03:13:49,32254,80.6,10.4,4
2026-08-05 03:13:54,32259,86.6,10.4,4
2026-08-05 03:13:59,32264,84.7,10.4,4
2026-08-05 03:14:04,32269,86.1,10.4,4
2026-08-05 03:14:09,32274,89.9,10.3,4
2026-08-05 03:14:14,32280,86.2,10.4,4
2026-08-05 03:14:20,32285,89.4,10.4,4
2026-08-05 03:14:25,32290,89.1,10.4,4
2026-08-05 03:14:30,32295,87.9,10.3,4
2026-08-05 03:14:35,32300,85.9,10.4,4
2026-08-05 03:14:40,32305,91.4,10.3,4
2026-08-05 03:14:45,32310,88.3,10.3,4
2026-08-05 03:14:50,32315,83.6,10.4,4
2026-08-05 03:14:55,32320,89.5,10.4,4
2026-08-05 03:15:00,32325,90.5,10.3,4
2026-08-05 03:15:05,32330,84.1,10.3,4
2026-08-05 03:15:10,32336,83.9,10.3,4
2026-08-05 03:15:16,32341,78.6,10.3,4
2026-08-05 03:15:21,32346,81.4,10.4,4
2026-08-05 03:15:26,32351,85.4,10.3,4
2026-08-05 03:15:31,32356,81.8,10.3,4
2026-08-05 03:15:36,32361,91.8,10.3,4
2026-08-05 03:15:41,32366,95.8,10.3,4
2026-08-05 03:15:46,32371,96.7,10.4,4
2026-08-05 03:15:51,32376,97.7,10.4,4
2026-08-05 03:15:56,32381,97.6,10.3,4
2026-08-05 03:16:01,32387,93.8,10.4,4
2026-08-05 03:16:07,32392,88.0,10.4,4
2026-08-05 03:16:12,32397,88.0,10.4,4
2026-08-05 03:16:17,32402,85.8,10.4,4
2026-08-05 03:16:22,32407,89.8,10.3,4
2026-08-05 03:16:27,32412,92.6,10.5,4
2026-08-05 03:16:32,32417,96.9,10.4,4
2026-08-05 03:16:37,32422,94.7,10.4,4
2026-08-05 03:16:42,32427,96.0,10.5,4
2026-08-05 03:16:47,32432,95.1,10.5,4
2026-08-05 03:16:52,32438,95.1,10.4,4
2026-08-05 03:16:58,32443,94.2,10.4,4
2026-08-05 03:17:03,32448,95.8,10.4,4
2026-08-05 03:17:08,32453,96.6,10.4,4
2026-08-05 03:17:13,32458,95.4,10.5,4
2026-08-05 03:17:18,32463,95.0,10.4,4
2026-08-05 03:17:23,32468,93.8,10.4,4
2026-08-05 03:17:28,32473,95.8,10.4,4
2026-08-05 03:17:33,32478,96.7,10.4,4
2026-08-05 03:17:38,32484,95.9,10.4,4
2026-08-05 03:17:44,32489,94.7,10.5,4
2026-08-05 03:17:49,32494,95.3,10.5,4
2026-08-05 03:17:54,32499,93.4,10.4,4
2026-08-05 03:17:59,32504,81.2,10.4,4
2026-08-05 03:18:04,32509,77.4,10.4,4
2026-08-05 03:18:09,32514,77.5,10.4,4
2026-08-05 03:18:14,32519,78.8,10.4,4
2026-08-05 03:18:19,32524,83.3,10.4,4
2026-08-05 03:18:24,32529,77.8,10.4,4
2026-08-05 03:18:29,32534,80.2,10.4,4
2026-08-05 03:18:34,32540,82.5,10.4,4
2026-08-05 03:18:39,32545,77.9,10.5,4
2026-08-05 03:18:45,32550,78.1,10.4,4
2026-08-05 03:18:50,32555,72.3,10.4,4
2026-08-05 03:18:55,32560,70.5,10.4,4
2026-08-05 03:19:00,32565,71.4,10.4,4
2026-08-05 03:19:05,32570,70.6,10.4,4
2026-08-05 03:19:10,32575,88.2,10.4,4
2026-08-05 03:19:15,32580,89.3,10.4,4
2026-08-05 03:19:20,32585,93.7,10.4,4
2026-08-05 03:19:25,32590,94.2,10.4,4
2026-08-05 03:19:30,32595,93.8,10.4,4
2026-08-05 03:19:36,32601,93.1,10.4,4
2026-08-05 03:19:41,32606,93.9,10.4,4
2026-08-05 03:19:46,32611,91.5,10.4,4
2026-08-05 03:19:51,32616,88.2,10.4,4
2026-08-05 03:19:56,32621,86.5,10.4,4
2026-08-05 03:20:01,32626,88.9,10.4,4
2026-08-05 03:20:06,32631,94.2,10.4,4
2026-08-05 03:20:11,32636,91.0,10.3,4
2026-08-05 03:20:16,32641,83.6,10.4,4
2026-08-05 03:20:21,32646,80.5,10.3,4
2026-08-05 03:20:26,32652,76.3,10.4,4
2026-08-05 03:20:32,32657,78.6,10.4,4
2026-08-05 03:20:37,32662,81.0,10.4,4
2026-08-05 03:20:42,32667,82.4,10.3,4
2026-08-05 03:20:47,32672,81.4,10.4,4
2026-08-05 03:20:52,32677,83.6,10.3,4
2026-08-05 03:20:57,32682,83.5,10.4,4
2026-08-05 03:21:02,32687,86.8,10.3,4
2026-08-05 03:21:07,32692,88.8,10.3,4
2026-08-05 03:21:12,32697,89.4,10.4,4
2026-08-05 03:21:17,32702,84.2,10.4,4
2026-08-05 03:21:22,32707,88.3,10.4,4
2026-08-05 03:21:27,32713,80.5,10.4,4
2026-08-05 03:21:33,32718,84.5,10.4,4
2026-08-05 03:21:38,32723,89.9,10.3,4
2026-08-05 03:21:43,32728,86.2,10.3,4
2026-08-05 03:21:48,32733,83.3,10.4,4
2026-08-05 03:21:53,32738,78.5,10.4,4
2026-08-05 03:21:58,32743,72.7,10.4,4
2026-08-05 03:22:03,32748,77.7,10.3,4
2026-08-05 03:22:08,32753,81.2,10.4,4
2026-08-05 03:22:13,32758,85.7,10.4,4
2026-08-05 03:22:18,32763,95.1,10.4,4
2026-08-05 03:22:23,32769,93.9,10.3,4
2026-08-05 03:22:29,32774,96.3,10.3,4
2026-08-05 03:22:34,32779,94.2,10.4,4
2026-08-05 03:22:39,32784,95.1,10.3,4
2026-08-05 03:22:44,32789,90.5,10.4,4
2026-08-05 03:22:49,32794,91.6,10.4,4
2026-08-05 03:22:54,32799,94.7,10.4,4
2026-08-05 03:22:59,32804,95.4,10.4,4
2026-08-05 03:23:04,32809,93.8,10.4,4
2026-08-05 03:23:09,32814,92.4,10.4,4
2026-08-05 03:23:14,32819,95.1,10.4,4
2026-08-05 03:23:19,32825,92.1,10.3,4
2026-08-05 03:23:25,32830,89.2,10.4,4
2026-08-05 03:23:30,32835,87.5,10.4,4
2026-08-05 03:23:35,32840,87.6,10.3,4
2026-08-05 03:23:40,32845,87.1,10.4,4
2026-08-05 03:23:45,32850,90.3,10.3,4
2026-08-05 03:23:50,32855,90.3,10.3,4
2026-08-05 03:23:55,32860,88.1,10.4,4
2026-08-05 03:24:00,32865,95.3,10.4,4
2026-08-05 03:24:05,32870,96.7,10.3,4
2026-08-05 03:24:10,32876,97.2,10.3,4
2026-08-05 03:24:16,32881,98.0,10.4,4
2026-08-05 03:24:21,32886,97.8,10.4,4
2026-08-05 03:24:26,32891,97.5,10.4,4
2026-08-05 03:24:31,32896,95.8,10.4,4
2026-08-05 03:24:36,32901,93.6,10.4,4
2026-08-05 03:24:41,32906,95.8,10.4,4
2026-08-05 03:24:46,32911,90.6,10.4,4
2026-08-05 03:24:51,32916,90.9,10.4,4
2026-08-05 03:24:56,32922,94.3,10.4,4
2026-08-05 03:25:02,32927,93.4,10.4,4
2026-08-05 03:25:07,32932,90.7,10.4,4
2026-08-05 03:25:12,32937,88.6,10.4,4
2026-08-05 03:25:17,32942,93.3,10.3,4
2026-08-05 03:25:22,32947,89.7,10.4,4
2026-08-05 03:25:27,32952,84.0,10.4,4
2026-08-05 03:25:32,32957,83.5,10.3,4
2026-08-05 03:25:37,32962,83.6,10.4,4
2026-08-05 03:25:42,32967,78.9,10.4,4
2026-08-05 03:25:47,32972,80.0,10.4,4
2026-08-05 03:25:52,32978,76.8,10.4,4
2026-08-05 03:25:58,32983,78.4,10.5,4
2026-08-05 03:26:03,32988,80.0,10.4,4
2026-08-05 03:26:08,32993,77.2,10.5,4
2026-08-05 03:26:13,32998,83.8,10.4,4
2026-08-05 03:26:18,33003,88.6,10.4,4
2026-08-05 03:26:23,33008,87.9,10.4,4
2026-08-05 03:26:28,33013,81.0,10.4,4
2026-08-05 03:26:33,33018,82.2,10.4,4
2026-08-05 03:26:38,33023,79.3,10.4,4
2026-08-05 03:26:43,33028,78.3,10.4,4
2026-08-05 03:26:48,33033,76.9,10.5,4
2026-08-05 03:26:53,33039,70.5,10.5,4
2026-08-05 03:26:58,33044,72.9,10.5,4
2026-08-05 03:27:04,33049,77.3,10.5,4
2026-08-05 03:27:09,33054,76.8,10.5,4
2026-08-05 03:27:14,33059,83.4,10.4,4
2026-08-05 03:27:19,33064,93.7,10.4,4
2026-08-05 03:27:24,33069,89.4,10.4,4
2026-08-05 03:27:29,33074,95.3,10.4,4
2026-08-05 03:27:34,33079,95.8,10.4,4
2026-08-05 03:27:39,33084,93.2,10.4,4
2026-08-05 03:27:44,33089,93.4,10.4,4
2026-08-05 03:27:49,33095,95.4,10.4,4
2026-08-05 03:27:55,33100,91.0,10.4,4
2026-08-05 03:28:00,33105,88.2,10.4,4
2026-08-05 03:28:05,33110,91.1,10.4,4
2026-08-05 03:28:10,33115,90.7,10.4,4
2026-08-05 03:28:15,33120,89.2,10.4,4
2026-08-05 03:28:20,33125,87.6,10.4,4
2026-08-05 03:28:25,33130,83.4,10.4,4
2026-08-05 03:28:30,33135,81.5,10.4,4
2026-08-05 03:28:35,33140,84.9,10.4,4
2026-08-05 03:28:40,33145,78.3,10.3,4
2026-08-05 03:28:45,33151,76.9,10.4,4
2026-08-05 03:28:51,33156,77.9,10.4,4
2026-08-05 03:28:56,33161,79.2,10.4,4
2026-08-05 03:29:01,33166,91.4,10.4,4
2026-08-05 03:29:06,33171,92.3,10.4,4
2026-08-05 03:29:11,33176,94.7,10.3,4
2026-08-05 03:29:16,33181,93.6,10.3,4
2026-08-05 03:29:21,33186,92.6,10.3,4
2026-08-05 03:29:26,33191,87.3,10.4,4
2026-08-05 03:29:31,33196,88.7,10.3,4
2026-08-05 03:29:36,33201,88.8,10.4,4
2026-08-05 03:29:41,33207,90.3,10.4,4
2026-08-05 03:29:47,33212,90.8,10.4,4
2026-08-05 03:29:52,33217,92.4,10.4,4
2026-08-05 03:29:57,33222,92.0,10.3,4
2026-08-05 03:30:02,33227,90.2,10.4,4
2026-08-05 03:30:07,33232,89.1,10.4,4
2026-08-05 03:30:12,33237,90.1,10.4,4
2026-08-05 03:30:17,33242,90.2,10.3,4
2026-08-05 03:30:22,33247,93.3,10.4,4
2026-08-05 03:30:27,33252,91.7,10.4,4
2026-08-05 03:30:32,33258,94.0,10.4,4
2026-08-05 03:30:37,33263,88.1,10.4,4
2026-08-05 03:30:43,33268,93.0,10.4,4
2026-08-05 03:30:48,33273,94.8,10.3,4
2026-08-05 03:30:53,33278,94.8,10.4,4
2026-08-05 03:30:58,33283,93.4,10.4,4
2026-08-05 03:31:03,33288,92.6,10.4,4
2026-08-05 03:31:08,33293,90.7,10.4,4
2026-08-05 03:31:13,33298,79.0,10.4,4
2026-08-05 03:31:18,33303,82.1,10.3,4
2026-08-05 03:31:23,33308,83.9,10.4,4
2026-08-05 03:31:28,33313,79.8,10.3,4
2026-08-05 03:31:34,33319,93.2,10.4,4
2026-08-05 03:31:39,33324,90.3,10.4,4
2026-08-05 03:31:44,33329,93.2,10.3,4
2026-08-05 03:31:49,33334,95.1,10.4,4
2026-08-05 03:31:54,33339,95.4,10.4,4
2026-08-05 03:31:59,33344,91.1,10.3,4
2026-08-05 03:32:04,33349,92.5,10.4,4
2026-08-05 03:32:09,33354,90.3,10.4,4
2026-08-05 03:32:14,33359,87.6,10.4,4
2026-08-05 03:32:19,33364,89.3,10.4,4
2026-08-05 03:32:24,33370,88.3,10.4,4
2026-08-05 03:32:30,33375,87.4,10.3,4
2026-08-05 03:32:35,33380,85.2,10.4,4
2026-08-05 03:32:40,33385,87.8,10.4,4
2026-08-05 03:32:45,33390,89.5,10.4,4
2026-08-05 03:32:50,33395,90.7,10.3,4
2026-08-05 03:32:55,33400,86.7,10.4,4
2026-08-05 03:33:00,33405,91.2,10.4,4
2026-08-05 03:33:05,33410,80.3,10.4,4
2026-08-05 03:33:10,33415,76.1,10.3,4
2026-08-05 03:33:15,33420,81.8,10.4,4
2026-08-05 03:33:20,33426,81.4,10.3,4
2026-08-05 03:33:26,33431,86.6,10.4,4
2026-08-05 03:33:31,33436,86.2,10.4,4
2026-08-05 03:33:36,33441,84.3,10.4,4
2026-08-05 03:33:41,33446,78.3,10.4,4
2026-08-05 03:33:46,33451,74.5,10.4,4
2026-08-05 03:33:51,33456,77.2,10.4,4
2026-08-05 03:33:56,33461,81.4,10.4,4
2026-08-05 03:34:01,33466,78.7,10.5,4
2026-08-05 03:34:06,33471,83.7,10.4,4
2026-08-05 03:34:11,33476,81.7,10.5,4
2026-08-05 03:34:16,33481,83.7,10.4,4
2026-08-05 03:34:21,33487,82.1,10.5,4
2026-08-05 03:34:27,33492,83.7,10.5,4
2026-08-05 03:34:32,33497,89.3,10.5,4
2026-08-05 03:34:37,33502,90.2,10.5,4
2026-08-05 03:34:42,33507,89.0,10.5,4
2026-08-05 03:34:47,33512,83.0,10.5,4
2026-08-05 03:34:52,33517,83.5,10.5,4
2026-08-05 03:34:57,33522,86.7,10.5,4
2026-08-05 03:35:02,33527,81.8,10.4,4
2026-08-05 03:35:07,33532,86.4,10.4,4
2026-08-05 03:35:12,33537,79.5,10.4,4
2026-08-05 03:35:17,33543,69.9,10.4,4
2026-08-05 03:35:23,33548,88.7,10.4,4
2026-08-05 03:35:28,33553,92.0,10.3,4
2026-08-05 03:35:33,33558,93.2,10.4,4
2026-08-05 03:35:38,33563,97.2,10.4,4
2026-08-05 03:35:43,33568,97.1,10.4,4
2026-08-05 03:35:48,33573,97.6,10.4,4
2026-08-05 03:35:53,33578,97.4,10.4,4
2026-08-05 03:35:58,33584,96.1,10.4,4
2026-08-05 03:36:03,33589,96.0,10.3,4
2026-08-05 03:36:09,33594,96.3,10.4,4
2026-08-05 03:36:14,33599,96.4,10.4,4
2026-08-05 03:36:19,33604,93.1,10.4,4
2026-08-05 03:36:24,33609,94.3,10.4,4
2026-08-05 03:36:29,33614,94.9,10.4,4
2026-08-05 03:36:34,33619,93.3,10.4,4
2026-08-05 03:36:39,33624,89.7,10.4,4
2026-08-05 03:36:44,33630,91.2,10.4,4
2026-08-05 03:36:49,33635,89.3,10.4,4
2026-08-05 03:36:55,33640,90.7,10.4,4
2026-08-05 03:37:00,33645,88.4,10.3,4
2026-08-05 03:37:05,33650,88.8,10.3,4
2026-08-05 03:37:10,33655,92.0,10.4,4
2026-08-05 03:37:15,33660,93.1,10.4,4
2026-08-05 03:37:20,33665,90.3,10.4,4
2026-08-05 03:37:25,33670,89.7,10.4,4
2026-08-05 03:37:30,33675,93.9,10.4,4
2026-08-05 03:37:35,33680,91.6,10.4,4
2026-08-05 03:37:40,33686,92.6,10.4,4
2026-08-05 03:37:46,33691,91.1,10.4,4
2026-08-05 03:37:51,33696,85.9,10.4,4
2026-08-05 03:37:56,33701,84.2,10.4,4
2026-08-05 03:38:01,33706,84.5,10.4,4
2026-08-05 03:38:06,33711,86.9,10.4,4
2026-08-05 03:38:11,33716,81.9,10.4,4
2026-08-05 03:38:16,33721,85.7,10.3,4
2026-08-05 03:38:21,33726,88.3,10.4,4
2026-08-05 03:38:26,33731,84.7,10.4,4
2026-08-05 03:38:31,33736,86.8,10.4,4
2026-08-05 03:38:36,33741,80.0,10.4,4
2026-08-05 03:38:42,33747,79.1,10.4,4
2026-08-05 03:38:47,33752,82.1,10.4,4
2026-08-05 03:38:52,33757,76.0,10.4,4
2026-08-05 03:38:57,33762,86.9,10.4,4
2026-08-05 03:39:02,33767,91.1,10.4,4
2026-08-05 03:39:07,33772,89.2,10.4,4
2026-08-05 03:39:12,33777,92.3,10.4,4
2026-08-05 03:39:17,33782,93.6,10.4,4
2026-08-05 03:39:22,33787,92.5,10.4,4
2026-08-05 03:39:27,33792,90.1,10.4,4
2026-08-05 03:39:32,33798,94.1,10.4,4
2026-08-05 03:39:38,33803,94.9,10.4,4
2026-08-05 03:39:43,33808,89.6,10.4,4
2026-08-05 03:39:48,33813,87.7,10.4,4
2026-08-05 03:39:53,33818,87.2,10.4,4
2026-08-05 03:39:58,33823,86.8,10.4,4
2026-08-05 03:40:03,33828,85.3,10.4,4
2026-08-05 03:40:08,33833,92.1,10.4,4
2026-08-05 03:40:13,33838,87.5,10.4,4
2026-08-05 03:40:18,33843,80.1,10.4,4
2026-08-05 03:40:23,33848,83.4,10.4,4
2026-08-05 03:40:28,33854,86.2,10.3,4
2026-08-05 03:40:34,33859,82.1,10.4,4
2026-08-05 03:40:39,33864,83.5,10.4,4
2026-08-05 03:40:44,33869,81.4,10.4,4
2026-08-05 03:40:49,33874,82.2,10.4,4
2026-08-05 03:40:54,33879,85.7,10.4,4
2026-08-05 03:40:59,33884,84.5,10.4,4
2026-08-05 03:41:04,33889,86.6,10.4,4
2026-08-05 03:41:09,33894,82.8,10.4,4
2026-08-05 03:41:14,33899,81.4,10.4,4
2026-08-05 03:41:19,33904,83.1,10.4,4
2026-08-05 03:41:24,33910,90.0,10.4,4
2026-08-05 03:41:29,33915,83.6,10.4,4
2026-08-05 03:41:35,33920,87.1,10.4,4
2026-08-05 03:41:40,33925,89.7,10.4,4
2026-08-05 03:41:45,33930,88.8,10.4,4
2026-08-05 03:41:50,33935,85.8,10.4,4
2026-08-05 03:41:55,33940,73.6,10.5,4
2026-08-05 03:42:00,33945,74.9,10.5,4
2026-08-05 03:42:05,33950,79.2,10.4,4
2026-08-05 03:42:10,33955,81.1,10.5,4
2026-08-05 03:42:15,33960,89.5,10.4,4
2026-08-05 03:42:20,33965,95.9,10.4,4
2026-08-05 03:42:26,33971,93.8,10.4,4
2026-08-05 03:42:31,33976,96.5,10.4,4
2026-08-05 03:42:36,33981,96.1,10.4,4
2026-08-05 03:42:41,33986,94.7,10.5,4
2026-08-05 03:42:46,33991,91.8,10.5,4
2026-08-05 03:42:51,33996,90.3,10.5,4
2026-08-05 03:42:56,34001,83.0,10.4,4
2026-08-05 03:43:01,34006,79.1,10.4,4
2026-08-05 03:43:06,34011,81.1,10.4,4
2026-08-05 03:43:11,34016,84.0,10.5,4
2026-08-05 03:43:16,34022,83.6,10.5,4
2026-08-05 03:43:22,34027,82.2,10.5,4
2026-08-05 03:43:27,34032,92.3,10.4,4
2026-08-05 03:43:32,34037,97.1,10.4,4
2026-08-05 03:43:37,34042,97.1,10.4,4
2026-08-05 03:43:42,34047,97.1,10.4,4
2026-08-05 03:43:47,34052,97.8,10.4,4
2026-08-05 03:43:52,34057,96.9,10.4,4
2026-08-05 03:43:57,34062,94.4,10.4,4
2026-08-05 03:44:02,34068,96.1,10.4,4
2026-08-05 03:44:08,34073,97.6,10.4,4
2026-08-05 03:44:13,34078,96.8,10.4,4
2026-08-05 03:44:18,34083,95.3,10.4,4
2026-08-05 03:44:23,34088,95.8,10.4,4
2026-08-05 03:44:28,34093,93.3,10.4,4
2026-08-05 03:44:33,34098,87.8,10.4,4
2026-08-05 03:44:38,34103,85.3,10.3,4
2026-08-05 03:44:43,34108,82.7,10.4,4
2026-08-05 03:44:48,34114,86.8,10.4,4
2026-08-05 03:44:54,34119,84.4,10.4,4
2026-08-05 03:44:59,34124,84.4,10.4,4
2026-08-05 03:45:04,34129,83.7,10.4,4
2026-08-05 03:45:09,34134,86.5,10.3,4
2026-08-05 03:45:14,34139,87.1,10.3,4
2026-08-05 03:45:19,34144,89.8,10.3,4
2026-08-05 03:45:24,34149,88.2,10.3,4
2026-08-05 03:45:29,34154,89.5,10.3,4
2026-08-05 03:45:34,34159,86.4,10.3,4
2026-08-05 03:45:39,34164,82.7,10.4,4
2026-08-05 03:45:44,34169,86.7,10.4,4
2026-08-05 03:45:49,34175,87.4,10.3,4
2026-08-05 03:45:55,34180,85.1,10.3,4
2026-08-05 03:46:00,34185,90.2,10.3,4
2026-08-05 03:46:05,34190,84.8,10.4,4
2026-08-05 03:46:10,34195,83.1,10.4,4
2026-08-05 03:46:15,34200,85.0,10.3,4
2026-08-05 03:46:20,34205,86.9,10.4,4
2026-08-05 03:46:25,34210,81.5,10.4,4
2026-08-05 03:46:30,34215,89.7,10.3,4
2026-08-05 03:46:35,34220,85.3,10.4,4
2026-08-05 03:46:40,34225,93.5,10.4,4
2026-08-05 03:46:45,34231,95.1,10.4,4
2026-08-05 03:46:51,34236,91.4,10.4,4
2026-08-05 03:46:56,34241,89.8,10.4,4
2026-08-05 03:47:01,34246,94.4,10.4,4
2026-08-05 03:47:06,34251,90.2,10.3,4
2026-08-05 03:47:11,34256,86.1,10.3,4
2026-08-05 03:47:16,34261,88.6,10.4,4
2026-08-05 03:47:21,34266,95.4,10.4,4
2026-08-05 03:47:26,34271,95.9,10.4,4
2026-08-05 03:47:31,34276,93.6,10.4,4
2026-08-05 03:47:36,34282,93.3,10.4,4
2026-08-05 03:47:41,34287,93.3,10.3,4
2026-08-05 03:47:47,34292,88.2,10.3,4
2026-08-05 03:47:52,34297,81.2,10.4,4
2026-08-05 03:47:57,34302,83.1,10.4,4
2026-08-05 03:48:02,34307,82.5,10.3,4
2026-08-05 03:48:07,34312,85.6,10.4,4
2026-08-05 03:48:12,34317,85.0,10.4,4
2026-08-05 03:48:17,34322,85.3,10.4,4
2026-08-05 03:48:22,34327,86.0,10.4,4
2026-08-05 03:48:27,34332,88.2,10.4,4
2026-08-05 03:48:32,34337,87.6,10.3,4
2026-08-05 03:48:37,34343,83.7,10.3,4
2026-08-05 03:48:43,34348,75.1,10.4,4
2026-08-05 03:48:48,34353,76.4,10.4,4
2026-08-05 03:48:53,34358,80.4,10.4,4
2026-08-05 03:48:58,34363,85.7,10.4,4
2026-08-05 03:49:03,34368,90.9,10.4,4
2026-08-05 03:49:08,34373,89.2,10.4,4
2026-08-05 03:49:13,34378,92.6,10.4,4
2026-08-05 03:49:18,34383,92.1,10.4,4
2026-08-05 03:49:23,34388,92.2,10.4,4
2026-08-05 03:49:28,34393,90.5,10.4,4
2026-08-05 03:49:33,34399,93.8,10.4,4
2026-08-05 03:49:39,34404,92.2,10.4,4
2026-08-05 03:49:44,34409,89.7,10.4,4
2026-08-05 03:49:49,34414,85.4,10.4,4
2026-08-05 03:49:54,34419,87.1,10.4,4
2026-08-05 03:49:59,34424,92.1,10.4,4
2026-08-05 03:50:04,34429,89.2,10.4,4
2026-08-05 03:50:09,34434,91.5,10.5,4
2026-08-05 03:50:14,34439,89.4,10.4,4
2026-08-05 03:50:19,34444,89.9,10.4,4
2026-08-05 03:50:24,34449,91.2,10.4,4
2026-08-05 03:50:29,34455,88.4,10.4,4
2026-08-05 03:50:35,34460,84.2,10.5,4
2026-08-05 03:50:40,34465,85.1,10.4,4
2026-08-05 03:50:45,34470,92.5,10.5,4
2026-08-05 03:50:50,34475,92.0,10.4,4
2026-08-05 03:50:55,34480,90.2,10.5,4
2026-08-05 03:51:00,34485,92.2,10.4,4
2026-08-05 03:51:05,34490,90.6,10.5,4
2026-08-05 03:51:10,34495,79.0,10.5,4
2026-08-05 03:51:15,34500,71.3,10.5,4
2026-08-05 03:51:20,34506,74.6,10.5,4
2026-08-05 03:51:26,34511,75.7,10.5,4
2026-08-05 03:51:31,34516,79.7,10.4,4
2026-08-05 03:51:36,34521,93.0,10.4,4
2026-08-05 03:51:41,34526,90.1,10.4,4
2026-08-05 03:51:46,34531,93.5,10.4,4
2026-08-05 03:51:51,34536,94.9,10.4,4
2026-08-05 03:51:56,34541,93.0,10.4,4
2026-08-05 03:52:01,34546,90.7,10.4,4
2026-08-05 03:52:06,34551,93.7,10.4,4
2026-08-05 03:52:11,34557,93.6,10.4,4
2026-08-05 03:52:17,34562,89.1,10.4,4
2026-08-05 03:52:22,34567,88.6,10.4,4
2026-08-05 03:52:27,34572,91.4,10.4,4
2026-08-05 03:52:32,34577,90.8,10.4,4
2026-08-05 03:52:37,34582,86.8,10.4,4
2026-08-05 03:52:42,34587,85.3,10.4,4
2026-08-05 03:52:47,34592,85.2,10.3,4
2026-08-05 03:52:52,34597,88.8,10.4,4
2026-08-05 03:52:57,34602,91.5,10.3,4
2026-08-05 03:53:02,34607,85.6,10.4,4
2026-08-05 03:53:07,34613,84.2,10.4,4
2026-08-05 03:53:12,34618,82.9,10.4,4
2026-08-05 03:53:18,34623,86.0,10.4,4
2026-08-05 03:53:23,34628,86.0,10.3,4
2026-08-05 03:53:28,34633,82.4,10.4,4
2026-08-05 03:53:33,34638,74.0,10.4,4
2026-08-05 03:53:38,34643,75.8,10.4,4
2026-08-05 03:53:43,34648,76.2,10.4,4
2026-08-05 03:53:48,34653,83.8,10.4,4
2026-08-05 03:53:53,34658,93.7,10.4,4
2026-08-05 03:53:58,34663,94.1,10.4,4
2026-08-05 03:54:03,34669,96.2,10.4,4
2026-08-05 03:54:08,34674,96.0,10.4,4
2026-08-05 03:54:14,34679,93.4,10.4,4
2026-08-05 03:54:19,34684,91.0,10.4,4
2026-08-05 03:54:24,34689,92.9,10.4,4
2026-08-05 03:54:29,34694,91.4,10.3,4
2026-08-05 03:54:34,34699,88.1,10.4,4
2026-08-05 03:54:39,34704,91.9,10.4,4
2026-08-05 03:54:44,34709,95.7,10.4,4
2026-08-05 03:54:49,34714,94.2,10.4,4
2026-08-05 03:54:54,34719,88.7,10.4,4
2026-08-05 03:54:59,34725,92.6,10.4,4
2026-08-05 03:55:05,34730,93.3,10.4,4
2026-08-05 03:55:10,34735,90.9,10.4,4
2026-08-05 03:55:15,34740,84.6,10.3,4
2026-08-05 03:55:20,34745,81.8,10.4,4
2026-08-05 03:55:25,34750,82.1,10.4,4
2026-08-05 03:55:30,34755,81.8,10.3,4
2026-08-05 03:55:35,34760,84.1,10.4,4
2026-08-05 03:55:40,34765,86.5,10.4,4
2026-08-05 03:55:45,34770,92.8,10.4,4
2026-08-05 03:55:50,34775,89.3,10.3,4
2026-08-05 03:55:55,34781,94.6,10.3,4
2026-08-05 03:56:01,34786,94.4,10.4,4
2026-08-05 03:56:06,34791,93.0,10.3,4
2026-08-05 03:56:11,34796,91.8,10.4,4
2026-08-05 03:56:16,34801,93.8,10.4,4
2026-08-05 03:56:21,34806,92.1,10.4,4
2026-08-05 03:56:26,34811,88.1,10.4,4
2026-08-05 03:56:31,34816,92.7,10.4,4
2026-08-05 03:56:36,34821,95.1,10.4,4
2026-08-05 03:56:41,34826,92.9,10.3,4
2026-08-05 03:56:46,34832,91.2,10.4,4
2026-08-05 03:56:52,34837,90.4,10.4,4
2026-08-05 03:56:57,34842,88.8,10.4,4
2026-08-05 03:57:02,34847,88.3,10.4,4
2026-08-05 03:57:07,34852,93.2,10.4,4
2026-08-05 03:57:12,34857,89.6,10.4,4
2026-08-05 03:57:17,34862,90.1,10.4,4
2026-08-05 03:57:22,34867,85.8,10.4,4
2026-08-05 03:57:27,34872,88.3,10.4,4
2026-08-05 03:57:32,34877,93.4,10.4,4
2026-08-05 03:57:37,34883,93.7,10.4,4
2026-08-05 03:57:43,34888,95.4,10.4,4
2026-08-05 03:57:48,34893,92.4,10.4,4
2026-08-05 03:57:53,34898,87.1,10.4,4
2026-08-05 03:57:58,34903,86.2,10.4,4
2026-08-05 03:58:03,34908,83.6,10.4,4
2026-08-05 03:58:08,34913,85.2,10.4,4
2026-08-05 03:58:13,34918,80.4,10.4,4
2026-08-05 03:58:18,34923,80.2,10.5,4
2026-08-05 03:58:23,34928,79.1,10.4,4
2026-08-05 03:58:28,34933,80.7,10.4,4
2026-08-05 03:58:33,34938,87.8,10.4,4
2026-08-05 03:58:38,34944,85.8,10.5,4
2026-08-05 03:58:44,34949,81.3,10.4,4
2026-08-05 03:58:49,34954,85.1,10.4,4
2026-08-05 03:58:54,34959,76.9,10.5,4
2026-08-05 03:58:59,34964,74.6,10.4,4
2026-08-05 03:59:04,34969,80.5,10.4,4
2026-08-05 03:59:09,34974,76.0,10.4,4
2026-08-05 03:59:14,34979,70.9,10.4,4
2026-08-05 03:59:19,34984,68.6,10.4,4
2026-08-05 03:59:24,34989,72.5,10.4,4
2026-08-05 03:59:29,34994,83.2,10.4,4
2026-08-05 03:59:34,34999,80.0,10.4,4
2026-08-05 03:59:39,35005,83.8,10.4,4
2026-08-05 03:59:45,35010,94.3,10.4,4
2026-08-05 03:59:50,35015,91.2,10.4,4
2026-08-05 03:59:55,35020,94.6,10.4,4
2026-08-05 04:00:00,35025,95.5,10.3,4
2026-08-05 04:00:05,35030,94.0,10.3,4
2026-08-05 04:00:10,35035,91.7,10.4,4
2026-08-05 04:00:15,35040,93.8,10.4,4
2026-08-05 04:00:20,35045,90.6,10.4,4
2026-08-05 04:00:25,35050,87.7,10.4,4
2026-08-05 04:00:30,35056,91.6,10.4,4
2026-08-05 04:00:36,35061,94.5,10.4,4
2026-08-05 04:00:41,35066,94.8,10.4,4
2026-08-05 04:00:46,35071,91.5,10.3,4
2026-08-05 04:00:51,35076,86.2,10.4,4
2026-08-05 04:00:56,35081,79.4,10.4,4
2026-08-05 04:01:01,35086,77.9,10.4,4
2026-08-05 04:01:06,35091,80.0,10.4,4
2026-08-05 04:01:11,35096,80.6,10.4,4
2026-08-05 04:01:16,35101,85.3,10.4,4
2026-08-05 04:01:21,35106,94.5,10.4,4
2026-08-05 04:01:26,35112,91.9,10.4,4
2026-08-05 04:01:32,35117,95.9,10.4,4
2026-08-05 04:01:37,35122,96.1,10.4,4
2026-08-05 04:01:42,35127,96.6,10.4,4
2026-08-05 04:01:47,35132,92.2,10.4,4
2026-08-05 04:01:52,35137,93.6,10.4,4
2026-08-05 04:01:57,35142,87.0,10.4,4
2026-08-05 04:02:02,35147,82.2,10.4,4
2026-08-05 04:02:07,35152,87.8,10.4,4
2026-08-05 04:02:12,35157,91.8,10.4,4
2026-08-05 04:02:17,35163,86.1,10.4,4
2026-08-05 04:02:23,35168,94.4,10.4,4
2026-08-05 04:02:28,35173,94.6,10.4,4
2026-08-05 04:02:33,35178,95.8,10.4,4
2026-08-05 04:02:38,35183,96.4,10.4,4
2026-08-05 04:02:43,35188,94.1,10.4,4
2026-08-05 04:02:48,35193,89.3,10.4,4
2026-08-05 04:02:53,35198,91.6,10.4,4
2026-08-05 04:02:58,35203,92.7,10.4,4
2026-08-05 04:03:03,35208,86.9,10.4,4
2026-08-05 04:03:08,35214,86.6,10.4,4
2026-08-05 04:03:14,35219,92.2,10.4,4
2026-08-05 04:03:19,35224,92.0,10.4,4
2026-08-05 04:03:24,35229,91.5,10.4,4
2026-08-05 04:03:29,35234,88.8,10.4,4
2026-08-05 04:03:34,35239,90.4,10.4,4
2026-08-05 04:03:39,35244,93.7,10.4,4
2026-08-05 04:03:44,35249,89.7,10.4,4
2026-08-05 04:03:49,35254,93.2,10.4,4
2026-08-05 04:03:54,35259,90.3,10.4,4
2026-08-05 04:03:59,35264,86.9,10.4,4
2026-08-05 04:04:04,35270,86.2,10.4,4
2026-08-05 04:04:10,35275,89.5,10.4,4
2026-08-05 04:04:15,35280,86.9,10.4,4
2026-08-05 04:04:20,35285,87.6,10.4,4
2026-08-05 04:04:25,35290,90.1,10.4,4
2026-08-05 04:04:30,35295,83.7,10.4,4
2026-08-05 04:04:35,35300,86.8,10.4,4
2026-08-05 04:04:40,35305,87.3,10.3,4
2026-08-05 04:04:45,35310,89.7,10.4,4
2026-08-05 04:04:50,35315,84.8,10.4,4
2026-08-05 04:04:55,35320,82.7,10.4,4
2026-08-05 04:05:00,35325,82.5,10.3,4
2026-08-05 04:05:05,35331,81.0,10.4,4
2026-08-05 04:05:11,35336,88.8,10.4,4
2026-08-05 04:05:16,35341,92.0,10.4,4
2026-08-05 04:05:21,35346,85.7,10.3,4
2026-08-05 04:05:26,35351,82.1,10.4,4
2026-08-05 04:05:31,35356,76.3,10.4,4
2026-08-05 04:05:36,35361,73.0,10.4,4
2026-08-05 04:05:41,35366,79.6,10.3,4
2026-08-05 04:05:46,35371,79.4,10.4,4
2026-08-05 04:05:51,35376,84.2,10.4,4
2026-08-05 04:05:56,35381,87.3,10.4,4
2026-08-05 04:06:01,35387,84.9,10.4,4
2026-08-05 04:06:07,35392,86.2,10.4,4
2026-08-05 04:06:12,35397,83.7,10.4,4
2026-08-05 04:06:17,35402,81.3,10.4,4
2026-08-05 04:06:22,35407,79.5,10.5,4
2026-08-05 04:06:27,35412,81.3,10.4,4
2026-08-05 04:06:32,35417,87.3,10.5,4
2026-08-05 04:06:37,35422,84.6,10.5,4
2026-08-05 04:06:42,35427,87.3,10.4,4
2026-08-05 04:06:47,35432,78.6,10.4,4
2026-08-05 04:06:52,35437,81.2,10.5,4
2026-08-05 04:06:57,35442,85.9,10.5,4
2026-08-05 04:07:02,35448,82.5,10.5,4
2026-08-05 04:07:08,35453,88.7,10.5,4
2026-08-05 04:07:13,35458,90.2,10.4,4
2026-08-05 04:07:18,35463,86.1,10.5,4
2026-08-05 04:07:23,35468,80.6,10.5,4
2026-08-05 04:07:28,35473,81.2,10.4,4
2026-08-05 04:07:33,35478,81.1,10.4,4
2026-08-05 04:07:38,35483,78.3,10.4,4
2026-08-05 04:07:43,35488,80.7,10.4,4
2026-08-05 04:07:48,35493,93.7,10.4,4
2026-08-05 04:07:53,35498,95.2,10.4,4
2026-08-05 04:07:58,35504,95.2,10.4,4
2026-08-05 04:08:04,35509,96.4,10.4,4
2026-08-05 04:08:09,35514,96.7,10.4,4
2026-08-05 04:08:14,35519,97.1,10.4,4
2026-08-05 04:08:19,35524,96.6,10.4,4
2026-08-05 04:08:24,35529,94.3,10.4,4
2026-08-05 04:08:29,35534,88.7,10.4,4
2026-08-05 04:08:34,35539,86.5,10.4,4
2026-08-05 04:08:39,35544,86.6,10.4,4
2026-08-05 04:08:44,35550,90.5,10.4,4
2026-08-05 04:08:50,35555,95.8,10.4,4
2026-08-05 04:08:55,35560,92.3,10.4,4
2026-08-05 04:09:00,35565,94.5,10.4,4
2026-08-05 04:09:05,35570,96.1,10.4,4
2026-08-05 04:09:10,35575,96.7,10.4,4
2026-08-05 04:09:15,35580,97.2,10.4,4
2026-08-05 04:09:20,35585,97.2,10.3,4
2026-08-05 04:09:25,35590,97.6,10.4,4
2026-08-05 04:09:30,35596,95.2,10.4,4
2026-08-05 04:09:36,35601,94.2,10.4,4
2026-08-05 04:09:41,35606,92.9,10.4,4
2026-08-05 04:09:46,35611,93.8,10.4,4
2026-08-05 04:09:51,35616,93.6,10.4,4
2026-08-05 04:09:56,35621,95.0,10.4,4
2026-08-05 04:10:01,35626,94.1,10.4,4
2026-08-05 04:10:06,35631,95.2,10.4,4
2026-08-05 04:10:11,35636,91.9,10.4,4
2026-08-05 04:10:16,35641,88.5,10.4,4
2026-08-05 04:10:21,35647,86.6,10.4,4
2026-08-05 04:10:27,35652,91.3,10.4,4
2026-08-05 04:10:32,35657,90.2,10.4,4
2026-08-05 04:10:37,35662,88.9,10.4,4
2026-08-05 04:10:42,35667,87.6,10.4,4
2026-08-05 04:10:47,35672,87.4,10.4,4
2026-08-05 04:10:52,35677,90.7,10.4,4
2026-08-05 04:10:57,35682,87.3,10.4,4
2026-08-05 04:11:02,35687,89.0,10.4,4
2026-08-05 04:11:07,35692,89.2,10.4,4
2026-08-05 04:11:12,35697,86.0,10.4,4
2026-08-05 04:11:17,35703,81.7,10.3,4
2026-08-05 04:11:22,35708,79.8,10.4,4
2026-08-05 04:11:28,35713,86.3,10.4,4
2026-08-05 04:11:33,35718,82.3,10.3,4
2026-08-05 04:11:38,35723,82.6,10.4,4
2026-08-05 04:11:43,35728,75.6,10.4,4
2026-08-05 04:11:48,35733,84.0,10.4,4
2026-08-05 04:11:53,35738,88.5,10.4,4
2026-08-05 04:11:58,35743,83.3,10.4,4
2026-08-05 04:12:03,35748,87.5,10.4,4
2026-08-05 04:12:08,35753,87.0,10.4,4
2026-08-05 04:12:13,35758,79.1,10.4,4
2026-08-05 04:12:18,35764,75.1,10.4,4
2026-08-05 04:12:23,35769,77.0,10.4,4
2026-08-05 04:12:29,35774,81.6,10.4,4
2026-08-05 04:12:34,35779,82.7,10.4,4
2026-08-05 04:12:39,35784,83.2,10.3,4
2026-08-05 04:12:44,35789,81.1,10.3,4
2026-08-05 04:12:49,35794,87.0,10.4,4
2026-08-05 04:12:54,35799,87.1,10.3,4
2026-08-05 04:12:59,35804,78.0,10.4,4
2026-08-05 04:13:04,35809,79.6,10.4,4
2026-08-05 04:13:09,35814,78.7,10.4,4
2026-08-05 04:13:14,35819,79.6,10.4,4
2026-08-05 04:13:19,35825,89.0,10.4,4
2026-08-05 04:13:24,35830,90.1,10.4,4
2026-08-05 04:13:30,35835,85.1,10.4,4
2026-08-05 04:13:35,35840,82.7,10.4,4
2026-08-05 04:13:40,35845,76.7,10.4,4
2026-08-05 04:13:45,35850,77.0,10.4,4
2026-08-05 04:13:50,35855,89.0,10.3,4
2026-08-05 04:13:55,35860,90.8,10.4,4
2026-08-05 04:14:00,35865,89.9,10.4,4
2026-08-05 04:14:05,35870,88.8,10.4,4
2026-08-05 04:14:10,35875,85.7,10.4,4
2026-08-05 04:14:15,35880,78.2,10.5,4
2026-08-05 04:14:20,35886,76.9,10.5,4
2026-08-05 04:14:26,35891,84.3,10.4,4
2026-08-05 04:14:31,35896,84.8,10.4,4
2026-08-05 04:14:36,35901,86.0,10.4,4
2026-08-05 04:14:41,35906,83.2,10.4,4
2026-08-05 04:14:46,35911,87.1,10.5,4
2026-08-05 04:14:51,35916,85.3,10.5,4
2026-08-05 04:14:56,35921,87.6,10.5,4
2026-08-05 04:15:01,35926,87.5,10.5,4
2026-08-05 04:15:06,35931,88.8,10.5,4
2026-08-05 04:15:11,35936,84.0,10.5,4
2026-08-05 04:15:16,35941,86.6,10.5,4
2026-08-05 04:15:22,35947,77.8,10.5,4
2026-08-05 04:15:27,35952,79.7,10.4,4
2026-08-05 04:15:32,35957,92.5,10.5,4
2026-08-05 04:15:37,35962,89.5,10.4,4
2026-08-05 04:15:42,35967,94.8,10.4,4
2026-08-05 04:15:47,35972,91.2,10.5,4
2026-08-05 04:15:52,35977,92.4,10.4,4
2026-08-05 04:15:57,35982,95.6,10.4,4
2026-08-05 04:16:02,35987,95.3,10.3,4
2026-08-05 04:16:07,35993,96.5,10.3,4
2026-08-05 04:16:13,35998,96.6,10.4,4
2026-08-05 04:16:18,36003,97.5,10.4,4
2026-08-05 04:16:23,36008,97.7,10.3,4
2026-08-05 04:16:28,36013,98.5,10.3,4
2026-08-05 04:16:33,36018,98.6,10.3,4
2026-08-05 04:16:38,36023,98.4,10.3,4
2026-08-05 04:16:43,36028,98.1,10.3,4
2026-08-05 04:16:48,36033,97.8,10.3,4
2026-08-05 04:16:53,36039,97.9,10.3,4
2026-08-05 04:16:59,36044,98.4,10.3,4
2026-08-05 04:17:04,36049,98.0,10.3,4
2026-08-05 04:17:09,36054,98.1,10.3,4
2026-08-05 04:17:14,36059,96.6,10.3,4
2026-08-05 04:17:19,36064,96.7,10.3,4
2026-08-05 04:17:24,36069,96.7,10.3,4
2026-08-05 04:17:29,36074,97.1,10.3,4
2026-08-05 04:17:34,36079,96.9,10.3,4
2026-08-05 04:17:39,36085,94.8,10.3,4
2026-08-05 04:17:45,36090,96.3,10.3,4
2026-08-05 04:17:50,36095,96.9,10.3,4
2026-08-05 04:17:55,36100,93.7,10.3,4
2026-08-05 04:18:00,36105,90.2,10.3,4
2026-08-05 04:18:05,36110,84.8,10.3,4
2026-08-05 04:18:10,36115,76.6,10.3,4
2026-08-05 04:18:15,36120,80.0,10.3,4
2026-08-05 04:18:20,36125,77.5,10.4,4
2026-08-05 04:18:25,36130,77.6,10.3,4
2026-08-05 04:18:30,36135,77.4,10.3,4
2026-08-05 04:18:35,36141,83.1,10.3,4
2026-08-05 04:18:40,36146,86.1,10.3,4
2026-08-05 04:18:46,36151,87.4,10.3,4
2026-08-05 04:18:51,36156,84.8,10.3,4
2026-08-05 04:18:56,36161,81.0,10.4,4
2026-08-05 04:19:01,36166,78.0,10.3,4
2026-08-05 04:19:06,36171,83.1,10.3,4
2026-08-05 04:19:11,36176,78.7,10.3,4
2026-08-05 04:19:16,36181,80.5,10.3,4
2026-08-05 04:19:21,36186,81.0,10.3,4
2026-08-05 04:19:26,36191,82.9,10.3,4
2026-08-05 04:19:31,36196,83.5,10.3,4
2026-08-05 04:19:36,36202,88.7,10.3,4
2026-08-05 04:19:42,36207,86.3,10.3,4
2026-08-05 04:19:47,36212,81.3,10.3,4
2026-08-05 04:19:52,36217,80.2,10.3,4
2026-08-05 04:19:57,36222,88.7,10.3,4
2026-08-05 04:20:02,36227,85.9,10.3,4
2026-08-05 04:20:07,36232,88.3,10.3,4
2026-08-05 04:20:12,36237,86.8,10.3,4
2026-08-05 04:20:17,36242,79.3,10.3,4
2026-08-05 04:20:22,36247,74.4,10.3,4
2026-08-05 04:20:27,36252,72.2,10.3,4
2026-08-05 04:20:32,36257,77.8,10.3,4
2026-08-05 04:20:37,36263,83.2,10.3,4
2026-08-05 04:20:43,36268,82.0,10.3,4
2026-08-05 04:20:48,36273,82.8,10.3,4
2026-08-05 04:20:53,36278,85.0,10.3,4
2026-08-05 04:20:58,36283,88.7,10.3,4
2026-08-05 04:21:03,36288,90.1,10.3,4
2026-08-05 04:21:08,36293,83.6,10.3,4
2026-08-05 04:21:13,36298,82.8,10.3,4
2026-08-05 04:21:18,36303,81.9,10.3,4
2026-08-05 04:21:23,36308,86.1,10.3,4
2026-08-05 04:21:28,36313,88.6,10.3,4
2026-08-05 04:21:33,36319,87.6,10.3,4
2026-08-05 04:21:38,36324,85.8,10.3,4
2026-08-05 04:21:44,36329,83.3,10.3,4
2026-08-05 04:21:49,36334,80.3,10.4,4
2026-08-05 04:21:54,36339,80.4,10.3,4
2026-08-05 04:21:59,36344,80.5,10.3,4
2026-08-05 04:22:04,36349,83.8,10.3,4
2026-08-05 04:22:09,36354,84.8,10.3,4
2026-08-05 04:22:14,36359,88.2,10.4,4
2026-08-05 04:22:19,36364,92.9,10.4,4
2026-08-05 04:22:24,36369,90.3,10.4,4
2026-08-05 04:22:29,36374,95.4,10.4,4
2026-08-05 04:22:34,36380,96.0,10.4,4
2026-08-05 04:22:40,36385,92.3,10.4,4
2026-08-05 04:22:45,36390,95.5,10.4,4
2026-08-05 04:22:50,36395,96.7,10.4,4
2026-08-05 04:22:55,36400,92.1,10.4,4
2026-08-05 04:23:00,36405,85.1,10.4,4
2026-08-05 04:23:05,36410,92.5,10.4,4
2026-08-05 04:23:10,36415,96.7,10.4,4
2026-08-05 04:23:15,36420,95.7,10.4,4
2026-08-05 04:23:20,36425,92.8,10.4,4
2026-08-05 04:23:25,36431,89.3,10.4,4
2026-08-05 04:23:31,36436,79.3,10.4,4
2026-08-05 04:23:36,36441,79.5,10.4,4
2026-08-05 04:23:41,36446,82.6,10.4,4
2026-08-05 04:23:46,36451,84.9,10.4,4
2026-08-05 04:23:51,36456,92.4,10.4,4
2026-08-05 04:23:56,36461,96.0,10.3,4
2026-08-05 04:24:01,36466,97.4,10.3,4
2026-08-05 04:24:06,36471,98.2,10.3,4
2026-08-05 04:24:11,36476,97.9,10.3,4
2026-08-05 04:24:16,36482,98.5,10.3,4
2026-08-05 04:24:22,36487,98.0,10.3,4
2026-08-05 04:24:27,36492,98.5,10.3,4
2026-08-05 04:24:32,36497,98.4,10.3,4
2026-08-05 04:24:37,36502,96.5,10.3,4
2026-08-05 04:24:42,36507,96.4,10.3,4
2026-08-05 04:24:47,36512,97.0,10.3,4
2026-08-05 04:24:52,36517,96.2,10.3,4
2026-08-05 04:24:57,36523,95.6,10.3,4
2026-08-05 04:25:03,36528,94.9,10.3,4
2026-08-05 04:25:08,36533,94.7,10.3,4
2026-08-05 04:25:13,36538,93.9,10.3,4
2026-08-05 04:25:18,36543,90.9,10.3,4
2026-08-05 04:25:23,36548,87.4,10.4,4
2026-08-05 04:25:28,36553,80.7,10.3,4
2026-08-05 04:25:33,36558,85.6,10.3,4
2026-08-05 04:25:38,36563,80.1,10.3,4
2026-08-05 04:25:43,36568,80.3,10.3,4
2026-08-05 04:25:48,36573,82.2,10.3,4
2026-08-05 04:25:53,36579,80.1,10.3,4
2026-08-05 04:25:59,36584,77.7,10.3,4
2026-08-05 04:26:04,36589,79.0,10.3,4
2026-08-05 04:26:09,36594,81.8,10.3,4
2026-08-05 04:26:14,36599,80.3,10.3,4
2026-08-05 04:26:19,36604,83.8,10.3,4
2026-08-05 04:26:24,36609,88.2,10.3,4
2026-08-05 04:26:29,36614,83.5,10.3,4
2026-08-05 04:26:34,36619,83.3,10.3,4
2026-08-05 04:26:39,36624,81.2,10.3,4
2026-08-05 04:26:44,36629,77.2,10.4,4
2026-08-05 04:26:49,36634,83.8,10.3,4
2026-08-05 04:26:54,36640,82.1,10.3,4
2026-08-05 04:27:00,36645,82.2,10.3,4
2026-08-05 04:27:05,36650,82.5,10.3,4
2026-08-05 04:27:10,36655,81.7,10.3,4
2026-08-05 04:27:15,36660,84.1,10.4,4
2026-08-05 04:27:20,36665,83.2,10.3,4
2026-08-05 04:27:25,36670,88.1,10.3,4
2026-08-05 04:27:30,36675,90.5,10.3,4
2026-08-05 04:27:35,36680,88.0,10.3,4
2026-08-05 04:27:40,36685,87.1,10.3,4
2026-08-05 04:27:45,36690,86.9,10.3,4
2026-08-05 04:27:50,36696,88.7,10.3,4
2026-08-05 04:27:55,36701,88.8,10.3,4
2026-08-05 04:28:01,36706,89.9,10.3,4
2026-08-05 04:28:06,36711,89.8,10.4,4
2026-08-05 04:28:11,36716,84.9,10.3,4
2026-08-05 04:28:16,36721,84.2,10.4,4
2026-08-05 04:28:21,36726,88.7,10.3,4
2026-08-05 04:28:26,36731,88.4,10.3,4
2026-08-05 04:28:31,36736,92.3,10.3,4
2026-08-05 04:28:36,36741,91.5,10.3,4
2026-08-05 04:28:41,36746,77.2,10.3,4
2026-08-05 04:28:46,36751,73.2,10.4,4
2026-08-05 04:28:51,36757,77.6,10.4,4
2026-08-05 04:28:57,36762,84.4,10.4,4
2026-08-05 04:29:02,36767,93.4,10.4,4
2026-08-05 04:29:07,36772,92.0,10.4,4
2026-08-05 04:29:12,36777,92.2,10.3,4
2026-08-05 04:29:17,36782,94.3,10.3,4
2026-08-05 04:29:22,36787,93.1,10.4,4
2026-08-05 04:29:27,36792,92.9,10.3,4
2026-08-05 04:29:32,36797,93.5,10.3,4
2026-08-05 04:29:37,36802,94.6,10.3,4
2026-08-05 04:29:42,36808,91.8,10.3,4
2026-08-05 04:29:48,36813,91.7,10.3,4
2026-08-05 04:29:53,36818,92.4,10.3,4
2026-08-05 04:29:58,36823,94.1,10.3,4
2026-08-05 04:30:03,36828,92.7,10.3,4
2026-08-05 04:30:08,36833,91.1,10.3,4
2026-08-05 04:30:13,36838,92.2,10.3,4
2026-08-05 04:30:18,36843,93.0,10.3,4
2026-08-05 04:30:23,36848,93.8,10.3,4
2026-08-05 04:30:28,36853,95.5,10.4,4
2026-08-05 04:30:33,36858,94.3,10.4,4
2026-08-05 04:30:39,36864,90.2,10.4,4
2026-08-05 04:30:44,36869,91.6,10.5,4
2026-08-05 04:30:49,36874,94.8,10.4,4
2026-08-05 04:30:54,36879,94.8,10.4,4
2026-08-05 04:30:59,36884,93.3,10.4,4
2026-08-05 04:31:04,36889,85.5,10.5,4
2026-08-05 04:31:09,36894,82.9,10.5,4
2026-08-05 04:31:14,36899,81.1,10.5,4
2026-08-05 04:31:19,36904,79.4,10.5,4
2026-08-05 04:31:24,36909,85.2,10.5,4
2026-08-05 04:31:29,36915,94.7,10.5,4
2026-08-05 04:31:35,36920,89.6,10.5,4
2026-08-05 04:31:40,36925,91.3,10.5,4
2026-08-05 04:31:45,36930,86.2,10.5,4
2026-08-05 04:31:50,36935,85.2,10.5,4
2026-08-05 04:31:55,36940,89.9,10.5,4
2026-08-05 04:32:00,36945,88.7,10.5,4
2026-08-05 04:32:05,36950,89.9,10.4,4
2026-08-05 04:32:10,36955,96.0,10.4,4
2026-08-05 04:32:15,36960,94.5,10.4,4
2026-08-05 04:32:20,36965,96.5,10.4,4
2026-08-05 04:32:25,36971,96.8,10.4,4
2026-08-05 04:32:31,36976,95.9,10.4,4
2026-08-05 04:32:36,36981,93.0,10.4,4
2026-08-05 04:32:41,36986,93.8,10.4,4
2026-08-05 04:32:46,36991,94.6,10.4,4
2026-08-05 04:32:51,36996,86.8,10.4,4
2026-08-05 04:32:56,37001,84.8,10.4,4
2026-08-05 04:33:01,37006,93.1,10.4,4
2026-08-05 04:33:06,37011,90.7,10.4,4
2026-08-05 04:33:11,37016,92.0,10.4,4
2026-08-05 04:33:16,37022,79.3,10.4,4
2026-08-05 04:33:22,37027,77.8,10.4,4
2026-08-05 04:33:27,37032,78.3,10.4,4
2026-08-05 04:33:32,37037,80.9,10.4,4
2026-08-05 04:33:37,37042,85.1,10.4,4
2026-08-05 04:33:42,37047,80.9,10.3,4
2026-08-05 04:33:47,37052,79.1,10.4,4
2026-08-05 04:33:52,37057,80.9,10.4,4
2026-08-05 04:33:57,37062,79.4,10.4,4
2026-08-05 04:34:02,37067,80.5,10.4,4
2026-08-05 04:34:07,37072,82.8,10.4,4
2026-08-05 04:34:12,37077,79.6,10.4,4
2026-08-05 04:34:17,37083,83.1,10.4,4
2026-08-05 04:34:23,37088,81.9,10.4,4
2026-08-05 04:34:28,37093,85.8,10.4,4
2026-08-05 04:34:33,37098,90.1,10.4,4
2026-08-05 04:34:38,37103,85.4,10.4,4
2026-08-05 04:34:43,37108,86.6,10.4,4
2026-08-05 04:34:48,37113,85.5,10.4,4
2026-08-05 04:34:53,37118,82.7,10.4,4
2026-08-05 04:34:58,37123,90.7,10.4,4
2026-08-05 04:35:03,37128,88.2,10.3,4
2026-08-05 04:35:08,37133,88.9,10.4,4
2026-08-05 04:35:13,37139,90.5,10.4,4
2026-08-05 04:35:19,37144,83.0,10.4,4
2026-08-05 04:35:24,37149,75.2,10.4,4
2026-08-05 04:35:29,37154,76.3,10.4,4
2026-08-05 04:35:34,37159,77.9,10.4,4
2026-08-05 04:35:39,37164,79.9,10.4,4
2026-08-05 04:35:44,37169,90.9,10.4,4
2026-08-05 04:35:49,37174,92.2,10.4,4
2026-08-05 04:35:54,37179,95.7,10.4,4
2026-08-05 04:35:59,37184,96.0,10.4,4
2026-08-05 04:36:04,37190,95.6,10.4,4
2026-08-05 04:36:09,37195,91.8,10.4,4
2026-08-05 04:36:15,37200,90.7,10.4,4
2026-08-05 04:36:20,37205,89.5,10.4,4
2026-08-05 04:36:25,37210,87.0,10.4,4
2026-08-05 04:36:30,37215,87.6,10.4,4
2026-08-05 04:36:35,37220,93.2,10.4,4
2026-08-05 04:36:40,37225,89.4,10.4,4
2026-08-05 04:36:45,37230,87.4,10.4,4
2026-08-05 04:36:50,37235,86.4,10.4,4
2026-08-05 04:36:55,37240,90.9,10.4,4
2026-08-05 04:37:00,37246,93.4,10.4,4
2026-08-05 04:37:06,37251,94.9,10.4,4
2026-08-05 04:37:11,37256,90.8,10.4,4
2026-08-05 04:37:16,37261,91.9,10.4,4
2026-08-05 04:37:21,37266,88.8,10.4,4
2026-08-05 04:37:26,37271,90.8,10.4,4
2026-08-05 04:37:31,37276,94.5,10.4,4
2026-08-05 04:37:36,37281,95.3,10.4,4
2026-08-05 04:37:41,37286,93.5,10.4,4
2026-08-05 04:37:46,37291,93.0,10.4,4
2026-08-05 04:37:51,37296,89.1,10.4,4
2026-08-05 04:37:56,37302,87.0,10.4,4
2026-08-05 04:38:02,37307,86.4,10.4,4
2026-08-05 04:38:07,37312,88.1,10.4,4
2026-08-05 04:38:12,37317,90.3,10.4,4
2026-08-05 04:38:17,37322,88.8,10.4,4
2026-08-05 04:38:22,37327,86.0,10.4,4
2026-08-05 04:38:27,37332,83.6,10.4,4
2026-08-05 04:38:32,37337,83.0,10.4,4
2026-08-05 04:38:37,37342,79.3,10.4,4
2026-08-05 04:38:42,37347,81.2,10.4,4
2026-08-05 04:38:47,37352,82.6,10.4,4
2026-08-05 04:38:52,37358,89.3,10.4,4
2026-08-05 04:38:58,37363,95.5,10.5,4
2026-08-05 04:39:03,37368,94.2,10.4,4
2026-08-05 04:39:08,37373,95.7,10.5,4
2026-08-05 04:39:13,37378,93.8,10.4,4
2026-08-05 04:39:18,37383,89.7,10.4,4
2026-08-05 04:39:23,37388,87.6,10.5,4
2026-08-05 04:39:28,37393,93.2,10.4,4
2026-08-05 04:39:33,37398,88.4,10.5,4
2026-08-05 04:39:38,37403,90.1,10.5,4
2026-08-05 04:39:43,37408,89.3,10.4,4
2026-08-05 04:39:49,37414,81.4,10.4,4
2026-08-05 04:39:54,37419,84.7,10.4,4
2026-08-05 04:39:59,37424,83.1,10.4,4
2026-08-05 04:40:04,37429,83.1,10.4,4
2026-08-05 04:40:09,37434,88.3,10.4,4
2026-08-05 04:40:14,37439,94.2,10.4,4
2026-08-05 04:40:19,37444,94.5,10.4,4
2026-08-05 04:40:24,37449,94.3,10.4,4
2026-08-05 04:40:29,37454,94.1,10.4,4
2026-08-05 04:40:34,37459,92.7,10.4,4
2026-08-05 04:40:39,37465,92.4,10.4,4
2026-08-05 04:40:45,37470,90.8,10.4,4
2026-08-05 04:40:50,37475,91.7,10.4,4
2026-08-05 04:40:55,37480,88.8,10.4,4
2026-08-05 04:41:00,37485,90.0,10.4,4
2026-08-05 04:41:05,37490,93.9,10.4,4
2026-08-05 04:41:10,37495,92.3,10.4,4
2026-08-05 04:41:15,37500,88.7,10.4,4
2026-08-05 04:41:20,37505,80.6,10.4,4
2026-08-05 04:41:25,37510,80.8,10.4,4
2026-08-05 04:41:30,37515,84.5,10.4,4
2026-08-05 04:41:35,37521,81.2,10.4,4
2026-08-05 04:41:41,37526,79.5,10.4,4
2026-08-05 04:41:46,37531,86.9,10.4,4
2026-08-05 04:41:51,37536,86.7,10.4,4
2026-08-05 04:41:56,37541,85.8,10.4,4
2026-08-05 04:42:01,37546,83.0,10.4,4
2026-08-05 04:42:06,37551,76.5,10.4,4
2026-08-05 04:42:11,37556,79.0,10.4,4
2026-08-05 04:42:16,37561,75.3,10.4,4
2026-08-05 04:42:21,37566,82.2,10.4,4
2026-08-05 04:42:26,37571,93.9,10.4,4
2026-08-05 04:42:31,37576,90.6,10.4,4
2026-08-05 04:42:36,37582,95.9,10.4,4
2026-08-05 04:42:42,37587,94.1,10.4,4
2026-08-05 04:42:47,37592,90.5,10.4,4
2026-08-05 04:42:52,37597,88.0,10.4,4
2026-08-05 04:42:57,37602,92.3,10.4,4
2026-08-05 04:43:02,37607,86.3,10.4,4
2026-08-05 04:43:07,37612,84.9,10.4,4
2026-08-05 04:43:12,37617,86.5,10.4,4
2026-08-05 04:43:17,37622,90.7,10.4,4
2026-08-05 04:43:22,37627,90.5,10.4,4
2026-08-05 04:43:27,37633,86.0,10.4,4
2026-08-05 04:43:33,37638,91.4,10.4,4
2026-08-05 04:43:38,37643,92.9,10.4,4
2026-08-05 04:43:43,37648,88.6,10.4,4
2026-08-05 04:43:48,37653,91.6,10.4,4
2026-08-05 04:43:53,37658,90.3,10.4,4
2026-08-05 04:43:58,37663,90.0,10.4,4
2026-08-05 04:44:03,37668,92.2,10.4,4
2026-08-05 04:44:08,37673,94.7,10.4,4
2026-08-05 04:44:13,37679,91.7,10.4,4
2026-08-05 04:44:19,37684,93.5,10.4,4
2026-08-05 04:44:24,37689,87.8,10.4,4
2026-08-05 04:44:29,37694,84.9,10.4,4
2026-08-05 04:44:34,37699,77.5,10.4,4
2026-08-05 04:44:39,37704,80.1,10.4,4
2026-08-05 04:44:44,37709,83.7,10.4,4
2026-08-05 04:44:49,37714,84.8,10.4,4
2026-08-05 04:44:54,37719,85.1,10.4,4
2026-08-05 04:44:59,37724,81.5,10.4,4
2026-08-05 04:45:04,37729,88.1,10.4,4
2026-08-05 04:45:09,37734,92.8,10.4,4
2026-08-05 04:45:14,37740,87.9,10.4,4
2026-08-05 04:45:20,37745,88.1,10.4,4
2026-08-05 04:45:25,37750,85.8,10.3,4
2026-08-05 04:45:30,37755,83.4,10.3,4
2026-08-05 04:45:35,37760,88.8,10.4,4
2026-08-05 04:45:40,37765,88.9,10.4,4
2026-08-05 04:45:45,37770,85.7,10.4,4
2026-08-05 04:45:50,37775,84.7,10.3,4
2026-08-05 04:45:55,37780,81.7,10.4,4
2026-08-05 04:46:00,37785,67.0,10.4,4
2026-08-05 04:46:05,37790,71.9,10.4,4
2026-08-05 04:46:10,37796,79.5,10.4,4
2026-08-05 04:46:16,37801,83.7,10.4,4
2026-08-05 04:46:21,37806,91.1,10.4,4
2026-08-05 04:46:26,37811,88.3,10.4,4
2026-08-05 04:46:31,37816,94.5,10.4,4
2026-08-05 04:46:36,37821,93.0,10.4,4
2026-08-05 04:46:41,37826,93.1,10.4,4
2026-08-05 04:46:46,37831,91.9,10.4,4
2026-08-05 04:46:51,37836,94.3,10.4,4
2026-08-05 04:46:56,37841,91.3,10.5,4
2026-08-05 04:47:01,37846,89.6,10.5,4
2026-08-05 04:47:06,37852,84.9,10.5,4
2026-08-05 04:47:12,37857,93.6,10.4,4
2026-08-05 04:47:17,37862,89.2,10.4,4
2026-08-05 04:47:22,37867,89.0,10.4,4
2026-08-05 04:47:27,37872,90.9,10.4,4
2026-08-05 04:47:32,37877,95.1,10.5,4
2026-08-05 04:47:37,37882,90.0,10.5,4
2026-08-05 04:47:42,37887,79.0,10.5,4
2026-08-05 04:47:47,37892,83.3,10.4,4
2026-08-05 04:47:52,37897,74.2,10.4,4
2026-08-05 04:47:57,37902,75.1,10.5,4
2026-08-05 04:48:02,37908,77.0,10.5,4
2026-08-05 04:48:08,37913,76.4,10.5,4
2026-08-05 04:48:13,37918,80.2,10.4,4
2026-08-05 04:48:18,37923,90.0,10.4,4
2026-08-05 04:48:23,37928,95.8,10.4,4
2026-08-05 04:48:28,37933,94.4,10.4,4
2026-08-05 04:48:33,37938,96.5,10.4,4
2026-08-05 04:48:38,37943,93.2,10.4,4
2026-08-05 04:48:43,37948,88.8,10.4,4
2026-08-05 04:48:48,37953,91.1,10.4,4
2026-08-05 04:48:53,37958,92.5,10.4,4
2026-08-05 04:48:59,37964,91.8,10.4,4
2026-08-05 04:49:04,37969,95.8,10.4,4
2026-08-05 04:49:09,37974,96.2,10.4,4
2026-08-05 04:49:14,37979,97.0,10.4,4
2026-08-05 04:49:19,37984,97.7,10.4,4
2026-08-05 04:49:24,37989,97.5,10.4,4
2026-08-05 04:49:29,37994,94.7,10.4,4
2026-08-05 04:49:34,37999,94.6,10.4,4
2026-08-05 04:49:39,38004,93.9,10.4,4
2026-08-05 04:49:44,38010,90.6,10.4,4
2026-08-05 04:49:49,38015,85.4,10.4,4
2026-08-05 04:49:55,38020,85.6,10.4,4
2026-08-05 04:50:00,38025,90.3,10.4,4
2026-08-05 04:50:05,38030,88.8,10.4,4
2026-08-05 04:50:10,38035,89.3,10.4,4
2026-08-05 04:50:15,38040,90.0,10.4,4
2026-08-05 04:50:20,38045,84.5,10.4,4
2026-08-05 04:50:25,38050,88.8,10.4,4
2026-08-05 04:50:30,38055,90.7,10.4,4
2026-08-05 04:50:35,38060,89.0,10.4,4
2026-08-05 04:50:40,38066,86.0,10.4,4
2026-08-05 04:50:46,38071,88.7,10.4,4
2026-08-05 04:50:51,38076,94.5,10.4,4
2026-08-05 04:50:56,38081,94.0,10.4,4
2026-08-05 04:51:01,38086,92.7,10.4,4
2026-08-05 04:51:06,38091,93.3,10.4,4
2026-08-05 04:51:11,38096,91.7,10.4,4
2026-08-05 04:51:16,38101,80.6,10.4,4
2026-08-05 04:51:21,38106,79.5,10.4,4
2026-08-05 04:51:26,38111,80.1,10.4,4
2026-08-05 04:51:31,38116,81.4,10.4,4
2026-08-05 04:51:36,38122,87.8,10.4,4
2026-08-05 04:51:42,38127,85.6,10.4,4
2026-08-05 04:51:47,38132,77.8,10.4,4
2026-08-05 04:51:52,38137,86.0,10.4,4
2026-08-05 04:51:57,38142,79.6,10.4,4
2026-08-05 04:52:02,38147,83.4,10.4,4
2026-08-05 04:52:07,38152,83.5,10.4,4
2026-08-05 04:52:12,38157,84.1,10.4,4
2026-08-05 04:52:17,38162,83.8,10.4,4
2026-08-05 04:52:22,38167,86.1,10.4,4
2026-08-05 04:52:27,38172,82.1,10.4,4
2026-08-05 04:52:32,38178,81.6,10.4,4
2026-08-05 04:52:38,38183,81.7,10.4,4
2026-08-05 04:52:43,38188,82.6,10.4,4
2026-08-05 04:52:48,38193,83.2,10.4,4
2026-08-05 04:52:53,38198,86.7,10.4,4
2026-08-05 04:52:58,38203,85.1,10.4,4
2026-08-05 04:53:03,38208,83.5,10.4,4
2026-08-05 04:53:08,38213,84.4,10.4,4
2026-08-05 04:53:13,38218,87.5,10.4,4
2026-08-05 04:53:18,38223,90.2,10.4,4
2026-08-05 04:53:23,38228,85.2,10.4,4
2026-08-05 04:53:28,38233,75.1,10.4,4
2026-08-05 04:53:33,38239,77.7,10.4,4
2026-08-05 04:53:39,38244,79.0,10.4,4
2026-08-05 04:53:44,38249,84.9,10.4,4
2026-08-05 04:53:49,38254,94.6,10.4,4
2026-08-05 04:53:54,38259,91.7,10.4,4
2026-08-05 04:53:59,38264,95.7,10.4,4
2026-08-05 04:54:04,38269,93.0,10.4,4
2026-08-05 04:54:09,38274,90.9,10.4,4
2026-08-05 04:54:14,38279,91.8,10.4,4
2026-08-05 04:54:19,38284,94.6,10.4,4
2026-08-05 04:54:24,38290,93.3,10.4,4
2026-08-05 04:54:30,38295,92.8,10.3,4
2026-08-05 04:54:35,38300,92.7,10.4,4
2026-08-05 04:54:40,38305,93.6,10.5,4
2026-08-05 04:54:45,38310,92.4,10.4,4
2026-08-05 04:54:50,38315,88.5,10.5,4
2026-08-05 04:54:55,38320,91.2,10.5,4
2026-08-05 04:55:00,38325,93.1,10.5,4
2026-08-05 04:55:05,38330,90.7,10.5,4
2026-08-05 04:55:10,38335,82.4,10.4,4
2026-08-05 04:55:15,38340,84.4,10.4,4
2026-08-05 04:55:20,38346,71.0,10.5,4
2026-08-05 04:55:26,38351,73.7,10.5,4
2026-08-05 04:55:31,38356,75.8,10.5,4
2026-08-05 04:55:36,38361,83.1,10.5,4
2026-08-05 04:55:41,38366,95.4,10.4,4
2026-08-05 04:55:46,38371,89.4,10.5,4
2026-08-05 04:55:51,38376,95.5,10.5,4
2026-08-05 04:55:56,38381,94.4,10.5,4
2026-08-05 04:56:01,38386,85.4,10.5,4
2026-08-05 04:56:06,38391,85.5,10.5,4
2026-08-05 04:56:11,38397,91.4,10.5,4
2026-08-05 04:56:17,38402,84.6,10.5,4
2026-08-05 04:56:22,38407,87.0,10.4,4
2026-08-05 04:56:27,38412,94.6,10.4,4
2026-08-05 04:56:32,38417,95.9,10.4,4
2026-08-05 04:56:37,38422,93.8,10.4,4
2026-08-05 04:56:42,38427,96.1,10.4,4
2026-08-05 04:56:47,38432,95.2,10.4,4
2026-08-05 04:56:52,38437,94.2,10.4,4
2026-08-05 04:56:57,38442,94.5,10.4,4
2026-08-05 04:57:02,38448,96.6,10.4,4
2026-08-05 04:57:08,38453,95.8,10.4,4
2026-08-05 04:57:13,38458,94.4,10.4,4
2026-08-05 04:57:18,38463,95.0,10.4,4
2026-08-05 04:57:23,38468,93.6,10.4,4
2026-08-05 04:57:28,38473,96.5,10.4,4
2026-08-05 04:57:33,38478,97.5,10.4,4
2026-08-05 04:57:38,38483,92.0,10.4,4
2026-08-05 04:57:43,38488,91.8,10.4,4
2026-08-05 04:57:48,38493,90.8,10.4,4
2026-08-05 04:57:53,38499,83.0,10.4,4
2026-08-05 04:57:59,38504,77.8,10.4,4
2026-08-05 04:58:04,38509,78.8,10.4,4
2026-08-05 04:58:09,38514,84.0,10.4,4
2026-08-05 04:58:14,38519,82.2,10.4,4
2026-08-05 04:58:19,38524,83.1,10.4,4
2026-08-05 04:58:24,38529,79.2,10.4,4
2026-08-05 04:58:29,38534,81.8,10.4,4
2026-08-05 04:58:34,38539,85.7,10.4,4
2026-08-05 04:58:39,38544,85.2,10.4,4
2026-08-05 04:58:44,38549,84.5,10.4,4
2026-08-05 04:58:49,38555,84.0,10.4,4
2026-08-05 04:58:54,38560,82.1,10.4,4
2026-08-05 04:59:00,38565,83.3,10.4,4
2026-08-05 04:59:05,38570,85.0,10.4,4
2026-08-05 04:59:10,38575,79.4,10.4,4
2026-08-05 04:59:15,38580,82.6,10.4,4
2026-08-05 04:59:20,38585,79.8,10.4,4
2026-08-05 04:59:25,38590,80.4,10.4,4
2026-08-05 04:59:30,38595,86.7,10.4,4
2026-08-05 04:59:35,38600,88.6,10.4,4
2026-08-05 04:59:40,38605,90.2,10.4,4
2026-08-05 04:59:45,38610,85.9,10.3,4
2026-08-05 04:59:50,38616,86.2,10.4,4
2026-08-05 04:59:56,38621,84.9,10.4,4
2026-08-05 05:00:01,38626,88.5,10.4,4
2026-08-05 05:00:06,38631,92.5,10.4,4
2026-08-05 05:00:11,38636,88.6,10.3,4
2026-08-05 05:00:16,38641,92.3,10.4,4
2026-08-05 05:00:21,38646,88.6,10.4,4
2026-08-05 05:00:26,38651,82.5,10.4,4
2026-08-05 05:00:31,38656,85.1,10.4,4
2026-08-05 05:00:36,38661,85.6,10.4,4
2026-08-05 05:00:41,38666,86.1,10.4,4
2026-08-05 05:00:46,38672,84.1,10.4,4
2026-08-05 05:00:52,38677,79.9,10.4,4
2026-08-05 05:00:57,38682,75.4,10.4,4
2026-08-05 05:01:02,38687,82.9,10.4,4
2026-08-05 05:01:07,38692,84.0,10.4,4
2026-08-05 05:01:12,38697,86.2,10.4,4
2026-08-05 05:01:17,38702,95.5,10.4,4
2026-08-05 05:01:22,38707,97.0,10.4,4
2026-08-05 05:01:27,38712,96.2,10.4,4
2026-08-05 05:01:32,38717,96.1,10.4,4
2026-08-05 05:01:37,38722,96.6,10.4,4
2026-08-05 05:01:42,38728,94.7,10.4,4
2026-08-05 05:01:48,38733,94.0,10.4,4
2026-08-05 05:01:53,38738,95.8,10.4,4
2026-08-05 05:01:58,38743,91.5,10.4,4
2026-08-05 05:02:03,38748,83.4,10.4,4
2026-08-05 05:02:08,38753,84.8,10.4,4
2026-08-05 05:02:13,38758,90.4,10.4,4
2026-08-05 05:02:18,38763,87.6,10.4,4
2026-08-05 05:02:23,38768,91.7,10.4,4
2026-08-05 05:02:28,38773,95.2,10.4,4
2026-08-05 05:02:33,38779,94.7,10.4,4
2026-08-05 05:02:39,38784,96.6,10.4,4
2026-08-05 05:02:44,38789,94.8,10.4,4
2026-08-05 05:02:49,38794,92.3,10.4,4
2026-08-05 05:02:54,38799,92.5,10.4,4
2026-08-05 05:02:59,38804,93.7,10.4,4
2026-08-05 05:03:04,38809,89.8,10.4,4
2026-08-05 05:03:09,38814,85.1,10.5,4
2026-08-05 05:03:14,38819,87.4,10.4,4
2026-08-05 05:03:19,38824,90.5,10.4,4
2026-08-05 05:03:24,38830,88.3,10.4,4
2026-08-05 05:03:30,38835,84.3,10.4,4
2026-08-05 05:03:35,38840,87.9,10.4,4
2026-08-05 05:03:40,38845,88.1,10.4,4
2026-08-05 05:03:45,38850,90.6,10.5,4
2026-08-05 05:03:50,38855,90.7,10.4,4
2026-08-05 05:03:55,38860,91.2,10.4,4
2026-08-05 05:04:00,38865,86.2,10.5,4
2026-08-05 05:04:05,38870,82.4,10.5,4
2026-08-05 05:04:10,38875,86.4,10.5,4
2026-08-05 05:04:15,38880,84.1,10.5,4
2026-08-05 05:04:20,38886,86.6,10.5,4
2026-08-05 05:04:26,38891,83.8,10.5,4
2026-08-05 05:04:31,38896,89.0,10.4,4
2026-08-05 05:04:36,38901,93.9,10.4,4
2026-08-05 05:04:41,38906,89.9,10.4,4
2026-08-05 05:04:46,38911,94.9,10.4,4
2026-08-05 05:04:51,38916,93.3,10.4,4
2026-08-05 05:04:56,38921,93.3,10.4,4
2026-08-05 05:05:01,38926,93.5,10.4,4
2026-08-05 05:05:06,38931,94.2,10.4,4
2026-08-05 05:05:11,38936,88.9,10.4,4
2026-08-05 05:05:17,38942,93.1,10.4,4
2026-08-05 05:05:22,38947,87.8,10.4,4
2026-08-05 05:05:27,38952,91.7,10.4,4
2026-08-05 05:05:32,38957,90.3,10.4,4
2026-08-05 05:05:37,38962,77.7,10.4,4
2026-08-05 05:05:42,38967,76.0,10.4,4
2026-08-05 05:05:47,38972,75.3,10.4,4
2026-08-05 05:05:52,38977,76.8,10.4,4
2026-08-05 05:05:57,38982,82.3,10.4,4
2026-08-05 05:06:02,38987,83.3,10.3,4
2026-08-05 05:06:07,38992,82.7,10.4,4
2026-08-05 05:06:12,38998,87.0,10.4,4
2026-08-05 05:06:18,39003,84.3,10.4,4
2026-08-05 05:06:23,39008,85.2,10.3,4
2026-08-05 05:06:28,39013,82.0,10.4,4
2026-08-05 05:06:33,39018,82.9,10.4,4
2026-08-05 05:06:38,39023,79.7,10.4,4
2026-08-05 05:06:43,39028,86.5,10.4,4
2026-08-05 05:06:48,39033,86.7,10.4,4
2026-08-05 05:06:53,39038,81.6,10.4,4
2026-08-05 05:06:58,39043,84.7,10.4,4
2026-08-05 05:07:03,39048,85.7,10.4,4
2026-08-05 05:07:08,39054,79.2,10.4,4
2026-08-05 05:07:13,39059,85.3,10.4,4
2026-08-05 05:07:19,39064,85.6,10.4,4
2026-08-05 05:07:24,39069,80.7,10.4,4
2026-08-05 05:07:29,39074,84.4,10.4,4
2026-08-05 05:07:34,39079,87.1,10.4,4
2026-08-05 05:07:39,39084,85.6,10.4,4
2026-08-05 05:07:44,39089,90.9,10.4,4
2026-08-05 05:07:49,39094,88.9,10.4,4
2026-08-05 05:07:54,39099,87.2,10.4,4
2026-08-05 05:07:59,39104,92.6,10.3,4
2026-08-05 05:08:04,39110,92.1,10.4,4
2026-08-05 05:08:10,39115,92.2,10.4,4
2026-08-05 05:08:15,39120,90.2,10.4,4
2026-08-05 05:08:20,39125,89.9,10.4,4
2026-08-05 05:08:25,39130,82.5,10.4,4
2026-08-05 05:08:30,39135,82.2,10.4,4
2026-08-05 05:08:35,39140,76.9,10.4,4
2026-08-05 05:08:40,39145,82.7,10.4,4
2026-08-05 05:08:45,39150,93.1,10.4,4
2026-08-05 05:08:50,39155,87.5,10.4,4
2026-08-05 05:08:55,39160,94.6,10.4,4
2026-08-05 05:09:00,39166,96.2,10.4,4
2026-08-05 05:09:06,39171,95.7,10.4,4
2026-08-05 05:09:11,39176,94.1,10.4,4
2026-08-05 05:09:16,39181,97.1,10.4,4
2026-08-05 05:09:21,39186,97.3,10.4,4
2026-08-05 05:09:26,39191,97.7,10.4,4
2026-08-05 05:09:31,39196,95.4,10.4,4
2026-08-05 05:09:36,39201,97.0,10.4,4
2026-08-05 05:09:41,39207,97.0,10.4,4
2026-08-05 05:09:46,39212,94.7,10.4,4
2026-08-05 05:09:52,39217,94.1,10.4,4
2026-08-05 05:09:57,39222,96.2,10.4,4
2026-08-05 05:10:02,39227,97.1,10.4,4
2026-08-05 05:10:07,39232,96.2,10.4,4
2026-08-05 05:10:12,39237,92.0,10.4,4
2026-08-05 05:10:17,39242,90.5,10.4,4
2026-08-05 05:10:22,39247,90.5,10.4,4
2026-08-05 05:10:27,39252,90.3,10.4,4
2026-08-05 05:10:32,39258,93.4,10.4,4
2026-08-05 05:10:38,39263,95.2,10.4,4
2026-08-05 05:10:43,39268,94.9,10.4,4
2026-08-05 05:10:48,39273,91.9,10.4,4
2026-08-05 05:10:53,39278,91.6,10.4,4
2026-08-05 05:10:58,39283,92.8,10.5,4
2026-08-05 05:11:03,39288,85.5,10.5,4
2026-08-05 05:11:08,39293,87.6,10.5,4
2026-08-05 05:11:13,39298,86.4,10.5,4
2026-08-05 05:11:18,39303,81.8,10.5,4
2026-08-05 05:11:23,39309,78.7,10.5,4
2026-08-05 05:11:28,39314,77.5,10.5,4
2026-08-05 05:11:34,39319,83.5,10.5,4
2026-08-05 05:11:39,39324,78.0,10.5,4
2026-08-05 05:11:44,39329,81.1,10.5,4
2026-08-05 05:11:49,39334,78.9,10.5,4
2026-08-05 05:11:54,39339,84.8,10.5,4
2026-08-05 05:11:59,39344,89.7,10.4,4
2026-08-05 05:12:04,39349,89.1,10.4,4
2026-08-05 05:12:09,39354,79.9,10.5,4
2026-08-05 05:12:14,39359,71.6,10.5,4
2026-08-05 05:12:19,39364,72.9,10.5,4
2026-08-05 05:12:24,39369,75.9,10.5,4
2026-08-05 05:12:29,39375,73.2,10.5,4
2026-08-05 05:12:35,39380,78.5,10.4,4
2026-08-05 05:12:40,39385,93.6,10.4,4
2026-08-05 05:12:45,39390,90.3,10.4,4
2026-08-05 05:12:50,39395,94.9,10.4,4
2026-08-05 05:12:55,39400,93.9,10.4,4
2026-08-05 05:13:00,39405,93.7,10.4,4
2026-08-05 05:13:05,39410,87.7,10.4,4
2026-08-05 05:13:10,39415,89.7,10.4,4
2026-08-05 05:13:15,39420,86.9,10.4,4
2026-08-05 05:13:20,39425,85.2,10.4,4
2026-08-05 05:13:26,39431,92.2,10.4,4
2026-08-05 05:13:31,39436,95.4,10.4,4
2026-08-05 05:13:36,39441,92.6,10.4,4
2026-08-05 05:13:41,39446,83.7,10.4,4
2026-08-05 05:13:46,39451,76.2,10.4,4
2026-08-05 05:13:51,39456,74.4,10.4,4
2026-08-05 05:13:56,39461,82.5,10.4,4
2026-08-05 05:14:01,39466,85.5,10.4,4
2026-08-05 05:14:06,39471,80.2,10.4,4
2026-08-05 05:14:11,39476,82.4,10.4,4
2026-08-05 05:14:16,39482,81.5,10.4,4
2026-08-05 05:14:22,39487,79.3,10.4,4
2026-08-05 05:14:27,39492,85.0,10.4,4
2026-08-05 05:14:32,39497,85.9,10.4,4
2026-08-05 05:14:37,39502,85.9,10.4,4
2026-08-05 05:14:42,39507,87.3,10.4,4
2026-08-05 05:14:47,39512,86.4,10.4,4
2026-08-05 05:14:52,39517,82.1,10.4,4
2026-08-05 05:14:57,39522,90.5,10.4,4
2026-08-05 05:15:02,39527,91.5,10.4,4
2026-08-05 05:15:07,39532,88.2,10.4,4
2026-08-05 05:15:12,39538,87.1,10.4,4
2026-08-05 05:15:17,39543,83.4,10.4,4
2026-08-05 05:15:23,39548,77.0,10.4,4
2026-08-05 05:15:28,39553,83.9,10.4,4
2026-08-05 05:15:33,39558,83.9,10.4,4
2026-08-05 05:15:38,39563,92.0,10.4,4
2026-08-05 05:15:43,39568,94.3,10.4,4
2026-08-05 05:15:48,39573,89.9,10.4,4
2026-08-05 05:15:53,39578,92.5,10.4,4
2026-08-05 05:15:58,39583,93.4,10.4,4
2026-08-05 05:16:03,39588,90.1,10.4,4
2026-08-05 05:16:08,39594,88.7,10.4,4
2026-08-05 05:16:14,39599,94.8,10.4,4
2026-08-05 05:16:19,39604,95.2,10.4,4
2026-08-05 05:16:24,39609,95.4,10.4,4
2026-08-05 05:16:29,39614,96.9,10.4,4
2026-08-05 05:16:34,39619,97.5,10.4,4
2026-08-05 05:16:39,39624,97.0,10.4,4
2026-08-05 05:16:44,39629,97.6,10.4,4
2026-08-05 05:16:49,39635,95.4,10.4,4
2026-08-05 05:16:55,39640,95.8,10.4,4
2026-08-05 05:17:00,39645,92.8,10.4,4
2026-08-05 05:17:05,39650,92.9,10.4,4
2026-08-05 05:17:10,39655,93.4,10.4,4
2026-08-05 05:17:15,39660,96.5,10.4,4
2026-08-05 05:17:20,39665,96.5,10.4,4
2026-08-05 05:17:25,39670,94.4,10.4,4
2026-08-05 05:17:30,39675,94.7,10.4,4
2026-08-05 05:17:35,39681,96.2,10.4,4
2026-08-05 05:17:40,39686,96.4,10.4,4
2026-08-05 05:17:46,39691,93.4,10.4,4
2026-08-05 05:17:51,39696,88.0,10.4,4
2026-08-05 05:17:56,39701,86.6,10.4,4
2026-08-05 05:18:01,39706,78.1,10.4,4
2026-08-05 05:18:06,39711,78.5,10.4,4
2026-08-05 05:18:11,39716,84.9,10.4,4
2026-08-05 05:18:16,39721,82.9,10.4,4
2026-08-05 05:18:21,39726,82.3,10.4,4
2026-08-05 05:18:26,39731,78.8,10.4,4
2026-08-05 05:18:31,39736,81.6,10.4,4
2026-08-05 05:18:36,39742,88.4,10.4,4
2026-08-05 05:18:41,39747,88.0,10.4,4
2026-08-05 05:18:47,39752,87.4,10.4,4
2026-08-05 05:18:52,39757,84.8,10.3,4
2026-08-05 05:18:57,39762,81.6,10.4,4
2026-08-05 05:19:02,39767,80.6,10.4,4
2026-08-05 05:19:07,39772,71.3,10.4,4
2026-08-05 05:19:12,39777,76.5,10.4,4
2026-08-05 05:19:17,39782,84.1,10.4,4
2026-08-05 05:19:22,39787,77.3,10.4,4
2026-08-05 05:19:27,39792,81.7,10.4,4
2026-08-05 05:19:32,39797,84.1,10.4,4
2026-08-05 05:19:37,39802,86.4,10.4,4
2026-08-05 05:19:42,39808,74.6,10.4,4
2026-08-05 05:19:48,39813,81.2,10.4,4
2026-08-05 05:19:53,39818,84.1,10.4,4
2026-08-05 05:19:58,39823,86.2,10.4,4
2026-08-05 05:20:03,39828,88.1,10.4,4
2026-08-05 05:20:08,39833,87.7,10.4,4
2026-08-05 05:20:13,39838,76.5,10.4,4
2026-08-05 05:20:18,39843,70.5,10.5,4
2026-08-05 05:20:23,39848,67.2,10.4,4
2026-08-05 05:20:28,39853,76.5,10.4,4
2026-08-05 05:20:33,39858,78.4,10.5,4
2026-08-05 05:20:38,39863,80.6,10.4,4
2026-08-05 05:20:43,39869,88.8,10.4,4
2026-08-05 05:20:49,39874,95.9,10.4,4
2026-08-05 05:20:54,39879,95.0,10.4,4
2026-08-05 05:20:59,39884,96.7,10.4,4
2026-08-05 05:21:04,39889,95.8,10.4,4
2026-08-05 05:21:09,39894,96.6,10.4,4
2026-08-05 05:21:14,39899,94.2,10.4,4
2026-08-05 05:21:19,39904,95.8,10.4,4
2026-08-05 05:21:24,39909,96.6,10.4,4
2026-08-05 05:21:29,39914,94.9,10.4,4
2026-08-05 05:21:35,39920,88.8,10.4,4
2026-08-05 05:21:40,39925,91.8,10.4,4
2026-08-05 05:21:45,39930,91.1,10.4,4
2026-08-05 05:21:50,39935,89.6,10.3,4
2026-08-05 05:21:55,39940,79.8,10.4,4
2026-08-05 05:22:00,39945,77.4,10.4,4
2026-08-05 05:22:05,39950,76.7,10.4,4
2026-08-05 05:22:10,39955,81.0,10.4,4
2026-08-05 05:22:15,39960,83.1,10.4,4
2026-08-05 05:22:20,39965,88.9,10.4,4
2026-08-05 05:22:25,39970,92.6,10.3,4
2026-08-05 05:22:30,39976,95.2,10.4,4
2026-08-05 05:22:36,39981,96.7,10.4,4
2026-08-05 05:22:41,39986,95.9,10.4,4
2026-08-05 05:22:46,39991,95.2,10.4,4
2026-08-05 05:22:51,39996,94.9,10.4,4
2026-08-05 05:22:56,40001,93.3,10.3,4
2026-08-05 05:23:01,40006,89.7,10.4,4
2026-08-05 05:23:06,40011,89.9,10.4,4
2026-08-05 05:23:11,40016,92.4,10.4,4
2026-08-05 05:23:16,40022,94.9,10.4,4
2026-08-05 05:23:22,40027,94.8,10.4,4
2026-08-05 05:23:27,40032,87.4,10.4,4
2026-08-05 05:23:32,40037,81.0,10.4,4
2026-08-05 05:23:37,40042,85.7,10.4,4
2026-08-05 05:23:42,40047,86.4,10.4,4
2026-08-05 05:23:47,40052,90.7,10.4,4
2026-08-05 05:23:52,40057,95.1,10.4,4
2026-08-05 05:23:57,40062,95.0,10.4,4
2026-08-05 05:24:02,40067,94.7,10.4,4
2026-08-05 05:24:07,40073,96.9,10.4,4
2026-08-05 05:24:13,40078,97.0,10.4,4
2026-08-05 05:24:18,40083,96.5,10.4,4
2026-08-05 05:24:23,40088,96.8,10.4,4
2026-08-05 05:24:28,40093,96.8,10.4,4
2026-08-05 05:24:33,40098,92.3,10.4,4
2026-08-05 05:24:38,40103,87.7,10.4,4
2026-08-05 05:24:43,40108,87.2,10.4,4
2026-08-05 05:24:48,40113,93.2,10.4,4
2026-08-05 05:24:53,40118,91.3,10.4,4
2026-08-05 05:24:58,40124,91.5,10.4,4
2026-08-05 05:25:04,40129,90.3,10.4,4
2026-08-05 05:25:09,40134,88.5,10.4,4
2026-08-05 05:25:14,40139,81.2,10.4,4
2026-08-05 05:25:19,40144,84.3,10.4,4
2026-08-05 05:25:24,40149,81.4,10.4,4
2026-08-05 05:25:29,40154,81.6,10.4,4
2026-08-05 05:25:34,40159,83.2,10.4,4
2026-08-05 05:25:39,40164,79.4,10.4,4
2026-08-05 05:25:44,40169,76.1,10.3,4
2026-08-05 05:25:49,40174,82.0,10.4,4
2026-08-05 05:25:54,40179,82.0,10.4,4
2026-08-05 05:25:59,40185,81.3,10.4,4
2026-08-05 05:26:05,40190,82.6,10.4,4
2026-08-05 05:26:10,40195,80.2,10.4,4
2026-08-05 05:26:15,40200,83.5,10.4,4
2026-08-05 05:26:20,40205,88.6,10.4,4
2026-08-05 05:26:25,40210,84.8,10.4,4
2026-08-05 05:26:30,40215,81.4,10.3,4
2026-08-05 05:26:35,40220,75.4,10.4,4
2026-08-05 05:26:40,40225,78.9,10.4,4
2026-08-05 05:26:45,40230,85.3,10.3,4
2026-08-05 05:26:50,40235,83.8,10.3,4
2026-08-05 05:26:55,40241,84.5,10.4,4
2026-08-05 05:27:01,40246,83.7,10.4,4
2026-08-05 05:27:06,40251,83.7,10.3,4
2026-08-05 05:27:11,40256,80.7,10.4,4
2026-08-05 05:27:16,40261,83.8,10.5,4
2026-08-05 05:27:21,40266,88.8,10.4,4
2026-08-05 05:27:26,40271,84.8,10.4,4
2026-08-05 05:27:31,40276,86.4,10.4,4
2026-08-05 05:27:36,40281,84.6,10.4,4
2026-08-05 05:27:41,40286,79.4,10.4,4
2026-08-05 05:27:46,40291,79.6,10.5,4
2026-08-05 05:27:51,40296,81.3,10.5,4
2026-08-05 05:27:56,40302,84.6,10.5,4
2026-08-05 05:28:02,40307,89.6,10.5,4
2026-08-05 05:28:07,40312,84.7,10.4,4
2026-08-05 05:28:12,40317,86.4,10.5,4
2026-08-05 05:28:17,40322,86.9,10.4,4
2026-08-05 05:28:22,40327,83.5,10.5,4
2026-08-05 05:28:27,40332,79.4,10.4,4
2026-08-05 05:28:32,40337,69.1,10.5,4
2026-08-05 05:28:37,40342,65.6,10.5,4
2026-08-05 05:28:42,40347,71.6,10.5,4
2026-08-05 05:28:47,40352,79.8,10.4,4
2026-08-05 05:28:52,40358,94.3,10.4,4
2026-08-05 05:28:58,40363,96.3,10.4,4
2026-08-05 05:29:03,40368,95.9,10.4,4
2026-08-05 05:29:08,40373,98.0,10.4,4
2026-08-05 05:29:13,40378,97.9,10.4,4
2026-08-05 05:29:18,40383,97.8,10.4,4
2026-08-05 05:29:23,40388,96.9,10.4,4
2026-08-05 05:29:28,40393,97.6,10.4,4
2026-08-05 05:29:33,40398,97.2,10.4,4
2026-08-05 05:29:38,40403,95.5,10.4,4
2026-08-05 05:29:43,40409,94.2,10.4,4
2026-08-05 05:29:49,40414,96.6,10.4,4
2026-08-05 05:29:54,40419,97.0,10.4,4
2026-08-05 05:29:59,40424,96.2,10.4,4
2026-08-05 05:30:04,40429,94.8,10.4,4
2026-08-05 05:30:09,40434,87.9,10.4,4
2026-08-05 05:30:14,40439,87.9,10.4,4
2026-08-05 05:30:19,40444,89.6,10.4,4
2026-08-05 05:30:24,40449,93.7,10.4,4
2026-08-05 05:30:29,40454,92.4,10.4,4
2026-08-05 05:30:34,40460,92.4,10.4,4
2026-08-05 05:30:40,40465,94.4,10.4,4
2026-08-05 05:30:45,40470,93.7,10.4,4
2026-08-05 05:30:50,40475,95.2,10.4,4
2026-08-05 05:30:55,40480,93.6,10.4,4
2026-08-05 05:31:00,40485,89.1,10.4,4
2026-08-05 05:31:05,40490,88.7,10.4,4
2026-08-05 05:31:10,40495,87.3,10.4,4
2026-08-05 05:31:15,40500,83.1,10.4,4
2026-08-05 05:31:20,40505,85.4,10.4,4
2026-08-05 05:31:25,40510,94.5,10.4,4
2026-08-05 05:31:30,40516,94.4,10.4,4
2026-08-05 05:31:36,40521,95.4,10.4,4
2026-08-05 05:31:41,40526,95.9,10.4,4
2026-08-05 05:31:46,40531,95.4,10.4,4
2026-08-05 05:31:51,40536,92.0,10.4,4
2026-08-05 05:31:56,40541,94.6,10.4,4
2026-08-05 05:32:01,40546,95.2,10.4,4
2026-08-05 05:32:06,40551,89.0,10.4,4
2026-08-05 05:32:11,40556,86.0,10.4,4
2026-08-05 05:32:16,40562,89.7,10.4,4
2026-08-05 05:32:21,40567,88.2,10.4,4
2026-08-05 05:32:27,40572,84.7,10.4,4
2026-08-05 05:32:32,40577,87.0,10.4,4
2026-08-05 05:32:37,40582,85.2,10.4,4
2026-08-05 05:32:42,40587,87.5,10.4,4
2026-08-05 05:32:47,40592,82.3,10.4,4
2026-08-05 05:32:52,40597,83.9,10.4,4
2026-08-05 05:32:57,40602,82.4,10.4,4
2026-08-05 05:33:02,40607,87.4,10.4,4
2026-08-05 05:33:07,40612,91.9,10.4,4
2026-08-05 05:33:12,40617,85.6,10.4,4
2026-08-05 05:33:17,40623,79.9,10.4,4
2026-08-05 05:33:23,40628,78.4,10.4,4
2026-08-05 05:33:28,40633,79.6,10.4,4
2026-08-05 05:33:33,40638,86.0,10.3,4
2026-08-05 05:33:38,40643,78.8,10.4,4
2026-08-05 05:33:43,40648,81.1,10.4,4
2026-08-05 05:33:48,40653,79.5,10.4,4
2026-08-05 05:33:53,40658,80.1,10.4,4
2026-08-05 05:33:58,40663,88.4,10.4,4
2026-08-05 05:34:03,40668,85.1,10.4,4
2026-08-05 05:34:08,40673,80.5,10.4,4
2026-08-05 05:34:13,40678,80.8,10.4,4
2026-08-05 05:34:18,40684,80.6,10.4,4
2026-08-05 05:34:24,40689,84.1,10.4,4
2026-08-05 05:34:29,40694,89.6,10.4,4
2026-08-05 05:34:34,40699,84.1,10.4,4
2026-08-05 05:34:39,40704,85.3,10.4,4
2026-08-05 05:34:44,40709,83.1,10.4,4
2026-08-05 05:34:49,40714,86.3,10.4,4
2026-08-05 05:34:54,40719,85.3,10.4,4
2026-08-05 05:34:59,40724,90.6,10.4,4
2026-08-05 05:35:04,40729,90.2,10.4,4
2026-08-05 05:35:09,40734,87.2,10.4,4
2026-08-05 05:35:14,40740,83.5,10.4,4
2026-08-05 05:35:19,40745,78.0,10.4,4
2026-08-05 05:35:25,40750,75.1,10.4,4
2026-08-05 05:35:30,40755,77.0,10.4,4
2026-08-05 05:35:35,40760,74.1,10.5,4
2026-08-05 05:35:40,40765,88.5,10.5,4
2026-08-05 05:35:45,40770,93.2,10.5,4
2026-08-05 05:35:50,40775,94.0,10.5,4
2026-08-05 05:35:55,40780,96.1,10.4,4
2026-08-05 05:36:00,40785,95.3,10.5,4
2026-08-05 05:36:05,40790,91.4,10.5,4
2026-08-05 05:36:10,40796,92.8,10.5,4
2026-08-05 05:36:16,40801,93.1,10.5,4
2026-08-05 05:36:21,40806,86.5,10.5,4
2026-08-05 05:36:26,40811,88.8,10.5,4
2026-08-05 05:36:31,40816,86.5,10.5,4
2026-08-05 05:36:36,40821,81.0,10.5,4
2026-08-05 05:36:41,40826,84.8,10.5,4
2026-08-05 05:36:46,40831,83.5,10.5,4
2026-08-05 05:36:51,40836,82.8,10.5,4
2026-08-05 05:36:56,40841,91.9,10.4,4
2026-08-05 05:37:01,40846,96.5,10.4,4
2026-08-05 05:37:06,40852,96.5,10.4,4
2026-08-05 05:37:12,40857,98.0,10.4,4
2026-08-05 05:37:17,40862,97.3,10.4,4
2026-08-05 05:37:22,40867,97.6,10.4,4
2026-08-05 05:37:27,40872,96.0,10.4,4
2026-08-05 05:37:32,40877,97.2,10.4,4
2026-08-05 05:37:37,40882,97.2,10.4,4
2026-08-05 05:37:42,40887,97.0,10.4,4
2026-08-05 05:37:47,40892,95.9,10.4,4
2026-08-05 05:37:52,40898,96.3,10.4,4
2026-08-05 05:37:58,40903,95.2,10.4,4
2026-08-05 05:38:03,40908,92.5,10.4,4
2026-08-05 05:38:08,40913,89.5,10.4,4
2026-08-05 05:38:13,40918,86.6,10.4,4
2026-08-05 05:38:18,40923,84.6,10.3,4
2026-08-05 05:38:23,40928,87.8,10.4,4
2026-08-05 05:38:28,40933,83.7,10.4,4
2026-08-05 05:38:33,40938,76.8,10.4,4
2026-08-05 05:38:38,40943,83.5,10.4,4
2026-08-05 05:38:43,40948,82.5,10.4,4
2026-08-05 05:38:48,40953,85.3,10.4,4
2026-08-05 05:38:54,40959,90.4,10.4,4
2026-08-05 05:38:59,40964,88.7,10.4,4
2026-08-05 05:39:04,40969,91.3,10.4,4
2026-08-05 05:39:09,40974,91.0,10.4,4
2026-08-05 05:39:14,40979,89.2,10.4,4
2026-08-05 05:39:19,40984,86.5,10.4,4
2026-08-05 05:39:24,40989,91.2,10.4,4
2026-08-05 05:39:29,40994,91.4,10.4,4
2026-08-05 05:39:34,40999,86.5,10.4,4
2026-08-05 05:39:39,41004,91.3,10.4,4
2026-08-05 05:39:44,41009,95.6,10.4,4
2026-08-05 05:39:49,41015,94.3,10.4,4
2026-08-05 05:39:55,41020,88.2,10.4,4
2026-08-05 05:40:00,41025,86.9,10.4,4
2026-08-05 05:40:05,41030,86.5,10.4,4
2026-08-05 05:40:10,41035,84.6,10.4,4
2026-08-05 05:40:15,41040,84.1,10.4,4
2026-08-05 05:40:20,41045,84.3,10.4,4
2026-08-05 05:40:25,41050,84.4,10.4,4
2026-08-05 05:40:30,41055,84.0,10.4,4
2026-08-05 05:40:35,41060,79.0,10.4,4
2026-08-05 05:40:40,41065,81.0,10.4,4
2026-08-05 05:40:45,41071,80.7,10.4,4
2026-08-05 05:40:50,41076,84.7,10.4,4
2026-08-05 05:40:56,41081,85.6,10.4,4
2026-08-05 05:41:01,41086,90.8,10.4,4
2026-08-05 05:41:06,41091,86.0,10.4,4
2026-08-05 05:41:11,41096,86.1,10.4,4
2026-08-05 05:41:16,41101,82.9,10.4,4
2026-08-05 05:41:21,41106,84.5,10.4,4
2026-08-05 05:41:26,41111,86.1,10.4,4
2026-08-05 05:41:31,41116,84.1,10.4,4
2026-08-05 05:41:36,41121,81.7,10.4,4
2026-08-05 05:41:41,41126,87.9,10.4,4
2026-08-05 05:41:46,41132,88.5,10.4,4
2026-08-05 05:41:52,41137,91.9,10.4,4
2026-08-05 05:41:57,41142,93.0,10.4,4
2026-08-05 05:42:02,41147,88.1,10.4,4
2026-08-05 05:42:07,41152,77.8,10.4,4
2026-08-05 05:42:12,41157,77.7,10.4,4
2026-08-05 05:42:17,41162,85.5,10.3,4
2026-08-05 05:42:22,41167,90.7,10.4,4
2026-08-05 05:42:27,41172,96.7,10.4,4
2026-08-05 05:42:32,41177,93.6,10.4,4
2026-08-05 05:42:37,41182,95.9,10.4,4
2026-08-05 05:42:42,41188,92.4,10.4,4
2026-08-05 05:42:48,41193,88.1,10.4,4
2026-08-05 05:42:53,41198,83.0,10.4,4
2026-08-05 05:42:58,41203,91.1,10.4,4
2026-08-05 05:43:03,41208,89.2,10.4,4
2026-08-05 05:43:08,41213,87.2,10.4,4
2026-08-05 05:43:13,41218,89.5,10.4,4
2026-08-05 05:43:18,41223,93.4,10.4,4
2026-08-05 05:43:23,41228,93.9,10.4,4
2026-08-05 05:43:28,41234,92.2,10.4,4
2026-08-05 05:43:34,41239,91.0,10.5,4
2026-08-05 05:43:39,41244,90.3,10.4,4
2026-08-05 05:43:44,41249,93.5,10.5,4
2026-08-05 05:43:49,41254,93.2,10.4,4
2026-08-05 05:43:54,41259,93.0,10.5,4
2026-08-05 05:43:59,41264,93.3,10.5,4
2026-08-05 05:44:04,41269,92.0,10.5,4
2026-08-05 05:44:09,41274,88.3,10.4,4
2026-08-05 05:44:14,41279,93.9,10.5,4
2026-08-05 05:44:19,41285,89.9,10.4,4
2026-08-05 05:44:25,41290,88.0,10.4,4
2026-08-05 05:44:30,41295,92.7,10.4,4
2026-08-05 05:44:35,41300,83.9,10.5,4
2026-08-05 05:44:40,41305,72.8,10.5,4
2026-08-05 05:44:45,41310,72.9,10.5,4
2026-08-05 05:44:50,41315,79.0,10.5,4
2026-08-05 05:44:55,41320,75.7,10.4,4
2026-08-05 05:45:00,41325,80.2,10.4,4
2026-08-05 05:45:05,41330,93.3,10.4,4
2026-08-05 05:45:10,41335,94.6,10.4,4
2026-08-05 05:45:15,41340,96.5,10.4,4
2026-08-05 05:45:20,41346,96.2,10.4,4
2026-08-05 05:45:26,41351,96.1,10.4,4
2026-08-05 05:45:31,41356,93.0,10.4,4
2026-08-05 05:45:36,41361,93.6,10.4,4
2026-08-05 05:45:41,41366,93.7,10.4,4
2026-08-05 05:45:46,41371,89.2,10.4,4
2026-08-05 05:45:51,41376,87.8,10.4,4
2026-08-05 05:45:56,41381,86.3,10.4,4
2026-08-05 05:46:01,41386,83.2,10.4,4
2026-08-05 05:46:06,41391,83.4,10.4,4
2026-08-05 05:46:11,41396,76.7,10.4,4
2026-08-05 05:46:16,41402,83.8,10.4,4
2026-08-05 05:46:22,41407,94.2,10.4,4
2026-08-05 05:46:27,41412,93.3,10.4,4
2026-08-05 05:46:32,41417,94.4,10.4,4
2026-08-05 05:46:37,41422,92.2,10.4,4
2026-08-05 05:46:42,41427,90.1,10.4,4
2026-08-05 05:46:47,41432,89.8,10.4,4
2026-08-05 05:46:52,41437,94.2,10.4,4
2026-08-05 05:46:57,41442,88.9,10.4,4
2026-08-05 05:47:02,41447,86.3,10.4,4
2026-08-05 05:47:07,41453,89.5,10.4,4
2026-08-05 05:47:13,41458,87.9,10.4,4
2026-08-05 05:47:18,41463,88.3,10.4,4
2026-08-05 05:47:23,41468,89.4,10.4,4
2026-08-05 05:47:28,41473,90.0,10.4,4
2026-08-05 05:47:33,41478,92.1,10.4,4
2026-08-05 05:47:38,41483,82.7,10.4,4
2026-08-05 05:47:43,41488,83.9,10.4,4
2026-08-05 05:47:48,41493,83.1,10.4,4
2026-08-05 05:47:53,41498,82.8,10.4,4
2026-08-05 05:47:58,41503,83.3,10.4,4
2026-08-05 05:48:03,41509,81.2,10.4,4
2026-08-05 05:48:09,41514,83.2,10.4,4
2026-08-05 05:48:14,41519,86.1,10.4,4
2026-08-05 05:48:19,41524,82.0,10.4,4
2026-08-05 05:48:24,41529,87.6,10.4,4
2026-08-05 05:48:29,41534,91.9,10.4,4
2026-08-05 05:48:34,41539,87.9,10.4,4
2026-08-05 05:48:39,41544,85.8,10.4,4
2026-08-05 05:48:44,41549,77.3,10.4,4
2026-08-05 05:48:49,41554,79.4,10.4,4
2026-08-05 05:48:54,41559,81.5,10.4,4
2026-08-05 05:48:59,41564,82.8,10.4,4
2026-08-05 05:49:04,41570,89.5,10.4,4
2026-08-05 05:49:10,41575,93.9,10.4,4
2026-08-05 05:49:15,41580,89.9,10.4,4
2026-08-05 05:49:20,41585,95.1,10.4,4
2026-08-05 05:49:25,41590,93.4,10.4,4
2026-08-05 05:49:30,41595,88.6,10.4,4
2026-08-05 05:49:35,41600,89.3,10.4,4
2026-08-05 05:49:40,41605,90.9,10.4,4
2026-08-05 05:49:45,41610,85.8,10.4,4
2026-08-05 05:49:50,41615,89.9,10.4,4
2026-08-05 05:49:55,41621,92.8,10.4,4
2026-08-05 05:50:01,41626,94.6,10.4,4
2026-08-05 05:50:06,41631,92.4,10.4,4
2026-08-05 05:50:11,41636,87.3,10.4,4
2026-08-05 05:50:16,41641,87.7,10.4,4
2026-08-05 05:50:21,41646,89.0,10.4,4
2026-08-05 05:50:26,41651,92.7,10.4,4
2026-08-05 05:50:31,41656,93.0,10.4,4
2026-08-05 05:50:36,41661,89.1,10.4,4
2026-08-05 05:50:41,41666,87.2,10.4,4
2026-08-05 05:50:46,41672,88.1,10.4,4
2026-08-05 05:50:52,41677,89.9,10.4,4
2026-08-05 05:50:57,41682,94.4,10.4,4
2026-08-05 05:51:02,41687,95.6,10.4,4
2026-08-05 05:51:07,41692,93.2,10.4,4
2026-08-05 05:51:12,41697,90.0,10.5,4
2026-08-05 05:51:17,41702,75.3,10.4,4
2026-08-05 05:51:22,41707,77.1,10.5,4
2026-08-05 05:51:27,41712,80.4,10.4,4
2026-08-05 05:51:32,41717,84.9,10.4,4
2026-08-05 05:51:37,41723,81.3,10.4,4
2026-08-05 05:51:42,41728,79.6,10.4,4
2026-08-05 05:51:48,41733,77.9,10.4,4
2026-08-05 05:51:53,41738,84.6,10.4,4
2026-08-05 05:51:58,41743,86.7,10.5,4
2026-08-05 05:52:03,41748,88.2,10.4,4
2026-08-05 05:52:08,41753,84.5,10.4,4
2026-08-05 05:52:13,41758,82.9,10.4,4
2026-08-05 05:52:18,41763,82.8,10.4,4
2026-08-05 05:52:23,41768,83.8,10.4,4
2026-08-05 05:52:28,41773,85.3,10.4,4
2026-08-05 05:52:33,41778,86.6,10.4,4
2026-08-05 05:52:38,41783,84.9,10.4,4
2026-08-05 05:52:43,41789,80.6,10.5,4
2026-08-05 05:52:49,41794,79.0,10.4,4
2026-08-05 05:52:54,41799,86.4,10.4,4
2026-08-05 05:52:59,41804,90.4,10.4,4
2026-08-05 05:53:04,41809,84.0,10.5,4
2026-08-05 05:53:09,41814,92.0,10.4,4
2026-08-05 05:53:14,41819,94.7,10.4,4
2026-08-05 05:53:19,41824,86.1,10.4,4
2026-08-05 05:53:24,41829,92.2,10.4,4
2026-08-05 05:53:29,41834,93.6,10.4,4
2026-08-05 05:53:34,41840,87.2,10.4,4
2026-08-05 05:53:40,41845,89.4,10.4,4
2026-08-05 05:53:45,41850,95.7,10.4,4
2026-08-05 05:53:50,41855,93.1,10.4,4
2026-08-05 05:53:55,41860,95.6,10.4,4
2026-08-05 05:54:00,41865,97.1,10.4,4
2026-08-05 05:54:05,41870,97.4,10.4,4
2026-08-05 05:54:10,41875,97.1,10.4,4
2026-08-05 05:54:15,41880,97.6,10.4,4
2026-08-05 05:54:20,41885,95.2,10.4,4
2026-08-05 05:54:25,41891,91.7,10.4,4
2026-08-05 05:54:31,41896,88.3,10.4,4
2026-08-05 05:54:36,41901,91.8,10.4,4
2026-08-05 05:54:41,41906,92.3,10.4,4
2026-08-05 05:54:46,41911,90.6,10.4,4
2026-08-05 05:54:51,41916,91.0,10.4,4
2026-08-05 05:54:56,41921,90.9,10.4,4
2026-08-05 05:55:01,41926,91.2,10.4,4
2026-08-05 05:55:06,41931,91.5,10.4,4
2026-08-05 05:55:11,41936,86.0,10.4,4
2026-08-05 05:55:16,41942,85.7,10.4,4
2026-08-05 05:55:22,41947,81.7,10.4,4
2026-08-05 05:55:27,41952,76.4,10.4,4
2026-08-05 05:55:32,41957,73.3,10.4,4
2026-08-05 05:55:37,41962,77.2,10.4,4
2026-08-05 05:55:42,41967,79.1,10.4,4
2026-08-05 05:55:47,41972,87.8,10.4,4
2026-08-05 05:55:52,41977,92.9,10.4,4
2026-08-05 05:55:57,41982,91.4,10.4,4
2026-08-05 05:56:02,41987,94.3,10.4,4
2026-08-05 05:56:07,41992,92.6,10.4,4
2026-08-05 05:56:12,41998,88.3,10.4,4
2026-08-05 05:56:18,42003,87.7,10.4,4
2026-08-05 05:56:23,42008,89.9,10.4,4
2026-08-05 05:56:28,42013,87.3,10.4,4
2026-08-05 05:56:33,42018,84.5,10.4,4
2026-08-05 05:56:38,42023,90.5,10.4,4
2026-08-05 05:56:43,42028,90.3,10.4,4
2026-08-05 05:56:48,42033,88.7,10.4,4
2026-08-05 05:56:53,42038,88.1,10.4,4
2026-08-05 05:56:58,42043,88.8,10.4,4
2026-08-05 05:57:03,42048,91.6,10.4,4
2026-08-05 05:57:08,42054,92.6,10.4,4
2026-08-05 05:57:14,42059,90.8,10.4,4
2026-08-05 05:57:19,42064,92.9,10.4,4
2026-08-05 05:57:24,42069,93.1,10.4,4
2026-08-05 05:57:29,42074,87.1,10.4,4
2026-08-05 05:57:34,42079,93.4,10.4,4
2026-08-05 05:57:39,42084,88.9,10.4,4
2026-08-05 05:57:44,42089,87.1,10.4,4
2026-08-05 05:57:49,42094,88.0,10.4,4
2026-08-05 05:57:54,42099,83.5,10.4,4
2026-08-05 05:57:59,42104,78.5,10.4,4
2026-08-05 05:58:04,42110,78.4,10.4,4
2026-08-05 05:58:09,42115,87.0,10.4,4
2026-08-05 05:58:15,42120,87.7,10.4,4
2026-08-05 05:58:20,42125,80.0,10.4,4
2026-08-05 05:58:25,42130,84.3,10.4,4
2026-08-05 05:58:30,42135,86.7,10.4,4
2026-08-05 05:58:35,42140,82.3,10.4,4
2026-08-05 05:58:40,42145,86.6,10.4,4
2026-08-05 05:58:45,42150,83.5,10.4,4
2026-08-05 05:58:50,42155,84.8,10.4,4
2026-08-05 05:58:55,42160,80.7,10.4,4
2026-08-05 05:59:00,42165,80.0,10.4,4
2026-08-05 05:59:05,42171,81.2,10.4,4
2026-08-05 05:59:10,42176,81.1,10.4,4
2026-08-05 05:59:16,42181,82.5,10.4,4
2026-08-05 05:59:21,42186,77.1,10.4,4
2026-08-05 05:59:26,42191,78.2,10.4,4
2026-08-05 05:59:31,42196,88.4,10.4,4
2026-08-05 05:59:36,42201,89.5,10.5,4
2026-08-05 05:59:41,42206,80.1,10.5,4
2026-08-05 05:59:46,42211,85.1,10.5,4
2026-08-05 05:59:51,42216,81.3,10.4,4
2026-08-05 05:59:56,42221,84.5,10.4,4
2026-08-05 06:00:01,42226,84.8,10.4,4
2026-08-05 06:00:06,42232,87.6,10.4,4
2026-08-05 06:00:12,42237,82.9,10.5,4
2026-08-05 06:00:17,42242,76.4,10.4,4
2026-08-05 06:00:22,42247,80.2,10.4,4
2026-08-05 06:00:27,42252,87.5,10.4,4
2026-08-05 06:00:32,42257,87.9,10.4,4
2026-08-05 06:00:37,42262,87.1,10.4,4
2026-08-05 06:00:42,42267,78.5,10.4,4
2026-08-05 06:00:47,42272,72.7,10.4,4
2026-08-05 06:00:52,42277,75.1,10.4,4
2026-08-05 06:00:57,42282,78.0,10.4,4
2026-08-05 06:01:02,42287,88.8,10.5,4
2026-08-05 06:01:07,42293,92.2,10.4,4
2026-08-05 06:01:13,42298,92.4,10.4,4
2026-08-05 06:01:18,42303,97.1,10.4,4
2026-08-05 06:01:23,42308,96.9,10.4,4
2026-08-05 06:01:28,42313,97.6,10.4,4
2026-08-05 06:01:33,42318,98.4,10.4,4
2026-08-05 06:01:38,42323,98.2,10.4,4
2026-08-05 06:01:43,42328,98.0,10.4,4
2026-08-05 06:01:48,42334,97.2,10.4,4
2026-08-05 06:01:54,42339,96.4,10.4,4
2026-08-05 06:01:59,42344,96.9,10.4,4
2026-08-05 06:02:04,42349,92.1,10.4,4
2026-08-05 06:02:09,42354,93.9,10.4,4
2026-08-05 06:02:14,42359,94.4,10.4,4
2026-08-05 06:02:19,42364,94.7,10.4,4
2026-08-05 06:02:24,42369,95.2,10.4,4
2026-08-05 06:02:29,42374,97.2,10.4,4
2026-08-05 06:02:34,42379,91.9,10.4,4
2026-08-05 06:02:40,42385,92.8,10.4,4
2026-08-05 06:02:45,42390,94.6,10.4,4
2026-08-05 06:02:50,42395,93.3,10.4,4
2026-08-05 06:02:55,42400,89.6,10.4,4
2026-08-05 06:03:00,42405,92.7,10.4,4
2026-08-05 06:03:05,42410,92.1,10.4,4
2026-08-05 06:03:10,42415,88.7,10.4,4
2026-08-05 06:03:15,42420,91.1,10.4,4
2026-08-05 06:03:20,42425,89.7,10.4,4
2026-08-05 06:03:25,42430,92.1,10.4,4
2026-08-05 06:03:30,42436,94.2,10.4,4
2026-08-05 06:03:36,42441,90.7,10.4,4
2026-08-05 06:03:41,42446,88.9,10.4,4
2026-08-05 06:03:46,42451,90.2,10.4,4
2026-08-05 06:03:51,42456,89.6,10.4,4
2026-08-05 06:03:56,42461,87.8,10.4,4
2026-08-05 06:04:01,42466,88.6,10.4,4
2026-08-05 06:04:06,42471,83.6,10.4,4
2026-08-05 06:04:11,42476,89.4,10.4,4
2026-08-05 06:04:16,42481,91.3,10.4,4
2026-08-05 06:04:21,42486,87.1,10.4,4
2026-08-05 06:04:26,42492,92.5,10.4,4
2026-08-05 06:04:32,42497,91.8,10.4,4
2026-08-05 06:04:37,42502,84.1,10.4,4
2026-08-05 06:04:42,42507,78.7,10.4,4
2026-08-05 06:04:47,42512,84.2,10.4,4
2026-08-05 06:04:52,42517,89.7,10.4,4
2026-08-05 06:04:57,42522,90.1,10.4,4
2026-08-05 06:05:02,42527,87.2,10.4,4
2026-08-05 06:05:07,42532,84.7,10.4,4
2026-08-05 06:05:12,42537,83.1,10.4,4
2026-08-05 06:05:17,42542,83.9,10.4,4
2026-08-05 06:05:22,42548,83.3,10.4,4
2026-08-05 06:05:28,42553,84.1,10.4,4
2026-08-05 06:05:33,42558,83.5,10.3,4
2026-08-05 06:05:38,42563,83.5,10.4,4
2026-08-05 06:05:43,42568,77.3,10.4,4
2026-08-05 06:05:48,42573,73.9,10.4,4
2026-08-05 06:05:53,42578,79.6,10.4,4
2026-08-05 06:05:58,42583,81.6,10.4,4
2026-08-05 06:06:03,42588,77.6,10.4,4
2026-08-05 06:06:08,42593,80.2,10.4,4
2026-08-05 06:06:13,42598,83.1,10.4,4
2026-08-05 06:06:18,42603,90.0,10.4,4
2026-08-05 06:06:24,42609,93.2,10.5,4
2026-08-05 06:06:29,42614,88.9,10.5,4
2026-08-05 06:06:34,42619,83.9,10.4,4
2026-08-05 06:06:39,42624,81.6,10.4,4
2026-08-05 06:06:44,42629,82.6,10.4,4
2026-08-05 06:06:49,42634,83.7,10.4,4
2026-08-05 06:06:54,42639,86.0,10.4,4
2026-08-05 06:06:59,42644,80.3,10.4,4
2026-08-05 06:07:04,42649,80.2,10.4,4
2026-08-05 06:07:09,42654,79.9,10.4,4
2026-08-05 06:07:14,42659,82.7,10.4,4
2026-08-05 06:07:19,42664,86.6,10.4,4
2026-08-05 06:07:25,42670,87.5,10.4,4
2026-08-05 06:07:30,42675,89.4,10.4,4
2026-08-05 06:07:35,42680,90.5,10.4,4
2026-08-05 06:07:40,42685,89.9,10.4,4
2026-08-05 06:07:45,42690,87.2,10.5,4
2026-08-05 06:07:50,42695,85.7,10.5,4
2026-08-05 06:07:55,42700,89.9,10.4,4
2026-08-05 06:08:00,42705,89.8,10.5,4
2026-08-05 06:08:05,42710,86.7,10.5,4
2026-08-05 06:08:10,42715,85.8,10.4,4
2026-08-05 06:08:15,42720,81.4,10.5,4
2026-08-05 06:08:20,42726,77.6,10.4,4
2026-08-05 06:08:26,42731,84.4,10.5,4
2026-08-05 06:08:31,42736,81.3,10.4,4
2026-08-05 06:08:36,42741,87.9,10.5,4
2026-08-05 06:08:41,42746,89.9,10.5,4
2026-08-05 06:08:46,42751,93.0,10.5,4
2026-08-05 06:08:51,42756,93.3,10.5,4
2026-08-05 06:08:56,42761,92.3,10.5,4
2026-08-05 06:09:01,42766,94.1,10.4,4
2026-08-05 06:09:06,42771,93.9,10.5,4
2026-08-05 06:09:11,42777,96.6,10.4,4
2026-08-05 06:09:17,42782,96.3,10.5,4
2026-08-05 06:09:22,42787,97.2,10.5,4
2026-08-05 06:09:27,42792,97.8,10.4,4
2026-08-05 06:09:32,42797,97.8,10.4,4
2026-08-05 06:09:37,42802,98.7,10.4,4
2026-08-05 06:09:42,42807,98.3,10.4,4
2026-08-05 06:09:47,42812,97.6,10.4,4
2026-08-05 06:09:52,42817,97.8,10.4,4
2026-08-05 06:09:57,42823,97.7,10.4,4
2026-08-05 06:10:03,42828,97.8,10.4,4
2026-08-05 06:10:08,42833,97.9,10.4,4
2026-08-05 06:10:13,42838,96.0,10.4,4
2026-08-05 06:10:18,42843,94.4,10.4,4
2026-08-05 06:10:23,42848,96.4,10.4,4
2026-08-05 06:10:28,42853,96.6,10.4,4
2026-08-05 06:10:33,42858,96.2,10.4,4
2026-08-05 06:10:38,42863,94.2,10.4,4
2026-08-05 06:10:43,42869,87.4,10.4,4
2026-08-05 06:10:49,42874,85.0,10.4,4
2026-08-05 06:10:54,42879,86.3,10.4,4
2026-08-05 06:10:59,42884,89.7,10.4,4
2026-08-05 06:11:04,42889,89.9,10.4,4
2026-08-05 06:11:09,42894,90.4,10.4,4
2026-08-05 06:11:14,42899,89.1,10.4,4
2026-08-05 06:11:19,42904,84.3,10.4,4
2026-08-05 06:11:24,42909,85.5,10.4,4
2026-08-05 06:11:29,42914,82.2,10.4,4
2026-08-05 06:11:34,42919,87.7,10.4,4
2026-08-05 06:11:39,42925,78.7,10.4,4
2026-08-05 06:11:45,42930,81.0,10.4,4
2026-08-05 06:11:50,42935,79.3,10.4,4
2026-08-05 06:11:55,42940,78.9,10.4,4
2026-08-05 06:12:00,42945,89.9,10.4,4
2026-08-05 06:12:05,42950,87.1,10.4,4
2026-08-05 06:12:10,42955,87.8,10.4,4
2026-08-05 06:12:15,42960,81.6,10.4,4
2026-08-05 06:12:20,42965,81.5,10.4,4
2026-08-05 06:12:25,42970,80.4,10.4,4
2026-08-05 06:12:30,42975,79.7,10.4,4
2026-08-05 06:12:35,42980,78.5,10.4,4
2026-08-05 06:12:40,42986,82.3,10.4,4
2026-08-05 06:12:46,42991,81.0,10.4,4
2026-08-05 06:12:51,42996,80.3,10.4,4
2026-08-05 06:12:56,43001,86.5,10.4,4
2026-08-05 06:13:01,43006,85.8,10.4,4
2026-08-05 06:13:06,43011,84.8,10.4,4
2026-08-05 06:13:11,43016,80.9,10.4,4
2026-08-05 06:13:16,43021,83.0,10.4,4
2026-08-05 06:13:21,43026,87.5,10.4,4
2026-08-05 06:13:26,43031,92.4,10.4,4
2026-08-05 06:13:31,43036,91.8,10.4,4
2026-08-05 06:13:36,43042,84.4,10.4,4
2026-08-05 06:13:42,43047,81.8,10.4,4
2026-08-05 06:13:47,43052,80.4,10.4,4
2026-08-05 06:13:52,43057,79.8,10.4,4
2026-08-05 06:13:57,43062,88.5,10.4,4
2026-08-05 06:14:02,43067,85.5,10.4,4
2026-08-05 06:14:07,43072,88.5,10.4,4
2026-08-05 06:14:12,43077,85.4,10.4,4
2026-08-05 06:14:17,43082,87.6,10.4,4
2026-08-05 06:14:22,43087,88.7,10.4,4
2026-08-05 06:14:27,43092,85.6,10.4,4
2026-08-05 06:14:32,43098,83.4,10.4,4
2026-08-05 06:14:38,43103,84.7,10.4,4
2026-08-05 06:14:43,43108,86.1,10.4,4
2026-08-05 06:14:48,43113,88.2,10.4,4
2026-08-05 06:14:53,43118,87.3,10.4,4
2026-08-05 06:14:58,43123,87.8,10.4,4
2026-08-05 06:15:03,43128,91.1,10.4,4
2026-08-05 06:15:08,43133,90.5,10.4,4
2026-08-05 06:15:13,43138,86.4,10.4,4
2026-08-05 06:15:18,43143,84.3,10.4,4
2026-08-05 06:15:23,43148,84.7,10.4,4
2026-08-05 06:15:28,43153,90.1,10.4,4
2026-08-05 06:15:34,43159,84.7,10.4,4
2026-08-05 06:15:39,43164,87.3,10.5,4
2026-08-05 06:15:44,43169,94.9,10.5,4
2026-08-05 06:15:49,43174,86.1,10.5,4
2026-08-05 06:15:54,43179,92.6,10.5,4
2026-08-05 06:15:59,43184,93.0,10.4,4
2026-08-05 06:16:04,43189,89.1,10.5,4
2026-08-05 06:16:09,43194,92.7,10.5,4
2026-08-05 06:16:14,43199,97.6,10.4,4
2026-08-05 06:16:19,43204,96.1,10.4,4
2026-08-05 06:16:24,43210,96.3,10.4,4
2026-08-05 06:16:30,43215,97.0,10.4,4
2026-08-05 06:16:35,43220,97.8,10.4,4
2026-08-05 06:16:40,43225,97.4,10.4,4
2026-08-05 06:16:45,43230,97.3,10.4,4
2026-08-05 06:16:50,43235,97.1,10.4,4
2026-08-05 06:16:55,43240,96.5,10.4,4
2026-08-05 06:17:00,43245,92.3,10.4,4
2026-08-05 06:17:05,43251,88.2,10.5,4
2026-08-05 06:17:11,43256,93.0,10.5,4
2026-08-05 06:17:16,43261,94.2,10.5,4
2026-08-05 06:17:21,43266,93.6,10.5,4
2026-08-05 06:17:26,43271,90.0,10.4,4
2026-08-05 06:17:31,43276,96.4,10.4,4
2026-08-05 06:17:36,43281,97.0,10.4,4
2026-08-05 06:17:41,43286,97.6,10.4,4
2026-08-05 06:17:46,43291,97.8,10.4,4
2026-08-05 06:17:51,43296,97.3,10.4,4
2026-08-05 06:17:56,43302,96.6,10.4,4
2026-08-05 06:18:02,43307,94.6,10.4,4
2026-08-05 06:18:07,43312,90.5,10.4,4
2026-08-05 06:18:12,43317,90.5,10.4,4
2026-08-05 06:18:17,43322,84.6,10.4,4
2026-08-05 06:18:22,43327,89.7,10.4,4
2026-08-05 06:18:27,43332,91.7,10.4,4
2026-08-05 06:18:32,43337,89.7,10.4,4
2026-08-05 06:18:37,43342,82.5,10.4,4
2026-08-05 06:18:42,43347,80.6,10.4,4
2026-08-05 06:18:47,43352,81.9,10.4,4
2026-08-05 06:18:52,43358,81.4,10.4,4
2026-08-05 06:18:58,43363,83.6,10.4,4
2026-08-05 06:19:03,43368,81.4,10.4,4
2026-08-05 06:19:08,43373,78.0,10.4,4
2026-08-05 06:19:13,43378,78.4,10.4,4
2026-08-05 06:19:18,43383,76.9,10.4,4
2026-08-05 06:19:23,43388,79.1,10.4,4
2026-08-05 06:19:28,43393,82.1,10.4,4
2026-08-05 06:19:33,43398,82.1,10.4,4
2026-08-05 06:19:38,43403,81.3,10.4,4
2026-08-05 06:19:43,43408,82.4,10.4,4
2026-08-05 06:19:48,43413,83.8,10.4,4
2026-08-05 06:19:53,43419,85.8,10.4,4
2026-08-05 06:19:59,43424,84.4,10.4,4
2026-08-05 06:20:04,43429,81.1,10.4,4
2026-08-05 06:20:09,43434,85.2,10.4,4
2026-08-05 06:20:14,43439,87.2,10.4,4
2026-08-05 06:20:19,43444,81.4,10.4,4
2026-08-05 06:20:24,43449,77.9,10.4,4
2026-08-05 06:20:29,43454,76.0,10.4,4
2026-08-05 06:20:34,43459,77.1,10.4,4
2026-08-05 06:20:39,43464,83.8,10.4,4
2026-08-05 06:20:44,43469,87.8,10.4,4
2026-08-05 06:20:49,43474,87.1,10.4,4
2026-08-05 06:20:54,43480,90.9,10.4,4
2026-08-05 06:21:00,43485,89.7,10.4,4
2026-08-05 06:21:05,43490,80.7,10.4,4
2026-08-05 06:21:10,43495,85.4,10.4,4
2026-08-05 06:21:15,43500,84.3,10.4,4
2026-08-05 06:21:20,43505,86.4,10.4,4
2026-08-05 06:21:25,43510,90.0,10.4,4
2026-08-05 06:21:30,43515,86.3,10.4,4
2026-08-05 06:21:35,43520,80.8,10.4,4
2026-08-05 06:21:40,43525,81.3,10.4,4
2026-08-05 06:21:45,43530,81.9,10.4,4
2026-08-05 06:21:50,43536,86.6,10.4,4
2026-08-05 06:21:56,43541,87.1,10.4,4
2026-08-05 06:22:01,43546,85.7,10.4,4
2026-08-05 06:22:06,43551,80.6,10.4,4
2026-08-05 06:22:11,43556,88.0,10.4,4
2026-08-05 06:22:16,43561,86.1,10.4,4
2026-08-05 06:22:21,43566,85.0,10.4,4
2026-08-05 06:22:26,43571,94.0,10.4,4
2026-08-05 06:22:31,43576,89.2,10.4,4
2026-08-05 06:22:36,43581,95.2,10.4,4
2026-08-05 06:22:41,43587,96.9,10.4,4
2026-08-05 06:22:47,43592,96.9,10.4,4
2026-08-05 06:22:52,43597,91.1,10.5,4
2026-08-05 06:22:57,43602,93.0,10.5,4
2026-08-05 06:23:02,43607,92.8,10.4,4
2026-08-05 06:23:07,43612,86.0,10.5,4
2026-08-05 06:23:12,43617,87.8,10.5,4
2026-08-05 06:23:17,43622,88.7,10.5,4
2026-08-05 06:23:22,43627,85.2,10.5,4
2026-08-05 06:23:27,43632,85.5,10.5,4
2026-08-05 06:23:32,43637,87.2,10.5,4
2026-08-05 06:23:37,43642,88.1,10.5,4
2026-08-05 06:23:43,43648,95.5,10.4,4
2026-08-05 06:23:48,43653,96.8,10.4,4
2026-08-05 06:23:53,43658,97.0,10.4,4
2026-08-05 06:23:58,43663,98.1,10.4,4
2026-08-05 06:24:03,43668,97.9,10.4,4
2026-08-05 06:24:08,43673,98.0,10.4,4
2026-08-05 06:24:13,43678,97.8,10.4,4
2026-08-05 06:24:18,43683,98.1,10.4,4
2026-08-05 06:24:23,43689,98.3,10.4,4
2026-08-05 06:24:29,43694,97.3,10.4,4
2026-08-05 06:24:34,43699,96.8,10.4,4
2026-08-05 06:24:39,43704,97.3,10.4,4
2026-08-05 06:24:44,43709,97.5,10.4,4
2026-08-05 06:24:49,43714,96.8,10.4,4
2026-08-05 06:24:54,43719,96.0,10.4,4
2026-08-05 06:24:59,43724,91.0,10.4,4
2026-08-05 06:25:04,43729,87.2,10.5,4
2026-08-05 06:25:09,43735,80.5,10.5,4
2026-08-05 06:25:14,43740,70.0,10.4,4
2026-08-05 06:25:20,43745,72.9,10.5,4
2026-08-05 06:25:25,43750,77.1,10.5,4
2026-08-05 06:25:30,43755,74.6,10.5,4
2026-08-05 06:25:35,43760,93.3,10.4,4
2026-08-05 06:25:40,43765,94.8,10.4,4
2026-08-05 06:25:45,43770,90.2,10.4,4
2026-08-05 06:25:50,43775,92.0,10.4,4
2026-08-05 06:25:55,43780,94.0,10.4,4
2026-08-05 06:26:00,43786,91.9,10.4,4
2026-08-05 06:26:06,43791,91.6,10.4,4
2026-08-05 06:26:11,43796,92.5,10.4,4
2026-08-05 06:26:16,43801,88.5,10.4,4
2026-08-05 06:26:21,43806,89.0,10.4,4
2026-08-05 06:26:26,43811,90.4,10.4,4
2026-08-05 06:26:31,43816,92.1,10.4,4
2026-08-05 06:26:36,43821,91.9,10.4,4
2026-08-05 06:26:41,43826,74.9,10.4,4
2026-08-05 06:26:46,43831,81.3,10.4,4
2026-08-05 06:26:51,43836,80.9,10.4,4
2026-08-05 06:26:56,43842,78.1,10.4,4
2026-08-05 06:27:02,43847,86.9,10.4,4
2026-08-05 06:27:07,43852,78.8,10.4,4
2026-08-05 06:27:12,43857,80.8,10.4,4
2026-08-05 06:27:17,43862,78.7,10.4,4
2026-08-05 06:27:22,43867,79.6,10.4,4
2026-08-05 06:27:27,43872,86.0,10.4,4
2026-08-05 06:27:32,43877,86.1,10.4,4
2026-08-05 06:27:37,43882,83.6,10.4,4
2026-08-05 06:27:42,43887,83.0,10.4,4
2026-08-05 06:27:47,43892,80.4,10.4,4
2026-08-05 06:27:52,43897,81.8,10.4,4
2026-08-05 06:27:57,43903,80.6,10.4,4
2026-08-05 06:28:03,43908,81.8,10.4,4
2026-08-05 06:28:08,43913,81.3,10.4,4
2026-08-05 06:28:13,43918,86.9,10.4,4
2026-08-05 06:28:18,43923,82.3,10.4,4
2026-08-05 06:28:23,43928,85.9,10.4,4
2026-08-05 06:28:28,43933,88.2,10.4,4
2026-08-05 06:28:33,43938,85.8,10.4,4
2026-08-05 06:28:38,43943,86.4,10.4,4
2026-08-05 06:28:43,43948,81.7,10.4,4
2026-08-05 06:28:48,43953,78.8,10.4,4
2026-08-05 06:28:53,43959,82.0,10.4,4
2026-08-05 06:28:58,43964,82.9,10.4,4
2026-08-05 06:29:04,43969,78.8,10.4,4
2026-08-05 06:29:09,43974,90.7,10.4,4
2026-08-05 06:29:14,43979,92.1,10.4,4
2026-08-05 06:29:19,43984,93.2,10.4,4
2026-08-05 06:29:24,43989,95.2,10.4,4
2026-08-05 06:29:29,43994,95.2,10.4,4
2026-08-05 06:29:34,43999,92.0,10.4,4
2026-08-05 06:29:39,44004,92.1,10.4,4
2026-08-05 06:29:44,44009,90.6,10.4,4
2026-08-05 06:29:49,44015,86.9,10.4,4
2026-08-05 06:29:55,44020,88.5,10.4,4
2026-08-05 06:30:00,44025,93.1,10.4,4
2026-08-05 06:30:05,44030,91.6,10.4,4
2026-08-05 06:30:10,44035,92.0,10.4,4
2026-08-05 06:30:15,44040,91.3,10.4,4
2026-08-05 06:30:20,44045,94.1,10.4,4
2026-08-05 06:30:25,44050,92.5,10.4,4
2026-08-05 06:30:30,44055,92.3,10.4,4
2026-08-05 06:30:35,44060,95.0,10.4,4
2026-08-05 06:30:40,44065,92.7,10.4,4
2026-08-05 06:30:45,44071,92.5,10.4,4
2026-08-05 06:30:51,44076,93.2,10.4,4
2026-08-05 06:30:56,44081,94.3,10.4,4
2026-08-05 06:31:01,44086,85.7,10.5,4
2026-08-05 06:31:06,44091,85.8,10.5,4
2026-08-05 06:31:11,44096,85.0,10.5,4
2026-08-05 06:31:16,44101,86.2,10.5,4
2026-08-05 06:31:21,44106,92.6,10.5,4
2026-08-05 06:31:26,44111,88.2,10.5,4
2026-08-05 06:31:31,44117,95.4,10.5,4
2026-08-05 06:31:37,44122,96.4,10.5,4
2026-08-05 06:31:42,44127,92.4,10.5,4
2026-08-05 06:31:47,44132,88.5,10.4,4
2026-08-05 06:31:52,44137,90.9,10.5,4
2026-08-05 06:31:57,44142,85.2,10.5,4
2026-08-05 06:32:02,44147,87.7,10.5,4
2026-08-05 06:32:07,44152,87.8,10.5,4
2026-08-05 06:32:12,44157,93.4,10.5,4
2026-08-05 06:32:17,44162,91.9,10.5,4
2026-08-05 06:32:22,44168,87.3,10.5,4
2026-08-05 06:32:28,44173,85.4,10.5,4
2026-08-05 06:32:33,44178,91.4,10.5,4
2026-08-05 06:32:38,44183,79.7,10.5,4
2026-08-05 06:32:43,44188,81.5,10.5,4
2026-08-05 06:32:48,44193,78.9,10.5,4
2026-08-05 06:32:53,44198,81.6,10.4,4
2026-08-05 06:32:58,44203,79.4,10.5,4
2026-08-05 06:33:03,44208,82.8,10.5,4
2026-08-05 06:33:08,44213,81.7,10.5,4
2026-08-05 06:33:13,44218,75.2,10.5,4
2026-08-05 06:33:18,44223,73.0,10.5,4
2026-08-05 06:33:23,44229,74.3,10.5,4
2026-08-05 06:33:28,44234,77.0,10.5,4
2026-08-05 06:33:34,44239,77.5,10.5,4
2026-08-05 06:33:39,44244,78.5,10.4,4
2026-08-05 06:33:44,44249,91.8,10.4,4
2026-08-05 06:33:49,44254,89.5,10.4,4
2026-08-05 06:33:54,44259,94.1,10.4,4
2026-08-05 06:33:59,44264,94.2,10.4,4
2026-08-05 06:34:04,44269,93.2,10.4,4
2026-08-05 06:34:09,44274,93.3,10.4,4
2026-08-05 06:34:14,44279,94.2,10.4,4
2026-08-05 06:34:19,44285,92.9,10.4,4
2026-08-05 06:34:25,44290,91.8,10.4,4
2026-08-05 06:34:30,44295,91.6,10.4,4
2026-08-05 06:34:35,44300,95.0,10.4,4
2026-08-05 06:34:40,44305,94.2,10.4,4
2026-08-05 06:34:45,44310,91.7,10.4,4
2026-08-05 06:34:50,44315,91.2,10.4,4
2026-08-05 06:34:55,44320,89.2,10.4,4
2026-08-05 06:35:00,44325,85.7,10.4,4
2026-08-05 06:35:05,44330,88.3,10.4,4
2026-08-05 06:35:10,44336,88.2,10.4,4
2026-08-05 06:35:15,44341,88.5,10.4,4
2026-08-05 06:35:21,44346,86.5,10.4,4
2026-08-05 06:35:26,44351,83.4,10.4,4
2026-08-05 06:35:31,44356,75.4,10.4,4
2026-08-05 06:35:36,44361,75.4,10.4,4
2026-08-05 06:35:41,44366,75.9,10.4,4
2026-08-05 06:35:46,44371,82.7,10.5,4
2026-08-05 06:35:51,44376,95.5,10.4,4
2026-08-05 06:35:56,44381,93.0,10.5,4
2026-08-05 06:36:01,44386,94.0,10.4,4
2026-08-05 06:36:06,44392,94.3,10.4,4
2026-08-05 06:36:12,44397,92.7,10.4,4
2026-08-05 06:36:17,44402,90.8,10.4,4
2026-08-05 06:36:22,44407,92.4,10.4,4
2026-08-05 06:36:27,44412,92.2,10.4,4
2026-08-05 06:36:32,44417,91.2,10.4,4
2026-08-05 06:36:37,44422,91.8,10.4,4
2026-08-05 06:36:42,44427,90.5,10.4,4
2026-08-05 06:36:47,44432,88.0,10.4,4
2026-08-05 06:36:52,44437,87.6,10.4,4
2026-08-05 06:36:57,44443,91.7,10.4,4
2026-08-05 06:37:03,44448,88.7,10.4,4
2026-08-05 06:37:08,44453,92.4,10.4,4
2026-08-05 06:37:13,44458,94.0,10.4,4
2026-08-05 06:37:18,44463,93.0,10.4,4
2026-08-05 06:37:23,44468,93.4,10.4,4
2026-08-05 06:37:28,44473,87.7,10.4,4
2026-08-05 06:37:33,44478,94.0,10.4,4
2026-08-05 06:37:38,44483,93.8,10.4,4
2026-08-05 06:37:43,44488,93.6,10.4,4
2026-08-05 06:37:48,44494,93.4,10.4,4
2026-08-05 06:37:54,44499,93.0,10.4,4
2026-08-05 06:37:59,44504,83.8,10.4,4
2026-08-05 06:38:04,44509,86.5,10.4,4
2026-08-05 06:38:09,44514,83.7,10.4,4
2026-08-05 06:38:14,44519,86.5,10.4,4
2026-08-05 06:38:19,44524,85.2,10.4,4
2026-08-05 06:38:24,44529,78.6,10.4,4
2026-08-05 06:38:29,44534,73.0,10.4,4
2026-08-05 06:38:34,44539,83.4,10.4,4
2026-08-05 06:38:39,44544,85.4,10.4,4
2026-08-05 06:38:44,44549,90.7,10.4,4
2026-08-05 06:38:49,44555,92.9,10.4,4
2026-08-05 06:38:55,44560,92.5,10.4,4
2026-08-05 06:39:00,44565,93.5,10.4,4
2026-08-05 06:39:05,44570,91.7,10.4,4
2026-08-05 06:39:10,44575,90.5,10.4,4
2026-08-05 06:39:15,44580,91.5,10.4,4
2026-08-05 06:39:20,44585,91.6,10.4,4
2026-08-05 06:39:25,44590,85.4,10.4,4
2026-08-05 06:39:30,44595,85.8,10.4,4
2026-08-05 06:39:35,44600,88.8,10.4,4
2026-08-05 06:39:40,44606,93.8,10.4,4
2026-08-05 06:39:46,44611,92.8,10.4,4
2026-08-05 06:39:51,44616,91.5,10.4,4
2026-08-05 06:39:56,44621,89.9,10.4,4
2026-08-05 06:40:01,44626,89.3,10.4,4
2026-08-05 06:40:06,44631,82.7,10.4,4
2026-08-05 06:40:11,44636,81.8,10.5,4
2026-08-05 06:40:16,44641,85.0,10.4,4
2026-08-05 06:40:21,44646,76.2,10.4,4
2026-08-05 06:40:26,44651,78.4,10.4,4
2026-08-05 06:40:31,44656,75.8,10.5,4
2026-08-05 06:40:36,44662,78.3,10.4,4
2026-08-05 06:40:42,44667,80.2,10.4,4
2026-08-05 06:40:47,44672,80.3,10.5,4
2026-08-05 06:40:52,44677,81.7,10.5,4
2026-08-05 06:40:57,44682,83.9,10.4,4
2026-08-05 06:41:02,44687,85.9,10.5,4
2026-08-05 06:41:07,44692,86.0,10.5,4
2026-08-05 06:41:12,44697,81.8,10.4,4
2026-08-05 06:41:17,44702,82.4,10.4,4
2026-08-05 06:41:22,44707,76.8,10.4,4
2026-08-05 06:41:27,44712,76.6,10.5,4
2026-08-05 06:41:32,44717,78.4,10.5,4
2026-08-05 06:41:37,44723,78.5,10.5,4
2026-08-05 06:41:43,44728,82.5,10.4,4
2026-08-05 06:41:48,44733,93.7,10.4,4
2026-08-05 06:41:53,44738,96.0,10.4,4
2026-08-05 06:41:58,44743,91.6,10.4,4
2026-08-05 06:42:03,44748,93.7,10.4,4
2026-08-05 06:42:08,44753,92.3,10.4,4
2026-08-05 06:42:13,44758,92.4,10.4,4
2026-08-05 06:42:18,44763,89.3,10.4,4
2026-08-05 06:42:23,44768,95.1,10.4,4
2026-08-05 06:42:28,44774,95.8,10.4,4
2026-08-05 06:42:33,44779,92.1,10.4,4
2026-08-05 06:42:39,44784,96.0,10.4,4
2026-08-05 06:42:44,44789,96.6,10.4,4
2026-08-05 06:42:49,44794,95.7,10.4,4
2026-08-05 06:42:54,44799,92.3,10.4,4
2026-08-05 06:42:59,44804,88.6,10.4,4
2026-08-05 06:43:04,44809,90.0,10.4,4
2026-08-05 06:43:09,44814,88.8,10.4,4
2026-08-05 06:43:14,44819,89.3,10.4,4
2026-08-05 06:43:19,44825,92.3,10.4,4
2026-08-05 06:43:25,44830,92.2,10.4,4
2026-08-05 06:43:30,44835,89.4,10.4,4
2026-08-05 06:43:35,44840,87.1,10.4,4
2026-08-05 06:43:40,44845,87.9,10.4,4
2026-08-05 06:43:45,44850,88.5,10.4,4
2026-08-05 06:43:50,44855,93.3,10.4,4
2026-08-05 06:43:55,44860,93.6,10.4,4
2026-08-05 06:44:00,44865,91.0,10.4,4
2026-08-05 06:44:05,44870,87.7,10.4,4
2026-08-05 06:44:10,44876,86.8,10.4,4
2026-08-05 06:44:16,44881,89.5,10.4,4
2026-08-05 06:44:21,44886,89.9,10.4,4
2026-08-05 06:44:26,44891,93.9,10.4,4
2026-08-05 06:44:31,44896,91.2,10.4,4
2026-08-05 06:44:36,44901,87.5,10.4,4
2026-08-05 06:44:41,44906,86.9,10.4,4
2026-08-05 06:44:46,44911,84.1,10.4,4
2026-08-05 06:44:51,44916,86.9,10.4,4
2026-08-05 06:44:56,44921,83.6,10.4,4
2026-08-05 06:45:01,44926,86.9,10.4,4
2026-08-05 06:45:06,44932,87.0,10.4,4
2026-08-05 06:45:11,44937,87.3,10.4,4
2026-08-05 06:45:17,44942,93.0,10.3,4
2026-08-05 06:45:22,44947,89.5,10.4,4
2026-08-05 06:45:27,44952,92.0,10.4,4
2026-08-05 06:45:32,44957,91.1,10.4,4
2026-08-05 06:45:37,44962,84.9,10.4,4
2026-08-05 06:45:42,44967,90.0,10.4,4
2026-08-05 06:45:47,44972,87.7,10.4,4
2026-08-05 06:45:52,44977,81.4,10.4,4
2026-08-05 06:45:57,44982,82.4,10.4,4
2026-08-05 06:46:02,44987,81.8,10.4,4
2026-08-05 06:46:07,44993,78.8,10.4,4
2026-08-05 06:46:13,44998,87.9,10.4,4
2026-08-05 06:46:18,45003,89.0,10.4,4
2026-08-05 06:46:23,45008,95.2,10.4,4
2026-08-05 06:46:28,45013,92.6,10.4,4
2026-08-05 06:46:33,45018,91.1,10.4,4
2026-08-05 06:46:38,45023,87.3,10.4,4
2026-08-05 06:46:43,45028,92.4,10.4,4
2026-08-05 06:46:48,45033,92.7,10.4,4
2026-08-05 06:46:53,45038,94.9,10.4,4
2026-08-05 06:46:58,45043,87.8,10.4,4
2026-08-05 06:47:04,45049,93.6,10.4,4
2026-08-05 06:47:09,45054,90.5,10.4,4
2026-08-05 06:47:14,45059,89.1,10.4,4
2026-08-05 06:47:19,45064,89.1,10.4,4
2026-08-05 06:47:24,45069,94.4,10.4,4
2026-08-05 06:47:29,45074,89.0,10.4,4
2026-08-05 06:47:34,45079,83.2,10.4,4
2026-08-05 06:47:39,45084,83.1,10.4,4
2026-08-05 06:47:44,45089,80.2,10.4,4
2026-08-05 06:47:49,45094,81.3,10.4,4
2026-08-05 06:47:54,45100,89.7,10.4,4
2026-08-05 06:48:00,45105,86.9,10.4,4
2026-08-05 06:48:05,45110,85.1,10.4,4
2026-08-05 06:48:10,45115,85.5,10.4,4
2026-08-05 06:48:15,45120,84.1,10.4,4
2026-08-05 06:48:20,45125,86.6,10.4,4
2026-08-05 06:48:25,45130,85.4,10.5,4
2026-08-05 06:48:30,45135,83.4,10.4,4
2026-08-05 06:48:35,45140,84.3,10.5,4
2026-08-05 06:48:40,45145,83.9,10.5,4
2026-08-05 06:48:45,45150,74.4,10.5,4
2026-08-05 06:48:50,45156,70.3,10.5,4
2026-08-05 06:48:55,45161,74.9,10.5,4
2026-08-05 06:49:01,45166,81.3,10.5,4
2026-08-05 06:49:06,45171,93.0,10.4,4
2026-08-05 06:49:11,45176,91.5,10.5,4
2026-08-05 06:49:16,45181,96.2,10.5,4
2026-08-05 06:49:21,45186,93.9,10.5,4
2026-08-05 06:49:26,45191,87.7,10.5,4
2026-08-05 06:49:31,45196,80.6,10.5,4
2026-08-05 06:49:36,45201,89.9,10.4,4
2026-08-05 06:49:41,45206,86.4,10.5,4
2026-08-05 06:49:46,45212,84.5,10.4,4
2026-08-05 06:49:52,45217,90.3,10.4,4
2026-08-05 06:49:57,45222,96.3,10.4,4
2026-08-05 06:50:02,45227,94.8,10.4,4
2026-08-05 06:50:07,45232,95.9,10.4,4
2026-08-05 06:50:12,45237,96.2,10.4,4
2026-08-05 06:50:17,45242,95.8,10.4,4
2026-08-05 06:50:22,45247,92.8,10.4,4
2026-08-05 06:50:27,45252,94.2,10.4,4
2026-08-05 06:50:32,45258,96.1,10.4,4
2026-08-05 06:50:38,45263,93.7,10.4,4
2026-08-05 06:50:43,45268,95.1,10.4,4
2026-08-05 06:50:48,45273,94.0,10.4,4
2026-08-05 06:50:53,45278,96.4,10.4,4
2026-08-05 06:50:58,45283,97.3,10.4,4
2026-08-05 06:51:03,45288,95.6,10.4,4
2026-08-05 06:51:08,45293,88.2,10.4,4
2026-08-05 06:51:13,45298,86.9,10.4,4
2026-08-05 06:51:18,45303,83.7,10.4,4
2026-08-05 06:51:23,45308,81.4,10.4,4
2026-08-05 06:51:28,45314,81.6,10.4,4
2026-08-05 06:51:34,45319,81.5,10.4,4
2026-08-05 06:51:39,45324,82.1,10.4,4
2026-08-05 06:51:44,45329,82.2,10.4,4
2026-08-05 06:51:49,45334,75.3,10.4,4
2026-08-05 06:51:54,45339,86.7,10.4,4
2026-08-05 06:51:59,45344,88.2,10.4,4
2026-08-05 06:52:04,45349,85.3,10.4,4
2026-08-05 06:52:09,45354,85.0,10.4,4
2026-08-05 06:52:14,45359,83.6,10.4,4
2026-08-05 06:52:19,45364,80.3,10.4,4
2026-08-05 06:52:24,45370,86.9,10.4,4
2026-08-05 06:52:30,45375,82.9,10.4,4
2026-08-05 06:52:35,45380,85.0,10.4,4
2026-08-05 06:52:40,45385,87.0,10.4,4
2026-08-05 06:52:45,45390,88.4,10.4,4
2026-08-05 06:52:50,45395,80.2,10.4,4
2026-08-05 06:52:55,45400,86.5,10.4,4
2026-08-05 06:53:00,45405,88.5,10.4,4
2026-08-05 06:53:05,45410,86.4,10.4,4
2026-08-05 06:53:10,45415,81.4,10.4,4
2026-08-05 06:53:15,45420,77.2,10.4,4
2026-08-05 06:53:20,45425,78.7,10.4,4
2026-08-05 06:53:25,45431,83.5,10.4,4
2026-08-05 06:53:31,45436,82.4,10.4,4
2026-08-05 06:53:36,45441,85.7,10.4,4
2026-08-05 06:53:41,45446,95.0,10.4,4
2026-08-05 06:53:46,45451,94.2,10.4,4
2026-08-05 06:53:51,45456,95.9,10.4,4
2026-08-05 06:53:56,45461,94.7,10.4,4
2026-08-05 06:54:01,45466,94.8,10.4,4
2026-08-05 06:54:06,45471,89.9,10.4,4
2026-08-05 06:54:11,45476,92.6,10.4,4
2026-08-05 06:54:16,45482,88.6,10.4,4
2026-08-05 06:54:22,45487,89.7,10.4,4
2026-08-05 06:54:27,45492,92.3,10.4,4
2026-08-05 06:54:32,45497,91.0,10.4,4
2026-08-05 06:54:37,45502,92.8,10.4,4
2026-08-05 06:54:42,45507,89.3,10.4,4
2026-08-05 06:54:47,45512,92.3,10.4,4
2026-08-05 06:54:52,45517,92.8,10.4,4
2026-08-05 06:54:57,45522,90.6,10.4,4
2026-08-05 06:55:02,45527,84.8,10.4,4
2026-08-05 06:55:07,45532,90.0,10.4,4
2026-08-05 06:55:12,45537,85.8,10.4,4
2026-08-05 06:55:18,45543,86.3,10.4,4
2026-08-05 06:55:23,45548,89.6,10.4,4
2026-08-05 06:55:28,45553,78.0,10.4,4
2026-08-05 06:55:33,45558,78.1,10.4,4
2026-08-05 06:55:38,45563,79.5,10.4,4
2026-08-05 06:55:43,45568,81.6,10.4,4
2026-08-05 06:55:48,45573,94.0,10.4,4
2026-08-05 06:55:53,45578,93.9,10.4,4
2026-08-05 06:55:58,45583,95.6,10.4,4
2026-08-05 06:56:03,45588,96.3,10.4,4
2026-08-05 06:56:08,45593,95.7,10.4,4
2026-08-05 06:56:13,45599,93.5,10.4,4
2026-08-05 06:56:19,45604,94.7,10.4,4
2026-08-05 06:56:24,45609,94.9,10.4,4
2026-08-05 06:56:29,45614,89.4,10.5,4
2026-08-05 06:56:34,45619,89.7,10.5,4
2026-08-05 06:56:39,45624,93.5,10.5,4
2026-08-05 06:56:44,45629,87.2,10.5,4
2026-08-05 06:56:49,45634,89.5,10.5,4
2026-08-05 06:56:54,45639,86.8,10.5,4
2026-08-05 06:56:59,45644,86.5,10.5,4
2026-08-05 06:57:04,45649,86.5,10.5,4
2026-08-05 06:57:09,45655,89.2,10.5,4
2026-08-05 06:57:15,45660,95.4,10.5,4
2026-08-05 06:57:20,45665,95.2,10.5,4
2026-08-05 06:57:25,45670,94.7,10.5,4
2026-08-05 06:57:30,45675,87.2,10.5,4
2026-08-05 06:57:35,45680,87.7,10.4,4
2026-08-05 06:57:40,45685,86.0,10.4,4
2026-08-05 06:57:45,45690,88.1,10.5,4
2026-08-05 06:57:50,45695,83.5,10.4,4
2026-08-05 06:57:55,45700,79.4,10.4,4
2026-08-05 06:58:00,45706,91.2,10.4,4
2026-08-05 06:58:06,45711,91.1,10.4,4
2026-08-05 06:58:11,45716,92.1,10.4,4
2026-08-05 06:58:16,45721,95.7,10.4,4
2026-08-05 06:58:21,45726,95.8,10.4,4
2026-08-05 06:58:26,45731,94.0,10.4,4
2026-08-05 06:58:31,45736,91.2,10.4,4
2026-08-05 06:58:36,45741,92.9,10.4,4
2026-08-05 06:58:41,45746,88.5,10.4,4
2026-08-05 06:58:46,45752,87.6,10.4,4
2026-08-05 06:58:52,45757,92.0,10.4,4
2026-08-05 06:58:57,45762,95.0,10.4,4
2026-08-05 06:59:02,45767,87.6,10.4,4
2026-08-05 06:59:07,45772,76.9,10.4,4
2026-08-05 06:59:12,45777,75.5,10.4,4
2026-08-05 06:59:17,45782,75.6,10.4,4
2026-08-05 06:59:22,45787,80.4,10.4,4
2026-08-05 06:59:27,45792,82.1,10.4,4
2026-08-05 06:59:32,45797,81.6,10.4,4
2026-08-05 06:59:37,45802,84.7,10.4,4
2026-08-05 06:59:42,45807,86.6,10.4,4
2026-08-05 06:59:47,45813,84.6,10.4,4
2026-08-05 06:59:52,45818,82.1,10.4,4
2026-08-05 06:59:58,45823,82.6,10.4,4
2026-08-05 07:00:03,45828,81.4,10.4,4
2026-08-05 07:00:08,45833,86.2,10.4,4
2026-08-05 07:00:13,45838,86.6,10.4,4
2026-08-05 07:00:18,45843,84.2,10.4,4
2026-08-05 07:00:23,45848,87.9,10.4,4
2026-08-05 07:00:28,45853,86.0,10.4,4
2026-08-05 07:00:33,45858,82.3,10.4,4
2026-08-05 07:00:38,45863,85.0,10.4,4
2026-08-05 07:00:43,45868,79.3,10.4,4
2026-08-05 07:00:48,45874,80.4,10.4,4
2026-08-05 07:00:54,45879,77.1,10.4,4
2026-08-05 07:00:59,45884,82.9,10.4,4
2026-08-05 07:01:04,45889,92.4,10.4,4
2026-08-05 07:01:09,45894,91.0,10.4,4
2026-08-05 07:01:14,45899,95.4,10.4,4
2026-08-05 07:01:19,45904,96.8,10.4,4
2026-08-05 07:01:24,45909,95.5,10.4,4
2026-08-05 07:01:29,45914,93.6,10.4,4
2026-08-05 07:01:34,45920,93.1,10.4,4
2026-08-05 07:01:40,45925,93.0,10.4,4
2026-08-05 07:01:45,45930,94.1,10.4,4
2026-08-05 07:01:50,45935,93.5,10.4,4
2026-08-05 07:01:55,45940,95.4,10.4,4
2026-08-05 07:02:00,45945,93.1,10.4,4
2026-08-05 07:02:05,45950,92.0,10.4,4
2026-08-05 07:02:10,45955,79.5,10.4,4
2026-08-05 07:02:15,45960,84.8,10.4,4
2026-08-05 07:02:20,45965,83.1,10.4,4
2026-08-05 07:02:25,45971,79.7,10.4,4
2026-08-05 07:02:31,45976,91.8,10.4,4
2026-08-05 07:02:36,45981,91.4,10.4,4
2026-08-05 07:02:41,45986,93.4,10.4,4
2026-08-05 07:02:46,45991,94.0,10.4,4
2026-08-05 07:02:51,45996,94.1,10.4,4
2026-08-05 07:02:56,46001,93.0,10.4,4
2026-08-05 07:03:01,46006,93.3,10.4,4
2026-08-05 07:03:06,46011,90.9,10.4,4
2026-08-05 07:03:11,46016,87.7,10.4,4
2026-08-05 07:03:16,46021,90.6,10.4,4
2026-08-05 07:03:21,46027,93.0,10.4,4
2026-08-05 07:03:27,46032,92.1,10.4,4
2026-08-05 07:03:32,46037,87.9,10.4,4
2026-08-05 07:03:37,46042,85.9,10.4,4
2026-08-05 07:03:42,46047,85.4,10.4,4
2026-08-05 07:03:47,46052,86.9,10.4,4
2026-08-05 07:03:52,46057,87.8,10.4,4
2026-08-05 07:03:57,46062,90.4,10.4,4
2026-08-05 07:04:02,46067,89.1,10.4,4
2026-08-05 07:04:07,46072,87.2,10.5,4
2026-08-05 07:04:12,46077,88.8,10.4,4
2026-08-05 07:04:17,46083,95.4,10.5,4
2026-08-05 07:04:23,46088,93.4,10.4,4
2026-08-05 07:04:28,46093,91.6,10.4,4
2026-08-05 07:04:33,46098,86.5,10.5,4
2026-08-05 07:04:38,46103,80.8,10.4,4
2026-08-05 07:04:43,46108,84.3,10.5,4
2026-08-05 07:04:48,46113,78.9,10.5,4
2026-08-05 07:04:53,46118,87.6,10.4,4
2026-08-05 07:04:58,46123,90.4,10.4,4
2026-08-05 07:05:03,46128,77.8,10.4,4
2026-08-05 07:05:08,46133,74.5,10.4,4
2026-08-05 07:05:13,46139,78.7,10.4,4
2026-08-05 07:05:19,46144,81.4,10.5,4
2026-08-05 07:05:24,46149,82.3,10.4,4
2026-08-05 07:05:29,46154,80.7,10.4,4
2026-08-05 07:05:34,46159,78.5,10.5,4
2026-08-05 07:05:39,46164,76.6,10.5,4
2026-08-05 07:05:44,46169,76.8,10.5,4
2026-08-05 07:05:49,46174,74.3,10.5,4
2026-08-05 07:05:54,46179,75.0,10.5,4
2026-08-05 07:05:59,46184,74.8,10.5,4
2026-08-05 07:06:04,46189,82.2,10.4,4
2026-08-05 07:06:09,46194,95.2,10.4,4
2026-08-05 07:06:14,46200,94.5,10.4,4
2026-08-05 07:06:20,46205,96.6,10.4,4
2026-08-05 07:06:25,46210,95.9,10.4,4
2026-08-05 07:06:30,46215,94.9,10.4,4
2026-08-05 07:06:35,46220,89.9,10.4,4
2026-08-05 07:06:40,46225,92.4,10.4,4
2026-08-05 07:06:45,46230,93.4,10.4,4
2026-08-05 07:06:50,46235,95.0,10.4,4
2026-08-05 07:06:55,46240,94.0,10.4,4
2026-08-05 07:07:00,46246,95.0,10.4,4
2026-08-05 07:07:06,46251,94.4,10.4,4
2026-08-05 07:07:11,46256,92.5,10.4,4
2026-08-05 07:07:16,46261,78.0,10.4,4
2026-08-05 07:07:21,46266,81.6,10.4,4
2026-08-05 07:07:26,46271,82.9,10.4,4
2026-08-05 07:07:31,46276,84.6,10.4,4
2026-08-05 07:07:36,46281,86.6,10.4,4
2026-08-05 07:07:41,46286,82.9,10.4,4
2026-08-05 07:07:46,46291,84.3,10.4,4
2026-08-05 07:07:51,46296,92.0,10.4,4
2026-08-05 07:07:56,46302,90.0,10.4,4
2026-08-05 07:08:02,46307,88.9,10.4,4
2026-08-05 07:08:07,46312,86.6,10.3,4
2026-08-05 07:08:12,46317,81.3,10.4,4
2026-08-05 07:08:17,46322,83.9,10.4,4
2026-08-05 07:08:22,46327,86.5,10.4,4
2026-08-05 07:08:27,46332,86.8,10.4,4
2026-08-05 07:08:32,46337,94.4,10.4,4
2026-08-05 07:08:37,46342,95.0,10.4,4
2026-08-05 07:08:42,46347,90.7,10.4,4
2026-08-05 07:08:47,46352,91.2,10.4,4
2026-08-05 07:08:52,46358,91.4,10.4,4
2026-08-05 07:08:58,46363,87.2,10.4,4
2026-08-05 07:09:03,46368,92.2,10.4,4
2026-08-05 07:09:08,46373,95.6,10.4,4
2026-08-05 07:09:13,46378,93.6,10.4,4
2026-08-05 07:09:18,46383,93.2,10.4,4
2026-08-05 07:09:23,46388,96.3,10.4,4
2026-08-05 07:09:28,46393,96.7,10.4,4
2026-08-05 07:09:33,46398,96.1,10.4,4
2026-08-05 07:09:38,46403,96.3,10.4,4
2026-08-05 07:09:43,46409,96.5,10.4,4
2026-08-05 07:09:49,46414,95.3,10.4,4
2026-08-05 07:09:54,46419,91.8,10.4,4
2026-08-05 07:09:59,46424,86.9,10.4,4
2026-08-05 07:10:04,46429,93.3,10.4,4
2026-08-05 07:10:09,46434,92.4,10.4,4
2026-08-05 07:10:14,46439,88.7,10.4,4
2026-08-05 07:10:19,46444,88.6,10.4,4
2026-08-05 07:10:24,46449,86.9,10.4,4
2026-08-05 07:10:29,46454,85.6,10.4,4
2026-08-05 07:10:34,46460,87.5,10.4,4
2026-08-05 07:10:40,46465,86.2,10.4,4
2026-08-05 07:10:45,46470,88.0,10.4,4
2026-08-05 07:10:50,46475,90.0,10.4,4
2026-08-05 07:10:55,46480,89.8,10.4,4
2026-08-05 07:11:00,46485,91.3,10.4,4
2026-08-05 07:11:05,46490,90.7,10.4,4
2026-08-05 07:11:10,46495,93.0,10.4,4
2026-08-05 07:11:15,46500,91.1,10.4,4
2026-08-05 07:11:20,46505,82.4,10.4,4
2026-08-05 07:11:25,46510,79.7,10.4,4
2026-08-05 07:11:30,46515,78.7,10.4,4
2026-08-05 07:11:36,46521,83.9,10.4,4
2026-08-05 07:11:41,46526,85.3,10.4,4
2026-08-05 07:11:46,46531,83.7,10.4,4
2026-08-05 07:11:51,46536,83.7,10.4,4
2026-08-05 07:11:56,46541,84.2,10.4,4
2026-08-05 07:12:01,46546,80.2,10.4,4
2026-08-05 07:12:06,46551,87.3,10.4,4
2026-08-05 07:12:11,46556,88.7,10.4,4
2026-08-05 07:12:16,46561,85.0,10.4,4
2026-08-05 07:12:21,46566,84.0,10.4,4
2026-08-05 07:12:26,46571,84.7,10.4,4
2026-08-05 07:12:31,46577,74.2,10.5,4
2026-08-05 07:12:37,46582,71.4,10.5,4
2026-08-05 07:12:42,46587,75.1,10.5,4
2026-08-05 07:12:47,46592,77.0,10.5,4
2026-08-05 07:12:52,46597,81.2,10.5,4
2026-08-05 07:12:57,46602,82.7,10.5,4
2026-08-05 07:13:02,46607,86.1,10.5,4
2026-08-05 07:13:07,46612,85.6,10.5,4
2026-08-05 07:13:12,46617,82.7,10.5,4
2026-08-05 07:13:17,46622,78.3,10.5,4
2026-08-05 07:13:22,46627,84.1,10.5,4
2026-08-05 07:13:27,46632,83.7,10.5,4
2026-08-05 07:13:32,46638,82.5,10.5,4
2026-08-05 07:13:38,46643,85.3,10.5,4
2026-08-05 07:13:43,46648,78.5,10.5,4
2026-08-05 07:13:48,46653,72.5,10.4,4
2026-08-05 07:13:53,46658,75.4,10.5,4
2026-08-05 07:13:58,46663,73.4,10.5,4
2026-08-05 07:14:03,46668,77.9,10.5,4
2026-08-05 07:14:08,46673,79.1,10.5,4
2026-08-05 07:14:13,46678,91.5,10.4,4
2026-08-05 07:14:18,46683,92.8,10.4,4
2026-08-05 07:14:23,46688,94.5,10.4,4
2026-08-05 07:14:28,46693,96.1,10.4,4
2026-08-05 07:14:33,46699,95.7,10.4,4
2026-08-05 07:14:39,46704,95.0,10.4,4
2026-08-05 07:14:44,46709,94.9,10.4,4
2026-08-05 07:14:49,46714,96.3,10.4,4
2026-08-05 07:14:54,46719,94.9,10.4,4
2026-08-05 07:14:59,46724,96.5,10.4,4
2026-08-05 07:15:04,46729,94.3,10.4,4
2026-08-05 07:15:09,46734,94.5,10.4,4
2026-08-05 07:15:14,46739,94.2,10.4,4
2026-08-05 07:15:19,46744,90.0,10.4,4
2026-08-05 07:15:24,46750,79.5,10.4,4
2026-08-05 07:15:30,46755,83.7,10.4,4
2026-08-05 07:15:35,46760,78.1,10.4,4
2026-08-05 07:15:40,46765,79.1,10.4,4
2026-08-05 07:15:45,46770,92.2,10.4,4
2026-08-05 07:15:50,46775,88.8,10.4,4
2026-08-05 07:15:55,46780,93.9,10.4,4
2026-08-05 07:16:00,46785,96.1,10.4,4
2026-08-05 07:16:05,46790,95.8,10.4,4
2026-08-05 07:16:10,46795,96.7,10.4,4
2026-08-05 07:16:15,46801,97.6,10.4,4
2026-08-05 07:16:21,46806,97.4,10.4,4
2026-08-05 07:16:26,46811,96.3,10.4,4
2026-08-05 07:16:31,46816,95.4,10.4,4
2026-08-05 07:16:36,46821,96.1,10.4,4
2026-08-05 07:16:41,46826,96.1,10.4,4
2026-08-05 07:16:46,46831,94.7,10.4,4
2026-08-05 07:16:51,46836,96.1,10.4,4
2026-08-05 07:16:56,46841,96.3,10.4,4
2026-08-05 07:17:01,46847,96.3,10.4,4
2026-08-05 07:17:07,46852,96.6,10.4,4
2026-08-05 07:17:12,46857,95.7,10.4,4
2026-08-05 07:17:17,46862,95.8,10.4,4
2026-08-05 07:17:22,46867,96.0,10.4,4
2026-08-05 07:17:27,46872,96.9,10.4,4
2026-08-05 07:17:32,46877,90.5,10.4,4
2026-08-05 07:17:37,46882,90.8,10.4,4
2026-08-05 07:17:42,46887,93.8,10.4,4
2026-08-05 07:17:47,46892,90.8,10.4,4
2026-08-05 07:17:52,46898,87.8,10.4,4
2026-08-05 07:17:58,46903,86.6,10.4,4
2026-08-05 07:18:03,46908,81.0,10.4,4
2026-08-05 07:18:08,46913,80.8,10.4,4
2026-08-05 07:18:13,46918,77.7,10.4,4
2026-08-05 07:18:18,46923,85.7,10.4,4
2026-08-05 07:18:23,46928,86.5,10.4,4
2026-08-05 07:18:28,46933,86.1,10.4,4
2026-08-05 07:18:33,46938,84.3,10.4,4
2026-08-05 07:18:38,46943,82.9,10.4,4
2026-08-05 07:18:43,46948,82.8,10.4,4
2026-08-05 07:18:48,46953,87.6,10.4,4
2026-08-05 07:18:53,46959,82.2,10.4,4
2026-08-05 07:18:59,46964,79.7,10.4,4
2026-08-05 07:19:04,46969,80.9,10.4,4
2026-08-05 07:19:09,46974,80.2,10.4,4
2026-08-05 07:19:14,46979,80.2,10.4,4
2026-08-05 07:19:19,46984,84.0,10.4,4
2026-08-05 07:19:24,46989,86.6,10.4,4
2026-08-05 07:19:29,46994,81.8,10.4,4
2026-08-05 07:19:34,46999,79.6,10.4,4
2026-08-05 07:19:39,47004,90.8,10.4,4
2026-08-05 07:19:44,47009,86.6,10.4,4
2026-08-05 07:19:49,47015,85.9,10.4,4
2026-08-05 07:19:54,47020,85.1,10.4,4
2026-08-05 07:20:00,47025,76.3,10.4,4
2026-08-05 07:20:05,47030,77.8,10.4,4
2026-08-05 07:20:10,47035,81.6,10.4,4
2026-08-05 07:20:15,47040,77.8,10.4,4
2026-08-05 07:20:20,47045,84.4,10.4,4
2026-08-05 07:20:25,47050,81.9,10.4,4
2026-08-05 07:20:30,47055,79.8,10.4,4
2026-08-05 07:20:35,47060,87.4,10.4,4
2026-08-05 07:20:40,47065,88.0,10.4,4
2026-08-05 07:20:45,47070,87.8,10.4,4
2026-08-05 07:20:50,47076,84.3,10.4,4
2026-08-05 07:20:56,47081,78.5,10.4,4
2026-08-05 07:21:01,47086,78.6,10.4,4
2026-08-05 07:21:06,47091,84.5,10.4,4
2026-08-05 07:21:11,47096,87.9,10.4,4
2026-08-05 07:21:16,47101,78.4,10.4,4
2026-08-05 07:21:21,47106,84.0,10.4,4
2026-08-05 07:21:26,47111,83.6,10.4,4
2026-08-05 07:21:31,47116,79.8,10.5,4
2026-08-05 07:21:36,47121,89.5,10.4,4
2026-08-05 07:21:41,47126,88.8,10.4,4
2026-08-05 07:21:46,47132,86.1,10.4,4
2026-08-05 07:21:51,47137,80.6,10.4,4
2026-08-05 07:21:57,47142,68.6,10.4,4
2026-08-05 07:22:02,47147,69.8,10.4,4
2026-08-05 07:22:07,47152,75.1,10.5,4
2026-08-05 07:22:12,47157,77.6,10.5,4
2026-08-05 07:22:17,47162,92.1,10.4,4
2026-08-05 07:22:22,47167,96.2,10.4,4
2026-08-05 07:22:27,47172,97.2,10.4,4
2026-08-05 07:22:32,47177,98.1,10.4,4
2026-08-05 07:22:37,47182,98.1,10.4,4
2026-08-05 07:22:42,47188,98.4,10.4,4
2026-08-05 07:22:48,47193,97.7,10.4,4
2026-08-05 07:22:53,47198,97.7,10.4,4
2026-08-05 07:22:58,47203,97.7,10.4,4
2026-08-05 07:23:03,47208,97.2,10.4,4
2026-08-05 07:23:08,47213,91.0,10.4,4
2026-08-05 07:23:13,47218,90.5,10.4,4
2026-08-05 07:23:18,47223,94.1,10.4,4
2026-08-05 07:23:23,47228,95.7,10.4,4
2026-08-05 07:23:28,47234,93.2,10.4,4
2026-08-05 07:23:34,47239,95.7,10.4,4
2026-08-05 07:23:39,47244,95.7,10.4,4
2026-08-05 07:23:44,47249,94.6,10.4,4
2026-08-05 07:23:49,47254,97.1,10.4,4
2026-08-05 07:23:54,47259,97.0,10.4,4
2026-08-05 07:23:59,47264,94.8,10.4,4
2026-08-05 07:24:04,47269,96.3,10.4,4
2026-08-05 07:24:09,47274,96.1,10.4,4
2026-08-05 07:24:14,47280,95.5,10.4,4
2026-08-05 07:24:20,47285,96.4,10.4,4
2026-08-05 07:24:25,47290,96.0,10.4,4
2026-08-05 07:24:30,47295,96.0,10.4,4
2026-08-05 07:24:35,47300,95.0,10.4,4
2026-08-05 07:24:40,47305,94.2,10.4,4
2026-08-05 07:24:45,47310,86.7,10.4,4
2026-08-05 07:24:50,47315,86.7,10.4,4
2026-08-05 07:24:55,47320,85.1,10.4,4
2026-08-05 07:25:00,47325,84.0,10.4,4
2026-08-05 07:25:05,47331,83.5,10.4,4
2026-08-05 07:25:11,47336,83.7,10.4,4
2026-08-05 07:25:16,47341,78.1,10.4,4
2026-08-05 07:25:21,47346,83.5,10.4,4
2026-08-05 07:25:26,47351,87.9,10.4,4
2026-08-05 07:25:31,47356,85.1,10.4,4
2026-08-05 07:25:36,47361,82.8,10.4,4
2026-08-05 07:25:41,47366,79.0,10.4,4
2026-08-05 07:25:46,47371,80.1,10.4,4
2026-08-05 07:25:51,47376,80.2,10.4,4
2026-08-05 07:25:56,47381,76.2,10.4,4
2026-08-05 07:26:01,47386,83.8,10.4,4
2026-08-05 07:26:07,47392,85.7,10.4,4
2026-08-05 07:26:12,47397,82.4,10.4,4
2026-08-05 07:26:17,47402,77.7,10.4,4
2026-08-05 07:26:22,47407,87.1,10.4,4
2026-08-05 07:26:27,47412,86.5,10.4,4
2026-08-05 07:26:32,47417,83.8,10.4,4
2026-08-05 07:26:37,47422,80.6,10.4,4
2026-08-05 07:26:42,47427,84.5,10.4,4
2026-08-05 07:26:47,47432,82.3,10.4,4
2026-08-05 07:26:52,47437,86.6,10.4,4
2026-08-05 07:26:57,47442,79.2,10.4,4
2026-08-05 07:27:02,47448,84.4,10.4,4
2026-08-05 07:27:08,47453,84.8,10.4,4
2026-08-05 07:27:13,47458,82.4,10.4,4
2026-08-05 07:27:18,47463,84.7,10.4,4
2026-08-05 07:27:23,47468,90.8,10.4,4
2026-08-05 07:27:28,47473,88.7,10.4,4
2026-08-05 07:27:33,47478,85.0,10.4,4
2026-08-05 07:27:38,47483,84.1,10.4,4
2026-08-05 07:27:43,47488,84.0,10.4,4
2026-08-05 07:27:48,47493,85.4,10.4,4
2026-08-05 07:27:53,47498,87.9,10.4,4
2026-08-05 07:27:58,47504,89.7,10.4,4
2026-08-05 07:28:04,47509,90.0,10.4,4
2026-08-05 07:28:09,47514,93.2,10.4,4
2026-08-05 07:28:14,47519,89.4,10.4,4
2026-08-05 07:28:19,47524,83.5,10.4,4
2026-08-05 07:28:24,47529,89.1,10.4,4
2026-08-05 07:28:29,47534,84.2,10.4,4
2026-08-05 07:28:34,47539,84.5,10.4,4
2026-08-05 07:28:39,47544,86.6,10.4,4
2026-08-05 07:28:44,47549,79.1,10.4,4
2026-08-05 07:28:49,47554,79.5,10.4,4
2026-08-05 07:28:54,47559,78.7,10.4,4
2026-08-05 07:28:59,47565,80.5,10.5,4
2026-08-05 07:29:05,47570,94.0,10.4,4
2026-08-05 07:29:10,47575,92.6,10.5,4
2026-08-05 07:29:15,47580,96.1,10.5,4
2026-08-05 07:29:20,47585,96.8,10.5,4
2026-08-05 07:29:25,47590,96.7,10.5,4
2026-08-05 07:29:30,47595,95.1,10.4,4
2026-08-05 07:29:35,47600,95.2,10.5,4
2026-08-05 07:29:40,47605,95.0,10.5,4
2026-08-05 07:29:45,47610,92.8,10.4,4
2026-08-05 07:29:50,47616,91.0,10.4,4
2026-08-05 07:29:56,47621,91.0,10.5,4
2026-08-05 07:30:01,47626,88.1,10.5,4
2026-08-05 07:30:06,47631,87.2,10.4,4
2026-08-05 07:30:11,47636,86.8,10.4,4
2026-08-05 07:30:16,47641,90.3,10.4,4
2026-08-05 07:30:21,47646,88.5,10.4,4
2026-08-05 07:30:26,47651,95.7,10.4,4
2026-08-05 07:30:31,47656,96.6,10.4,4
2026-08-05 07:30:36,47661,96.5,10.4,4
2026-08-05 07:30:41,47667,97.0,10.4,4
2026-08-05 07:30:47,47672,95.0,10.4,4
2026-08-05 07:30:52,47677,95.2,10.4,4
2026-08-05 07:30:57,47682,95.9,10.4,4
2026-08-05 07:31:02,47687,95.6,10.4,4
2026-08-05 07:31:07,47692,96.4,10.4,4
2026-08-05 07:31:12,47697,97.6,10.4,4
2026-08-05 07:31:17,47702,96.3,10.4,4
2026-08-05 07:31:22,47708,97.5,10.4,4
2026-08-05 07:31:28,47713,97.6,10.4,4
2026-08-05 07:31:33,47718,96.8,10.4,4
2026-08-05 07:31:38,47723,92.8,10.4,4
2026-08-05 07:31:43,47728,89.6,10.4,4
2026-08-05 07:31:48,47733,91.4,10.4,4
2026-08-05 07:31:53,47738,86.3,10.4,4
2026-08-05 07:31:58,47743,83.7,10.4,4
2026-08-05 07:32:03,47748,91.1,10.4,4
2026-08-05 07:32:08,47753,92.6,10.4,4
2026-08-05 07:32:13,47759,91.8,10.4,4
2026-08-05 07:32:19,47764,88.1,10.4,4
2026-08-05 07:32:24,47769,91.7,10.4,4
2026-08-05 07:32:29,47774,86.2,10.4,4
2026-08-05 07:32:34,47779,78.6,10.4,4
2026-08-05 07:32:39,47784,76.3,10.4,4
2026-08-05 07:32:44,47789,77.8,10.4,4
2026-08-05 07:32:49,47794,77.6,10.4,4
2026-08-05 07:32:54,47799,79.9,10.4,4
2026-08-05 07:32:59,47804,82.8,10.4,4
2026-08-05 07:33:04,47809,84.8,10.4,4
2026-08-05 07:33:09,47814,83.2,10.4,4
2026-08-05 07:33:14,47820,83.1,10.4,4
2026-08-05 07:33:20,47825,82.8,10.4,4
2026-08-05 07:33:25,47830,78.6,10.4,4
2026-08-05 07:33:30,47835,80.7,10.4,4
2026-08-05 07:33:35,47840,82.7,10.4,4
2026-08-05 07:33:40,47845,82.5,10.4,4
2026-08-05 07:33:45,47850,80.6,10.4,4
2026-08-05 07:33:50,47855,79.1,10.4,4
2026-08-05 07:33:55,47860,81.7,10.4,4
2026-08-05 07:34:00,47865,82.3,10.4,4
2026-08-05 07:34:05,47870,81.7,10.4,4
2026-08-05 07:34:10,47875,86.7,10.4,4
2026-08-05 07:34:15,47881,89.8,10.4,4
2026-08-05 07:34:21,47886,87.7,10.4,4
2026-08-05 07:34:26,47891,86.7,10.4,4
2026-08-05 07:34:31,47896,84.4,10.4,4
2026-08-05 07:34:36,47901,87.3,10.4,4
2026-08-05 07:34:41,47906,86.8,10.4,4
2026-08-05 07:34:46,47911,89.2,10.4,4
2026-08-05 07:34:51,47916,88.4,10.3,4
2026-08-05 07:34:56,47921,82.2,10.4,4
2026-08-05 07:35:01,47926,84.4,10.4,4
2026-08-05 07:35:06,47931,84.5,10.4,4
2026-08-05 07:35:11,47936,82.2,10.4,4
2026-08-05 07:35:17,47942,86.3,10.4,4
2026-08-05 07:35:22,47947,85.5,10.4,4
2026-08-05 07:35:27,47952,75.2,10.4,4
2026-08-05 07:35:32,47957,78.4,10.4,4
2026-08-05 07:35:37,47962,81.9,10.4,4
2026-08-05 07:35:42,47967,84.9,10.4,4
2026-08-05 07:35:47,47972,93.3,10.4,4
2026-08-05 07:35:52,47977,91.3,10.4,4
2026-08-05 07:35:57,47982,94.5,10.4,4
2026-08-05 07:36:02,47987,95.6,10.4,4
2026-08-05 07:36:07,47993,95.6,10.4,4
2026-08-05 07:36:13,47998,91.7,10.4,4
2026-08-05 07:36:18,48003,90.4,10.4,4
2026-08-05 07:36:23,48008,91.1,10.4,4
2026-08-05 07:36:28,48013,84.9,10.5,4
2026-08-05 07:36:33,48018,85.2,10.4,4
2026-08-05 07:36:38,48023,91.2,10.5,4
2026-08-05 07:36:43,48028,94.5,10.5,4
2026-08-05 07:36:48,48033,89.2,10.5,4
2026-08-05 07:36:53,48038,89.1,10.5,4
2026-08-05 07:36:58,48043,88.8,10.5,4
2026-08-05 07:37:04,48049,90.3,10.5,4
2026-08-05 07:37:09,48054,91.1,10.5,4
2026-08-05 07:37:14,48059,93.8,10.5,4
2026-08-05 07:37:19,48064,95.6,10.5,4
2026-08-05 07:37:24,48069,93.9,10.5,4
2026-08-05 07:37:29,48074,93.5,10.5,4
2026-08-05 07:37:34,48079,95.8,10.5,4
2026-08-05 07:37:39,48084,94.5,10.5,4
2026-08-05 07:37:44,48089,95.3,10.5,4
2026-08-05 07:37:49,48094,96.0,10.5,4
2026-08-05 07:37:54,48100,95.3,10.5,4
2026-08-05 07:38:00,48105,87.1,10.5,4
2026-08-05 07:38:05,48110,81.8,10.4,4
2026-08-05 07:38:10,48115,73.0,10.5,4
2026-08-05 07:38:15,48120,75.5,10.5,4
2026-08-05 07:38:20,48125,77.3,10.5,4
2026-08-05 07:38:25,48130,73.5,10.5,4
2026-08-05 07:38:30,48135,89.0,10.4,4
2026-08-05 07:38:35,48140,96.8,10.4,4
2026-08-05 07:38:40,48145,97.0,10.4,4
2026-08-05 07:38:45,48151,98.2,10.4,4
2026-08-05 07:38:51,48156,98.7,10.4,4
2026-08-05 07:38:56,48161,98.4,10.4,4
2026-08-05 07:39:01,48166,96.6,10.4,4
2026-08-05 07:39:06,48171,93.0,10.4,4
2026-08-05 07:39:11,48176,95.9,10.4,4
2026-08-05 07:39:16,48181,95.0,10.4,4
2026-08-05 07:39:21,48186,88.7,10.4,4
2026-08-05 07:39:26,48191,91.5,10.4,4
2026-08-05 07:39:31,48197,95.5,10.4,4
2026-08-05 07:39:37,48202,96.3,10.4,4
2026-08-05 07:39:42,48207,96.8,10.4,4
2026-08-05 07:39:47,48212,87.6,10.4,4
2026-08-05 07:39:52,48217,91.2,10.4,4
2026-08-05 07:39:57,48222,93.4,10.4,4
2026-08-05 07:40:02,48227,83.2,10.4,4
2026-08-05 07:40:07,48232,81.2,10.4,4
2026-08-05 07:40:12,48237,80.3,10.4,4
2026-08-05 07:40:17,48242,80.3,10.4,4
2026-08-05 07:40:22,48247,86.7,10.4,4
2026-08-05 07:40:27,48253,81.2,10.4,4
2026-08-05 07:40:33,48258,79.0,10.4,4
2026-08-05 07:40:38,48263,79.2,10.4,4
2026-08-05 07:40:43,48268,77.3,10.4,4
2026-08-05 07:40:48,48273,87.0,10.4,4
2026-08-05 07:40:53,48278,82.5,10.4,4
2026-08-05 07:40:58,48283,80.8,10.4,4
2026-08-05 07:41:03,48288,83.3,10.4,4
2026-08-05 07:41:08,48293,83.3,10.4,4
2026-08-05 07:41:13,48298,80.8,10.4,4
2026-08-05 07:41:18,48303,80.3,10.4,4
2026-08-05 07:41:23,48309,83.2,10.4,4
2026-08-05 07:41:28,48314,84.6,10.4,4
2026-08-05 07:41:34,48319,85.9,10.4,4
2026-08-05 07:41:39,48324,82.5,10.4,4
2026-08-05 07:41:44,48329,84.6,10.4,4
2026-08-05 07:41:49,48334,87.2,10.4,4
2026-08-05 07:41:54,48339,85.3,10.4,4
2026-08-05 07:41:59,48344,84.9,10.4,4
2026-08-05 07:42:04,48349,87.1,10.4,4
2026-08-05 07:42:09,48354,80.5,10.4,4
2026-08-05 07:42:14,48359,78.8,10.4,4
2026-08-05 07:42:19,48364,81.4,10.4,4
2026-08-05 07:42:24,48370,81.3,10.4,4
2026-08-05 07:42:30,48375,89.9,10.4,4
2026-08-05 07:42:35,48380,91.9,10.4,4
2026-08-05 07:42:40,48385,92.9,10.4,4
2026-08-05 07:42:45,48390,93.1,10.4,4
2026-08-05 07:42:50,48395,91.3,10.4,4
2026-08-05 07:42:55,48400,86.8,10.4,4
2026-08-05 07:43:00,48405,90.2,10.4,4
2026-08-05 07:43:05,48410,89.6,10.4,4
2026-08-05 07:43:10,48415,89.0,10.4,4
2026-08-05 07:43:15,48421,91.8,10.4,4
2026-08-05 07:43:21,48426,88.3,10.4,4
2026-08-05 07:43:26,48431,91.7,10.4,4
2026-08-05 07:43:31,48436,90.6,10.4,4
2026-08-05 07:43:36,48441,91.5,10.4,4
2026-08-05 07:43:41,48446,89.1,10.4,4
2026-08-05 07:43:46,48451,92.0,10.4,4
2026-08-05 07:43:51,48456,88.9,10.4,4
2026-08-05 07:43:56,48461,90.2,10.4,4
2026-08-05 07:44:01,48466,92.3,10.4,4
2026-08-05 07:44:06,48471,88.0,10.4,4
2026-08-05 07:44:12,48477,90.3,10.4,4
2026-08-05 07:44:17,48482,91.8,10.4,4
2026-08-05 07:44:22,48487,89.5,10.4,4
2026-08-05 07:44:27,48492,89.8,10.4,4
2026-08-05 07:44:32,48497,93.5,10.4,4
2026-08-05 07:44:37,48502,88.2,10.4,4
2026-08-05 07:44:42,48507,86.0,10.4,4
2026-08-05 07:44:47,48512,86.9,10.4,4
2026-08-05 07:44:52,48517,89.9,10.4,4
2026-08-05 07:44:57,48522,88.4,10.4,4
2026-08-05 07:45:02,48527,85.1,10.4,4
2026-08-05 07:45:07,48533,81.9,10.5,4
2026-08-05 07:45:13,48538,83.9,10.4,4
2026-08-05 07:45:18,48543,92.2,10.5,4
2026-08-05 07:45:23,48548,89.0,10.5,4
2026-08-05 07:45:28,48553,93.0,10.5,4
2026-08-05 07:45:33,48558,88.6,10.4,4
2026-08-05 07:45:38,48563,75.6,10.5,4
2026-08-05 07:45:43,48568,69.4,10.4,4
2026-08-05 07:45:48,48573,74.9,10.4,4
2026-08-05 07:45:53,48578,74.8,10.5,4
2026-08-05 07:45:58,48583,87.5,10.5,4
2026-08-05 07:46:03,48588,91.2,10.5,4
2026-08-05 07:46:08,48594,90.6,10.4,4
2026-08-05 07:46:14,48599,92.5,10.4,4
2026-08-05 07:46:19,48604,91.3,10.5,4
2026-08-05 07:46:24,48609,89.0,10.5,4
2026-08-05 07:46:29,48614,87.5,10.5,4
2026-08-05 07:46:34,48619,90.4,10.5,4
2026-08-05 07:46:39,48624,94.4,10.4,4
2026-08-05 07:46:44,48629,95.7,10.5,4
2026-08-05 07:46:49,48634,95.2,10.4,4
2026-08-05 07:46:54,48639,97.7,10.4,4
2026-08-05 07:46:59,48645,96.8,10.4,4
2026-08-05 07:47:05,48650,96.5,10.4,4
2026-08-05 07:47:10,48655,94.4,10.4,4
2026-08-05 07:47:15,48660,96.7,10.5,4
2026-08-05 07:47:20,48665,93.7,10.4,4
2026-08-05 07:47:25,48670,87.5,10.4,4
2026-08-05 07:47:30,48675,90.0,10.4,4
2026-08-05 07:47:35,48680,92.7,10.4,4
2026-08-05 07:47:40,48685,89.4,10.4,4
2026-08-05 07:47:45,48690,88.6,10.4,4
2026-08-05 07:47:50,48696,82.8,10.4,4
2026-08-05 07:47:56,48701,81.8,10.4,4
2026-08-05 07:48:01,48706,83.6,10.4,4
2026-08-05 07:48:06,48711,84.0,10.4,4
2026-08-05 07:48:11,48716,87.1,10.4,4
2026-08-05 07:48:16,48721,89.0,10.4,4
2026-08-05 07:48:21,48726,82.1,10.4,4
2026-08-05 07:48:26,48731,87.4,10.4,4
2026-08-05 07:48:31,48736,88.4,10.4,4
2026-08-05 07:48:36,48741,88.7,10.4,4
2026-08-05 07:48:41,48746,86.7,10.4,4
2026-08-05 07:48:46,48751,83.7,10.4,4
2026-08-05 07:48:51,48757,78.6,10.4,4
2026-08-05 07:48:57,48762,80.2,10.4,4
2026-08-05 07:49:02,48767,80.3,10.4,4
2026-08-05 07:49:07,48772,86.9,10.4,4
2026-08-05 07:49:12,48777,95.5,10.4,4
2026-08-05 07:49:17,48782,93.9,10.4,4
2026-08-05 07:49:22,48787,94.9,10.4,4
2026-08-05 07:49:27,48792,95.9,10.4,4
2026-08-05 07:49:32,48797,92.5,10.4,4
2026-08-05 07:49:37,48803,89.7,10.4,4
2026-08-05 07:49:42,48808,87.9,10.4,4
2026-08-05 07:49:48,48813,91.9,10.4,4
2026-08-05 07:49:53,48818,88.5,10.4,4
2026-08-05 07:49:58,48823,87.2,10.4,4
2026-08-05 07:50:03,48828,88.5,10.4,4
2026-08-05 07:50:08,48833,92.0,10.4,4
2026-08-05 07:50:13,48838,88.7,10.4,4
2026-08-05 07:50:18,48843,86.7,10.4,4
2026-08-05 07:50:23,48848,84.7,10.4,4
2026-08-05 07:50:28,48853,93.1,10.4,4
2026-08-05 07:50:33,48859,95.6,10.4,4
2026-08-05 07:50:39,48864,92.0,10.4,4
2026-08-05 07:50:44,48869,95.1,10.4,4
2026-08-05 07:50:49,48874,94.7,10.4,4
2026-08-05 07:50:54,48879,91.4,10.4,4
2026-08-05 07:50:59,48884,90.5,10.4,4
2026-08-05 07:51:04,48889,86.1,10.4,4
2026-08-05 07:51:09,48894,87.9,10.4,4
2026-08-05 07:51:14,48899,87.7,10.4,4
2026-08-05 07:51:19,48904,91.5,10.4,4
2026-08-05 07:51:24,48909,83.4,10.4,4
2026-08-05 07:51:29,48915,77.3,10.4,4
2026-08-05 07:51:34,48920,84.5,10.4,4
2026-08-05 07:51:40,48925,82.6,10.4,4
2026-08-05 07:51:45,48930,83.9,10.4,4
2026-08-05 07:51:50,48935,81.7,10.4,4
2026-08-05 07:51:55,48940,82.7,10.4,4
2026-08-05 07:52:00,48945,87.2,10.4,4
2026-08-05 07:52:05,48950,88.2,10.4,4
2026-08-05 07:52:10,48955,89.2,10.4,4
2026-08-05 07:52:15,48960,84.6,10.4,4
2026-08-05 07:52:20,48965,81.5,10.4,4
2026-08-05 07:52:25,48970,80.8,10.4,4
2026-08-05 07:52:30,48976,80.1,10.4,4
2026-08-05 07:52:36,48981,86.0,10.4,4
2026-08-05 07:52:41,48986,79.8,10.5,4
2026-08-05 07:52:46,48991,82.2,10.5,4
2026-08-05 07:52:51,48996,82.8,10.5,4
2026-08-05 07:52:56,49001,85.8,10.4,4
2026-08-05 07:53:01,49006,85.5,10.5,4
2026-08-05 07:53:06,49011,74.6,10.5,4
2026-08-05 07:53:11,49016,73.0,10.5,4
2026-08-05 07:53:16,49021,75.5,10.4,4
2026-08-05 07:53:21,49026,77.2,10.5,4
2026-08-05 07:53:26,49031,93.4,10.5,4
2026-08-05 07:53:31,49037,94.0,10.5,4
2026-08-05 07:53:37,49042,93.2,10.5,4
2026-08-05 07:53:42,49047,93.1,10.5,4
2026-08-05 07:53:47,49052,91.7,10.5,4
2026-08-05 07:53:52,49057,87.3,10.5,4
2026-08-05 07:53:57,49062,93.8,10.4,4
2026-08-05 07:54:02,49067,93.6,10.5,4
2026-08-05 07:54:07,49072,92.3,10.5,4
2026-08-05 07:54:12,49077,90.7,10.5,4
2026-08-05 07:54:17,49082,88.4,10.5,4
2026-08-05 07:54:22,49088,83.9,10.5,4
2026-08-05 07:54:28,49093,85.3,10.5,4
2026-08-05 07:54:33,49098,87.4,10.4,4
2026-08-05 07:54:38,49103,87.8,10.5,4
2026-08-05 07:54:43,49108,90.7,10.4,4
2026-08-05 07:54:48,49113,95.4,10.4,4
2026-08-05 07:54:53,49118,91.2,10.4,4
2026-08-05 07:54:58,49123,95.6,10.4,4
2026-08-05 07:55:03,49128,94.3,10.4,4
2026-08-05 07:55:08,49133,94.7,10.4,4
2026-08-05 07:55:13,49138,94.1,10.4,4
2026-08-05 07:55:18,49144,95.1,10.4,4
2026-08-05 07:55:24,49149,91.1,10.4,4
2026-08-05 07:55:29,49154,84.0,10.4,4
2026-08-05 07:55:34,49159,84.7,10.4,4
2026-08-05 07:55:39,49164,91.0,10.4,4
2026-08-05 07:55:44,49169,88.5,10.4,4
2026-08-05 07:55:49,49174,87.5,10.4,4
2026-08-05 07:55:54,49179,94.3,10.4,4
2026-08-05 07:55:59,49184,88.7,10.4,4
2026-08-05 07:56:04,49189,94.7,10.4,4
2026-08-05 07:56:09,49195,93.7,10.4,4
2026-08-05 07:56:15,49200,90.0,10.4,4
2026-08-05 07:56:20,49205,86.6,10.4,4
2026-08-05 07:56:25,49210,91.0,10.4,4
2026-08-05 07:56:30,49215,87.6,10.4,4
2026-08-05 07:56:35,49220,84.5,10.4,4
2026-08-05 07:56:40,49225,90.6,10.4,4
2026-08-05 07:56:45,49230,90.7,10.4,4
2026-08-05 07:56:50,49235,90.8,10.4,4
2026-08-05 07:56:55,49240,86.4,10.4,4
2026-08-05 07:57:00,49245,84.8,10.4,4
2026-08-05 07:57:05,49251,92.1,10.4,4
2026-08-05 07:57:10,49256,93.6,10.4,4
2026-08-05 07:57:16,49261,96.1,10.4,4
2026-08-05 07:57:21,49266,91.8,10.4,4
2026-08-05 07:57:26,49271,89.7,10.4,4
2026-08-05 07:57:31,49276,86.5,10.4,4
2026-08-05 07:57:36,49281,90.6,10.4,4
2026-08-05 07:57:41,49286,88.0,10.4,4
2026-08-05 07:57:46,49291,90.6,10.4,4
2026-08-05 07:57:51,49296,90.1,10.4,4
2026-08-05 07:57:56,49301,85.3,10.4,4
2026-08-05 07:58:01,49307,83.0,10.4,4
2026-08-05 07:58:07,49312,76.8,10.4,4
2026-08-05 07:58:12,49317,89.5,10.4,4
2026-08-05 07:58:17,49322,86.2,10.4,4
2026-08-05 07:58:22,49327,83.7,10.4,4
2026-08-05 07:58:27,49332,82.5,10.4,4
2026-08-05 07:58:32,49337,81.3,10.4,4
2026-08-05 07:58:37,49342,90.4,10.4,4
2026-08-05 07:58:42,49347,88.7,10.4,4
2026-08-05 07:58:47,49352,90.5,10.4,4
2026-08-05 07:58:52,49357,88.6,10.4,4
2026-08-05 07:58:57,49363,78.7,10.4,4
2026-08-05 07:59:03,49368,76.5,10.4,4
2026-08-05 07:59:08,49373,78.1,10.4,4
2026-08-05 07:59:13,49378,82.7,10.4,4
2026-08-05 07:59:18,49383,84.7,10.4,4
2026-08-05 07:59:23,49388,85.8,10.4,4
2026-08-05 07:59:28,49393,88.7,10.4,4
2026-08-05 07:59:33,49398,85.4,10.4,4
2026-08-05 07:59:38,49403,91.8,10.4,4
2026-08-05 07:59:43,49408,94.1,10.4,4
2026-08-05 07:59:48,49413,87.9,10.4,4
2026-08-05 07:59:53,49419,89.8,10.4,4
2026-08-05 07:59:59,49424,87.4,10.4,4
2026-08-05 08:00:04,49429,85.2,10.4,4
2026-08-05 08:00:09,49434,87.7,10.4,4
2026-08-05 08:00:14,49439,87.5,10.4,4
2026-08-05 08:00:19,49444,85.2,10.4,4
2026-08-05 08:00:24,49449,82.1,10.4,4
2026-08-05 08:00:29,49454,79.0,10.5,4
2026-08-05 08:00:34,49459,66.8,10.5,4
2026-08-05 08:00:39,49464,76.2,10.5,4
2026-08-05 08:00:44,49469,80.4,10.4,4
2026-08-05 08:00:49,49475,82.8,10.4,4
2026-08-05 08:00:55,49480,93.5,10.5,4
2026-08-05 08:01:00,49485,92.5,10.4,4
2026-08-05 08:01:05,49490,95.6,10.5,4
2026-08-05 08:01:10,49495,96.5,10.5,4
2026-08-05 08:01:15,49500,96.6,10.5,4
2026-08-05 08:01:20,49505,93.7,10.5,4
2026-08-05 08:01:25,49510,93.9,10.5,4
2026-08-05 08:01:30,49515,96.7,10.5,4
2026-08-05 08:01:35,49521,88.7,10.5,4
2026-08-05 08:01:41,49526,91.1,10.5,4
2026-08-05 08:01:46,49531,93.2,10.5,4
2026-08-05 08:01:51,49536,94.7,10.4,4
2026-08-05 08:01:56,49541,95.7,10.5,4
2026-08-05 08:02:01,49546,93.0,10.5,4
2026-08-05 08:02:06,49551,87.2,10.5,4
2026-08-05 08:02:11,49556,81.2,10.5,4
2026-08-05 08:02:16,49561,77.3,10.4,4
2026-08-05 08:02:21,49566,72.5,10.5,4
2026-08-05 08:02:26,49571,76.9,10.5,4
2026-08-05 08:02:31,49577,87.1,10.5,4
2026-08-05 08:02:37,49582,89.4,10.5,4
2026-08-05 08:02:42,49587,93.0,10.5,4
2026-08-05 08:02:47,49592,88.7,10.4,4
2026-08-05 08:02:52,49597,95.2,10.4,4
2026-08-05 08:02:57,49602,95.0,10.4,4
2026-08-05 08:03:02,49607,96.8,10.4,4
2026-08-05 08:03:07,49612,96.4,10.4,4
2026-08-05 08:03:12,49617,96.3,10.4,4
2026-08-05 08:03:17,49622,95.1,10.4,4
2026-08-05 08:03:22,49628,95.7,10.4,4
2026-08-05 08:03:28,49633,94.9,10.4,4
2026-08-05 08:03:33,49638,94.8,10.4,4
2026-08-05 08:03:38,49643,91.3,10.4,4
2026-08-05 08:03:43,49648,94.0,10.4,4
2026-08-05 08:03:48,49653,94.0,10.4,4
2026-08-05 08:03:53,49658,94.8,10.4,4
2026-08-05 08:03:58,49663,95.7,10.4,4
2026-08-05 08:04:03,49668,87.9,10.4,4
2026-08-05 08:04:08,49673,87.0,10.4,4
2026-08-05 08:04:13,49679,89.6,10.4,4
2026-08-05 08:04:19,49684,91.3,10.4,4
2026-08-05 08:04:24,49689,89.2,10.4,4
2026-08-05 08:04:29,49694,89.1,10.4,4
2026-08-05 08:04:34,49699,87.9,10.4,4
2026-08-05 08:04:39,49704,89.9,10.4,4
2026-08-05 08:04:44,49709,86.2,10.4,4
2026-08-05 08:04:49,49714,83.8,10.4,4
2026-08-05 08:04:54,49719,84.0,10.4,4
2026-08-05 08:04:59,49724,82.4,10.4,4
2026-08-05 08:05:04,49729,77.9,10.4,4
2026-08-05 08:05:09,49735,77.8,10.4,4
2026-08-05 08:05:15,49740,77.1,10.4,4
2026-08-05 08:05:20,49745,86.7,10.4,4
2026-08-05 08:05:25,49750,80.4,10.4,4
2026-08-05 08:05:30,49755,83.4,10.4,4
2026-08-05 08:05:35,49760,82.3,10.4,4
2026-08-05 08:05:40,49765,86.7,10.4,4
2026-08-05 08:05:45,49770,80.7,10.4,4
2026-08-05 08:05:50,49775,78.2,10.4,4
2026-08-05 08:05:55,49780,79.8,10.4,4
2026-08-05 08:06:00,49785,78.9,10.4,4
2026-08-05 08:06:05,49791,82.8,10.4,4
2026-08-05 08:06:10,49796,84.8,10.4,4
2026-08-05 08:06:16,49801,87.2,10.4,4
2026-08-05 08:06:21,49806,88.3,10.4,4
2026-08-05 08:06:26,49811,84.5,10.4,4
2026-08-05 08:06:31,49816,78.9,10.4,4
2026-08-05 08:06:36,49821,85.4,10.4,4
2026-08-05 08:06:41,49826,87.9,10.4,4
2026-08-05 08:06:46,49831,88.9,10.4,4
2026-08-05 08:06:51,49836,88.5,10.4,4
2026-08-05 08:06:56,49841,83.5,10.4,4
2026-08-05 08:07:01,49846,79.6,10.4,4
2026-08-05 08:07:06,49852,76.7,10.4,4
2026-08-05 08:07:12,49857,78.6,10.4,4
2026-08-05 08:07:17,49862,84.6,10.4,4
2026-08-05 08:07:22,49867,87.1,10.4,4
2026-08-05 08:07:27,49872,87.3,10.4,4
2026-08-05 08:07:32,49877,85.3,10.4,4
2026-08-05 08:07:37,49882,89.0,10.4,4
2026-08-05 08:07:42,49887,93.1,10.4,4
2026-08-05 08:07:47,49892,93.7,10.4,4
2026-08-05 08:07:52,49897,89.6,10.4,4
2026-08-05 08:07:57,49902,85.1,10.4,4
2026-08-05 08:08:02,49908,81.2,10.4,4
2026-08-05 08:08:08,49913,81.7,10.4,4
2026-08-05 08:08:13,49918,86.0,10.4,4
2026-08-05 08:08:18,49923,85.7,10.5,4
2026-08-05 08:08:23,49928,94.8,10.5,4
2026-08-05 08:08:28,49933,93.9,10.5,4
2026-08-05 08:08:33,49938,91.8,10.5,4
2026-08-05 08:08:38,49943,92.5,10.5,4
2026-08-05 08:08:43,49948,87.0,10.5,4
2026-08-05 08:08:48,49953,82.7,10.5,4
2026-08-05 08:08:53,49959,88.1,10.5,4
2026-08-05 08:08:58,49964,89.7,10.5,4
2026-08-05 08:09:04,49969,94.2,10.5,4
2026-08-05 08:09:09,49974,96.4,10.5,4
2026-08-05 08:09:14,49979,97.0,10.5,4
2026-08-05 08:09:19,49984,97.9,10.4,4
2026-08-05 08:09:24,49989,97.9,10.4,4
2026-08-05 08:09:29,49994,97.7,10.4,4
2026-08-05 08:09:34,49999,97.1,10.4,4
2026-08-05 08:09:39,50005,97.6,10.4,4
2026-08-05 08:09:45,50010,97.9,10.4,4
2026-08-05 08:09:50,50015,95.9,10.4,4
2026-08-05 08:09:55,50020,91.4,10.4,4
2026-08-05 08:10:00,50025,93.9,10.5,4
2026-08-05 08:10:05,50030,94.7,10.4,4
2026-08-05 08:10:10,50035,91.6,10.5,4
2026-08-05 08:10:15,50040,92.3,10.4,4
2026-08-05 08:10:20,50045,93.2,10.5,4
2026-08-05 08:10:25,50050,88.9,10.5,4
2026-08-05 08:10:30,50055,85.9,10.4,4
2026-08-05 08:10:35,50060,87.7,10.5,4
2026-08-05 08:10:41,50066,87.1,10.5,4
2026-08-05 08:10:46,50071,81.1,10.5,4
2026-08-05 08:10:51,50076,80.9,10.5,4
2026-08-05 08:10:56,50081,91.7,10.4,4
2026-08-05 08:11:01,50086,95.8,10.4,4
2026-08-05 08:11:06,50091,94.4,10.4,4
2026-08-05 08:11:11,50096,96.8,10.4,4
2026-08-05 08:11:16,50101,97.2,10.4,4
2026-08-05 08:11:21,50106,95.9,10.4,4
2026-08-05 08:11:26,50112,90.0,10.4,4
2026-08-05 08:11:31,50117,90.2,10.4,4
2026-08-05 08:11:37,50122,93.5,10.4,4
2026-08-05 08:11:42,50127,93.1,10.4,4
2026-08-05 08:11:47,50132,92.3,10.4,4
2026-08-05 08:11:52,50137,92.9,10.4,4
2026-08-05 08:11:57,50142,91.7,10.4,4
2026-08-05 08:12:02,50147,90.2,10.4,4
2026-08-05 08:12:07,50152,81.3,10.4,4
2026-08-05 08:12:12,50157,85.3,10.4,4
2026-08-05 08:12:17,50162,84.0,10.4,4
2026-08-05 08:12:22,50168,83.7,10.4,4
2026-08-05 08:12:28,50173,82.7,10.4,4
2026-08-05 08:12:33,50178,78.0,10.4,4
2026-08-05 08:12:38,50183,74.7,10.4,4
2026-08-05 08:12:43,50188,76.9,10.4,4
2026-08-05 08:12:48,50193,74.9,10.4,4
2026-08-05 08:12:53,50198,79.6,10.4,4
2026-08-05 08:12:58,50203,78.5,10.4,4
2026-08-05 08:13:03,50208,82.7,10.4,4
2026-08-05 08:13:08,50213,87.7,10.4,4
2026-08-05 08:13:13,50218,86.4,10.4,4
2026-08-05 08:13:18,50224,83.0,10.4,4
2026-08-05 08:13:23,50229,80.2,10.4,4
2026-08-05 08:13:29,50234,78.1,10.4,4
2026-08-05 08:13:34,50239,84.4,10.4,4
2026-08-05 08:13:39,50244,85.3,10.4,4
2026-08-05 08:13:44,50249,82.0,10.4,4
2026-08-05 08:13:49,50254,78.0,10.4,4
2026-08-05 08:13:54,50259,74.8,10.4,4
2026-08-05 08:13:59,50264,77.7,10.4,4
2026-08-05 08:14:04,50269,83.2,10.4,4
2026-08-05 08:14:09,50274,84.5,10.4,4
2026-08-05 08:14:14,50279,89.3,10.4,4
2026-08-05 08:14:19,50284,86.6,10.4,4
2026-08-05 08:14:24,50290,86.1,10.4,4
2026-08-05 08:14:30,50295,84.7,10.4,4
2026-08-05 08:14:35,50300,88.1,10.4,4
2026-08-05 08:14:40,50305,90.5,10.4,4
2026-08-05 08:14:45,50310,90.6,10.4,4
2026-08-05 08:14:50,50315,91.3,10.4,4
2026-08-05 08:14:55,50320,89.2,10.4,4
2026-08-05 08:15:00,50325,84.9,10.4,4
2026-08-05 08:15:05,50330,86.8,10.4,4
2026-08-05 08:15:10,50335,89.1,10.4,4
2026-08-05 08:15:15,50341,90.6,10.4,4
2026-08-05 08:15:21,50346,87.3,10.4,4
2026-08-05 08:15:26,50351,76.8,10.4,4
2026-08-05 08:15:31,50356,72.4,10.4,4
2026-08-05 08:15:36,50361,79.2,10.4,4
2026-08-05 08:15:41,50366,84.6,10.4,4
2026-08-05 08:15:46,50371,93.4,10.4,4
2026-08-05 08:15:51,50376,95.2,10.4,4
2026-08-05 08:15:56,50381,96.9,10.4,4
2026-08-05 08:16:01,50386,96.6,10.4,4
2026-08-05 08:16:06,50392,97.7,10.4,4
2026-08-05 08:16:12,50397,96.9,10.4,4
2026-08-05 08:16:17,50402,98.0,10.4,4
2026-08-05 08:16:22,50407,97.5,10.4,4
2026-08-05 08:16:27,50412,96.7,10.4,4
2026-08-05 08:16:32,50417,96.8,10.4,4
2026-08-05 08:16:37,50422,93.4,10.4,4
2026-08-05 08:16:42,50427,93.4,10.4,4
2026-08-05 08:16:47,50432,92.7,10.5,4
2026-08-05 08:16:52,50438,96.2,10.5,4
2026-08-05 08:16:58,50443,96.6,10.5,4
2026-08-05 08:17:03,50448,96.1,10.5,4
2026-08-05 08:17:08,50453,93.7,10.5,4
2026-08-05 08:17:13,50458,96.5,10.5,4
2026-08-05 08:17:18,50463,96.7,10.5,4
2026-08-05 08:17:23,50468,89.3,10.5,4
2026-08-05 08:17:28,50473,87.6,10.5,4
2026-08-05 08:17:33,50478,87.7,10.5,4
2026-08-05 08:17:38,50483,87.6,10.5,4
2026-08-05 08:17:43,50488,91.1,10.5,4
2026-08-05 08:17:49,50494,89.0,10.5,4
2026-08-05 08:17:54,50499,90.2,10.5,4
2026-08-05 08:17:59,50504,86.5,10.5,4
2026-08-05 08:18:04,50509,79.4,10.5,4
2026-08-05 08:18:09,50514,79.0,10.5,4
2026-08-05 08:18:14,50519,87.4,10.5,4
2026-08-05 08:18:19,50524,86.9,10.5,4
2026-08-05 08:18:24,50529,85.2,10.5,4
2026-08-05 08:18:29,50534,78.0,10.5,4
2026-08-05 08:18:34,50539,72.9,10.5,4
2026-08-05 08:18:39,50544,74.6,10.5,4
2026-08-05 08:18:44,50549,70.6,10.5,4
2026-08-05 08:18:49,50555,77.6,10.5,4
2026-08-05 08:18:55,50560,81.3,10.5,4
2026-08-05 08:19:00,50565,77.8,10.4,4
2026-08-05 08:19:05,50570,92.3,10.4,4
2026-08-05 08:19:10,50575,89.1,10.4,4
2026-08-05 08:19:15,50580,93.3,10.4,4
2026-08-05 08:19:20,50585,92.5,10.4,4
2026-08-05 08:19:25,50590,88.0,10.4,4
2026-08-05 08:19:30,50595,92.9,10.4,4
2026-08-05 08:19:35,50600,95.2,10.4,4
2026-08-05 08:19:40,50605,94.1,10.4,4
2026-08-05 08:19:45,50611,93.1,10.4,4
2026-08-05 08:19:51,50616,94.3,10.4,4
2026-08-05 08:19:56,50621,90.9,10.4,4
2026-08-05 08:20:01,50626,89.9,10.4,4
2026-08-05 08:20:06,50631,82.8,10.4,4
2026-08-05 08:20:11,50636,78.7,10.4,4
2026-08-05 08:20:16,50641,85.3,10.4,4
2026-08-05 08:20:21,50646,83.5,10.4,4
2026-08-05 08:20:26,50651,82.3,10.4,4
2026-08-05 08:20:31,50656,82.0,10.4,4
2026-08-05 08:20:36,50661,87.1,10.4,4
2026-08-05 08:20:41,50667,86.6,10.4,4
2026-08-05 08:20:47,50672,85.6,10.4,4
2026-08-05 08:20:52,50677,87.1,10.4,4
2026-08-05 08:20:57,50682,87.1,10.4,4
2026-08-05 08:21:02,50687,87.5,10.4,4
2026-08-05 08:21:07,50692,88.0,10.4,4
2026-08-05 08:21:12,50697,86.3,10.4,4
2026-08-05 08:21:17,50702,81.9,10.4,4
2026-08-05 08:21:22,50707,80.3,10.4,4
2026-08-05 08:21:27,50712,82.3,10.4,4
2026-08-05 08:21:32,50717,84.3,10.4,4
2026-08-05 08:21:37,50723,84.5,10.4,4
2026-08-05 08:21:43,50728,85.8,10.4,4
2026-08-05 08:21:48,50733,88.2,10.4,4
2026-08-05 08:21:53,50738,91.3,10.4,4
2026-08-05 08:21:58,50743,86.6,10.4,4
2026-08-05 08:22:03,50748,81.8,10.4,4
2026-08-05 08:22:08,50753,79.6,10.4,4
2026-08-05 08:22:13,50758,85.1,10.4,4
2026-08-05 08:22:18,50763,89.7,10.4,4
2026-08-05 08:22:23,50768,89.4,10.4,4
2026-08-05 08:22:28,50773,94.4,10.4,4
2026-08-05 08:22:33,50779,93.3,10.4,4
2026-08-05 08:22:39,50784,95.6,10.4,4
2026-08-05 08:22:44,50789,96.5,10.4,4
2026-08-05 08:22:49,50794,96.7,10.4,4
2026-08-05 08:22:54,50799,94.5,10.4,4
2026-08-05 08:22:59,50804,94.0,10.4,4
2026-08-05 08:23:04,50809,93.8,10.4,4
2026-08-05 08:23:09,50814,82.2,10.4,4
2026-08-05 08:23:14,50819,83.5,10.4,4
2026-08-05 08:23:19,50824,86.3,10.4,4
2026-08-05 08:23:24,50830,90.0,10.4,4
2026-08-05 08:23:30,50835,95.6,10.4,4
2026-08-05 08:23:35,50840,92.9,10.4,4
2026-08-05 08:23:40,50845,96.2,10.4,4
2026-08-05 08:23:45,50850,96.6,10.4,4
2026-08-05 08:23:50,50855,96.1,10.4,4
2026-08-05 08:23:55,50860,96.4,10.4,4
2026-08-05 08:24:00,50865,97.2,10.4,4
2026-08-05 08:24:05,50870,97.6,10.4,4
2026-08-05 08:24:10,50876,93.4,10.4,4
2026-08-05 08:24:16,50881,92.5,10.5,4
2026-08-05 08:24:21,50886,94.5,10.4,4
2026-08-05 08:24:26,50891,95.1,10.4,4
2026-08-05 08:24:31,50896,94.7,10.4,4
2026-08-05 08:24:36,50901,95.4,10.4,4
2026-08-05 08:24:41,50906,93.8,10.4,4
2026-08-05 08:24:46,50911,89.6,10.4,4
2026-08-05 08:24:51,50916,87.1,10.4,4
2026-08-05 08:24:56,50921,78.3,10.4,4
2026-08-05 08:25:01,50927,83.5,10.4,4
2026-08-05 08:25:06,50932,83.7,10.4,4
2026-08-05 08:25:12,50937,82.8,10.4,4
2026-08-05 08:25:17,50942,83.5,10.4,4
2026-08-05 08:25:22,50947,84.6,10.4,4
2026-08-05 08:25:27,50952,84.1,10.4,4
2026-08-05 08:25:32,50957,81.6,10.4,4
2026-08-05 08:25:37,50962,79.3,10.4,4
2026-08-05 08:25:42,50967,81.5,10.5,4
2026-08-05 08:25:47,50972,75.9,10.5,4
2026-08-05 08:25:52,50977,78.4,10.5,4
2026-08-05 08:25:57,50982,77.4,10.4,4
2026-08-05 08:26:02,50988,77.6,10.5,4
2026-08-05 08:26:07,50993,76.0,10.5,4
2026-08-05 08:26:13,50998,75.6,10.5,4
2026-08-05 08:26:18,51003,82.9,10.4,4
2026-08-05 08:26:23,51008,85.6,10.5,4
2026-08-05 08:26:28,51013,83.6,10.5,4
2026-08-05 08:26:33,51018,79.4,10.5,4
2026-08-05 08:26:38,51023,77.2,10.4,4
2026-08-05 08:26:43,51028,72.7,10.4,4
2026-08-05 08:26:48,51033,75.0,10.4,4
2026-08-05 08:26:53,51038,80.1,10.4,4
2026-08-05 08:26:58,51043,78.1,10.5,4
2026-08-05 08:27:03,51048,80.4,10.5,4
2026-08-05 08:27:08,51054,86.0,10.4,4
2026-08-05 08:27:14,51059,93.2,10.4,4
2026-08-05 08:27:19,51064,90.7,10.4,4
2026-08-05 08:27:24,51069,94.5,10.4,4
2026-08-05 08:27:29,51074,93.6,10.4,4
2026-08-05 08:27:34,51079,93.4,10.4,4
2026-08-05 08:27:39,51084,92.7,10.4,4
2026-08-05 08:27:44,51089,94.8,10.4,4
2026-08-05 08:27:49,51094,89.1,10.4,4
2026-08-05 08:27:54,51099,90.8,10.4,4
2026-08-05 08:27:59,51105,92.6,10.4,4
2026-08-05 08:28:05,51110,94.8,10.4,4
2026-08-05 08:28:10,51115,94.6,10.4,4
2026-08-05 08:28:15,51120,84.1,10.4,4
2026-08-05 08:28:20,51125,79.4,10.4,4
2026-08-05 08:28:25,51130,82.9,10.4,4
2026-08-05 08:28:30,51135,85.6,10.4,4
2026-08-05 08:28:35,51140,89.1,10.4,4
2026-08-05 08:28:40,51145,83.4,10.4,4
2026-08-05 08:28:45,51150,77.6,10.4,4
2026-08-05 08:28:50,51155,78.6,10.4,4
2026-08-05 08:28:55,51160,79.8,10.4,4
2026-08-05 08:29:01,51166,83.3,10.4,4
2026-08-05 08:29:06,51171,91.1,10.4,4
2026-08-05 08:29:11,51176,92.5,10.4,4
2026-08-05 08:29:16,51181,91.6,10.4,4
2026-08-05 08:29:21,51186,94.9,10.4,4
2026-08-05 08:29:26,51191,94.8,10.4,4
2026-08-05 08:29:31,51196,93.2,10.4,4
2026-08-05 08:29:36,51201,94.4,10.4,4
2026-08-05 08:29:41,51206,94.4,10.4,4
2026-08-05 08:29:46,51211,90.8,10.4,4
2026-08-05 08:29:51,51217,89.7,10.4,4
2026-08-05 08:29:57,51222,93.2,10.4,4
2026-08-05 08:30:02,51227,90.2,10.4,4
2026-08-05 08:30:07,51232,93.9,10.4,4
2026-08-05 08:30:12,51237,90.9,10.4,4
2026-08-05 08:30:17,51242,93.5,10.4,4
2026-08-05 08:30:22,51247,92.5,10.4,4
2026-08-05 08:30:27,51252,94.1,10.4,4
2026-08-05 08:30:32,51257,90.9,10.4,4
2026-08-05 08:30:37,51263,90.2,10.4,4
2026-08-05 08:30:43,51268,88.8,10.4,4
2026-08-05 08:30:48,51273,90.6,10.4,4
2026-08-05 08:30:53,51278,92.0,10.4,4
2026-08-05 08:30:58,51283,95.6,10.4,4
2026-08-05 08:31:03,51288,96.9,10.4,4
2026-08-05 08:31:08,51293,97.5,10.4,4
2026-08-05 08:31:13,51298,97.9,10.4,4
2026-08-05 08:31:18,51304,97.6,10.4,4
2026-08-05 08:31:23,51309,96.5,10.4,4
2026-08-05 08:31:29,51314,94.3,10.4,4
2026-08-05 08:31:34,51319,92.3,10.4,4
2026-08-05 08:31:39,51324,94.3,10.4,4
2026-08-05 08:31:44,51329,89.0,10.4,4
2026-08-05 08:31:49,51334,87.5,10.4,4
2026-08-05 08:31:54,51339,86.0,10.4,4
2026-08-05 08:31:59,51344,85.9,10.4,4
2026-08-05 08:32:04,51349,91.7,10.4,4
2026-08-05 08:32:09,51354,87.6,10.4,4
2026-08-05 08:32:14,51360,93.4,10.4,4
2026-08-05 08:32:20,51365,91.5,10.4,4
2026-08-05 08:32:25,51370,82.1,10.4,4
2026-08-05 08:32:30,51375,80.5,10.4,4
2026-08-05 08:32:35,51380,79.3,10.4,4
2026-08-05 08:32:40,51385,76.0,10.4,4
2026-08-05 08:32:45,51390,89.1,10.4,4
2026-08-05 08:32:50,51395,83.2,10.4,4
2026-08-05 08:32:55,51400,84.2,10.4,4
2026-08-05 08:33:00,51405,79.4,10.4,4
2026-08-05 08:33:05,51410,84.4,10.4,4
2026-08-05 08:33:10,51416,89.1,10.4,4
2026-08-05 08:33:16,51421,82.7,10.4,4
2026-08-05 08:33:21,51426,83.4,10.4,4
2026-08-05 08:33:26,51431,82.2,10.4,4
2026-08-05 08:33:31,51436,83.1,10.4,4
2026-08-05 08:33:36,51441,89.8,10.4,4
2026-08-05 08:33:41,51446,83.2,10.5,4
2026-08-05 08:33:46,51451,76.1,10.5,4
2026-08-05 08:33:51,51456,73.5,10.5,4
2026-08-05 08:33:56,51461,73.6,10.5,4
2026-08-05 08:34:01,51466,83.1,10.5,4
2026-08-05 08:34:06,51471,85.2,10.5,4
2026-08-05 08:34:11,51477,80.5,10.5,4
2026-08-05 08:34:17,51482,79.8,10.5,4
2026-08-05 08:34:22,51487,82.3,10.5,4
2026-08-05 08:34:27,51492,87.3,10.5,4
2026-08-05 08:34:32,51497,84.2,10.5,4
2026-08-05 08:34:37,51502,87.6,10.5,4
2026-08-05 08:34:42,51507,86.8,10.5,4
2026-08-05 08:34:47,51512,77.3,10.5,4
2026-08-05 08:34:52,51517,70.5,10.5,4
2026-08-05 08:34:57,51522,72.0,10.5,4
2026-08-05 08:35:02,51527,78.4,10.5,4
2026-08-05 08:35:07,51532,79.5,10.5,4
2026-08-05 08:35:12,51538,79.8,10.4,4
2026-08-05 08:35:17,51543,91.2,10.4,4
2026-08-05 08:35:23,51548,88.3,10.4,4
2026-08-05 08:35:28,51553,95.0,10.4,4
2026-08-05 08:35:33,51558,94.9,10.4,4
2026-08-05 08:35:38,51563,90.9,10.4,4
2026-08-05 08:35:43,51568,93.2,10.4,4
2026-08-05 08:35:48,51573,96.1,10.4,4
2026-08-05 08:35:53,51578,94.7,10.4,4
2026-08-05 08:35:58,51583,96.8,10.4,4
2026-08-05 08:36:03,51588,97.2,10.4,4
2026-08-05 08:36:08,51594,97.3,10.4,4
2026-08-05 08:36:14,51599,95.3,10.4,4
2026-08-05 08:36:19,51604,96.0,10.4,4
2026-08-05 08:36:24,51609,94.3,10.4,4
2026-08-05 08:36:29,51614,83.5,10.4,4
2026-08-05 08:36:34,51619,86.8,10.4,4
2026-08-05 08:36:39,51624,91.4,10.4,4
2026-08-05 08:36:44,51629,90.4,10.4,4
2026-08-05 08:36:49,51634,89.9,10.4,4
2026-08-05 08:36:54,51639,89.1,10.4,4
2026-08-05 08:36:59,51644,90.1,10.4,4
2026-08-05 08:37:04,51650,89.7,10.4,4
2026-08-05 08:37:10,51655,91.3,10.4,4
2026-08-05 08:37:15,51660,92.0,10.4,4
2026-08-05 08:37:20,51665,93.1,10.4,4
2026-08-05 08:37:25,51670,92.0,10.4,4
2026-08-05 08:37:30,51675,90.8,10.4,4
2026-08-05 08:37:35,51680,93.7,10.4,4
2026-08-05 08:37:40,51685,92.3,10.4,4
2026-08-05 08:37:45,51690,93.8,10.4,4
2026-08-05 08:37:50,51695,95.2,10.4,4
2026-08-05 08:37:55,51701,92.1,10.4,4
2026-08-05 08:38:01,51706,82.4,10.4,4
2026-08-05 08:38:06,51711,80.3,10.4,4
2026-08-05 08:38:11,51716,81.0,10.4,4
2026-08-05 08:38:16,51721,81.9,10.4,4
2026-08-05 08:38:21,51726,83.7,10.4,4
2026-08-05 08:38:26,51731,88.1,10.4,4
2026-08-05 08:38:31,51736,90.6,10.4,4
2026-08-05 08:38:36,51741,91.9,10.4,4
2026-08-05 08:38:41,51746,94.7,10.4,4
2026-08-05 08:38:46,51751,93.9,10.4,4
2026-08-05 08:38:51,51757,90.6,10.4,4
2026-08-05 08:38:57,51762,91.3,10.4,4
2026-08-05 08:39:02,51767,91.9,10.4,4
2026-08-05 08:39:07,51772,85.0,10.4,4
2026-08-05 08:39:12,51777,86.5,10.4,4
2026-08-05 08:39:17,51782,91.1,10.4,4
2026-08-05 08:39:22,51787,92.5,10.4,4
2026-08-05 08:39:27,51792,93.7,10.4,4
2026-08-05 08:39:32,51797,92.5,10.4,4
2026-08-05 08:39:37,51802,86.6,10.4,4
2026-08-05 08:39:42,51807,88.9,10.4,4
2026-08-05 08:39:47,51813,83.1,10.4,4
2026-08-05 08:39:53,51818,79.1,10.4,4
2026-08-05 08:39:58,51823,81.8,10.4,4
2026-08-05 08:40:03,51828,80.5,10.4,4
2026-08-05 08:40:08,51833,86.2,10.4,4
2026-08-05 08:40:13,51838,81.9,10.4,4
2026-08-05 08:40:18,51843,87.6,10.4,4
2026-08-05 08:40:23,51848,83.9,10.4,4
2026-08-05 08:40:28,51853,77.2,10.4,4
2026-08-05 08:40:33,51858,79.2,10.4,4
2026-08-05 08:40:38,51863,80.2,10.4,4
2026-08-05 08:40:43,51869,84.7,10.4,4
2026-08-05 08:40:48,51874,89.6,10.4,4
2026-08-05 08:40:54,51879,86.2,10.4,4
2026-08-05 08:40:59,51884,85.7,10.4,4
2026-08-05 08:41:04,51889,84.0,10.4,4
2026-08-05 08:41:09,51894,80.0,10.4,4
2026-08-05 08:41:14,51899,84.1,10.4,4
2026-08-05 08:41:19,51904,89.7,10.4,4
2026-08-05 08:41:24,51909,89.7,10.4,4
2026-08-05 08:41:29,51914,91.9,10.4,4
2026-08-05 08:41:34,51919,89.6,10.4,4
2026-08-05 08:41:39,51924,90.4,10.4,4
2026-08-05 08:41:44,51930,89.6,10.5,4
2026-08-05 08:41:50,51935,85.3,10.4,4
2026-08-05 08:41:55,51940,90.4,10.5,4
2026-08-05 08:42:00,51945,88.9,10.5,4
2026-08-05 08:42:05,51950,85.0,10.5,4
2026-08-05 08:42:10,51955,83.3,10.4,4
2026-08-05 08:42:15,51960,80.3,10.4,4
2026-08-05 08:42:20,51965,75.7,10.5,4
2026-08-05 08:42:25,51970,86.9,10.4,4
2026-08-05 08:42:30,51975,86.7,10.5,4
2026-08-05 08:42:35,51980,93.7,10.5,4
2026-08-05 08:42:40,51986,94.1,10.5,4
2026-08-05 08:42:46,51991,93.0,10.5,4
2026-08-05 08:42:51,51996,85.4,10.5,4
2026-08-05 08:42:56,52001,89.3,10.5,4
2026-08-05 08:43:01,52006,88.3,10.5,4
2026-08-05 08:43:06,52011,88.0,10.4,4
2026-08-05 08:43:11,52016,82.8,10.4,4
2026-08-05 08:43:16,52021,86.1,10.4,4
2026-08-05 08:43:21,52026,93.1,10.4,4
2026-08-05 08:43:26,52031,96.5,10.4,4
2026-08-05 08:43:31,52037,96.2,10.4,4
2026-08-05 08:43:37,52042,97.8,10.4,4
2026-08-05 08:43:42,52047,97.3,10.4,4
2026-08-05 08:43:47,52052,97.6,10.4,4
2026-08-05 08:43:52,52057,94.8,10.4,4
2026-08-05 08:43:57,52062,95.2,10.4,4
2026-08-05 08:44:02,52067,96.4,10.4,4
2026-08-05 08:44:07,52072,94.0,10.4,4
2026-08-05 08:44:12,52077,95.6,10.4,4
2026-08-05 08:44:17,52083,96.9,10.4,4
2026-08-05 08:44:23,52088,96.5,10.4,4
2026-08-05 08:44:28,52093,95.9,10.4,4
2026-08-05 08:44:33,52098,95.0,10.4,4
2026-08-05 08:44:38,52103,87.0,10.4,4
2026-08-05 08:44:43,52108,81.0,10.4,4
2026-08-05 08:44:48,52113,83.0,10.4,4
2026-08-05 08:44:53,52118,84.5,10.4,4
2026-08-05 08:44:58,52123,87.3,10.4,4
2026-08-05 08:45:03,52128,85.1,10.4,4
2026-08-05 08:45:08,52133,81.6,10.4,4
2026-08-05 08:45:13,52139,84.2,10.4,4
2026-08-05 08:45:19,52144,89.2,10.4,4
2026-08-05 08:45:24,52149,86.1,10.4,4
2026-08-05 08:45:29,52154,87.5,10.4,4
2026-08-05 08:45:34,52159,79.0,10.4,4
2026-08-05 08:45:39,52164,73.8,10.4,4
2026-08-05 08:45:44,52169,74.9,10.4,4
2026-08-05 08:45:49,52174,77.4,10.4,4
2026-08-05 08:45:54,52179,85.5,10.4,4
2026-08-05 08:45:59,52184,92.1,10.4,4
2026-08-05 08:46:04,52189,91.6,10.4,4
2026-08-05 08:46:09,52195,95.1,10.4,4
2026-08-05 08:46:15,52200,92.7,10.4,4
2026-08-05 08:46:20,52205,92.2,10.4,4
2026-08-05 08:46:25,52210,93.7,10.4,4
2026-08-05 08:46:30,52215,92.2,10.4,4
2026-08-05 08:46:35,52220,84.6,10.4,4
2026-08-05 08:46:40,52225,87.6,10.4,4
2026-08-05 08:46:45,52230,88.4,10.4,4
2026-08-05 08:46:50,52235,90.7,10.4,4
2026-08-05 08:46:55,52240,94.6,10.4,4
2026-08-05 08:47:00,52246,90.4,10.4,4
2026-08-05 08:47:05,52251,90.0,10.4,4
2026-08-05 08:47:11,52256,85.7,10.4,4
2026-08-05 08:47:16,52261,81.2,10.4,4
2026-08-05 08:47:21,52266,83.8,10.4,4
2026-08-05 08:47:26,52271,87.4,10.4,4
2026-08-05 08:47:31,52276,84.1,10.4,4
2026-08-05 08:47:36,52281,85.9,10.4,4
2026-08-05 08:47:41,52286,79.3,10.4,4
2026-08-05 08:47:46,52291,79.4,10.4,4
2026-08-05 08:47:51,52296,78.3,10.4,4
2026-08-05 08:47:56,52301,83.5,10.4,4
2026-08-05 08:48:01,52307,85.8,10.4,4
2026-08-05 08:48:07,52312,85.8,10.4,4
2026-08-05 08:48:12,52317,87.1,10.4,4
2026-08-05 08:48:17,52322,85.9,10.4,4
2026-08-05 08:48:22,52327,90.5,10.4,4
2026-08-05 08:48:27,52332,88.8,10.4,4
2026-08-05 08:48:32,52337,84.7,10.4,4
2026-08-05 08:48:37,52342,83.9,10.4,4
2026-08-05 08:48:42,52347,82.4,10.4,4
2026-08-05 08:48:47,52352,80.9,10.4,4
2026-08-05 08:48:52,52357,85.2,10.4,4
2026-08-05 08:48:57,52363,83.2,10.4,4
2026-08-05 08:49:03,52368,85.2,10.4,4
2026-08-05 08:49:08,52373,92.2,10.4,4
2026-08-05 08:49:13,52378,86.1,10.4,4
2026-08-05 08:49:18,52383,94.9,10.4,4
2026-08-05 08:49:23,52388,95.6,10.4,4
2026-08-05 08:49:28,52393,93.4,10.4,4
2026-08-05 08:49:33,52398,94.1,10.4,4
2026-08-05 08:49:38,52403,93.4,10.4,4
2026-08-05 08:49:43,52408,89.9,10.5,4
2026-08-05 08:49:48,52414,82.9,10.5,4
2026-08-05 08:49:54,52419,84.0,10.5,4
2026-08-05 08:49:59,52424,91.7,10.5,4
2026-08-05 08:50:04,52429,91.4,10.5,4
2026-08-05 08:50:09,52434,89.5,10.6,4
2026-08-05 08:50:14,52439,86.0,10.6,4
2026-08-05 08:50:19,52444,90.9,10.5,4
2026-08-05 08:50:24,52449,88.3,10.5,4
2026-08-05 08:50:29,52454,92.7,10.5,4
2026-08-05 08:50:34,52459,93.9,10.5,4
2026-08-05 08:50:39,52465,95.8,10.5,4
2026-08-05 08:50:45,52470,91.7,10.5,4
2026-08-05 08:50:50,52475,89.5,10.5,4
2026-08-05 08:50:55,52480,90.2,10.5,4
2026-08-05 08:51:00,52485,87.2,10.5,4
2026-08-05 08:51:05,52490,88.5,10.5,4
2026-08-05 08:51:10,52495,80.4,10.5,4
2026-08-05 08:51:15,52500,76.8,10.5,4
2026-08-05 08:51:20,52505,74.6,10.5,4
2026-08-05 08:51:25,52510,79.0,10.4,4
2026-08-05 08:51:30,52516,95.3,10.4,4
2026-08-05 08:51:35,52521,93.2,10.4,4
2026-08-05 08:51:41,52526,95.8,10.4,4
2026-08-05 08:51:46,52531,95.6,10.4,4
2026-08-05 08:51:51,52536,95.4,10.4,4
2026-08-05 08:51:56,52541,94.8,10.4,4
2026-08-05 08:52:01,52546,94.5,10.5,4
2026-08-05 08:52:06,52551,96.3,10.4,4
2026-08-05 08:52:11,52556,94.0,10.4,4
2026-08-05 08:52:16,52561,94.6,10.4,4
2026-08-05 08:52:21,52567,93.5,10.5,4
2026-08-05 08:52:27,52572,94.0,10.4,4
2026-08-05 08:52:32,52577,92.7,10.4,4
2026-08-05 08:52:37,52582,86.0,10.4,4
2026-08-05 08:52:42,52587,88.8,10.4,4
2026-08-05 08:52:47,52592,87.6,10.4,4
2026-08-05 08:52:52,52597,87.9,10.4,4
2026-08-05 08:52:57,52602,81.2,10.4,4
2026-08-05 08:53:02,52607,78.1,10.4,4
2026-08-05 08:53:07,52612,78.1,10.4,4
2026-08-05 08:53:12,52617,77.2,10.4,4
2026-08-05 08:53:17,52623,79.0,10.4,4
2026-08-05 08:53:23,52628,89.2,10.4,4
2026-08-05 08:53:28,52633,88.9,10.5,4
2026-08-05 08:53:33,52638,95.0,10.4,4
2026-08-05 08:53:38,52643,95.1,10.4,4
2026-08-05 08:53:43,52648,93.6,10.4,4
2026-08-05 08:53:48,52653,87.7,10.4,4
2026-08-05 08:53:53,52658,92.3,10.4,4
2026-08-05 08:53:58,52663,92.1,10.4,4
2026-08-05 08:54:03,52668,90.9,10.4,4
2026-08-05 08:54:08,52674,92.1,10.4,4
2026-08-05 08:54:14,52679,92.7,10.5,4
2026-08-05 08:54:19,52684,93.2,10.5,4
2026-08-05 08:54:24,52689,90.3,10.5,4
2026-08-05 08:54:29,52694,89.5,10.5,4
2026-08-05 08:54:34,52699,86.9,10.5,4
2026-08-05 08:54:39,52704,88.8,10.4,4
2026-08-05 08:54:44,52709,87.5,10.4,4
2026-08-05 08:54:49,52714,86.7,10.4,4
2026-08-05 08:54:54,52719,85.3,10.4,4
2026-08-05 08:54:59,52725,84.4,10.4,4
2026-08-05 08:55:04,52730,83.0,10.4,4
2026-08-05 08:55:10,52735,84.2,10.4,4
2026-08-05 08:55:15,52740,82.7,10.4,4
2026-08-05 08:55:20,52745,87.7,10.4,4
2026-08-05 08:55:25,52750,85.6,10.4,4
2026-08-05 08:55:30,52755,84.1,10.4,4
2026-08-05 08:55:35,52760,79.9,10.4,4
2026-08-05 08:55:40,52765,77.0,10.4,4
2026-08-05 08:55:45,52770,77.1,10.4,4
2026-08-05 08:55:50,52775,90.6,10.5,4
2026-08-05 08:55:55,52780,86.1,10.4,4
2026-08-05 08:56:00,52786,93.6,10.4,4
2026-08-05 08:56:06,52791,91.4,10.4,4
2026-08-05 08:56:11,52796,92.2,10.4,4
2026-08-05 08:56:16,52801,88.7,10.4,4
2026-08-05 08:56:21,52806,91.8,10.4,4
2026-08-05 08:56:26,52811,92.6,10.4,4
2026-08-05 08:56:31,52816,91.5,10.4,4
2026-08-05 08:56:36,52821,87.4,10.4,4
2026-08-05 08:56:41,52826,91.0,10.4,4
2026-08-05 08:56:46,52831,87.9,10.4,4
2026-08-05 08:56:51,52837,89.4,10.5,4
2026-08-05 08:56:57,52842,94.1,10.4,4
2026-08-05 08:57:02,52847,91.3,10.4,4
2026-08-05 08:57:07,52852,90.9,10.4,4
2026-08-05 08:57:12,52857,92.3,10.4,4
2026-08-05 08:57:17,52862,85.4,10.4,4
2026-08-05 08:57:22,52867,86.1,10.4,4
2026-08-05 08:57:27,52872,88.5,10.4,4
2026-08-05 08:57:32,52877,91.6,10.4,4
2026-08-05 08:57:37,52882,92.1,10.4,4
2026-08-05 08:57:42,52888,91.3,10.4,4
2026-08-05 08:57:48,52893,92.3,10.5,4
2026-08-05 08:57:53,52898,85.7,10.5,4
2026-08-05 08:57:58,52903,82.5,10.4,4
2026-08-05 08:58:03,52908,84.6,10.5,4
2026-08-05 08:58:08,52913,80.7,10.5,4
2026-08-05 08:58:13,52918,82.9,10.5,4
2026-08-05 08:58:18,52923,75.6,10.5,4
2026-08-05 08:58:23,52928,80.1,10.5,4
2026-08-05 08:58:28,52933,82.0,10.5,4
2026-08-05 08:58:33,52938,84.8,10.5,4
2026-08-05 08:58:38,52943,80.7,10.5,4
2026-08-05 08:58:43,52949,86.6,10.5,4
2026-08-05 08:58:49,52954,84.5,10.5,4
2026-08-05 08:58:54,52959,77.1,10.5,4
2026-08-05 08:58:59,52964,80.0,10.5,4
2026-08-05 08:59:04,52969,77.0,10.5,4
2026-08-05 08:59:09,52974,71.3,10.5,4
2026-08-05 08:59:14,52979,75.8,10.5,4
2026-08-05 08:59:19,52984,78.6,10.5,4
2026-08-05 08:59:24,52989,77.3,10.5,4
2026-08-05 08:59:29,52994,85.4,10.5,4
2026-08-05 08:59:34,52999,92.9,10.4,4
2026-08-05 08:59:39,53005,96.0,10.4,4
2026-08-05 08:59:45,53010,91.7,10.4,4
2026-08-05 08:59:50,53015,95.2,10.4,4
2026-08-05 08:59:55,53020,92.7,10.4,4
2026-08-05 09:00:00,53025,93.4,10.4,4
2026-08-05 09:00:05,53030,94.9,10.4,4
2026-08-05 09:00:10,53035,96.2,10.4,4
2026-08-05 09:00:15,53040,90.8,10.4,4
2026-08-05 09:00:20,53045,88.5,10.4,4
2026-08-05 09:00:25,53050,82.0,10.4,4
2026-08-05 09:00:30,53055,89.7,10.4,4
2026-08-05 09:00:36,53061,90.2,10.4,4
2026-08-05 09:00:41,53066,86.1,10.4,4
2026-08-05 09:00:46,53071,91.3,10.4,4
2026-08-05 09:00:51,53076,91.8,10.4,4
2026-08-05 09:00:56,53081,93.1,10.4,4
2026-08-05 09:01:01,53086,94.4,10.4,4
2026-08-05 09:01:06,53091,93.5,10.4,4
2026-08-05 09:01:11,53096,92.5,10.4,4
2026-08-05 09:01:16,53101,94.8,10.4,4
2026-08-05 09:01:21,53106,94.2,10.4,4
2026-08-05 09:01:26,53112,91.8,10.4,4
2026-08-05 09:01:31,53117,90.8,10.4,4
2026-08-05 09:01:37,53122,91.3,10.4,4
2026-08-05 09:01:42,53127,90.6,10.4,4
2026-08-05 09:01:47,53132,93.6,10.4,4
2026-08-05 09:01:52,53137,93.2,10.4,4
2026-08-05 09:01:57,53142,92.0,10.4,4
2026-08-05 09:02:02,53147,92.4,10.4,4
2026-08-05 09:02:07,53152,84.0,10.4,4
2026-08-05 09:02:12,53157,78.2,10.4,4
2026-08-05 09:02:17,53162,80.7,10.4,4
2026-08-05 09:02:22,53167,79.2,10.4,4
2026-08-05 09:02:28,53173,88.9,10.4,4
2026-08-05 09:02:33,53178,93.4,10.4,4
2026-08-05 09:02:38,53183,91.3,10.4,4
2026-08-05 09:02:43,53188,94.7,10.4,4
2026-08-05 09:02:48,53193,95.2,10.4,4
2026-08-05 09:02:53,53198,93.1,10.4,4
2026-08-05 09:02:58,53203,92.4,10.4,4
2026-08-05 09:03:03,53208,95.3,10.4,4
2026-08-05 09:03:08,53213,92.4,10.4,4
2026-08-05 09:03:13,53219,91.8,10.4,4
2026-08-05 09:03:19,53224,92.4,10.4,4
2026-08-05 09:03:24,53229,93.2,10.4,4
2026-08-05 09:03:29,53234,90.7,10.4,4
2026-08-05 09:03:34,53239,87.5,10.4,4
2026-08-05 09:03:39,53244,84.7,10.4,4
2026-08-05 09:03:44,53249,89.0,10.4,4
2026-08-05 09:03:49,53254,91.7,10.4,4
2026-08-05 09:03:54,53259,89.2,10.4,4
2026-08-05 09:03:59,53264,89.2,10.4,4
2026-08-05 09:04:04,53269,87.6,10.5,4
2026-08-05 09:04:09,53275,90.8,10.4,4
2026-08-05 09:04:15,53280,91.7,10.4,4
2026-08-05 09:04:20,53285,87.8,10.4,4
2026-08-05 09:04:25,53290,92.6,10.4,4
2026-08-05 09:04:30,53295,95.2,10.4,4
2026-08-05 09:04:35,53300,92.1,10.4,4
2026-08-05 09:04:40,53305,88.9,10.4,4
2026-08-05 09:04:45,53310,89.1,10.4,4
2026-08-05 09:04:50,53315,79.8,10.4,4
2026-08-05 09:04:55,53320,83.0,10.4,4
2026-08-05 09:05:00,53326,77.1,10.4,4
2026-08-05 09:05:06,53331,79.3,10.4,4
2026-08-05 09:05:11,53336,85.0,10.4,4
2026-08-05 09:05:16,53341,84.7,10.4,4
2026-08-05 09:05:21,53346,85.7,10.4,4
2026-08-05 09:05:26,53351,86.6,10.4,4
2026-08-05 09:05:31,53356,85.2,10.4,4
2026-08-05 09:05:36,53361,80.8,10.4,4
2026-08-05 09:05:41,53366,80.0,10.4,4
2026-08-05 09:05:46,53371,79.2,10.4,4
2026-08-05 09:05:51,53376,80.2,10.4,4
2026-08-05 09:05:56,53381,83.9,10.4,4
2026-08-05 09:06:01,53387,86.7,10.4,4
2026-08-05 09:06:06,53392,79.4,10.5,4
2026-08-05 09:06:12,53397,77.4,10.5,4
2026-08-05 09:06:17,53402,79.9,10.5,4
2026-08-05 09:06:22,53407,82.5,10.5,4
2026-08-05 09:06:27,53412,81.1,10.5,4
2026-08-05 09:06:32,53417,80.5,10.5,4
2026-08-05 09:06:37,53422,77.2,10.5,4
2026-08-05 09:06:42,53427,82.4,10.5,4
2026-08-05 09:06:47,53432,86.3,10.5,4
2026-08-05 09:06:52,53437,82.0,10.5,4
2026-08-05 09:06:57,53442,82.2,10.4,4
2026-08-05 09:07:02,53448,81.4,10.5,4
2026-08-05 09:07:08,53453,81.7,10.5,4
2026-08-05 09:07:13,53458,82.8,10.5,4
2026-08-05 09:07:18,53463,76.8,10.5,4
2026-08-05 09:07:23,53468,80.7,10.6,4
2026-08-05 09:07:28,53473,84.1,10.5,4
2026-08-05 09:07:33,53478,82.9,10.5,4
2026-08-05 09:07:38,53483,82.7,10.4,4
2026-08-05 09:07:43,53488,92.0,10.4,4
2026-08-05 09:07:48,53493,88.5,10.4,4
2026-08-05 09:07:53,53498,95.2,10.5,4
2026-08-05 09:07:58,53504,95.1,10.4,4
2026-08-05 09:08:04,53509,94.5,10.4,4
2026-08-05 09:08:09,53514,95.8,10.4,4
2026-08-05 09:08:14,53519,96.8,10.5,4
2026-08-05 09:08:19,53524,97.3,10.4,4
2026-08-05 09:08:24,53529,98.2,10.4,4
2026-08-05 09:08:29,53534,97.5,10.4,4
2026-08-05 09:08:34,53539,97.7,10.4,4
2026-08-05 09:08:39,53544,96.8,10.4,4
2026-08-05 09:08:44,53550,95.0,10.4,4
2026-08-05 09:08:50,53555,92.3,10.4,4
2026-08-05 09:08:55,53560,82.8,10.4,4
2026-08-05 09:09:00,53565,84.7,10.5,4
2026-08-05 09:09:05,53570,90.8,10.4,4
2026-08-05 09:09:10,53575,95.8,10.5,4
2026-08-05 09:09:15,53580,94.0,10.4,4
2026-08-05 09:09:20,53585,96.3,10.4,4
2026-08-05 09:09:25,53590,96.4,10.4,4
2026-08-05 09:09:30,53595,96.5,10.4,4
2026-08-05 09:09:35,53601,94.2,10.4,4
2026-08-05 09:09:41,53606,90.0,10.4,4
2026-08-05 09:09:46,53611,92.8,10.4,4
2026-08-05 09:09:51,53616,91.0,10.4,4
2026-08-05 09:09:56,53621,87.7,10.4,4
2026-08-05 09:10:01,53626,91.3,10.4,4
2026-08-05 09:10:06,53631,89.6,10.4,4
2026-08-05 09:10:11,53636,88.9,10.4,4
2026-08-05 09:10:16,53641,85.6,10.4,4
2026-08-05 09:10:21,53646,88.0,10.4,4
2026-08-05 09:10:26,53651,88.4,10.4,4
2026-08-05 09:10:31,53657,90.6,10.4,4
2026-08-05 09:10:37,53662,88.5,10.4,4
2026-08-05 09:10:42,53667,90.3,10.4,4
2026-08-05 09:10:47,53672,86.9,10.4,4
2026-08-05 09:10:52,53677,90.5,10.5,4
2026-08-05 09:10:57,53682,89.9,10.4,4
2026-08-05 09:11:02,53687,88.6,10.4,4
2026-08-05 09:11:07,53692,92.2,10.4,4
2026-08-05 09:11:12,53697,90.3,10.5,4
2026-08-05 09:11:17,53702,89.2,10.4,4
2026-08-05 09:11:22,53707,81.4,10.5,4
2026-08-05 09:11:27,53713,84.0,10.4,4
2026-08-05 09:11:33,53718,83.6,10.4,4
2026-08-05 09:11:38,53723,82.3,10.4,4
2026-08-05 09:11:43,53728,87.1,10.4,4
2026-08-05 09:11:48,53733,85.4,10.4,4
2026-08-05 09:11:53,53738,90.6,10.4,4
2026-08-05 09:11:58,53743,88.3,10.4,4
2026-08-05 09:12:03,53748,85.4,10.4,4
2026-08-05 09:12:08,53753,84.6,10.4,4
2026-08-05 09:12:13,53758,78.8,10.4,4
2026-08-05 09:12:18,53763,72.6,10.4,4
2026-08-05 09:12:23,53769,77.9,10.4,4
2026-08-05 09:12:29,53774,78.3,10.4,4
2026-08-05 09:12:34,53779,80.2,10.4,4
2026-08-05 09:12:39,53784,84.2,10.4,4
2026-08-05 09:12:44,53789,88.1,10.4,4
2026-08-05 09:12:49,53794,86.5,10.4,4
2026-08-05 09:12:54,53799,88.3,10.4,4
2026-08-05 09:12:59,53804,88.8,10.4,4
2026-08-05 09:13:04,53809,84.9,10.4,4
2026-08-05 09:13:09,53814,86.0,10.4,4
2026-08-05 09:13:14,53819,85.8,10.4,4
2026-08-05 09:13:19,53824,82.4,10.4,4
2026-08-05 09:13:25,53830,91.8,10.4,4
2026-08-05 09:13:30,53835,88.9,10.4,4
2026-08-05 09:13:35,53840,78.6,10.4,4
2026-08-05 09:13:40,53845,84.5,10.5,4
2026-08-05 09:13:45,53850,84.4,10.4,4
2026-08-05 09:13:50,53855,86.1,10.4,4
2026-08-05 09:13:55,53860,91.3,10.4,4
2026-08-05 09:14:00,53865,88.0,10.5,4
2026-08-05 09:14:05,53870,83.6,10.5,4
2026-08-05 09:14:10,53875,79.4,10.5,4
2026-08-05 09:14:15,53881,78.8,10.5,4
2026-08-05 09:14:20,53886,80.9,10.5,4
2026-08-05 09:14:26,53891,84.7,10.5,4
2026-08-05 09:14:31,53896,86.5,10.5,4
2026-08-05 09:14:36,53901,87.7,10.5,4
2026-08-05 09:14:41,53906,92.9,10.5,4
2026-08-05 09:14:46,53911,85.4,10.5,4
2026-08-05 09:14:51,53916,87.2,10.5,4
2026-08-05 09:14:56,53921,92.3,10.5,4
2026-08-05 09:15:01,53926,94.6,10.5,4
2026-08-05 09:15:06,53931,94.5,10.5,4
2026-08-05 09:15:11,53937,90.5,10.5,4
2026-08-05 09:15:16,53942,71.5,10.5,4
2026-08-05 09:15:22,53947,65.0,10.5,4
2026-08-05 09:15:27,53952,68.5,10.5,4
2026-08-05 09:15:32,53957,75.3,10.5,4
2026-08-05 09:15:37,53962,94.6,10.5,4
2026-08-05 09:15:42,53967,95.1,10.5,4
2026-08-05 09:15:47,53972,97.1,10.5,4
2026-08-05 09:15:52,53977,98.3,10.5,4
2026-08-05 09:15:57,53982,98.1,10.5,4
2026-08-05 09:16:02,53988,98.3,10.5,4
2026-08-05 09:16:08,53993,98.2,10.5,4
2026-08-05 09:16:13,53998,98.4,10.5,4
2026-08-05 09:16:18,54003,98.5,10.5,4
2026-08-05 09:16:23,54008,97.7,10.5,4
2026-08-05 09:16:28,54013,97.0,10.5,4
2026-08-05 09:16:33,54018,97.8,10.5,4
2026-08-05 09:16:38,54023,97.6,10.5,4
2026-08-05 09:16:43,54029,97.7,10.5,4
2026-08-05 09:16:49,54034,97.8,10.5,4
2026-08-05 09:16:54,54039,97.6,10.5,4
2026-08-05 09:16:59,54044,97.2,10.4,4
2026-08-05 09:17:04,54049,97.4,10.5,4
2026-08-05 09:17:09,54054,94.3,10.4,4
2026-08-05 09:17:14,54059,89.7,10.4,4
2026-08-05 09:17:19,54064,90.1,10.4,4
2026-08-05 09:17:24,54069,91.6,10.4,4
2026-08-05 09:17:29,54075,88.4,10.4,4
2026-08-05 09:17:35,54080,87.0,10.4,4
2026-08-05 09:17:40,54085,89.5,10.4,4
2026-08-05 09:17:45,54090,89.6,10.4,4
2026-08-05 09:17:50,54095,90.3,10.4,4
2026-08-05 09:17:55,54100,89.7,10.4,4
2026-08-05 09:18:00,54105,85.5,10.4,4
2026-08-05 09:18:05,54110,84.1,10.4,4
2026-08-05 09:18:10,54115,81.1,10.5,4
2026-08-05 09:18:15,54120,80.2,10.4,4
2026-08-05 09:18:20,54125,80.0,10.4,4
2026-08-05 09:18:25,54131,81.9,10.4,4
2026-08-05 09:18:31,54136,82.4,10.4,4
2026-08-05 09:18:36,54141,78.0,10.4,4
2026-08-05 09:18:41,54146,85.0,10.4,4
2026-08-05 09:18:46,54151,82.7,10.4,4
2026-08-05 09:18:51,54156,85.7,10.4,4
2026-08-05 09:18:56,54161,84.2,10.4,4
2026-08-05 09:19:01,54166,80.4,10.4,4
2026-08-05 09:19:06,54171,79.6,10.4,4
2026-08-05 09:19:11,54176,77.7,10.5,4
2026-08-05 09:19:16,54181,77.2,10.4,4
2026-08-05 09:19:21,54187,84.9,10.4,4
2026-08-05 09:19:26,54192,83.3,10.4,4
2026-08-05 09:19:32,54197,85.5,10.4,4
2026-08-05 09:19:37,54202,84.9,10.4,4
2026-08-05 09:19:42,54207,81.9,10.4,4
2026-08-05 09:19:47,54212,86.2,10.4,4
2026-08-05 09:19:52,54217,82.3,10.4,4
2026-08-05 09:19:57,54222,82.9,10.4,4
2026-08-05 09:20:02,54227,82.7,10.4,4
2026-08-05 09:20:07,54232,81.8,10.4,4
2026-08-05 09:20:12,54237,84.4,10.4,4
2026-08-05 09:20:17,54242,76.2,10.4,4
2026-08-05 09:20:22,54248,86.4,10.4,4
2026-08-05 09:20:27,54253,85.4,10.4,4
2026-08-05 09:20:33,54258,78.7,10.4,4
2026-08-05 09:20:38,54263,86.5,10.4,4
2026-08-05 09:20:43,54268,84.4,10.4,4
2026-08-05 09:20:48,54273,88.2,10.4,4
2026-08-05 09:20:53,54278,89.7,10.4,4
2026-08-05 09:20:58,54283,82.5,10.4,4
2026-08-05 09:21:03,54288,81.6,10.4,4
2026-08-05 09:21:08,54293,79.5,10.5,4
2026-08-05 09:21:13,54298,81.3,10.5,4
2026-08-05 09:21:18,54303,88.4,10.4,4
2026-08-05 09:21:23,54309,88.5,10.4,4
2026-08-05 09:21:29,54314,87.4,10.4,4
2026-08-05 09:21:34,54319,83.6,10.4,4
2026-08-05 09:21:39,54324,89.1,10.4,4
2026-08-05 09:21:44,54329,90.0,10.5,4
2026-08-05 09:21:49,54334,92.4,10.4,4
2026-08-05 09:21:54,54339,89.6,10.4,4
2026-08-05 09:21:59,54344,83.8,10.4,4
2026-08-05 09:22:04,54349,81.7,10.5,4
2026-08-05 09:22:09,54354,81.5,10.5,4
2026-08-05 09:22:14,54359,78.8,10.5,4
2026-08-05 09:22:19,54364,87.7,10.5,4
2026-08-05 09:22:25,54370,96.1,10.5,4
2026-08-05 09:22:30,54375,94.6,10.5,4
2026-08-05 09:22:35,54380,97.0,10.5,4
2026-08-05 09:22:40,54385,96.2,10.5,4
2026-08-05 09:22:45,54390,95.3,10.5,4
2026-08-05 09:22:50,54395,82.6,10.5,4
2026-08-05 09:22:55,54400,88.5,10.5,4
2026-08-05 09:23:00,54405,87.6,10.5,4
2026-08-05 09:23:05,54410,90.4,10.5,4
2026-08-05 09:23:11,54416,93.5,10.5,4
2026-08-05 09:23:16,54421,97.2,10.5,4
2026-08-05 09:23:21,54426,96.5,10.5,4
2026-08-05 09:23:26,54431,97.2,10.5,4
2026-08-05 09:23:31,54436,96.5,10.5,4
2026-08-05 09:23:36,54441,96.0,10.5,4
2026-08-05 09:23:41,54446,94.6,10.5,4
2026-08-05 09:23:46,54451,95.9,10.6,4
2026-08-05 09:23:51,54456,97.6,10.5,4
2026-08-05 09:23:56,54462,98.0,10.4,4
2026-08-05 09:24:02,54467,97.7,10.4,4
2026-08-05 09:24:07,54472,98.0,10.4,4
2026-08-05 09:24:12,54477,98.5,10.4,4
2026-08-05 09:24:17,54482,98.6,10.5,4
2026-08-05 09:24:22,54487,98.5,10.4,4
2026-08-05 09:24:27,54492,98.6,10.5,4
2026-08-05 09:24:32,54497,98.4,10.4,4
2026-08-05 09:24:37,54503,98.3,10.4,4
2026-08-05 09:24:43,54508,98.2,10.4,4
2026-08-05 09:24:48,54513,95.4,10.4,4
2026-08-05 09:24:53,54518,87.2,10.4,4
2026-08-05 09:24:58,54523,91.3,10.4,4
2026-08-05 09:25:03,54528,90.8,10.4,4
2026-08-05 09:25:08,54533,90.9,10.4,4
2026-08-05 09:25:13,54538,81.6,10.4,4
2026-08-05 09:25:18,54543,81.6,10.4,4
2026-08-05 09:25:23,54548,79.1,10.4,4
2026-08-05 09:25:28,54553,79.7,10.4,4
2026-08-05 09:25:33,54559,83.1,10.4,4
2026-08-05 09:25:39,54564,88.6,10.4,4
2026-08-05 09:25:44,54569,87.3,10.4,4
2026-08-05 09:25:49,54574,85.7,10.4,4
2026-08-05 09:25:54,54579,78.7,10.4,4
2026-08-05 09:25:59,54584,81.0,10.4,4
2026-08-05 09:26:04,54589,78.7,10.4,4
2026-08-05 09:26:09,54594,75.6,10.4,4
2026-08-05 09:26:14,54599,78.4,10.4,4
2026-08-05 09:26:19,54604,80.3,10.4,4
2026-08-05 09:26:24,54609,82.3,10.4,4
2026-08-05 09:26:29,54615,89.2,10.4,4
2026-08-05 09:26:35,54620,87.9,10.4,4
2026-08-05 09:26:40,54625,80.6,10.4,4
2026-08-05 09:26:45,54630,79.6,10.4,4
2026-08-05 09:26:50,54635,76.3,10.4,4
2026-08-05 09:26:55,54640,83.7,10.4,4
2026-08-05 09:27:00,54645,83.9,10.4,4
2026-08-05 09:27:05,54650,85.0,10.4,4
2026-08-05 09:27:10,54655,86.1,10.4,4
2026-08-05 09:27:15,54660,77.5,10.4,4
2026-08-05 09:27:20,54665,78.2,10.4,4
2026-08-05 09:27:25,54670,80.2,10.4,4
2026-08-05 09:27:30,54676,82.4,10.4,4
2026-08-05 09:27:36,54681,80.8,10.4,4
2026-08-05 09:27:41,54686,82.1,10.4,4
2026-08-05 09:27:46,54691,86.8,10.4,4
2026-08-05 09:27:51,54696,83.9,10.4,4
2026-08-05 09:27:56,54701,89.3,10.4,4
2026-08-05 09:28:01,54706,88.3,10.4,4
2026-08-05 09:28:06,54711,81.3,10.4,4
2026-08-05 09:28:11,54716,83.4,10.4,4
2026-08-05 09:28:16,54721,82.6,10.4,4
2026-08-05 09:28:21,54726,80.3,10.4,4
2026-08-05 09:28:26,54731,91.0,10.4,4
2026-08-05 09:28:31,54737,87.8,10.4,4
2026-08-05 09:28:37,54742,86.5,10.4,4
2026-08-05 09:28:42,54747,85.1,10.4,4
2026-08-05 09:28:47,54752,79.5,10.4,4
2026-08-05 09:28:52,54757,80.1,10.4,4
2026-08-05 09:28:57,54762,81.2,10.4,4
2026-08-05 09:29:02,54767,79.6,10.4,4
2026-08-05 09:29:07,54772,87.7,10.4,4
2026-08-05 09:29:12,54777,94.1,10.4,4
2026-08-05 09:29:17,54782,95.2,10.4,4
2026-08-05 09:29:22,54788,95.9,10.4,4
2026-08-05 09:29:28,54793,94.7,10.4,4
2026-08-05 09:29:33,54798,93.3,10.4,4
2026-08-05 09:29:38,54803,92.6,10.4,4
2026-08-05 09:29:43,54808,93.9,10.4,4
2026-08-05 09:29:48,54813,93.5,10.4,4
2026-08-05 09:29:53,54818,90.2,10.5,4
2026-08-05 09:29:58,54823,90.1,10.5,4
2026-08-05 09:30:03,54828,94.5,10.5,4
2026-08-05 09:30:08,54833,92.8,10.5,4
2026-08-05 09:30:13,54839,92.7,10.6,4
2026-08-05 09:30:19,54844,87.4,10.6,4
2026-08-05 09:30:24,54849,81.7,10.6,4
2026-08-05 09:30:29,54854,87.9,10.5,4
2026-08-05 09:30:34,54859,91.1,10.5,4
2026-08-05 09:30:39,54864,90.1,10.5,4
2026-08-05 09:30:44,54869,92.6,10.5,4
2026-08-05 09:30:49,54874,96.5,10.5,4
2026-08-05 09:30:54,54879,96.3,10.5,4
2026-08-05 09:30:59,54884,97.9,10.4,4
2026-08-05 09:31:04,54890,97.9,10.4,4
2026-08-05 09:31:10,54895,98.3,10.4,4
2026-08-05 09:31:15,54900,98.0,10.4,4
2026-08-05 09:31:20,54905,97.9,10.4,4
2026-08-05 09:31:25,54910,96.5,10.4,4
2026-08-05 09:31:30,54915,91.4,10.4,4
2026-08-05 09:31:35,54920,79.3,10.5,4
2026-08-05 09:31:40,54925,81.8,10.5,4
2026-08-05 09:31:45,54930,87.5,10.5,4
2026-08-05 09:31:50,54935,87.0,10.6,4
2026-08-05 09:31:55,54941,83.3,10.4,4
2026-08-05 09:32:01,54946,92.7,10.5,4
2026-08-05 09:32:06,54951,96.0,10.5,4
2026-08-05 09:32:11,54956,95.1,10.5,4
2026-08-05 09:32:16,54961,96.4,10.4,4
2026-08-05 09:32:21,54966,96.4,10.5,4
2026-08-05 09:32:26,54971,94.7,10.5,4
2026-08-05 09:32:31,54976,88.6,10.5,4
2026-08-05 09:32:36,54981,91.8,10.5,4
2026-08-05 09:32:41,54987,84.0,10.5,4
2026-08-05 09:32:47,54992,83.3,10.5,4
2026-08-05 09:32:52,54997,88.1,10.5,4
2026-08-05 09:32:57,55002,93.2,10.4,4
2026-08-05 09:33:02,55007,90.3,10.5,4
2026-08-05 09:33:07,55012,80.8,10.4,4
2026-08-05 09:33:12,55017,82.7,10.4,4
2026-08-05 09:33:17,55022,84.1,10.4,4
2026-08-05 09:33:22,55027,79.0,10.4,4
2026-08-05 09:33:27,55032,78.6,10.4,4
2026-08-05 09:33:32,55037,81.2,10.4,4
2026-08-05 09:33:37,55043,80.2,10.4,4
2026-08-05 09:33:43,55048,85.6,10.4,4
2026-08-05 09:33:48,55053,86.0,10.4,4
2026-08-05 09:33:53,55058,81.7,10.4,4
2026-08-05 09:33:58,55063,84.4,10.4,4
2026-08-05 09:34:03,55068,79.8,10.4,4
2026-08-05 09:34:08,55073,82.1,10.4,4
2026-08-05 09:34:13,55078,85.5,10.4,4
2026-08-05 09:34:18,55083,86.0,10.4,4
2026-08-05 09:34:23,55088,90.5,10.4,4
2026-08-05 09:34:28,55093,88.4,10.4,4
2026-08-05 09:34:33,55099,90.3,10.4,4
2026-08-05 09:34:38,55104,87.7,10.4,4
2026-08-05 09:34:44,55109,84.1,10.4,4
2026-08-05 09:34:49,55114,86.9,10.4,4
2026-08-05 09:34:54,55119,86.7,10.4,4
2026-08-05 09:34:59,55124,87.7,10.4,4
2026-08-05 09:35:04,55129,85.7,10.4,4
2026-08-05 09:35:09,55134,87.2,10.5,4
2026-08-05 09:35:14,55139,87.4,10.4,4
2026-08-05 09:35:19,55144,85.6,10.4,4
2026-08-05 09:35:24,55149,86.0,10.4,4
2026-08-05 09:35:29,55155,88.4,10.4,4
2026-08-05 09:35:34,55160,76.8,10.5,4
2026-08-05 09:35:40,55165,79.5,10.5,4
2026-08-05 09:35:45,55170,78.5,10.5,4
2026-08-05 09:35:50,55175,85.8,10.5,4
2026-08-05 09:35:55,55180,92.5,10.5,4
2026-08-05 09:36:00,55185,94.8,10.4,4
2026-08-05 09:36:05,55190,88.9,10.5,4
2026-08-05 09:36:10,55195,95.0,10.5,4
2026-08-05 09:36:15,55200,94.0,10.5,4
2026-08-05 09:36:20,55206,88.5,10.5,4
2026-08-05 09:36:25,55211,90.8,10.5,4
2026-08-05 09:36:31,55216,93.3,10.5,4
2026-08-05 09:36:36,55221,90.9,10.5,4
2026-08-05 09:36:41,55226,88.6,10.5,4
2026-08-05 09:36:46,55231,92.6,10.4,4
2026-08-05 09:36:51,55236,94.2,10.5,4
2026-08-05 09:36:56,55241,94.4,10.5,4
2026-08-05 09:37:01,55246,91.7,10.5,4
2026-08-05 09:37:06,55251,94.9,10.5,4
2026-08-05 09:37:11,55256,90.4,10.5,4
2026-08-05 09:37:17,55262,92.1,10.5,4
2026-08-05 09:37:22,55267,93.8,10.5,4
2026-08-05 09:37:27,55272,95.1,10.5,4
2026-08-05 09:37:32,55277,90.0,10.5,4
2026-08-05 09:37:37,55282,92.4,10.5,4
2026-08-05 09:37:42,55287,93.3,10.4,4
2026-08-05 09:37:47,55292,93.6,10.5,4
2026-08-05 09:37:52,55297,92.5,10.5,4
2026-08-05 09:37:57,55302,93.6,10.5,4
2026-08-05 09:38:02,55307,87.2,10.5,4
2026-08-05 09:38:07,55313,78.9,10.5,4
2026-08-05 09:38:13,55318,75.5,10.6,4
2026-08-05 09:38:18,55323,77.2,10.6,4
2026-08-05 09:38:23,55328,91.3,10.6,4
2026-08-05 09:38:28,55333,90.5,10.6,4
2026-08-05 09:38:33,55338,94.2,10.6,4
2026-08-05 09:38:38,55343,94.5,10.6,4
2026-08-05 09:38:43,55348,92.2,10.6,4
2026-08-05 09:38:48,55353,93.5,10.6,4
2026-08-05 09:38:53,55358,94.2,10.6,4
2026-08-05 09:38:58,55364,96.4,10.6,4
2026-08-05 09:39:04,55369,86.9,10.6,4
2026-08-05 09:39:09,55374,88.4,10.5,4
2026-08-05 09:39:14,55379,90.5,10.6,4
2026-08-05 09:39:19,55384,91.5,10.6,4
2026-08-05 09:39:24,55389,86.1,10.6,4
2026-08-05 09:39:29,55394,84.9,10.6,4
2026-08-05 09:39:34,55399,87.0,10.6,4
2026-08-05 09:39:39,55404,79.6,10.5,4
2026-08-05 09:39:44,55409,69.6,10.5,4
2026-08-05 09:39:49,55414,82.0,10.5,4
2026-08-05 09:39:54,55419,81.0,10.6,4
2026-08-05 09:39:59,55425,76.4,10.5,4
2026-08-05 09:40:05,55430,83.1,10.5,4
2026-08-05 09:40:10,55435,91.7,10.5,4
2026-08-05 09:40:15,55440,90.7,10.5,4
2026-08-05 09:40:20,55445,95.0,10.5,4
2026-08-05 09:40:25,55450,95.0,10.5,4
2026-08-05 09:40:30,55455,92.3,10.5,4
2026-08-05 09:40:35,55460,90.4,10.5,4
2026-08-05 09:40:40,55465,92.7,10.5,4
2026-08-05 09:40:45,55470,85.9,10.5,4
2026-08-05 09:40:50,55476,88.1,10.5,4
2026-08-05 09:40:56,55481,91.3,10.5,4
2026-08-05 09:41:01,55486,94.0,10.5,4
2026-08-05 09:41:06,55491,92.1,10.5,4
2026-08-05 09:41:11,55496,83.8,10.5,4
2026-08-05 09:41:16,55501,82.2,10.5,4
2026-08-05 09:41:21,55506,82.0,10.5,4
2026-08-05 09:41:26,55511,81.8,10.5,4
2026-08-05 09:41:31,55516,89.8,10.5,4
2026-08-05 09:41:36,55521,87.3,10.5,4
2026-08-05 09:41:41,55527,88.9,10.5,4
2026-08-05 09:41:47,55532,86.4,10.5,4
2026-08-05 09:41:52,55537,89.0,10.5,4
2026-08-05 09:41:57,55542,88.8,10.5,4
2026-08-05 09:42:02,55547,89.0,10.5,4
2026-08-05 09:42:07,55552,86.8,10.5,4
2026-08-05 09:42:12,55557,90.5,10.5,4
2026-08-05 09:42:17,55562,79.7,10.5,4
2026-08-05 09:42:22,55567,75.5,10.5,4
2026-08-05 09:42:27,55572,78.5,10.5,4
2026-08-05 09:42:32,55577,78.2,10.5,4
2026-08-05 09:42:37,55582,88.1,10.5,4
2026-08-05 09:42:42,55588,90.5,10.5,4
2026-08-05 09:42:48,55593,93.0,10.5,4
2026-08-05 09:42:53,55598,95.2,10.5,4
2026-08-05 09:42:58,55603,96.2,10.5,4
2026-08-05 09:43:03,55608,92.9,10.4,4
2026-08-05 09:43:08,55613,89.9,10.5,4
2026-08-05 09:43:13,55618,91.7,10.5,4
2026-08-05 09:43:18,55623,87.0,10.5,4
2026-08-05 09:43:23,55628,86.3,10.5,4
2026-08-05 09:43:28,55633,93.2,10.5,4
2026-08-05 09:43:33,55639,96.0,10.5,4
2026-08-05 09:43:39,55644,92.2,10.5,4
2026-08-05 09:43:44,55649,87.5,10.5,4
2026-08-05 09:43:49,55654,85.9,10.5,4
2026-08-05 09:43:54,55659,89.1,10.5,4
2026-08-05 09:43:59,55664,89.1,10.5,4
2026-08-05 09:44:04,55669,94.3,10.5,4
2026-08-05 09:44:09,55674,94.7,10.5,4
2026-08-05 09:44:14,55679,93.8,10.5,4
2026-08-05 09:44:19,55684,91.5,10.5,4
2026-08-05 09:44:24,55690,92.6,10.4,4
2026-08-05 09:44:30,55695,92.8,10.5,4
2026-08-05 09:44:35,55700,91.5,10.5,4
2026-08-05 09:44:40,55705,92.7,10.4,4
2026-08-05 09:44:45,55710,91.0,10.5,4
2026-08-05 09:44:50,55715,88.3,10.5,4
2026-08-05 09:44:55,55720,89.7,10.5,4
2026-08-05 09:45:00,55725,89.3,10.4,4
2026-08-05 09:45:05,55730,90.4,10.4,4
2026-08-05 09:45:10,55735,93.2,10.4,4
2026-08-05 09:45:15,55740,88.5,10.4,4
2026-08-05 09:45:20,55746,87.9,10.4,4
2026-08-05 09:45:26,55751,86.4,10.4,4
2026-08-05 09:45:31,55756,89.5,10.4,4
2026-08-05 09:45:36,55761,86.6,10.4,4
2026-08-05 09:45:41,55766,86.2,10.4,4
2026-08-05 09:45:46,55771,85.1,10.4,4
2026-08-05 09:45:51,55776,76.6,10.5,4
2026-08-05 09:45:56,55781,88.0,10.5,4
2026-08-05 09:46:01,55786,86.6,10.5,4
2026-08-05 09:46:06,55791,94.2,10.4,4
2026-08-05 09:46:11,55796,93.7,10.5,4
2026-08-05 09:46:16,55802,91.1,10.4,4
2026-08-05 09:46:22,55807,92.2,10.5,4
2026-08-05 09:46:27,55812,94.6,10.5,4
2026-08-05 09:46:32,55817,92.2,10.5,4
2026-08-05 09:46:37,55822,88.7,10.5,4
2026-08-05 09:46:42,55827,92.3,10.5,4
2026-08-05 09:46:47,55832,93.9,10.5,4
2026-08-05 09:46:52,55837,93.9,10.5,4
2026-08-05 09:46:57,55842,89.1,10.5,4
2026-08-05 09:47:02,55847,91.7,10.5,4
2026-08-05 09:47:07,55852,91.7,10.5,4
2026-08-05 09:47:12,55858,86.7,10.5,4
2026-08-05 09:47:18,55863,76.4,10.5,4
2026-08-05 09:47:23,55868,80.6,10.5,4
2026-08-05 09:47:28,55873,77.2,10.5,4
2026-08-05 09:47:33,55878,80.1,10.5,4
2026-08-05 09:47:38,55883,85.2,10.5,4
2026-08-05 09:47:43,55888,76.7,10.5,4
2026-08-05 09:47:48,55893,71.4,10.5,4
2026-08-05 09:47:53,55898,72.3,10.5,4
2026-08-05 09:47:58,55903,76.4,10.6,4
2026-08-05 09:48:03,55908,76.7,10.5,4
2026-08-05 09:48:08,55914,78.0,10.4,4
2026-08-05 09:48:14,55919,92.3,10.4,4
2026-08-05 09:48:19,55924,95.1,10.4,4
2026-08-05 09:48:24,55929,94.5,10.4,4
2026-08-05 09:48:29,55934,95.0,10.4,4
2026-08-05 09:48:34,55939,93.7,10.4,4
2026-08-05 09:48:39,55944,93.3,10.4,4
2026-08-05 09:48:44,55949,93.2,10.4,4
2026-08-05 09:48:49,55954,94.0,10.4,4
2026-08-05 09:48:54,55959,88.7,10.4,4
2026-08-05 09:48:59,55965,86.4,10.4,4
2026-08-05 09:49:05,55970,86.5,10.4,4
2026-08-05 09:49:10,55975,87.3,10.4,4
2026-08-05 09:49:15,55980,84.9,10.4,4
2026-08-05 09:49:20,55985,83.3,10.5,4
2026-08-05 09:49:25,55990,94.0,10.4,4
2026-08-05 09:49:30,55995,89.6,10.4,4
2026-08-05 09:49:35,56000,95.2,10.4,4
2026-08-05 09:49:40,56005,93.7,10.4,4
2026-08-05 09:49:45,56010,88.3,10.5,4
2026-08-05 09:49:50,56016,89.4,10.4,4
2026-08-05 09:49:55,56021,91.9,10.4,4
2026-08-05 09:50:01,56026,85.4,10.4,4
2026-08-05 09:50:06,56031,84.6,10.5,4
2026-08-05 09:50:11,56036,89.7,10.4,4
2026-08-05 09:50:16,56041,89.1,10.4,4
2026-08-05 09:50:21,56046,89.0,10.4,4
2026-08-05 09:50:26,56051,87.8,10.4,4
2026-08-05 09:50:31,56056,91.6,10.5,4
2026-08-05 09:50:36,56061,91.2,10.5,4
2026-08-05 09:50:41,56066,92.2,10.5,4
2026-08-05 09:50:46,56072,90.5,10.4,4
2026-08-05 09:50:52,56077,89.7,10.4,4
2026-08-05 09:50:57,56082,88.4,10.4,4
2026-08-05 09:51:02,56087,91.4,10.5,4
2026-08-05 09:51:07,56092,93.6,10.5,4
2026-08-05 09:51:12,56097,90.0,10.4,4
2026-08-05 09:51:17,56102,87.9,10.4,4
2026-08-05 09:51:22,56107,88.9,10.5,4
2026-08-05 09:51:27,56112,82.4,10.5,4
2026-08-05 09:51:32,56117,82.8,10.4,4
2026-08-05 09:51:37,56122,86.4,10.4,4
2026-08-05 09:51:42,56128,88.0,10.4,4
2026-08-05 09:51:47,56133,86.8,10.4,4
2026-08-05 09:51:53,56138,84.7,10.5,4
2026-08-05 09:51:58,56143,80.1,10.5,4
2026-08-05 09:52:03,56148,88.3,10.4,4
2026-08-05 09:52:08,56153,92.0,10.4,4
2026-08-05 09:52:13,56158,90.1,10.4,4
2026-08-05 09:52:18,56163,92.7,10.5,4
2026-08-05 09:52:23,56168,90.0,10.5,4
2026-08-05 09:52:28,56173,82.2,10.5,4
2026-08-05 09:52:33,56178,78.4,10.4,4
2026-08-05 09:52:38,56184,80.8,10.4,4
2026-08-05 09:52:43,56189,81.8,10.4,4
2026-08-05 09:52:49,56194,81.4,10.4,4
2026-08-05 09:52:54,56199,82.0,10.4,4
2026-08-05 09:52:59,56204,75.2,10.5,4
2026-08-05 09:53:04,56209,84.6,10.5,4
2026-08-05 09:53:09,56214,85.8,10.4,4
2026-08-05 09:53:14,56219,83.8,10.5,4
2026-08-05 09:53:19,56224,91.8,10.5,4
2026-08-05 09:53:24,56229,91.4,10.5,4
2026-08-05 09:53:29,56234,93.9,10.4,4
2026-08-05 09:53:34,56240,95.3,10.4,4
2026-08-05 09:53:40,56245,95.8,10.5,4
2026-08-05 09:53:45,56250,93.0,10.4,4
2026-08-05 09:53:50,56255,90.1,10.5,4
2026-08-05 09:53:55,56260,90.8,10.4,4
2026-08-05 09:54:00,56265,84.8,10.5,4
2026-08-05 09:54:05,56270,88.2,10.4,4
2026-08-05 09:54:10,56275,93.4,10.4,4
2026-08-05 09:54:15,56280,93.5,10.5,4
2026-08-05 09:54:20,56285,91.5,10.5,4
2026-08-05 09:54:25,56290,86.6,10.5,4
2026-08-05 09:54:30,56296,89.1,10.5,4
2026-08-05 09:54:36,56301,85.8,10.5,4
2026-08-05 09:54:41,56306,81.4,10.5,4
2026-08-05 09:54:46,56311,83.8,10.5,4
2026-08-05 09:54:51,56316,84.4,10.5,4
2026-08-05 09:54:56,56321,84.7,10.5,4
2026-08-05 09:55:01,56326,88.0,10.5,4
2026-08-05 09:55:06,56331,82.6,10.5,4
2026-08-05 09:55:11,56336,84.6,10.6,4
2026-08-05 09:55:16,56341,85.6,10.6,4
2026-08-05 09:55:21,56346,86.3,10.5,4
2026-08-05 09:55:26,56352,90.7,10.5,4
2026-08-05 09:55:32,56357,86.9,10.5,4
2026-08-05 09:55:37,56362,78.0,10.5,4
2026-08-05 09:55:42,56367,80.5,10.5,4
2026-08-05 09:55:47,56372,78.4,10.6,4
2026-08-05 09:55:52,56377,75.5,10.6,4
2026-08-05 09:55:57,56382,90.0,10.6,4
2026-08-05 09:56:02,56387,88.8,10.5,4
2026-08-05 09:56:07,56392,94.7,10.5,4
2026-08-05 09:56:12,56397,94.6,10.6,4
2026-08-05 09:56:17,56403,94.4,10.5,4
2026-08-05 09:56:23,56408,97.1,10.5,4
2026-08-05 09:56:28,56413,94.9,10.5,4
2026-08-05 09:56:33,56418,96.5,10.5,4
2026-08-05 09:56:38,56423,96.8,10.5,4
2026-08-05 09:56:43,56428,95.8,10.5,4
2026-08-05 09:56:48,56433,92.5,10.5,4
2026-08-05 09:56:53,56438,95.7,10.5,4
2026-08-05 09:56:58,56443,97.2,10.5,4
2026-08-05 09:57:03,56448,95.1,10.5,4
2026-08-05 09:57:09,56454,94.6,10.5,4
2026-08-05 09:57:14,56459,94.8,10.5,4
2026-08-05 09:57:19,56464,95.9,10.5,4
2026-08-05 09:57:24,56469,96.2,10.5,4
2026-08-05 09:57:29,56474,95.4,10.5,4
2026-08-05 09:57:34,56479,88.2,10.5,4
2026-08-05 09:57:39,56484,86.5,10.5,4
2026-08-05 09:57:44,56489,89.4,10.4,4
2026-08-05 09:57:49,56494,90.4,10.5,4
2026-08-05 09:57:54,56499,88.4,10.5,4
2026-08-05 09:57:59,56505,88.8,10.4,4
2026-08-05 09:58:05,56510,92.3,10.4,4
2026-08-05 09:58:10,56515,91.6,10.4,4
2026-08-05 09:58:15,56520,84.9,10.5,4
2026-08-05 09:58:20,56525,77.9,10.4,4
2026-08-05 09:58:25,56530,81.1,10.4,4
2026-08-05 09:58:30,56535,79.3,10.5,4
2026-08-05 09:58:35,56540,82.6,10.4,4
2026-08-05 09:58:40,56545,81.9,10.5,4
2026-08-05 09:58:45,56550,78.5,10.4,4
2026-08-05 09:58:50,56555,85.7,10.4,4
2026-08-05 09:58:55,56561,82.6,10.5,4
2026-08-05 09:59:01,56566,82.3,10.5,4
2026-08-05 09:59:06,56571,84.9,10.4,4
2026-08-05 09:59:11,56576,81.5,10.4,4
2026-08-05 09:59:16,56581,80.4,10.5,4
2026-08-05 09:59:21,56586,78.8,10.5,4
2026-08-05 09:59:26,56591,78.0,10.5,4
2026-08-05 09:59:31,56596,79.9,10.5,4
2026-08-05 09:59:36,56601,84.4,10.5,4
2026-08-05 09:59:41,56606,82.7,10.4,4
2026-08-05 09:59:46,56611,89.5,10.4,4
2026-08-05 09:59:51,56617,89.4,10.4,4
2026-08-05 09:59:56,56622,85.2,10.4,4
2026-08-05 10:00:02,56627,83.6,10.4,4
2026-08-05 10:00:07,56632,88.1,10.4,4
2026-08-05 10:00:12,56637,89.2,10.4,4
2026-08-05 10:00:17,56642,87.9,10.5,4
2026-08-05 10:00:22,56647,89.1,10.4,4
2026-08-05 10:00:27,56652,77.0,10.4,4
2026-08-05 10:00:32,56657,75.7,10.4,4
2026-08-05 10:00:37,56662,74.8,10.4,4
2026-08-05 10:00:42,56667,78.1,10.4,4
2026-08-05 10:00:47,56672,93.2,10.4,4
2026-08-05 10:00:52,56678,91.5,10.4,4
2026-08-05 10:00:58,56683,95.9,10.5,4
2026-08-05 10:01:03,56688,95.1,10.5,4
2026-08-05 10:01:08,56693,93.1,10.4,4
2026-08-05 10:01:13,56698,94.2,10.4,4
2026-08-05 10:01:18,56703,94.4,10.5,4
2026-08-05 10:01:23,56708,92.8,10.4,4
2026-08-05 10:01:28,56713,89.0,10.5,4
2026-08-05 10:01:33,56718,90.1,10.4,4
2026-08-05 10:01:38,56723,93.1,10.4,4
2026-08-05 10:01:44,56729,92.3,10.5,4
2026-08-05 10:01:49,56734,92.5,10.5,4
2026-08-05 10:01:54,56739,91.4,10.4,4
2026-08-05 10:01:59,56744,93.6,10.5,4
2026-08-05 10:02:04,56749,91.1,10.4,4
2026-08-05 10:02:09,56754,85.8,10.4,4
2026-08-05 10:02:14,56759,82.8,10.4,4
2026-08-05 10:02:19,56764,80.8,10.4,4
2026-08-05 10:02:24,56769,79.4,10.5,4
2026-08-05 10:02:29,56774,80.0,10.5,4
2026-08-05 10:02:34,56779,75.4,10.5,4
2026-08-05 10:02:39,56784,94.2,10.6,4
2026-08-05 10:02:45,56790,90.2,10.5,4
2026-08-05 10:02:50,56795,94.5,10.5,4
2026-08-05 10:02:55,56800,96.3,10.4,4
2026-08-05 10:03:00,56805,96.4,10.5,4
2026-08-05 10:03:05,56810,88.0,10.5,4
2026-08-05 10:03:10,56815,91.4,10.5,4
2026-08-05 10:03:15,56820,95.5,10.6,4
2026-08-05 10:03:20,56825,87.7,10.6,4
2026-08-05 10:03:25,56830,85.0,10.5,4
2026-08-05 10:03:30,56836,90.0,10.5,4
2026-08-05 10:03:36,56841,91.0,10.6,4
2026-08-05 10:03:41,56846,90.7,10.5,4
2026-08-05 10:03:46,56851,89.6,10.6,4
2026-08-05 10:03:51,56856,86.2,10.5,4
2026-08-05 10:03:56,56861,92.6,10.6,4
2026-08-05 10:04:01,56866,89.9,10.6,4
2026-08-05 10:04:06,56871,89.4,10.5,4
2026-08-05 10:04:11,56876,86.5,10.5,4
2026-08-05 10:04:16,56881,83.3,10.6,4
2026-08-05 10:04:21,56886,91.6,10.5,4
2026-08-05 10:04:26,56892,96.5,10.5,4
2026-08-05 10:04:32,56897,96.3,10.5,4
2026-08-05 10:04:37,56902,97.0,10.5,4
2026-08-05 10:04:42,56907,98.0,10.5,4
2026-08-05 10:04:47,56912,96.6,10.5,4
2026-08-05 10:04:52,56917,96.8,10.5,4
2026-08-05 10:04:57,56922,92.8,10.5,4
2026-08-05 10:05:02,56927,89.0,10.5,4
2026-08-05 10:05:07,56933,89.3,10.5,4
2026-08-05 10:05:13,56938,89.1,10.5,4
2026-08-05 10:05:18,56943,91.3,10.5,4
2026-08-05 10:05:23,56948,93.0,10.5,4
2026-08-05 10:05:28,56953,89.2,10.5,4
2026-08-05 10:05:33,56958,92.8,10.5,4
2026-08-05 10:05:38,56963,89.6,10.5,4
2026-08-05 10:05:43,56968,86.4,10.5,4
2026-08-05 10:05:48,56973,84.1,10.5,4
2026-08-05 10:05:53,56978,82.5,10.5,4
2026-08-05 10:05:58,56983,81.1,10.4,4
2026-08-05 10:06:03,56989,84.7,10.5,4
2026-08-05 10:06:09,56994,84.3,10.5,4
2026-08-05 10:06:14,56999,85.9,10.5,4
2026-08-05 10:06:19,57004,87.0,10.5,4
2026-08-05 10:06:24,57009,83.3,10.5,4
2026-08-05 10:06:29,57014,80.2,10.5,4
2026-08-05 10:06:34,57019,89.8,10.5,4
2026-08-05 10:06:39,57024,92.1,10.5,4
2026-08-05 10:06:44,57029,89.6,10.5,4
2026-08-05 10:06:49,57034,85.8,10.5,4
2026-08-05 10:06:54,57039,87.5,10.5,4
2026-08-05 10:06:59,57045,80.0,10.5,4
2026-08-05 10:07:05,57050,82.7,10.5,4
2026-08-05 10:07:10,57055,87.3,10.5,4
2026-08-05 10:07:15,57060,83.8,10.5,4
2026-08-05 10:07:20,57065,85.3,10.5,4
2026-08-05 10:07:25,57070,82.1,10.5,4
2026-08-05 10:07:30,57075,80.2,10.5,4
2026-08-05 10:07:35,57080,90.1,10.5,4
2026-08-05 10:07:40,57085,92.0,10.5,4
2026-08-05 10:07:45,57090,87.5,10.5,4
2026-08-05 10:07:50,57096,89.8,10.5,4
2026-08-05 10:07:55,57101,86.8,10.5,4
2026-08-05 10:08:01,57106,83.5,10.5,4
2026-08-05 10:08:06,57111,83.5,10.5,4
2026-08-05 10:08:11,57116,85.9,10.5,4
2026-08-05 10:08:16,57121,92.3,10.5,4
2026-08-05 10:08:21,57126,95.6,10.5,4
2026-08-05 10:08:26,57131,94.2,10.5,4
2026-08-05 10:08:31,57136,96.3,10.5,4
2026-08-05 10:08:36,57141,95.7,10.5,4
2026-08-05 10:08:41,57146,94.9,10.5,4
2026-08-05 10:08:46,57152,94.6,10.5,4
2026-08-05 10:08:52,57157,92.7,10.5,4
2026-08-05 10:08:57,57162,91.5,10.5,4
2026-08-05 10:09:02,57167,84.6,10.5,4
2026-08-05 10:09:07,57172,82.5,10.5,4
2026-08-05 10:09:12,57177,89.2,10.5,4
2026-08-05 10:09:17,57182,87.2,10.5,4
2026-08-05 10:09:22,57187,90.4,10.5,4
2026-08-05 10:09:27,57192,95.9,10.5,4
2026-08-05 10:09:32,57197,96.2,10.5,4
2026-08-05 10:09:37,57203,94.9,10.5,4
2026-08-05 10:09:43,57208,94.8,10.5,4
2026-08-05 10:09:48,57213,92.6,10.5,4
2026-08-05 10:09:53,57218,90.9,10.5,4
2026-08-05 10:09:58,57223,90.6,10.5,4
2026-08-05 10:10:03,57228,96.1,10.5,4
2026-08-05 10:10:08,57233,89.7,10.5,4
2026-08-05 10:10:13,57238,88.2,10.5,4
2026-08-05 10:10:18,57243,86.6,10.5,4
2026-08-05 10:10:23,57248,86.4,10.5,4
2026-08-05 10:10:28,57254,89.6,10.5,4
2026-08-05 10:10:34,57259,89.9,10.5,4
2026-08-05 10:10:39,57264,91.6,10.5,4
2026-08-05 10:10:44,57269,91.2,10.5,4
2026-08-05 10:10:49,57274,91.0,10.5,4
2026-08-05 10:10:54,57279,92.2,10.5,4
2026-08-05 10:10:59,57284,93.1,10.5,4
2026-08-05 10:11:04,57289,90.2,10.5,4
2026-08-05 10:11:09,57294,89.9,10.5,4
2026-08-05 10:11:14,57299,92.1,10.5,4
2026-08-05 10:11:19,57304,92.7,10.5,4
2026-08-05 10:11:24,57310,93.7,10.5,4
2026-08-05 10:11:30,57315,91.5,10.5,4
2026-08-05 10:11:35,57320,92.2,10.5,4
2026-08-05 10:11:40,57325,88.3,10.5,4
2026-08-05 10:11:45,57330,82.8,10.5,4
2026-08-05 10:11:50,57335,79.2,10.5,4
2026-08-05 10:11:55,57340,81.9,10.5,4
2026-08-05 10:12:00,57345,84.6,10.5,4
2026-08-05 10:12:05,57350,73.6,10.5,4
2026-08-05 10:12:10,57355,74.0,10.5,4
2026-08-05 10:12:15,57360,81.6,10.5,4
2026-08-05 10:12:20,57365,74.3,10.5,4
2026-08-05 10:12:25,57371,74.3,10.5,4
2026-08-05 10:12:31,57376,86.7,10.5,4
2026-08-05 10:12:36,57381,90.3,10.5,4
2026-08-05 10:12:41,57386,89.7,10.5,4
2026-08-05 10:12:46,57391,94.6,10.5,4
2026-08-05 10:12:51,57396,92.1,10.5,4
2026-08-05 10:12:56,57401,89.4,10.5,4
2026-08-05 10:13:01,57406,91.8,10.5,4
2026-08-05 10:13:06,57411,94.3,10.4,4
2026-08-05 10:13:11,57416,90.5,10.5,4
2026-08-05 10:13:16,57422,91.7,10.5,4
2026-08-05 10:13:22,57427,93.0,10.5,4
2026-08-05 10:13:27,57432,94.5,10.4,4
2026-08-05 10:13:32,57437,90.1,10.5,4
2026-08-05 10:13:37,57442,86.3,10.4,4
2026-08-05 10:13:42,57447,79.1,10.4,4
2026-08-05 10:13:47,57452,78.7,10.5,4
2026-08-05 10:13:52,57457,81.9,10.5,4
2026-08-05 10:13:57,57462,76.2,10.5,4
2026-08-05 10:14:02,57467,79.7,10.4,4
2026-08-05 10:14:07,57472,80.8,10.5,4
2026-08-05 10:14:12,57477,81.8,10.4,4
2026-08-05 10:14:17,57483,84.8,10.5,4
2026-08-05 10:14:23,57488,86.3,10.4,4
2026-08-05 10:14:28,57493,84.8,10.4,4
2026-08-05 10:14:33,57498,87.0,10.4,4
2026-08-05 10:14:38,57503,89.8,10.4,4
2026-08-05 10:14:43,57508,87.3,10.4,4
2026-08-05 10:14:48,57513,85.8,10.5,4
2026-08-05 10:14:53,57518,91.3,10.4,4
2026-08-05 10:14:58,57523,86.2,10.5,4
2026-08-05 10:15:03,57528,87.8,10.5,4
2026-08-05 10:15:08,57533,91.0,10.4,4
2026-08-05 10:15:13,57539,92.2,10.4,4
2026-08-05 10:15:19,57544,89.5,10.4,4
2026-08-05 10:15:24,57549,89.1,10.4,4
2026-08-05 10:15:29,57554,80.7,10.4,4
2026-08-05 10:15:34,57559,80.1,10.5,4
2026-08-05 10:15:39,57564,79.1,10.4,4
2026-08-05 10:15:44,57569,72.8,10.5,4
2026-08-05 10:15:49,57574,92.4,10.5,4
2026-08-05 10:15:54,57579,92.5,10.5,4
2026-08-05 10:15:59,57584,93.6,10.5,4
2026-08-05 10:16:04,57590,96.7,10.5,4
2026-08-05 10:16:10,57595,96.8,10.5,4
2026-08-05 10:16:15,57600,97.2,10.5,4
2026-08-05 10:16:20,57605,98.1,10.5,4
2026-08-05 10:16:25,57610,97.9,10.5,4
2026-08-05 10:16:30,57615,98.0,10.5,4
2026-08-05 10:16:35,57620,97.1,10.5,4
2026-08-05 10:16:40,57625,97.1,10.5,4
2026-08-05 10:16:45,57630,97.6,10.5,4
2026-08-05 10:16:50,57635,97.1,10.5,4
2026-08-05 10:16:55,57641,95.9,10.5,4
2026-08-05 10:17:01,57646,94.7,10.5,4
2026-08-05 10:17:06,57651,95.3,10.5,4
2026-08-05 10:17:11,57656,96.3,10.5,4
2026-08-05 10:17:16,57661,96.8,10.5,4
2026-08-05 10:17:21,57666,92.5,10.5,4
2026-08-05 10:17:26,57671,90.2,10.5,4
2026-08-05 10:17:31,57676,91.0,10.5,4
2026-08-05 10:17:36,57681,89.3,10.5,4
2026-08-05 10:17:41,57686,91.0,10.5,4
2026-08-05 10:17:46,57692,89.9,10.5,4
2026-08-05 10:17:52,57697,86.1,10.5,4
2026-08-05 10:17:57,57702,86.3,10.5,4
2026-08-05 10:18:02,57707,90.4,10.5,4
2026-08-05 10:18:07,57712,94.2,10.5,4
2026-08-05 10:18:12,57717,93.5,10.5,4
2026-08-05 10:18:17,57722,92.9,10.4,4
2026-08-05 10:18:22,57727,84.1,10.5,4
2026-08-05 10:18:27,57732,84.5,10.4,4
2026-08-05 10:18:32,57737,81.4,10.4,4
2026-08-05 10:18:37,57742,88.1,10.4,4
2026-08-05 10:18:42,57748,87.2,10.4,4
2026-08-05 10:18:48,57753,84.8,10.4,4
2026-08-05 10:18:53,57758,83.9,10.4,4
2026-08-05 10:18:58,57763,81.0,10.4,4
2026-08-05 10:19:03,57768,86.6,10.5,4
2026-08-05 10:19:08,57773,86.8,10.4,4
2026-08-05 10:19:13,57778,87.9,10.5,4
2026-08-05 10:19:18,57783,86.2,10.5,4
2026-08-05 10:19:23,57788,80.7,10.5,4
2026-08-05 10:19:28,57793,75.2,10.5,4
2026-08-05 10:19:33,57798,78.0,10.5,4
2026-08-05 10:19:38,57804,75.1,10.5,4
2026-08-05 10:19:43,57809,81.5,10.5,4
2026-08-05 10:19:49,57814,83.8,10.5,4
2026-08-05 10:19:54,57819,76.7,10.5,4
2026-08-05 10:19:59,57824,81.4,10.5,4
2026-08-05 10:20:04,57829,82.4,10.5,4
2026-08-05 10:20:09,57834,75.2,10.5,4
2026-08-05 10:20:14,57839,70.1,10.5,4
2026-08-05 10:20:19,57844,71.4,10.5,4
2026-08-05 10:20:24,57849,72.7,10.5,4
2026-08-05 10:20:29,57854,83.5,10.5,4
2026-08-05 10:20:34,57859,83.0,10.4,4
2026-08-05 10:20:39,57864,91.9,10.4,4
2026-08-05 10:20:44,57870,89.7,10.4,4
2026-08-05 10:20:50,57875,93.0,10.4,4
2026-08-05 10:20:55,57880,91.0,10.4,4
2026-08-05 10:21:00,57885,93.7,10.4,4
2026-08-05 10:21:05,57890,95.1,10.4,4
2026-08-05 10:21:10,57895,94.6,10.4,4
2026-08-05 10:21:15,57900,92.4,10.4,4
2026-08-05 10:21:20,57905,88.8,10.4,4
2026-08-05 10:21:25,57910,88.5,10.4,4
2026-08-05 10:21:30,57915,90.6,10.4,4
2026-08-05 10:21:35,57921,93.2,10.4,4
2026-08-05 10:21:40,57926,90.0,10.4,4
2026-08-05 10:21:46,57931,84.1,10.4,4
2026-08-05 10:21:51,57936,85.9,10.4,4
2026-08-05 10:21:56,57941,84.3,10.5,4
2026-08-05 10:22:01,57946,83.8,10.5,4
2026-08-05 10:22:06,57951,89.9,10.4,4
2026-08-05 10:22:11,57956,89.0,10.4,4
2026-08-05 10:22:16,57961,87.8,10.5,4
2026-08-05 10:22:21,57966,89.3,10.5,4
2026-08-05 10:22:26,57971,81.1,10.5,4
2026-08-05 10:22:31,57976,79.2,10.5,4
2026-08-05 10:22:36,57982,83.4,10.5,4
2026-08-05 10:22:42,57987,84.8,10.5,4
2026-08-05 10:22:47,57992,93.9,10.5,4
2026-08-05 10:22:52,57997,91.3,10.5,4
2026-08-05 10:22:57,58002,93.4,10.5,4
2026-08-05 10:23:02,58007,93.6,10.5,4
2026-08-05 10:23:07,58012,91.4,10.5,4
2026-08-05 10:23:12,58017,85.7,10.5,4
2026-08-05 10:23:17,58022,92.1,10.5,4
2026-08-05 10:23:22,58027,94.1,10.5,4
2026-08-05 10:23:27,58033,95.8,10.5,4
2026-08-05 10:23:33,58038,93.2,10.5,4
2026-08-05 10:23:38,58043,96.7,10.5,4
2026-08-05 10:23:43,58048,96.2,10.5,4
2026-08-05 10:23:48,58053,97.3,10.5,4
2026-08-05 10:23:53,58058,95.1,10.5,4
2026-08-05 10:23:58,58063,95.4,10.5,4
2026-08-05 10:24:03,58068,97.1,10.4,4
2026-08-05 10:24:08,58073,95.9,10.5,4
2026-08-05 10:24:13,58079,94.6,10.5,4
2026-08-05 10:24:19,58084,95.7,10.4,4
2026-08-05 10:24:24,58089,95.8,10.4,4
2026-08-05 10:24:29,58094,94.3,10.5,4
2026-08-05 10:24:34,58099,92.7,10.4,4
2026-08-05 10:24:39,58104,95.5,10.5,4
2026-08-05 10:24:44,58109,96.4,10.5,4
2026-08-05 10:24:49,58114,95.9,10.5,4
2026-08-05 10:24:54,58119,93.1,10.4,4
2026-08-05 10:24:59,58124,90.1,10.5,4
2026-08-05 10:25:04,58130,88.0,10.4,4
2026-08-05 10:25:10,58135,82.0,10.4,4
2026-08-05 10:25:15,58140,80.5,10.4,4
2026-08-05 10:25:20,58145,81.6,10.4,4
2026-08-05 10:25:25,58150,81.4,10.4,4
2026-08-05 10:25:30,58155,79.8,10.5,4
2026-08-05 10:25:35,58160,78.0,10.4,4
2026-08-05 10:25:40,58165,85.9,10.4,4
2026-08-05 10:25:45,58170,91.6,10.5,4
2026-08-05 10:25:50,58175,88.9,10.5,4
2026-08-05 10:25:55,58180,82.9,10.5,4
2026-08-05 10:26:00,58185,83.4,10.4,4
2026-08-05 10:26:05,58191,77.7,10.5,4
2026-08-05 10:26:11,58196,80.3,10.4,4
2026-08-05 10:26:16,58201,79.0,10.5,4
2026-08-05 10:26:21,58206,79.2,10.5,4
2026-08-05 10:26:26,58211,83.2,10.4,4
2026-08-05 10:26:31,58216,80.9,10.5,4
2026-08-05 10:26:36,58221,82.1,10.4,4
2026-08-05 10:26:41,58226,89.9,10.4,4
2026-08-05 10:26:46,58231,90.9,10.4,4
2026-08-05 10:26:51,58236,87.1,10.4,4
2026-08-05 10:26:56,58241,82.8,10.5,4
2026-08-05 10:27:01,58246,88.2,10.5,4
2026-08-05 10:27:06,58252,86.7,10.5,4
2026-08-05 10:27:12,58257,90.0,10.5,4
2026-08-05 10:27:17,58262,90.2,10.5,4
2026-08-05 10:27:22,58267,83.5,10.5,4
2026-08-05 10:27:27,58272,82.3,10.5,4
2026-08-05 10:27:32,58277,76.8,10.5,4
2026-08-05 10:27:37,58282,78.6,10.5,4
2026-08-05 10:27:42,58287,83.0,10.5,4
2026-08-05 10:27:47,58292,87.0,10.5,4
2026-08-05 10:27:52,58297,88.2,10.5,4
2026-08-05 10:27:57,58302,87.4,10.5,4
2026-08-05 10:28:02,58308,90.5,10.5,4
2026-08-05 10:28:07,58313,84.9,10.5,4
2026-08-05 10:28:13,58318,75.0,10.6,4
2026-08-05 10:28:18,58323,75.6,10.5,4
2026-08-05 10:28:23,58328,73.1,10.5,4
2026-08-05 10:28:28,58333,80.4,10.6,4
2026-08-05 10:28:33,58338,80.1,10.6,4
2026-08-05 10:28:38,58343,78.9,10.6,4
2026-08-05 10:28:43,58348,91.6,10.5,4
2026-08-05 10:28:48,58353,95.8,10.5,4
2026-08-05 10:28:53,58358,91.2,10.5,4
2026-08-05 10:28:58,58363,95.3,10.5,4
2026-08-05 10:29:03,58369,95.5,10.5,4
2026-08-05 10:29:09,58374,93.1,10.5,4
2026-08-05 10:29:14,58379,91.6,10.5,4
2026-08-05 10:29:19,58384,93.7,10.5,4
2026-08-05 10:29:24,58389,91.5,10.5,4
2026-08-05 10:29:29,58394,94.9,10.5,4
2026-08-05 10:29:34,58399,95.4,10.5,4
2026-08-05 10:29:39,58404,96.8,10.5,4
2026-08-05 10:29:44,58409,97.6,10.5,4
2026-08-05 10:29:49,58415,97.6,10.5,4
2026-08-05 10:29:55,58420,96.5,10.4,4
2026-08-05 10:30:00,58425,93.7,10.5,4
2026-08-05 10:30:05,58430,92.6,10.5,4
2026-08-05 10:30:10,58435,89.3,10.5,4
2026-08-05 10:30:15,58440,86.9,10.5,4
2026-08-05 10:30:20,58445,92.3,10.5,4
2026-08-05 10:30:25,58450,92.7,10.5,4
2026-08-05 10:30:30,58455,92.2,10.5,4
2026-08-05 10:30:35,58460,90.0,10.5,4
2026-08-05 10:30:40,58465,83.8,10.5,4
2026-08-05 10:30:45,58471,84.1,10.4,4
2026-08-05 10:30:51,58476,89.0,10.4,4
2026-08-05 10:30:56,58481,89.0,10.5,4
2026-08-05 10:31:01,58486,93.3,10.5,4
2026-08-05 10:31:06,58491,95.5,10.5,4
2026-08-05 10:31:11,58496,94.1,10.5,4
2026-08-05 10:31:16,58501,96.5,10.5,4
2026-08-05 10:31:21,58506,97.1,10.5,4
2026-08-05 10:31:26,58511,96.9,10.5,4
2026-08-05 10:31:31,58517,94.6,10.5,4
2026-08-05 10:31:37,58522,95.6,10.5,4
2026-08-05 10:31:42,58527,94.8,10.5,4
2026-08-05 10:31:47,58532,89.5,10.5,4
2026-08-05 10:31:52,58537,89.9,10.5,4
2026-08-05 10:31:57,58542,89.5,10.5,4
2026-08-05 10:32:02,58547,90.1,10.4,4
2026-08-05 10:32:07,58552,92.2,10.5,4
2026-08-05 10:32:12,58557,88.2,10.5,4
2026-08-05 10:32:17,58562,86.7,10.4,4
2026-08-05 10:32:22,58568,88.1,10.4,4
2026-08-05 10:32:28,58573,86.2,10.5,4
2026-08-05 10:32:33,58578,83.8,10.5,4
2026-08-05 10:32:38,58583,85.3,10.5,4
2026-08-05 10:32:43,58588,85.4,10.4,4
2026-08-05 10:32:48,58593,85.0,10.5,4
2026-08-05 10:32:53,58598,79.3,10.5,4
2026-08-05 10:32:58,58603,80.6,10.4,4
2026-08-05 10:33:03,58608,80.5,10.4,4
2026-08-05 10:33:08,58613,78.3,10.4,4
2026-08-05 10:33:13,58618,80.1,10.4,4
2026-08-05 10:33:18,58623,79.1,10.4,4
2026-08-05 10:33:23,58629,79.9,10.4,4
2026-08-05 10:33:29,58634,83.1,10.4,4
2026-08-05 10:33:34,58639,83.5,10.4,4
2026-08-05 10:33:39,58644,81.4,10.4,4
2026-08-05 10:33:44,58649,81.8,10.4,4
2026-08-05 10:33:49,58654,85.9,10.4,4
2026-08-05 10:33:54,58659,84.9,10.4,4
2026-08-05 10:33:59,58664,87.2,10.4,4
2026-08-05 10:34:04,58669,80.8,10.4,4
2026-08-05 10:34:09,58674,84.6,10.4,4
2026-08-05 10:34:14,58679,82.0,10.4,4
2026-08-05 10:34:19,58684,83.2,10.4,4
2026-08-05 10:34:24,58690,85.7,10.4,4
2026-08-05 10:34:30,58695,87.6,10.4,4
2026-08-05 10:34:35,58700,87.1,10.4,4
2026-08-05 10:34:40,58705,86.9,10.4,4
2026-08-05 10:34:45,58710,90.2,10.4,4
2026-08-05 10:34:50,58715,84.2,10.5,4
2026-08-05 10:34:55,58720,82.7,10.5,4
2026-08-05 10:35:00,58725,81.7,10.5,4
2026-08-05 10:35:05,58730,76.9,10.5,4
2026-08-05 10:35:10,58735,81.0,10.5,4
2026-08-05 10:35:15,58740,78.5,10.5,4
2026-08-05 10:35:20,58746,81.7,10.5,4
2026-08-05 10:35:26,58751,84.8,10.5,4
2026-08-05 10:35:31,58756,90.8,10.5,4
2026-08-05 10:35:36,58761,88.8,10.5,4
2026-08-05 10:35:41,58766,88.4,10.5,4
2026-08-05 10:35:46,58771,77.6,10.5,4
2026-08-05 10:35:51,58776,73.6,10.5,4
2026-08-05 10:35:56,58781,74.4,10.6,4
2026-08-05 10:36:01,58786,87.5,10.6,4
2026-08-05 10:36:06,58791,93.3,10.5,4
2026-08-05 10:36:11,58796,92.6,10.5,4
2026-08-05 10:36:16,58801,93.5,10.5,4
2026-08-05 10:36:22,58807,94.8,10.5,4
2026-08-05 10:36:27,58812,87.3,10.5,4
2026-08-05 10:36:32,58817,85.9,10.5,4
2026-08-05 10:36:37,58822,91.0,10.5,4
2026-08-05 10:36:42,58827,86.4,10.5,4
2026-08-05 10:36:47,58832,84.6,10.5,4
2026-08-05 10:36:52,58837,94.7,10.4,4
2026-08-05 10:36:57,58842,96.5,10.4,4
2026-08-05 10:37:02,58847,97.0,10.5,4
2026-08-05 10:37:07,58853,97.8,10.4,4
2026-08-05 10:37:13,58858,97.6,10.4,4
2026-08-05 10:37:18,58863,97.5,10.4,4
2026-08-05 10:37:23,58868,97.9,10.5,4
2026-08-05 10:37:28,58873,98.1,10.5,4
2026-08-05 10:37:33,58878,98.0,10.5,4
2026-08-05 10:37:38,58883,97.0,10.5,4
2026-08-05 10:37:43,58888,97.1,10.5,4
2026-08-05 10:37:48,58893,98.0,10.5,4
2026-08-05 10:37:53,58899,97.9,10.5,4
2026-08-05 10:37:59,58904,98.0,10.5,4
2026-08-05 10:38:04,58909,98.0,10.5,4
2026-08-05 10:38:09,58914,94.9,10.4,4
2026-08-05 10:38:14,58919,92.6,10.5,4
2026-08-05 10:38:19,58924,90.4,10.5,4
2026-08-05 10:38:24,58929,89.9,10.5,4
2026-08-05 10:38:29,58934,82.5,10.5,4
2026-08-05 10:38:34,58939,84.6,10.5,4
2026-08-05 10:38:39,58945,91.9,10.5,4
2026-08-05 10:38:45,58950,88.8,10.5,4
2026-08-05 10:38:50,58955,94.8,10.5,4
2026-08-05 10:38:55,58960,93.7,10.5,4
2026-08-05 10:39:00,58965,91.2,10.5,4
2026-08-05 10:39:05,58970,89.3,10.5,4
2026-08-05 10:39:10,58975,93.4,10.5,4
2026-08-05 10:39:15,58980,90.7,10.5,4
2026-08-05 10:39:20,58985,91.7,10.5,4
2026-08-05 10:39:25,58990,91.4,10.5,4
2026-08-05 10:39:30,58996,91.3,10.5,4
2026-08-05 10:39:36,59001,92.4,10.5,4
2026-08-05 10:39:41,59006,90.5,10.5,4
2026-08-05 10:39:46,59011,89.4,10.5,4
2026-08-05 10:39:51,59016,87.9,10.5,4
2026-08-05 10:39:56,59021,86.6,10.5,4
2026-08-05 10:40:01,59026,82.5,10.5,4
2026-08-05 10:40:06,59031,82.1,10.5,4
2026-08-05 10:40:11,59036,81.4,10.5,4
2026-08-05 10:40:16,59041,82.9,10.5,4
2026-08-05 10:40:21,59046,86.5,10.5,4
2026-08-05 10:40:26,59052,81.9,10.5,4
2026-08-05 10:40:32,59057,85.8,10.5,4
2026-08-05 10:40:37,59062,78.3,10.5,4
2026-08-05 10:40:42,59067,83.3,10.5,4
2026-08-05 10:40:47,59072,86.4,10.4,4
2026-08-05 10:40:52,59077,82.5,10.4,4
2026-08-05 10:40:57,59082,83.1,10.5,4
2026-08-05 10:41:02,59087,83.5,10.5,4
2026-08-05 10:41:07,59092,81.0,10.5,4
2026-08-05 10:41:12,59097,85.5,10.5,4
2026-08-05 10:41:17,59102,78.4,10.4,4
2026-08-05 10:41:22,59107,80.8,10.5,4
2026-08-05 10:41:27,59113,82.6,10.4,4
2026-08-05 10:41:33,59118,81.8,10.5,4
2026-08-05 10:41:38,59123,82.6,10.4,4
2026-08-05 10:41:43,59128,86.3,10.4,4
2026-08-05 10:41:48,59133,84.4,10.5,4
2026-08-05 10:41:53,59138,88.5,10.5,4
2026-08-05 10:41:58,59143,88.5,10.4,4
2026-08-05 10:42:03,59148,88.3,10.4,4
2026-08-05 10:42:08,59153,85.2,10.4,4
2026-08-05 10:42:13,59158,88.2,10.4,4
2026-08-05 10:42:18,59163,89.4,10.4,4
2026-08-05 10:42:23,59169,88.0,10.4,4
2026-08-05 10:42:29,59174,90.7,10.4,4
2026-08-05 10:42:34,59179,82.3,10.4,4
2026-08-05 10:42:39,59184,76.9,10.4,4
2026-08-05 10:42:44,59189,78.2,10.5,4
2026-08-05 10:42:49,59194,77.3,10.4,4
2026-08-05 10:42:54,59199,90.9,10.4,4
2026-08-05 10:42:59,59204,92.4,10.4,4
2026-08-05 10:43:04,59209,94.1,10.4,4
2026-08-05 10:43:09,59214,96.4,10.4,4
2026-08-05 10:43:14,59220,96.5,10.4,4
2026-08-05 10:43:20,59225,92.2,10.4,4
2026-08-05 10:43:25,59230,91.3,10.4,4
2026-08-05 10:43:30,59235,94.0,10.4,4
2026-08-05 10:43:35,59240,89.9,10.4,4
2026-08-05 10:43:40,59245,92.4,10.4,4
2026-08-05 10:43:45,59250,94.8,10.4,4
2026-08-05 10:43:50,59255,94.3,10.4,4
2026-08-05 10:43:55,59260,90.5,10.4,4
2026-08-05 10:44:00,59265,87.3,10.5,4
2026-08-05 10:44:05,59270,87.5,10.5,4
2026-08-05 10:44:10,59276,91.7,10.5,4
2026-08-05 10:44:16,59281,93.0,10.5,4
2026-08-05 10:44:21,59286,93.0,10.5,4
2026-08-05 10:44:26,59291,93.5,10.5,4
2026-08-05 10:44:31,59296,88.3,10.5,4
2026-08-05 10:44:36,59301,84.8,10.6,4
2026-08-05 10:44:41,59306,91.0,10.5,4
2026-08-05 10:44:46,59311,89.7,10.5,4
2026-08-05 10:44:51,59316,90.1,10.4,4
2026-08-05 10:44:56,59321,95.5,10.4,4
2026-08-05 10:45:01,59327,96.8,10.4,4
2026-08-05 10:45:07,59332,95.6,10.4,4
2026-08-05 10:45:12,59337,97.0,10.4,4
2026-08-05 10:45:17,59342,95.5,10.4,4
2026-08-05 10:45:22,59347,96.1,10.5,4
2026-08-05 10:45:27,59352,94.5,10.4,4
2026-08-05 10:45:32,59357,93.7,10.5,4
2026-08-05 10:45:37,59362,92.5,10.4,4
2026-08-05 10:45:42,59367,86.2,10.4,4
2026-08-05 10:45:47,59372,84.1,10.4,4
2026-08-05 10:45:52,59377,91.1,10.4,4
2026-08-05 10:45:57,59383,88.5,10.4,4
2026-08-05 10:46:03,59388,88.4,10.4,4
2026-08-05 10:46:08,59393,88.9,10.4,4
2026-08-05 10:46:13,59398,92.1,10.4,4
2026-08-05 10:46:18,59403,90.8,10.5,4
2026-08-05 10:46:23,59408,95.3,10.4,4
2026-08-05 10:46:28,59413,90.8,10.4,4
2026-08-05 10:46:33,59418,88.3,10.4,4
2026-08-05 10:46:38,59423,88.4,10.4,4
2026-08-05 10:46:43,59428,93.7,10.5,4
2026-08-05 10:46:48,59434,89.4,10.4,4
2026-08-05 10:46:54,59439,89.6,10.5,4
2026-08-05 10:46:59,59444,94.1,10.4,4
2026-08-05 10:47:04,59449,93.7,10.4,4
2026-08-05 10:47:09,59454,90.3,10.4,4
2026-08-05 10:47:14,59459,86.2,10.4,4
2026-08-05 10:47:19,59464,85.6,10.4,4
2026-08-05 10:47:24,59469,85.9,10.4,4
2026-08-05 10:47:29,59474,86.5,10.4,4
2026-08-05 10:47:34,59479,86.8,10.4,4
2026-08-05 10:47:39,59484,82.3,10.4,4
2026-08-05 10:47:44,59490,81.2,10.4,4
2026-08-05 10:47:50,59495,82.7,10.4,4
2026-08-05 10:47:55,59500,80.5,10.4,4
2026-08-05 10:48:00,59505,82.9,10.4,4
2026-08-05 10:48:05,59510,81.9,10.4,4
2026-08-05 10:48:10,59515,84.3,10.4,4
2026-08-05 10:48:15,59520,89.0,10.4,4
2026-08-05 10:48:20,59525,85.9,10.4,4
2026-08-05 10:48:25,59530,87.5,10.4,4
2026-08-05 10:48:30,59535,88.5,10.4,4
2026-08-05 10:48:35,59540,89.6,10.4,4
2026-08-05 10:48:40,59546,85.0,10.4,4
2026-08-05 10:48:46,59551,89.5,10.4,4
2026-08-05 10:48:51,59556,90.4,10.4,4
2026-08-05 10:48:56,59561,88.3,10.4,4
2026-08-05 10:49:01,59566,92.1,10.4,4
2026-08-05 10:49:06,59571,92.8,10.4,4
2026-08-05 10:49:11,59576,87.7,10.4,4
2026-08-05 10:49:16,59581,83.4,10.4,4
2026-08-05 10:49:21,59586,72.8,10.4,4
2026-08-05 10:49:26,59591,72.6,10.4,4
2026-08-05 10:49:31,59596,76.6,10.4,4
2026-08-05 10:49:36,59601,82.6,10.4,4
2026-08-05 10:49:41,59607,90.3,10.4,4
2026-08-05 10:49:47,59612,93.9,10.4,4
2026-08-05 10:49:52,59617,95.7,10.4,4
2026-08-05 10:49:57,59622,96.7,10.4,4
2026-08-05 10:50:02,59627,93.2,10.4,4
2026-08-05 10:50:07,59632,88.9,10.4,4
2026-08-05 10:50:12,59637,91.1,10.4,4
2026-08-05 10:50:17,59642,92.8,10.4,4
2026-08-05 10:50:22,59647,88.6,10.4,4
2026-08-05 10:50:27,59652,92.8,10.4,4
2026-08-05 10:50:32,59658,93.6,10.4,4
2026-08-05 10:50:38,59663,89.4,10.4,4
2026-08-05 10:50:43,59668,90.8,10.4,4
2026-08-05 10:50:48,59673,90.2,10.4,4
2026-08-05 10:50:53,59678,89.3,10.4,4
2026-08-05 10:50:58,59683,89.0,10.4,4
2026-08-05 10:51:03,59688,92.9,10.4,4
2026-08-05 10:51:08,59693,92.3,10.4,4
2026-08-05 10:51:13,59698,91.2,10.4,4
2026-08-05 10:51:18,59703,92.4,10.4,4
2026-08-05 10:51:23,59709,91.2,10.4,4
2026-08-05 10:51:29,59714,92.1,10.4,4
2026-08-05 10:51:34,59719,91.4,10.4,4
2026-08-05 10:51:39,59724,90.8,10.5,4
2026-08-05 10:51:44,59729,91.1,10.5,4
2026-08-05 10:51:49,59734,90.2,10.5,4
2026-08-05 10:51:54,59739,82.9,10.5,4
2026-08-05 10:51:59,59744,79.1,10.5,4
2026-08-05 10:52:04,59749,82.8,10.5,4
2026-08-05 10:52:09,59754,83.9,10.5,4
2026-08-05 10:52:14,59759,82.9,10.5,4
2026-08-05 10:52:19,59764,81.5,10.5,4
2026-08-05 10:52:24,59770,81.3,10.5,4
2026-08-05 10:52:30,59775,87.5,10.5,4
2026-08-05 10:52:35,59780,81.5,10.4,4
2026-08-05 10:52:40,59785,78.1,10.5,4
2026-08-05 10:52:45,59790,78.9,10.5,4
2026-08-05 10:52:50,59795,78.4,10.5,4
2026-08-05 10:52:55,59800,78.9,10.5,4
2026-08-05 10:53:00,59805,81.4,10.4,4
2026-08-05 10:53:05,59810,92.5,10.4,4
2026-08-05 10:53:10,59815,86.1,10.4,4
2026-08-05 10:53:15,59820,93.6,10.5,4
2026-08-05 10:53:20,59826,92.3,10.4,4
2026-08-05 10:53:26,59831,89.0,10.4,4
2026-08-05 10:53:31,59836,93.4,10.4,4
2026-08-05 10:53:36,59841,96.4,10.4,4
2026-08-05 10:53:41,59846,95.3,10.4,4
2026-08-05 10:53:46,59851,96.0,10.4,4
2026-08-05 10:53:51,59856,96.8,10.4,4
2026-08-05 10:53:56,59861,96.5,10.4,4
2026-08-05 10:54:01,59867,95.8,10.4,4
2026-08-05 10:54:07,59872,96.3,10.4,4
2026-08-05 10:54:12,59877,97.1,10.4,4
2026-08-05 10:54:17,59882,86.9,10.4,4
2026-08-05 10:54:22,59887,85.7,10.4,4
2026-08-05 10:54:27,59892,87.9,10.4,4
2026-08-05 10:54:32,59897,86.7,10.4,4
2026-08-05 10:54:37,59902,88.1,10.4,4
2026-08-05 10:54:42,59907,88.0,10.4,4
2026-08-05 10:54:47,59912,91.3,10.4,4
2026-08-05 10:54:52,59918,90.7,10.4,4
2026-08-05 10:54:57,59923,86.1,10.4,4
2026-08-05 10:55:03,59928,84.1,10.4,4
2026-08-05 10:55:08,59933,85.0,10.4,4
2026-08-05 10:55:13,59938,84.1,10.4,4
2026-08-05 10:55:18,59943,82.9,10.4,4
2026-08-05 10:55:23,59948,82.6,10.4,4
2026-08-05 10:55:28,59953,85.8,10.4,4
2026-08-05 10:55:33,59958,88.3,10.4,4
2026-08-05 10:55:38,59963,84.3,10.4,4
2026-08-05 10:55:43,59968,89.3,10.4,4
2026-08-05 10:55:48,59973,89.4,10.4,4
2026-08-05 10:55:53,59979,88.2,10.4,4
2026-08-05 10:55:59,59984,81.0,10.5,4
2026-08-05 10:56:04,59989,74.8,10.4,4
2026-08-05 10:56:09,59994,74.1,10.4,4
2026-08-05 10:56:14,59999,77.6,10.4,4
2026-08-05 10:56:19,60004,77.3,10.4,4
2026-08-05 10:56:24,60009,92.7,10.4,4
2026-08-05 10:56:29,60014,92.4,10.4,4
2026-08-05 10:56:34,60019,95.6,10.4,4
2026-08-05 10:56:39,60024,94.3,10.4,4
2026-08-05 10:56:44,60030,94.2,10.4,4
2026-08-05 10:56:50,60035,91.8,10.4,4
2026-08-05 10:56:55,60040,96.0,10.4,4
2026-08-05 10:57:00,60045,92.5,10.4,4
2026-08-05 10:57:05,60050,86.8,10.4,4
2026-08-05 10:57:10,60055,93.2,10.4,4
2026-08-05 10:57:15,60060,93.2,10.5,4
2026-08-05 10:57:20,60065,90.3,10.4,4
2026-08-05 10:57:25,60070,89.9,10.4,4
2026-08-05 10:57:30,60075,90.8,10.5,4
2026-08-05 10:57:35,60080,86.2,10.5,4
2026-08-05 10:57:40,60086,85.9,10.4,4
2026-08-05 10:57:46,60091,89.2,10.4,4
2026-08-05 10:57:51,60096,87.5,10.4,4
2026-08-05 10:57:56,60101,87.2,10.5,4
2026-08-05 10:58:01,60106,89.3,10.4,4
2026-08-05 10:58:06,60111,94.3,10.4,4
2026-08-05 10:58:11,60116,94.5,10.4,4
2026-08-05 10:58:16,60121,92.5,10.4,4
2026-08-05 10:58:21,60126,94.7,10.4,4
2026-08-05 10:58:26,60131,91.7,10.4,4
2026-08-05 10:58:31,60137,87.9,10.4,4
2026-08-05 10:58:37,60142,85.4,10.4,4
2026-08-05 10:58:42,60147,82.7,10.4,4
2026-08-05 10:58:47,60152,87.4,10.4,4
2026-08-05 10:58:52,60157,89.2,10.4,4
2026-08-05 10:58:57,60162,82.8,10.4,4
2026-08-05 10:59:02,60167,82.9,10.4,4
2026-08-05 10:59:07,60172,86.1,10.4,4
2026-08-05 10:59:12,60177,87.9,10.4,4
2026-08-05 10:59:17,60182,87.1,10.4,4
2026-08-05 10:59:22,60187,91.2,10.4,4
2026-08-05 10:59:27,60192,92.3,10.4,4
2026-08-05 10:59:32,60198,88.5,10.4,4
2026-08-05 10:59:38,60203,87.9,10.4,4
2026-08-05 10:59:43,60208,83.1,10.5,4
2026-08-05 10:59:48,60213,79.0,10.5,4
2026-08-05 10:59:53,60218,78.4,10.5,4
2026-08-05 10:59:58,60223,79.8,10.5,4
2026-08-05 11:00:03,60228,83.9,10.5,4
2026-08-05 11:00:08,60233,83.0,10.5,4
2026-08-05 11:00:13,60238,84.0,10.5,4
2026-08-05 11:00:18,60243,88.2,10.5,4
2026-08-05 11:00:23,60248,89.6,10.5,4
2026-08-05 11:00:28,60254,88.5,10.5,4
2026-08-05 11:00:33,60259,84.5,10.5,4
2026-08-05 11:00:39,60264,73.9,10.5,4
2026-08-05 11:00:44,60269,75.5,10.5,4
2026-08-05 11:00:49,60274,73.4,10.4,4
2026-08-05 11:00:54,60279,76.6,10.5,4
2026-08-05 11:00:59,60284,84.6,10.5,4
2026-08-05 11:01:04,60289,87.8,10.5,4
2026-08-05 11:01:09,60294,94.4,10.4,4
2026-08-05 11:01:14,60299,97.0,10.4,4
2026-08-05 11:01:19,60304,96.6,10.4,4
2026-08-05 11:01:24,60310,97.8,10.4,4
2026-08-05 11:01:30,60315,97.5,10.4,4
2026-08-05 11:01:35,60320,98.0,10.4,4
2026-08-05 11:01:40,60325,97.7,10.4,4
2026-08-05 11:01:45,60330,96.1,10.4,4
2026-08-05 11:01:50,60335,96.2,10.4,4
2026-08-05 11:01:55,60340,95.6,10.4,4
2026-08-05 11:02:00,60345,95.9,10.4,4
2026-08-05 11:02:05,60350,96.4,10.4,4
2026-08-05 11:02:10,60356,97.1,10.4,4
2026-08-05 11:02:16,60361,96.3,10.4,4
2026-08-05 11:02:21,60366,95.3,10.4,4
2026-08-05 11:02:26,60371,91.9,10.4,4
2026-08-05 11:02:31,60376,86.5,10.4,4
2026-08-05 11:02:36,60381,84.0,10.4,4
2026-08-05 11:02:41,60386,84.5,10.4,4
2026-08-05 11:02:46,60391,74.9,10.4,4
2026-08-05 11:02:51,60396,75.0,10.4,4
2026-08-05 11:02:56,60401,76.2,10.4,4
2026-08-05 11:03:01,60406,77.5,10.4,4
2026-08-05 11:03:07,60412,86.5,10.4,4
2026-08-05 11:03:12,60417,90.1,10.4,4
2026-08-05 11:03:17,60422,92.0,10.4,4
2026-08-05 11:03:22,60427,94.3,10.4,4
2026-08-05 11:03:27,60432,91.7,10.4,4
2026-08-05 11:03:32,60437,90.1,10.4,4
2026-08-05 11:03:37,60442,90.3,10.4,4
2026-08-05 11:03:42,60447,91.4,10.4,4
2026-08-05 11:03:47,60452,88.7,10.4,4
2026-08-05 11:03:52,60457,88.3,10.4,4
2026-08-05 11:03:57,60463,88.7,10.4,4
2026-08-05 11:04:03,60468,87.5,10.4,4
2026-08-05 11:04:08,60473,89.4,10.4,4
2026-08-05 11:04:13,60478,85.7,10.4,4
2026-08-05 11:04:18,60483,89.4,10.4,4
2026-08-05 11:04:23,60488,90.3,10.4,4
2026-08-05 11:04:28,60493,92.5,10.4,4
2026-08-05 11:04:33,60498,89.9,10.4,4
2026-08-05 11:04:38,60503,88.7,10.4,4
2026-08-05 11:04:43,60508,90.8,10.4,4
2026-08-05 11:04:48,60513,94.1,10.4,4
2026-08-05 11:04:54,60519,94.1,10.4,4
2026-08-05 11:04:59,60524,90.9,10.4,4
2026-08-05 11:05:04,60529,91.5,10.4,4
2026-08-05 11:05:09,60534,87.9,10.4,4
2026-08-05 11:05:14,60539,87.4,10.4,4
2026-08-05 11:05:19,60544,82.0,10.4,4
2026-08-05 11:05:24,60549,80.7,10.4,4
2026-08-05 11:05:29,60554,84.0,10.4,4
2026-08-05 11:05:34,60559,82.4,10.4,4
2026-08-05 11:05:39,60564,82.1,10.4,4
2026-08-05 11:05:44,60569,79.4,10.4,4
2026-08-05 11:05:49,60575,84.8,10.4,4
2026-08-05 11:05:55,60580,88.0,10.4,4
2026-08-05 11:06:00,60585,80.6,10.4,4
2026-08-05 11:06:05,60590,86.2,10.4,4
2026-08-05 11:06:10,60595,87.3,10.4,4
2026-08-05 11:06:15,60600,84.7,10.4,4
2026-08-05 11:06:20,60605,88.3,10.4,4
2026-08-05 11:06:25,60610,82.3,10.4,4
2026-08-05 11:06:30,60615,78.2,10.4,4
2026-08-05 11:06:35,60620,77.5,10.4,4
2026-08-05 11:06:40,60625,78.8,10.4,4
2026-08-05 11:06:45,60630,84.6,10.4,4
2026-08-05 11:06:50,60636,85.2,10.4,4
2026-08-05 11:06:56,60641,87.0,10.4,4
2026-08-05 11:07:01,60646,83.0,10.4,4
2026-08-05 11:07:06,60651,81.4,10.4,4
2026-08-05 11:07:11,60656,83.9,10.4,4
2026-08-05 11:07:16,60661,85.1,10.4,4
2026-08-05 11:07:21,60666,90.5,10.4,4
2026-08-05 11:07:26,60671,93.2,10.4,4
2026-08-05 11:07:31,60676,90.6,10.4,4
2026-08-05 11:07:36,60681,88.0,10.4,4
2026-08-05 11:07:41,60686,77.1,10.4,4
2026-08-05 11:07:46,60691,79.1,10.5,4
2026-08-05 11:07:51,60697,88.3,10.4,4
2026-08-05 11:07:57,60702,88.3,10.4,4
2026-08-05 11:08:02,60707,88.7,10.4,4
2026-08-05 11:08:07,60712,88.7,10.4,4
2026-08-05 11:08:12,60717,74.1,10.5,4
2026-08-05 11:08:17,60722,77.2,10.5,4
2026-08-05 11:08:22,60727,79.7,10.5,4
2026-08-05 11:08:27,60732,86.1,10.4,4
2026-08-05 11:08:32,60737,95.4,10.5,4
2026-08-05 11:08:37,60742,94.8,10.5,4
2026-08-05 11:08:42,60747,97.1,10.4,4
2026-08-05 11:08:47,60753,95.0,10.4,4
2026-08-05 11:08:53,60758,92.2,10.4,4
2026-08-05 11:08:58,60763,91.1,10.5,4
2026-08-05 11:09:03,60768,93.8,10.5,4
2026-08-05 11:09:08,60773,92.7,10.5,4
2026-08-05 11:09:13,60778,90.4,10.4,4
2026-08-05 11:09:18,60783,95.9,10.4,4
2026-08-05 11:09:23,60788,94.9,10.4,4
2026-08-05 11:09:28,60793,96.3,10.4,4
2026-08-05 11:09:33,60799,97.3,10.4,4
2026-08-05 11:09:39,60804,97.2,10.4,4
2026-08-05 11:09:44,60809,96.5,10.4,4
2026-08-05 11:09:49,60814,98.0,10.4,4
2026-08-05 11:09:54,60819,97.8,10.4,4
2026-08-05 11:09:59,60824,97.7,10.4,4
2026-08-05 11:10:04,60829,97.9,10.4,4
2026-08-05 11:10:09,60834,97.6,10.4,4
2026-08-05 11:10:14,60840,97.8,10.4,4
2026-08-05 11:10:20,60845,96.9,10.4,4
2026-08-05 11:10:25,60850,95.1,10.4,4
2026-08-05 11:10:30,60855,92.2,10.4,4
2026-08-05 11:10:35,60860,82.8,10.4,4
2026-08-05 11:10:40,60865,83.7,10.4,4
2026-08-05 11:10:45,60870,88.1,10.4,4
2026-08-05 11:10:50,60875,86.4,10.4,4
2026-08-05 11:10:55,60880,89.3,10.4,4
2026-08-05 11:11:00,60885,89.7,10.4,4
2026-08-05 11:11:05,60891,89.4,10.4,4
2026-08-05 11:11:11,60896,89.0,10.4,4
2026-08-05 11:11:16,60901,90.8,10.4,4
2026-08-05 11:11:21,60906,91.8,10.4,4
2026-08-05 11:11:26,60911,93.0,10.4,4
2026-08-05 11:11:31,60916,88.5,10.4,4
2026-08-05 11:11:36,60921,88.5,10.4,4
2026-08-05 11:11:41,60926,92.1,10.4,4
2026-08-05 11:11:46,60931,90.5,10.4,4
2026-08-05 11:11:51,60936,88.8,10.4,4
2026-08-05 11:11:56,60941,92.4,10.4,4
2026-08-05 11:12:02,60947,85.3,10.4,4
2026-08-05 11:12:07,60952,84.1,10.4,4
2026-08-05 11:12:12,60957,82.3,10.4,4
2026-08-05 11:12:17,60962,83.3,10.4,4
2026-08-05 11:12:22,60967,84.7,10.4,4
2026-08-05 11:12:27,60972,80.9,10.4,4
2026-08-05 11:12:32,60977,80.2,10.4,4
2026-08-05 11:12:37,60982,85.6,10.4,4
2026-08-05 11:12:42,60987,80.9,10.4,4
2026-08-05 11:12:47,60992,83.2,10.4,4
2026-08-05 11:12:52,60997,84.5,10.4,4
2026-08-05 11:12:57,61002,81.4,10.4,4
2026-08-05 11:13:03,61008,77.2,10.4,4
2026-08-05 11:13:08,61013,77.3,10.4,4
2026-08-05 11:13:13,61018,82.0,10.4,4
2026-08-05 11:13:18,61023,83.9,10.4,4
2026-08-05 11:13:23,61028,84.3,10.4,4
2026-08-05 11:13:28,61033,86.8,10.4,4
2026-08-05 11:13:33,61038,77.3,10.4,4
2026-08-05 11:13:38,61043,81.8,10.4,4
2026-08-05 11:13:43,61048,80.6,10.4,4
2026-08-05 11:13:48,61053,80.2,10.4,4
2026-08-05 11:13:53,61058,84.3,10.4,4
2026-08-05 11:13:58,61063,78.8,10.4,4
2026-08-05 11:14:04,61069,79.0,10.4,4
2026-08-05 11:14:09,61074,89.7,10.4,4
2026-08-05 11:14:14,61079,83.5,10.4,4
2026-08-05 11:14:19,61084,85.9,10.4,4
2026-08-05 11:14:24,61089,82.3,10.4,4
2026-08-05 11:14:29,61094,79.0,10.4,4
2026-08-05 11:14:34,61099,83.8,10.4,4
2026-08-05 11:14:39,61104,87.6,10.4,4
2026-08-05 11:14:44,61109,87.4,10.4,4
2026-08-05 11:14:49,61114,85.4,10.4,4
2026-08-05 11:14:54,61119,87.5,10.4,4
2026-08-05 11:14:59,61125,86.9,10.4,4
2026-08-05 11:15:05,61130,86.0,10.4,4
2026-08-05 11:15:10,61135,86.6,10.5,4
2026-08-05 11:15:15,61140,84.0,10.5,4
2026-08-05 11:15:20,61145,88.5,10.4,4
2026-08-05 11:15:25,61150,90.6,10.5,4
2026-08-05 11:15:30,61155,84.8,10.4,4
2026-08-05 11:15:35,61160,87.6,10.5,4
2026-08-05 11:15:40,61165,78.3,10.5,4
2026-08-05 11:15:45,61170,76.4,10.5,4
2026-08-05 11:15:50,61175,81.1,10.5,4
2026-08-05 11:15:55,61180,74.9,10.5,4
2026-08-05 11:16:00,61186,84.2,10.5,4
2026-08-05 11:16:06,61191,91.4,10.5,4
2026-08-05 11:16:11,61196,94.6,10.5,4
2026-08-05 11:16:16,61201,95.8,10.5,4
2026-08-05 11:16:21,61206,97.2,10.5,4
2026-08-05 11:16:26,61211,97.3,10.4,4
2026-08-05 11:16:31,61216,97.5,10.4,4
2026-08-05 11:16:36,61221,98.1,10.4,4
2026-08-05 11:16:41,61226,98.1,10.4,4
2026-08-05 11:16:46,61232,97.8,10.4,4
2026-08-05 11:16:52,61237,97.0,10.4,4
2026-08-05 11:16:57,61242,95.3,10.4,4
2026-08-05 11:17:02,61247,95.8,10.4,4
2026-08-05 11:17:07,61252,92.6,10.4,4
2026-08-05 11:17:12,61257,91.4,10.4,4
2026-08-05 11:17:17,61262,91.2,10.4,4
2026-08-05 11:17:22,61267,96.2,10.4,4
2026-08-05 11:17:27,61272,97.0,10.4,4
2026-08-05 11:17:32,61278,94.3,10.4,4
2026-08-05 11:17:38,61283,96.7,10.4,4
2026-08-05 11:17:43,61288,97.0,10.4,4
2026-08-05 11:17:48,61293,97.1,10.4,4
2026-08-05 11:17:53,61298,94.6,10.4,4
2026-08-05 11:17:58,61303,97.2,10.4,4
2026-08-05 11:18:03,61308,97.2,10.4,4
2026-08-05 11:18:08,61313,96.4,10.4,4
2026-08-05 11:18:13,61318,91.9,10.4,4
2026-08-05 11:18:18,61324,94.3,10.4,4
2026-08-05 11:18:24,61329,95.9,10.4,4
2026-08-05 11:18:29,61334,95.0,10.4,4
2026-08-05 11:18:34,61339,95.3,10.4,4
2026-08-05 11:18:39,61344,92.8,10.4,4
2026-08-05 11:18:44,61349,86.0,10.4,4
2026-08-05 11:18:49,61354,79.7,10.4,4
2026-08-05 11:18:54,61359,79.7,10.4,4
2026-08-05 11:18:59,61364,80.6,10.4,4
2026-08-05 11:19:04,61369,78.7,10.4,4
2026-08-05 11:19:09,61374,79.6,10.4,4
2026-08-05 11:19:14,61380,83.7,10.4,4
2026-08-05 11:19:19,61385,81.5,10.4,4
2026-08-05 11:19:25,61390,87.2,10.4,4
2026-08-05 11:19:30,61395,86.7,10.4,4
2026-08-05 11:19:35,61400,85.5,10.4,4
2026-08-05 11:19:40,61405,85.4,10.4,4
2026-08-05 11:19:45,61410,77.8,10.4,4
2026-08-05 11:19:50,61415,85.8,10.4,4
2026-08-05 11:19:55,61420,85.4,10.4,4
2026-08-05 11:20:00,61425,84.8,10.4,4
2026-08-05 11:20:05,61430,85.5,10.4,4
2026-08-05 11:20:10,61435,83.5,10.4,4
2026-08-05 11:20:15,61441,84.2,10.4,4
2026-08-05 11:20:21,61446,83.9,10.4,4
2026-08-05 11:20:26,61451,79.9,10.4,4
2026-08-05 11:20:31,61456,86.6,10.4,4
2026-08-05 11:20:36,61461,85.9,10.4,4
2026-08-05 11:20:41,61466,84.7,10.4,4
2026-08-05 11:20:46,61471,84.6,10.4,4
2026-08-05 11:20:51,61476,91.3,10.4,4
2026-08-05 11:20:56,61481,92.2,10.4,4
2026-08-05 11:21:01,61486,76.8,10.4,4
2026-08-05 11:21:06,61491,76.2,10.4,4
2026-08-05 11:21:11,61497,81.4,10.4,4
2026-08-05 11:21:16,61502,78.7,10.4,4
2026-08-05 11:21:22,61507,89.9,10.4,4
2026-08-05 11:21:27,61512,85.7,10.4,4
2026-08-05 11:21:32,61517,84.6,10.4,4
2026-08-05 11:21:37,61522,83.0,10.4,4
2026-08-05 11:21:42,61527,79.6,10.4,4
2026-08-05 11:21:47,61532,80.3,10.4,4
2026-08-05 11:21:52,61537,88.5,10.4,4
2026-08-05 11:21:57,61542,90.5,10.4,4
2026-08-05 11:22:02,61547,89.6,10.4,4
2026-08-05 11:22:07,61552,89.2,10.4,4
2026-08-05 11:22:13,61558,92.4,10.4,4
2026-08-05 11:22:18,61563,89.9,10.4,4
2026-08-05 11:22:23,61568,87.7,10.4,4
2026-08-05 11:22:28,61573,89.6,10.4,4
2026-08-05 11:22:33,61578,87.5,10.4,4
2026-08-05 11:22:38,61583,89.9,10.4,4
2026-08-05 11:22:43,61588,88.3,10.4,4
2026-08-05 11:22:48,61593,84.9,10.4,4
2026-08-05 11:22:53,61598,81.9,10.4,4
2026-08-05 11:22:58,61603,84.4,10.4,4
2026-08-05 11:23:03,61609,80.5,10.5,4
2026-08-05 11:23:09,61614,91.0,10.5,4
2026-08-05 11:23:14,61619,84.3,10.4,4
2026-08-05 11:23:19,61624,91.8,10.5,4
2026-08-05 11:23:24,61629,92.1,10.5,4
2026-08-05 11:23:29,61634,88.6,10.5,4
2026-08-05 11:23:34,61639,91.4,10.5,4
2026-08-05 11:23:39,61644,96.9,10.4,4
2026-08-05 11:23:44,61649,94.9,10.4,4
2026-08-05 11:23:49,61655,96.7,10.5,4
2026-08-05 11:23:54,61660,97.2,10.4,4
2026-08-05 11:24:00,61665,97.4,10.4,4
2026-08-05 11:24:05,61670,96.0,10.4,4
2026-08-05 11:24:10,61675,96.8,10.5,4
2026-08-05 11:24:15,61680,97.1,10.4,4
2026-08-05 11:24:20,61685,95.4,10.5,4
2026-08-05 11:24:25,61690,91.5,10.5,4
2026-08-05 11:24:30,61695,94.8,10.5,4
2026-08-05 11:24:35,61701,96.8,10.5,4
2026-08-05 11:24:41,61706,97.5,10.4,4
2026-08-05 11:24:46,61711,97.6,10.4,4
2026-08-05 11:24:51,61716,95.6,10.5,4
2026-08-05 11:24:56,61721,95.3,10.5,4
2026-08-05 11:25:01,61726,93.3,10.4,4
2026-08-05 11:25:06,61731,87.1,10.5,4
2026-08-05 11:25:11,61736,83.4,10.5,4
2026-08-05 11:25:16,61741,87.6,10.5,4
2026-08-05 11:25:21,61746,81.3,10.4,4
2026-08-05 11:25:26,61752,80.1,10.4,4
2026-08-05 11:25:32,61757,94.2,10.4,4
2026-08-05 11:25:37,61762,90.0,10.4,4
2026-08-05 11:25:42,61767,95.0,10.4,4
2026-08-05 11:25:47,61772,93.2,10.4,4
2026-08-05 11:25:52,61777,91.7,10.4,4
2026-08-05 11:25:57,61782,91.2,10.4,4
2026-08-05 11:26:02,61787,93.1,10.4,4
2026-08-05 11:26:07,61792,90.5,10.4,4
2026-08-05 11:26:12,61797,89.4,10.4,4
2026-08-05 11:26:17,61803,89.8,10.4,4
2026-08-05 11:26:22,61808,92.5,10.4,4
2026-08-05 11:26:28,61813,88.9,10.4,4
2026-08-05 11:26:33,61818,78.9,10.4,4
2026-08-05 11:26:38,61823,75.1,10.4,4
2026-08-05 11:26:43,61828,77.9,10.4,4
2026-08-05 11:26:48,61833,80.8,10.4,4
2026-08-05 11:26:53,61838,79.8,10.4,4
2026-08-05 11:26:58,61843,84.7,10.4,4
2026-08-05 11:27:03,61848,80.1,10.4,4
2026-08-05 11:27:08,61853,86.2,10.4,4
2026-08-05 11:27:13,61858,86.5,10.4,4
2026-08-05 11:27:18,61864,85.4,10.4,4
2026-08-05 11:27:24,61869,85.4,10.4,4
2026-08-05 11:27:29,61874,84.0,10.4,4
2026-08-05 11:27:34,61879,85.5,10.4,4
2026-08-05 11:27:39,61884,84.8,10.4,4
2026-08-05 11:27:44,61889,78.7,10.4,4
2026-08-05 11:27:49,61894,79.9,10.4,4
2026-08-05 11:27:54,61899,74.9,10.4,4
2026-08-05 11:27:59,61904,75.7,10.4,4
2026-08-05 11:28:04,61909,80.6,10.4,4
2026-08-05 11:28:09,61914,83.2,10.4,4
2026-08-05 11:28:14,61919,83.4,10.4,4
2026-08-05 11:28:19,61925,86.4,10.4,4
2026-08-05 11:28:25,61930,84.7,10.4,4
2026-08-05 11:28:30,61935,85.2,10.4,4
2026-08-05 11:28:35,61940,86.1,10.4,4
2026-08-05 11:28:40,61945,88.5,10.4,4
2026-08-05 11:28:45,61950,85.5,10.4,4
2026-08-05 11:28:50,61955,90.6,10.4,4
2026-08-05 11:28:55,61960,87.0,10.4,4
2026-08-05 11:29:00,61965,79.7,10.4,4
2026-08-05 11:29:05,61970,87.6,10.4,4
2026-08-05 11:29:10,61975,90.4,10.4,4
2026-08-05 11:29:15,61980,90.7,10.4,4
2026-08-05 11:29:21,61986,88.6,10.4,4
2026-08-05 11:29:26,61991,83.4,10.4,4
2026-08-05 11:29:31,61996,74.8,10.4,4
2026-08-05 11:29:36,62001,78.8,10.4,4
2026-08-05 11:29:41,62006,77.1,10.4,4
2026-08-05 11:29:46,62011,85.0,10.4,4
2026-08-05 11:29:51,62016,94.7,10.4,4
2026-08-05 11:29:56,62021,93.3,10.4,4
2026-08-05 11:30:01,62026,96.5,10.4,4
2026-08-05 11:30:06,62031,96.4,10.4,4
2026-08-05 11:30:11,62037,97.5,10.4,4
2026-08-05 11:30:17,62042,96.0,10.4,4
2026-08-05 11:30:22,62047,94.1,10.4,4
2026-08-05 11:30:27,62052,95.1,10.4,4
2026-08-05 11:30:32,62057,93.3,10.4,4
2026-08-05 11:30:37,62062,93.0,10.4,4
2026-08-05 11:30:42,62067,95.1,10.4,4
2026-08-05 11:30:47,62072,95.9,10.4,4
2026-08-05 11:30:52,62077,92.4,10.4,4
2026-08-05 11:30:57,62082,79.3,10.5,4
2026-08-05 11:31:02,62087,86.6,10.4,4
2026-08-05 11:31:07,62093,86.2,10.5,4
2026-08-05 11:31:13,62098,94.2,10.5,4
2026-08-05 11:31:18,62103,96.7,10.4,4
2026-08-05 11:31:23,62108,97.2,10.4,4
2026-08-05 11:31:28,62113,98.0,10.4,4
2026-08-05 11:31:33,62118,97.1,10.4,4
2026-08-05 11:31:38,62123,96.8,10.4,4
2026-08-05 11:31:43,62128,97.0,10.4,4
2026-08-05 11:31:48,62134,96.6,10.4,4
2026-08-05 11:31:54,62139,97.7,10.4,4
2026-08-05 11:31:59,62144,94.9,10.5,4
2026-08-05 11:32:04,62149,92.9,10.5,4
2026-08-05 11:32:09,62154,91.8,10.5,4
2026-08-05 11:32:14,62159,94.2,10.5,4
2026-08-05 11:32:19,62164,88.6,10.5,4
2026-08-05 11:32:24,62169,92.3,10.5,4
2026-08-05 11:32:29,62174,92.9,10.4,4
2026-08-05 11:32:34,62179,92.1,10.5,4
2026-08-05 11:32:39,62184,86.8,10.5,4
2026-08-05 11:32:44,62190,80.1,10.5,4
2026-08-05 11:32:50,62195,89.1,10.5,4
2026-08-05 11:32:55,62200,82.7,10.5,4
2026-08-05 11:33:00,62205,81.7,10.5,4
2026-08-05 11:33:05,62210,78.1,10.5,4
2026-08-05 11:33:10,62215,69.3,10.5,4
2026-08-05 11:33:15,62220,69.4,10.5,4
2026-08-05 11:33:20,62225,74.6,10.5,4
2026-08-05 11:33:25,62230,73.2,10.5,4
2026-08-05 11:33:30,62235,75.0,10.5,4
2026-08-05 11:33:35,62240,89.0,10.4,4
2026-08-05 11:33:40,62246,88.3,10.4,4
2026-08-05 11:33:46,62251,94.1,10.4,4
2026-08-05 11:33:51,62256,94.6,10.4,4
2026-08-05 11:33:56,62261,95.0,10.4,4
2026-08-05 11:34:01,62266,89.1,10.4,4
2026-08-05 11:34:06,62271,89.9,10.4,4
2026-08-05 11:34:11,62276,88.4,10.4,4
2026-08-05 11:34:16,62281,87.9,10.4,4
2026-08-05 11:34:21,62286,91.1,10.4,4
2026-08-05 11:34:26,62291,92.3,10.4,4
2026-08-05 11:34:31,62297,89.4,10.4,4
2026-08-05 11:34:36,62302,85.0,10.4,4
2026-08-05 11:34:42,62307,76.4,10.4,4
2026-08-05 11:34:47,62312,75.9,10.4,4
2026-08-05 11:34:52,62317,85.3,10.4,4
2026-08-05 11:34:57,62322,82.7,10.4,4
2026-08-05 11:35:02,62327,84.1,10.4,4
2026-08-05 11:35:07,62332,84.6,10.4,4
2026-08-05 11:35:12,62337,80.9,10.4,4
2026-08-05 11:35:17,62342,83.1,10.4,4
2026-08-05 11:35:22,62347,80.8,10.4,4
2026-08-05 11:35:27,62352,81.7,10.4,4
2026-08-05 11:35:32,62358,85.2,10.4,4
2026-08-05 11:35:38,62363,84.2,10.4,4
2026-08-05 11:35:43,62368,80.0,10.4,4
2026-08-05 11:35:48,62373,86.2,10.4,4
2026-08-05 11:35:53,62378,90.6,10.4,4
2026-08-05 11:35:58,62383,89.9,10.4,4
2026-08-05 11:36:03,62388,84.9,10.4,4
2026-08-05 11:36:08,62393,81.7,10.4,4
2026-08-05 11:36:13,62398,75.4,10.4,4
2026-08-05 11:36:18,62403,80.1,10.4,4
2026-08-05 11:36:23,62408,84.2,10.4,4
2026-08-05 11:36:28,62414,78.5,10.4,4
2026-08-05 11:36:34,62419,93.4,10.4,4
2026-08-05 11:36:39,62424,89.7,10.4,4
2026-08-05 11:36:44,62429,93.6,10.4,4
2026-08-05 11:36:49,62434,92.3,10.4,4
2026-08-05 11:36:54,62439,94.3,10.4,4
2026-08-05 11:36:59,62444,91.6,10.4,4
2026-08-05 11:37:04,62449,94.4,10.4,4
2026-08-05 11:37:09,62454,88.5,10.4,4
2026-08-05 11:37:14,62459,90.3,10.4,4
2026-08-05 11:37:19,62464,94.0,10.4,4
2026-08-05 11:37:24,62470,94.0,10.4,4
2026-08-05 11:37:30,62475,94.7,10.4,4
2026-08-05 11:37:35,62480,92.4,10.4,4
2026-08-05 11:37:40,62485,90.5,10.4,4
2026-08-05 11:37:45,62490,91.7,10.4,4
2026-08-05 11:37:50,62495,92.9,10.4,4
2026-08-05 11:37:55,62500,91.6,10.4,4
2026-08-05 11:38:00,62505,94.5,10.4,4
2026-08-05 11:38:05,62510,94.7,10.4,4
2026-08-05 11:38:10,62515,93.3,10.4,4
2026-08-05 11:38:15,62521,91.5,10.4,4
2026-08-05 11:38:21,62526,91.6,10.4,4
2026-08-05 11:38:26,62531,86.9,10.4,4
2026-08-05 11:38:31,62536,89.9,10.4,4
2026-08-05 11:38:36,62541,88.1,10.4,4
2026-08-05 11:38:41,62546,81.8,10.4,4
2026-08-05 11:38:46,62551,87.6,10.4,4
2026-08-05 11:38:51,62556,91.3,10.4,4
2026-08-05 11:38:56,62561,93.2,10.4,4
2026-08-05 11:39:01,62566,96.7,10.4,4
2026-08-05 11:39:06,62572,96.1,10.4,4
2026-08-05 11:39:12,62577,93.7,10.4,4
2026-08-05 11:39:17,62582,90.9,10.4,4
2026-08-05 11:39:22,62587,93.3,10.4,4
2026-08-05 11:39:27,62592,88.4,10.4,4
2026-08-05 11:39:32,62597,89.5,10.4,4
2026-08-05 11:39:37,62602,93.3,10.4,4
2026-08-05 11:39:42,62607,94.6,10.4,4
2026-08-05 11:39:47,62612,93.4,10.4,4
2026-08-05 11:39:52,62618,89.9,10.4,4
2026-08-05 11:39:58,62623,86.3,10.4,4
2026-08-05 11:40:03,62628,84.5,10.5,4
2026-08-05 11:40:08,62633,75.0,10.4,4
2026-08-05 11:40:13,62638,76.6,10.5,4
2026-08-05 11:40:18,62643,78.0,10.4,4
2026-08-05 11:40:23,62648,79.9,10.4,4
2026-08-05 11:40:28,62653,87.4,10.5,4
2026-08-05 11:40:33,62658,87.3,10.4,4
2026-08-05 11:40:38,62663,76.0,10.5,4
2026-08-05 11:40:43,62668,79.8,10.4,4
2026-08-05 11:40:48,62674,78.9,10.4,4
2026-08-05 11:40:53,62679,87.1,10.5,4
2026-08-05 11:40:59,62684,88.1,10.5,4
2026-08-05 11:41:04,62689,81.9,10.5,4
2026-08-05 11:41:09,62694,79.6,10.5,4
2026-08-05 11:41:14,62699,74.9,10.5,4
2026-08-05 11:41:19,62704,72.4,10.5,4
2026-08-05 11:41:24,62709,79.4,10.5,4
2026-08-05 11:41:29,62714,77.7,10.5,4
2026-08-05 11:41:34,62719,78.8,10.5,4
2026-08-05 11:41:39,62724,87.3,10.4,4
2026-08-05 11:41:44,62729,96.0,10.4,4
2026-08-05 11:41:49,62735,94.5,10.4,4
2026-08-05 11:41:55,62740,97.0,10.4,4
2026-08-05 11:42:00,62745,96.9,10.4,4
2026-08-05 11:42:05,62750,95.4,10.4,4
2026-08-05 11:42:10,62755,87.7,10.4,4
2026-08-05 11:42:15,62760,94.0,10.4,4
2026-08-05 11:42:20,62765,93.8,10.4,4
2026-08-05 11:42:25,62770,90.0,10.4,4
2026-08-05 11:42:30,62775,91.4,10.4,4
2026-08-05 11:42:35,62781,95.0,10.4,4
2026-08-05 11:42:41,62786,93.3,10.4,4
2026-08-05 11:42:46,62791,93.1,10.4,4
2026-08-05 11:42:51,62796,77.3,10.4,4
2026-08-05 11:42:56,62801,70.4,10.4,4
2026-08-05 11:43:01,62806,81.1,10.4,4
2026-08-05 11:43:06,62811,81.1,10.4,4
2026-08-05 11:43:11,62816,84.9,10.4,4
2026-08-05 11:43:16,62821,93.9,10.4,4
2026-08-05 11:43:21,62826,93.0,10.4,4
2026-08-05 11:43:26,62831,96.5,10.4,4
2026-08-05 11:43:31,62836,93.3,10.4,4
2026-08-05 11:43:37,62842,91.2,10.4,4
2026-08-05 11:43:42,62847,90.1,10.4,4
2026-08-05 11:43:47,62852,90.8,10.4,4
2026-08-05 11:43:52,62857,89.2,10.4,4
2026-08-05 11:43:57,62862,91.7,10.4,4
2026-08-05 11:44:02,62867,87.8,10.4,4
2026-08-05 11:44:07,62872,89.9,10.4,4
2026-08-05 11:44:12,62877,88.8,10.4,4
2026-08-05 11:44:17,62882,85.6,10.4,4
2026-08-05 11:44:22,62887,86.9,10.4,4
2026-08-05 11:44:27,62892,89.0,10.4,4
2026-08-05 11:44:32,62898,91.8,10.4,4
2026-08-05 11:44:38,62903,93.1,10.4,4
2026-08-05 11:44:43,62908,92.3,10.4,4
2026-08-05 11:44:48,62913,87.2,10.4,4
2026-08-05 11:44:53,62918,89.8,10.4,4
2026-08-05 11:44:58,62923,92.4,10.4,4
2026-08-05 11:45:03,62928,91.1,10.4,4
2026-08-05 11:45:08,62933,91.0,10.4,4
2026-08-05 11:45:13,62938,93.7,10.4,4
2026-08-05 11:45:18,62943,91.4,10.4,4
2026-08-05 11:45:23,62949,84.7,10.4,4
2026-08-05 11:45:29,62954,81.0,10.4,4
2026-08-05 11:45:34,62959,87.1,10.4,4
2026-08-05 11:45:39,62964,92.2,10.4,4
2026-08-05 11:45:44,62969,87.8,10.4,4
2026-08-05 11:45:49,62974,86.9,10.4,4
2026-08-05 11:45:54,62979,79.8,10.4,4
2026-08-05 11:45:59,62984,76.5,10.4,4
2026-08-05 11:46:04,62989,80.7,10.4,4
2026-08-05 11:46:09,62994,80.2,10.4,4
2026-08-05 11:46:14,62999,89.3,10.4,4
2026-08-05 11:46:19,63004,91.2,10.4,4
2026-08-05 11:46:24,63010,91.4,10.4,4
2026-08-05 11:46:30,63015,93.0,10.4,4
2026-08-05 11:46:35,63020,90.6,10.4,4
2026-08-05 11:46:40,63025,92.5,10.4,4
2026-08-05 11:46:45,63030,94.0,10.4,4
2026-08-05 11:46:50,63035,90.0,10.4,4
2026-08-05 11:46:55,63040,88.1,10.4,4
2026-08-05 11:47:00,63045,85.7,10.4,4
2026-08-05 11:47:05,63050,93.0,10.4,4
2026-08-05 11:47:10,63056,92.6,10.4,4
2026-08-05 11:47:16,63061,93.8,10.4,4
2026-08-05 11:47:21,63066,87.1,10.4,4
2026-08-05 11:47:26,63071,87.1,10.4,4
2026-08-05 11:47:31,63076,84.6,10.4,4
2026-08-05 11:47:36,63081,81.1,10.4,4
2026-08-05 11:47:41,63086,87.0,10.4,4
2026-08-05 11:47:46,63091,82.0,10.4,4
2026-08-05 11:47:51,63096,84.6,10.4,4
2026-08-05 11:47:56,63101,84.1,10.4,4
2026-08-05 11:48:01,63106,81.3,10.4,4
2026-08-05 11:48:06,63112,84.4,10.4,4
2026-08-05 11:48:12,63117,77.9,10.4,4
2026-08-05 11:48:17,63122,80.3,10.4,4
2026-08-05 11:48:22,63127,88.2,10.5,4
2026-08-05 11:48:27,63132,83.9,10.4,4
2026-08-05 11:48:32,63137,82.8,10.4,4
2026-08-05 11:48:37,63142,86.1,10.4,4
2026-08-05 11:48:42,63147,86.7,10.4,4
2026-08-05 11:48:47,63152,80.0,10.4,4
2026-08-05 11:48:52,63157,82.6,10.4,4
2026-08-05 11:48:57,63162,81.9,10.5,4
2026-08-05 11:49:02,63167,82.7,10.5,4
2026-08-05 11:49:07,63173,84.1,10.5,4
2026-08-05 11:49:13,63178,85.8,10.4,4
2026-08-05 11:49:18,63183,83.9,10.4,4
2026-08-05 11:49:23,63188,74.5,10.4,4
2026-08-05 11:49:28,63193,65.7,10.4,4
2026-08-05 11:49:33,63198,70.3,10.5,4
2026-08-05 11:49:38,63203,81.7,10.5,4
2026-08-05 11:49:43,63208,83.2,10.5,4
2026-08-05 11:49:48,63213,96.1,10.4,4
2026-08-05 11:49:53,63218,96.7,10.4,4
2026-08-05 11:49:58,63224,96.8,10.4,4
2026-08-05 11:50:04,63229,97.6,10.4,4
2026-08-05 11:50:09,63234,97.4,10.4,4
2026-08-05 11:50:14,63239,97.1,10.4,4
2026-08-05 11:50:19,63244,96.4,10.4,4
2026-08-05 11:50:24,63249,97.2,10.4,4
2026-08-05 11:50:29,63254,96.9,10.4,4
2026-08-05 11:50:34,63259,93.2,10.4,4
2026-08-05 11:50:39,63264,92.3,10.4,4
2026-08-05 11:50:44,63269,94.2,10.4,4
2026-08-05 11:50:49,63275,95.6,10.4,4
2026-08-05 11:50:55,63280,96.9,10.4,4
2026-08-05 11:51:00,63285,95.2,10.4,4
2026-08-05 11:51:05,63290,87.0,10.4,4
2026-08-05 11:51:10,63295,88.3,10.4,4
2026-08-05 11:51:15,63300,90.1,10.4,4
2026-08-05 11:51:20,63305,91.7,10.4,4
2026-08-05 11:51:25,63310,91.7,10.4,4
2026-08-05 11:51:30,63315,90.7,10.4,4
2026-08-05 11:51:35,63320,89.8,10.4,4
2026-08-05 11:51:40,63325,93.4,10.4,4
2026-08-05 11:51:46,63331,93.1,10.4,4
2026-08-05 11:51:51,63336,89.7,10.4,4
2026-08-05 11:51:56,63341,93.9,10.4,4
2026-08-05 11:52:01,63346,92.8,10.4,4
2026-08-05 11:52:06,63351,84.9,10.4,4
2026-08-05 11:52:11,63356,85.3,10.4,4
2026-08-05 11:52:16,63361,86.4,10.4,4
2026-08-05 11:52:21,63366,89.8,10.4,4
2026-08-05 11:52:26,63371,89.8,10.4,4
2026-08-05 11:52:31,63376,88.2,10.4,4
2026-08-05 11:52:36,63382,84.9,10.4,4
2026-08-05 11:52:41,63387,83.2,10.4,4
2026-08-05 11:52:47,63392,86.9,10.4,4
2026-08-05 11:52:52,63397,83.0,10.4,4
2026-08-05 11:52:57,63402,84.7,10.4,4
2026-08-05 11:53:02,63407,86.5,10.4,4
2026-08-05 11:53:07,63412,82.7,10.4,4
2026-08-05 11:53:12,63417,84.3,10.4,4
2026-08-05 11:53:17,63422,83.5,10.4,4
2026-08-05 11:53:22,63427,80.4,10.4,4
2026-08-05 11:53:27,63432,76.9,10.4,4
2026-08-05 11:53:32,63437,78.7,10.4,4
2026-08-05 11:53:37,63443,82.3,10.4,4
2026-08-05 11:53:43,63448,94.8,10.4,4
2026-08-05 11:53:48,63453,95.6,10.4,4
2026-08-05 11:53:53,63458,95.4,10.4,4
2026-08-05 11:53:58,63463,96.3,10.4,4
2026-08-05 11:54:03,63468,95.9,10.4,4
2026-08-05 11:54:08,63473,87.2,10.4,4
2026-08-05 11:54:13,63478,87.9,10.4,4
2026-08-05 11:54:18,63483,93.7,10.4,4
2026-08-05 11:54:23,63488,90.4,10.4,4
2026-08-05 11:54:28,63494,87.9,10.4,4
2026-08-05 11:54:34,63499,89.9,10.4,4
2026-08-05 11:54:39,63504,87.7,10.4,4
2026-08-05 11:54:44,63509,86.0,10.4,4
2026-08-05 11:54:49,63514,88.8,10.4,4
2026-08-05 11:54:54,63519,91.7,10.4,4
2026-08-05 11:54:59,63524,93.0,10.4,4
2026-08-05 11:55:04,63529,82.6,10.4,4
2026-08-05 11:55:09,63534,84.6,10.4,4
2026-08-05 11:55:14,63539,82.5,10.4,4
2026-08-05 11:55:19,63544,83.2,10.4,4
2026-08-05 11:55:24,63550,89.3,10.4,4
2026-08-05 11:55:30,63555,83.6,10.4,4
2026-08-05 11:55:35,63560,84.0,10.4,4
2026-08-05 11:55:40,63565,83.0,10.4,4
2026-08-05 11:55:45,63570,78.6,10.4,4
2026-08-05 11:55:50,63575,87.2,10.4,4
2026-08-05 11:55:55,63580,89.8,10.4,4
2026-08-05 11:56:00,63585,86.3,10.4,4
2026-08-05 11:56:05,63590,86.1,10.4,4
2026-08-05 11:56:10,63595,81.8,10.4,4
2026-08-05 11:56:15,63600,77.4,10.4,4
2026-08-05 11:56:20,63606,80.0,10.5,4
2026-08-05 11:56:25,63611,76.4,10.5,4
2026-08-05 11:56:31,63616,82.4,10.5,4
2026-08-05 11:56:36,63621,94.3,10.5,4
2026-08-05 11:56:41,63626,90.7,10.5,4
2026-08-05 11:56:46,63631,96.1,10.4,4
2026-08-05 11:56:51,63636,92.3,10.5,4
2026-08-05 11:56:56,63641,93.0,10.5,4
2026-08-05 11:57:01,63646,90.6,10.5,4
2026-08-05 11:57:06,63651,94.4,10.5,4
2026-08-05 11:57:11,63657,90.3,10.5,4
2026-08-05 11:57:17,63662,93.1,10.5,4
2026-08-05 11:57:22,63667,89.9,10.5,4
2026-08-05 11:57:27,63672,88.3,10.5,4
2026-08-05 11:57:32,63677,84.6,10.5,4
2026-08-05 11:57:37,63682,80.0,10.5,4
2026-08-05 11:57:42,63687,82.4,10.5,4
2026-08-05 11:57:47,63692,80.7,10.5,4
2026-08-05 11:57:52,63697,88.5,10.4,4
2026-08-05 11:57:57,63702,95.6,10.4,4
2026-08-05 11:58:02,63708,95.0,10.4,4
2026-08-05 11:58:08,63713,96.7,10.4,4
2026-08-05 11:58:13,63718,96.9,10.4,4
2026-08-05 11:58:18,63723,97.3,10.4,4
2026-08-05 11:58:23,63728,97.8,10.4,4
2026-08-05 11:58:28,63733,97.8,10.4,4
2026-08-05 11:58:33,63738,97.9,10.4,4
2026-08-05 11:58:38,63743,96.2,10.4,4
2026-08-05 11:58:43,63748,93.0,10.4,4
2026-08-05 11:58:48,63754,87.5,10.4,4
2026-08-05 11:58:54,63759,92.2,10.4,4
2026-08-05 11:58:59,63764,94.6,10.4,4
2026-08-05 11:59:04,63769,90.1,10.4,4
2026-08-05 11:59:09,63774,84.6,10.4,4
2026-08-05 11:59:14,63779,80.2,10.4,4
2026-08-05 11:59:19,63784,79.0,10.4,4
2026-08-05 11:59:24,63789,78.5,10.4,4
2026-08-05 11:59:29,63794,84.7,10.4,4
2026-08-05 11:59:34,63799,83.8,10.4,4
2026-08-05 11:59:39,63804,84.7,10.4,4
2026-08-05 11:59:44,63810,85.5,10.4,4
2026-08-05 11:59:49,63815,78.5,10.4,4
2026-08-05 11:59:55,63820,81.1,10.4,4
2026-08-05 12:00:00,63825,81.3,10.4,4
2026-08-05 12:00:05,63830,81.7,10.4,4
2026-08-05 12:00:10,63835,84.1,10.4,4
2026-08-05 12:00:15,63840,89.3,10.4,4
2026-08-05 12:00:20,63845,87.7,10.4,4
2026-08-05 12:00:25,63850,89.8,10.4,4
2026-08-05 12:00:30,63855,89.2,10.4,4
2026-08-05 12:00:35,63860,88.5,10.4,4
2026-08-05 12:00:40,63866,84.9,10.4,4
2026-08-05 12:00:45,63871,79.7,10.4,4
2026-08-05 12:00:51,63876,76.0,10.4,4
2026-08-05 12:00:56,63881,83.2,10.4,4
2026-08-05 12:01:01,63886,84.5,10.4,4
2026-08-05 12:01:06,63891,82.4,10.4,4
2026-08-05 12:01:11,63896,92.1,10.4,4
2026-08-05 12:01:16,63901,90.5,10.4,4
2026-08-05 12:01:21,63906,93.8,10.4,4
2026-08-05 12:01:26,63911,94.3,10.4,4
2026-08-05 12:01:31,63916,93.3,10.4,4
2026-08-05 12:01:36,63922,92.9,10.4,4
2026-08-05 12:01:41,63927,94.1,10.4,4
2026-08-05 12:01:47,63932,95.0,10.4,4
2026-08-05 12:01:52,63937,91.2,10.4,4
2026-08-05 12:01:57,63942,93.6,10.4,4
2026-08-05 12:02:02,63947,95.0,10.4,4
2026-08-05 12:02:07,63952,92.7,10.4,4
2026-08-05 12:02:12,63957,91.6,10.4,4
2026-08-05 12:02:17,63962,91.9,10.4,4
2026-08-05 12:02:22,63967,93.9,10.4,4
2026-08-05 12:02:27,63973,92.3,10.4,4
2026-08-05 12:02:32,63978,86.6,10.4,4
2026-08-05 12:02:38,63983,88.2,10.4,4
2026-08-05 12:02:43,63988,89.0,10.4,4
2026-08-05 12:02:48,63993,88.2,10.4,4
2026-08-05 12:02:53,63998,90.8,10.4,4
2026-08-05 12:02:58,64003,86.9,10.4,4
2026-08-05 12:03:03,64008,78.4,10.4,4
2026-08-05 12:03:08,64013,81.5,10.4,4
2026-08-05 12:03:13,64018,76.1,10.4,4
2026-08-05 12:03:18,64023,88.3,10.4,4
2026-08-05 12:03:23,64028,93.0,10.4,4
2026-08-05 12:03:28,64034,93.3,10.4,4
2026-08-05 12:03:34,64039,93.5,10.4,4
2026-08-05 12:03:39,64044,91.0,10.4,4
2026-08-05 12:03:44,64049,87.5,10.4,4
2026-08-05 12:03:49,64054,90.6,10.4,4
2026-08-05 12:03:54,64059,92.9,10.4,4
2026-08-05 12:03:59,64064,87.9,10.4,4
2026-08-05 12:04:04,64069,88.8,10.4,4
2026-08-05 12:04:09,64074,93.8,10.4,4
2026-08-05 12:04:14,64079,93.1,10.4,4
2026-08-05 12:04:19,64085,93.8,10.4,4
2026-08-05 12:04:25,64090,92.7,10.4,4
2026-08-05 12:04:30,64095,91.9,10.4,4
2026-08-05 12:04:35,64100,92.0,10.5,4
2026-08-05 12:04:40,64105,87.9,10.5,4
2026-08-05 12:04:45,64110,93.0,10.5,4
2026-08-05 12:04:50,64115,94.9,10.5,4
2026-08-05 12:04:55,64120,87.5,10.5,4
2026-08-05 12:05:00,64125,93.0,10.5,4
2026-08-05 12:05:05,64130,95.3,10.5,4
2026-08-05 12:05:10,64136,90.4,10.5,4
2026-08-05 12:05:16,64141,89.4,10.5,4
2026-08-05 12:05:21,64146,88.4,10.5,4
2026-08-05 12:05:26,64151,81.3,10.5,4
2026-08-05 12:05:31,64156,72.6,10.5,4
2026-08-05 12:05:36,64161,68.8,10.5,4
2026-08-05 12:05:41,64166,75.7,10.5,4
2026-08-05 12:05:46,64171,76.0,10.5,4
2026-08-05 12:05:51,64176,80.5,10.4,4
2026-08-05 12:05:56,64181,79.8,10.4,4
2026-08-05 12:06:01,64186,92.0,10.4,4
2026-08-05 12:06:06,64191,93.0,10.4,4
2026-08-05 12:06:11,64197,92.6,10.4,4
2026-08-05 12:06:17,64202,94.5,10.4,4
2026-08-05 12:06:22,64207,94.5,10.4,4
2026-08-05 12:06:27,64212,91.7,10.4,4
2026-08-05 12:06:32,64217,88.7,10.4,4
2026-08-05 12:06:37,64222,88.5,10.4,4
2026-08-05 12:06:42,64227,83.0,10.4,4
2026-08-05 12:06:47,64232,84.8,10.4,4
2026-08-05 12:06:52,64237,90.0,10.4,4
2026-08-05 12:06:57,64242,91.9,10.4,4
2026-08-05 12:07:02,64248,86.1,10.4,4
2026-08-05 12:07:07,64253,84.1,10.4,4
2026-08-05 12:07:13,64258,85.3,10.4,4
2026-08-05 12:07:18,64263,84.7,10.4,4
2026-08-05 12:07:23,64268,81.0,10.4,4
2026-08-05 12:07:28,64273,80.0,10.4,4
2026-08-05 12:07:33,64278,82.5,10.4,4
2026-08-05 12:07:38,64283,88.0,10.4,4
2026-08-05 12:07:43,64288,90.0,10.4,4
2026-08-05 12:07:48,64293,84.0,10.4,4
2026-08-05 12:07:53,64298,84.1,10.4,4
2026-08-05 12:07:58,64303,84.9,10.4,4
2026-08-05 12:08:03,64309,83.2,10.4,4
2026-08-05 12:08:09,64314,86.2,10.4,4
2026-08-05 12:08:14,64319,84.4,10.4,4
2026-08-05 12:08:19,64324,79.7,10.4,4
2026-08-05 12:08:24,64329,81.6,10.4,4
2026-08-05 12:08:29,64334,80.7,10.4,4
2026-08-05 12:08:34,64339,78.6,10.4,4
2026-08-05 12:08:39,64344,93.9,10.4,4
2026-08-05 12:08:44,64349,92.9,10.4,4
2026-08-05 12:08:49,64354,95.2,10.4,4
2026-08-05 12:08:54,64359,94.9,10.4,4
2026-08-05 12:08:59,64365,96.0,10.4,4
2026-08-05 12:09:05,64370,91.5,10.4,4
2026-08-05 12:09:10,64375,94.2,10.4,4
2026-08-05 12:09:15,64380,94.5,10.4,4
2026-08-05 12:09:20,64385,93.4,10.4,4
2026-08-05 12:09:25,64390,91.9,10.4,4
2026-08-05 12:09:30,64395,94.6,10.4,4
2026-08-05 12:09:35,64400,89.9,10.4,4
2026-08-05 12:09:40,64405,86.1,10.4,4
2026-08-05 12:09:45,64410,89.7,10.4,4
2026-08-05 12:09:50,64415,92.3,10.4,4
2026-08-05 12:09:55,64421,88.6,10.4,4
2026-08-05 12:10:01,64426,92.9,10.4,4
2026-08-05 12:10:06,64431,91.1,10.4,4
2026-08-05 12:10:11,64436,93.4,10.4,4
2026-08-05 12:10:16,64441,90.8,10.4,4
2026-08-05 12:10:21,64446,89.9,10.4,4
2026-08-05 12:10:26,64451,88.3,10.4,4
2026-08-05 12:10:31,64456,90.3,10.4,4
2026-08-05 12:10:36,64461,87.9,10.4,4
2026-08-05 12:10:41,64466,85.5,10.4,4
2026-08-05 12:10:46,64471,90.5,10.4,4
2026-08-05 12:10:51,64477,94.9,10.4,4
2026-08-05 12:10:57,64482,94.5,10.4,4
2026-08-05 12:11:02,64487,90.7,10.4,4
2026-08-05 12:11:07,64492,87.8,10.4,4
2026-08-05 12:11:12,64497,87.2,10.4,4
2026-08-05 12:11:17,64502,87.9,10.4,4
2026-08-05 12:11:22,64507,91.2,10.4,4
2026-08-05 12:11:27,64512,92.7,10.4,4
2026-08-05 12:11:32,64517,93.5,10.4,4
2026-08-05 12:11:37,64522,87.4,10.4,4
2026-08-05 12:11:42,64528,92.1,10.4,4
2026-08-05 12:11:48,64533,89.0,10.4,4
2026-08-05 12:11:53,64538,89.0,10.4,4
2026-08-05 12:11:58,64543,91.1,10.4,4
2026-08-05 12:12:03,64548,92.2,10.4,4
2026-08-05 12:12:08,64553,87.2,10.4,4
2026-08-05 12:12:13,64558,84.3,10.4,4
2026-08-05 12:12:18,64563,87.3,10.4,4
2026-08-05 12:12:23,64568,86.4,10.5,4
2026-08-05 12:12:28,64573,85.1,10.5,4
2026-08-05 12:12:33,64579,82.4,10.5,4
2026-08-05 12:12:38,64584,78.6,10.5,4
2026-08-05 12:12:44,64589,81.9,10.5,4
2026-08-05 12:12:49,64594,83.3,10.5,4
2026-08-05 12:12:54,64599,84.7,10.5,4
2026-08-05 12:12:59,64604,85.2,10.4,4
2026-08-05 12:13:04,64609,80.5,10.5,4
2026-08-05 12:13:09,64614,81.7,10.5,4
2026-08-05 12:13:14,64619,76.8,10.5,4
2026-08-05 12:13:19,64624,87.0,10.4,4
2026-08-05 12:13:24,64629,89.3,10.4,4
2026-08-05 12:13:29,64634,84.4,10.4,4
2026-08-05 12:13:34,64639,81.9,10.4,4
2026-08-05 12:13:39,64645,75.7,10.4,4
2026-08-05 12:13:45,64650,78.9,10.5,4
2026-08-05 12:13:50,64655,81.8,10.5,4
2026-08-05 12:13:55,64660,70.0,10.5,4
2026-08-05 12:14:00,64665,71.2,10.5,4
2026-08-05 12:14:05,64670,80.9,10.4,4
2026-08-05 12:14:10,64675,91.8,10.4,4
2026-08-05 12:14:15,64680,92.5,10.4,4
2026-08-05 12:14:20,64685,95.7,10.4,4
2026-08-05 12:14:25,64690,95.9,10.4,4
2026-08-05 12:14:30,64695,93.3,10.4,4
2026-08-05 12:14:35,64701,90.6,10.4,4
2026-08-05 12:14:41,64706,93.3,10.4,4
2026-08-05 12:14:46,64711,94.2,10.4,4
2026-08-05 12:14:51,64716,93.9,10.4,4
2026-08-05 12:14:56,64721,93.8,10.4,4
2026-08-05 12:15:01,64726,95.1,10.4,4
2026-08-05 12:15:06,64731,95.1,10.4,4
2026-08-05 12:15:11,64736,91.8,10.4,4
2026-08-05 12:15:16,64741,82.7,10.4,4
2026-08-05 12:15:21,64746,84.0,10.4,4
2026-08-05 12:15:26,64752,88.8,10.4,4
2026-08-05 12:15:32,64757,88.7,10.4,4
2026-08-05 12:15:37,64762,92.0,10.4,4
2026-08-05 12:15:42,64767,86.1,10.4,4
2026-08-05 12:15:47,64772,79.7,10.4,4
2026-08-05 12:15:52,64777,81.6,10.4,4
2026-08-05 12:15:57,64782,81.8,10.4,4
2026-08-05 12:16:02,64787,83.7,10.4,4
2026-08-05 12:16:07,64792,85.9,10.4,4
2026-08-05 12:16:12,64797,88.3,10.4,4
2026-08-05 12:16:17,64802,87.6,10.4,4
2026-08-05 12:16:22,64808,94.1,10.4,4
2026-08-05 12:16:28,64813,92.0,10.4,4
2026-08-05 12:16:33,64818,93.2,10.4,4
2026-08-05 12:16:38,64823,96.3,10.4,4
2026-08-05 12:16:43,64828,96.4,10.4,4
2026-08-05 12:16:48,64833,97.3,10.4,4
2026-08-05 12:16:53,64838,96.0,10.4,4
2026-08-05 12:16:58,64843,96.7,10.4,4
2026-08-05 12:17:03,64848,95.7,10.4,4
2026-08-05 12:17:08,64853,95.4,10.4,4
2026-08-05 12:17:14,64859,94.8,10.4,4
2026-08-05 12:17:19,64864,90.5,10.4,4
2026-08-05 12:17:24,64869,92.5,10.4,4
2026-08-05 12:17:29,64874,93.9,10.4,4
2026-08-05 12:17:34,64879,91.4,10.4,4
2026-08-05 12:17:39,64884,90.7,10.4,4
2026-08-05 12:17:44,64889,89.3,10.4,4
2026-08-05 12:17:49,64894,89.6,10.4,4
2026-08-05 12:17:54,64899,86.0,10.4,4
2026-08-05 12:17:59,64904,87.3,10.4,4
2026-08-05 12:18:04,64910,92.8,10.4,4
2026-08-05 12:18:10,64915,91.2,10.4,4
2026-08-05 12:18:15,64920,90.4,10.4,4
2026-08-05 12:18:20,64925,90.7,10.4,4
2026-08-05 12:18:25,64930,94.2,10.4,4
2026-08-05 12:18:30,64935,90.4,10.4,4
2026-08-05 12:18:35,64940,87.3,10.4,4
2026-08-05 12:18:40,64945,89.6,10.4,4
2026-08-05 12:18:45,64950,84.6,10.4,4
2026-08-05 12:18:50,64955,80.9,10.4,4
2026-08-05 12:18:55,64960,79.5,10.4,4
2026-08-05 12:19:00,64966,81.6,10.4,4
2026-08-05 12:19:06,64971,82.6,10.4,4
2026-08-05 12:19:11,64976,86.2,10.4,4
2026-08-05 12:19:16,64981,81.9,10.4,4
2026-08-05 12:19:21,64986,83.8,10.4,4
2026-08-05 12:19:26,64991,84.6,10.4,4
2026-08-05 12:19:31,64996,84.2,10.4,4
2026-08-05 12:19:36,65001,87.5,10.4,4
2026-08-05 12:19:41,65006,88.1,10.4,4
2026-08-05 12:19:46,65011,83.9,10.4,4
2026-08-05 12:19:51,65017,81.6,10.4,4
2026-08-05 12:19:56,65022,78.5,10.4,4
2026-08-05 12:20:02,65027,81.5,10.4,4
2026-08-05 12:20:07,65032,84.0,10.4,4
2026-08-05 12:20:12,65037,82.6,10.4,4
2026-08-05 12:20:17,65042,84.2,10.4,4
2026-08-05 12:20:22,65047,84.1,10.4,4
2026-08-05 12:20:27,65052,85.7,10.4,4
2026-08-05 12:20:32,65057,79.6,10.4,4
2026-08-05 12:20:37,65062,75.3,10.4,4
2026-08-05 12:20:42,65067,77.1,10.5,4
2026-08-05 12:20:47,65072,79.8,10.5,4
2026-08-05 12:20:52,65077,85.3,10.5,4
2026-08-05 12:20:57,65083,82.0,10.5,4
2026-08-05 12:21:03,65088,79.1,10.5,4
2026-08-05 12:21:08,65093,76.1,10.5,4
2026-08-05 12:21:13,65098,78.9,10.5,4
2026-08-05 12:21:18,65103,82.1,10.5,4
2026-08-05 12:21:23,65108,88.1,10.5,4
2026-08-05 12:21:28,65113,87.9,10.5,4
2026-08-05 12:21:33,65118,83.1,10.5,4
2026-08-05 12:21:38,65123,77.8,10.5,4
2026-08-05 12:21:43,65128,81.7,10.5,4
2026-08-05 12:21:48,65133,75.2,10.5,4
2026-08-05 12:21:53,65139,78.1,10.5,4
2026-08-05 12:21:58,65144,81.5,10.5,4
2026-08-05 12:22:04,65149,87.4,10.5,4
2026-08-05 12:22:09,65154,86.0,10.4,4
2026-08-05 12:22:14,65159,92.9,10.4,4
2026-08-05 12:22:19,65164,94.6,10.4,4
2026-08-05 12:22:24,65169,95.6,10.4,4
2026-08-05 12:22:29,65174,96.6,10.4,4
2026-08-05 12:22:34,65179,96.6,10.5,4
2026-08-05 12:22:39,65184,95.1,10.4,4
2026-08-05 12:22:44,65190,92.9,10.4,4
2026-08-05 12:22:50,65195,94.3,10.4,4
2026-08-05 12:22:55,65200,90.9,10.5,4
2026-08-05 12:23:00,65205,91.4,10.4,4
2026-08-05 12:23:05,65210,91.9,10.4,4
2026-08-05 12:23:10,65215,95.4,10.4,4
2026-08-05 12:23:15,65220,95.6,10.4,4
2026-08-05 12:23:20,65225,92.2,10.4,4
2026-08-05 12:23:25,65230,94.5,10.4,4
2026-08-05 12:23:30,65235,93.9,10.4,4
2026-08-05 12:23:35,65241,91.9,10.4,4
2026-08-05 12:23:41,65246,96.7,10.4,4
2026-08-05 12:23:46,65251,96.7,10.4,4
2026-08-05 12:23:51,65256,97.1,10.4,4
2026-08-05 12:23:56,65261,97.5,10.4,4
2026-08-05 12:24:01,65266,97.8,10.4,4
2026-08-05 12:24:06,65271,97.6,10.4,4
2026-08-05 12:24:11,65276,98.2,10.4,4
2026-08-05 12:24:16,65281,97.2,10.4,4
2026-08-05 12:24:22,65287,95.0,10.4,4
2026-08-05 12:24:27,65292,89.8,10.4,4
2026-08-05 12:24:32,65297,91.0,10.4,4
2026-08-05 12:24:37,65302,93.0,10.4,4
2026-08-05 12:24:42,65307,94.5,10.4,4
2026-08-05 12:24:47,65312,95.3,10.4,4
2026-08-05 12:24:52,65317,92.8,10.4,4
2026-08-05 12:24:57,65322,95.2,10.4,4
2026-08-05 12:25:02,65327,95.3,10.4,4
2026-08-05 12:25:07,65333,94.3,10.4,4
2026-08-05 12:25:13,65338,89.5,10.4,4
2026-08-05 12:25:18,65343,91.8,10.4,4
2026-08-05 12:25:23,65348,93.3,10.4,4
2026-08-05 12:25:28,65353,90.6,10.4,4
2026-08-05 12:25:33,65358,83.2,10.4,4
2026-08-05 12:25:38,65363,80.6,10.4,4
2026-08-05 12:25:43,65368,81.5,10.4,4
2026-08-05 12:25:48,65373,83.3,10.4,4
2026-08-05 12:25:53,65378,82.3,10.4,4
2026-08-05 12:25:58,65383,84.9,10.4,4
2026-08-05 12:26:03,65389,80.5,10.4,4
2026-08-05 12:26:08,65394,86.7,10.4,4
2026-08-05 12:26:14,65399,82.8,10.4,4
2026-08-05 12:26:19,65404,86.8,10.4,4
2026-08-05 12:26:24,65409,84.3,10.4,4
2026-08-05 12:26:29,65414,81.3,10.4,4
2026-08-05 12:26:34,65419,79.1,10.4,4
2026-08-05 12:26:39,65424,75.4,10.4,4
2026-08-05 12:26:44,65429,77.4,10.4,4
2026-08-05 12:26:49,65434,77.9,10.4,4
2026-08-05 12:26:54,65439,82.1,10.4,4
2026-08-05 12:26:59,65444,81.3,10.4,4
2026-08-05 12:27:04,65449,80.6,10.4,4
2026-08-05 12:27:09,65455,83.0,10.4,4
2026-08-05 12:27:15,65460,89.3,10.4,4
2026-08-05 12:27:20,65465,84.2,10.4,4
2026-08-05 12:27:25,65470,87.8,10.4,4
2026-08-05 12:27:30,65475,83.1,10.5,4
2026-08-05 12:27:35,65480,85.1,10.5,4
2026-08-05 12:27:40,65485,84.2,10.4,4
2026-08-05 12:27:45,65490,79.1,10.4,4
2026-08-05 12:27:50,65495,83.8,10.4,4
2026-08-05 12:27:55,65500,78.0,10.4,4
2026-08-05 12:28:00,65505,79.5,10.4,4
2026-08-05 12:28:05,65511,85.3,10.4,4
2026-08-05 12:28:11,65516,82.5,10.4,4
2026-08-05 12:28:16,65521,90.0,10.4,4
2026-08-05 12:28:21,65526,91.3,10.4,4
2026-08-05 12:28:26,65531,89.0,10.4,4
2026-08-05 12:28:31,65536,85.7,10.4,4
2026-08-05 12:28:36,65541,83.2,10.4,4
2026-08-05 12:28:41,65546,86.0,10.4,4
2026-08-05 12:28:46,65551,90.5,10.4,4
2026-08-05 12:28:51,65556,92.9,10.4,4
2026-08-05 12:28:56,65561,89.2,10.5,4
2026-08-05 12:29:01,65567,84.4,10.5,4
2026-08-05 12:29:07,65572,85.5,10.5,4
2026-08-05 12:29:12,65577,87.1,10.5,4
2026-08-05 12:29:17,65582,84.2,10.5,4
2026-08-05 12:29:22,65587,89.8,10.5,4
2026-08-05 12:29:27,65592,83.4,10.5,4
2026-08-05 12:29:32,65597,78.7,10.5,4
2026-08-05 12:29:37,65602,79.4,10.5,4
2026-08-05 12:29:42,65607,77.6,10.5,4
2026-08-05 12:29:47,65612,85.4,10.5,4
2026-08-05 12:29:52,65617,92.3,10.5,4
2026-08-05 12:29:57,65623,87.9,10.5,4
2026-08-05 12:30:03,65628,95.0,10.5,4
2026-08-05 12:30:08,65633,95.7,10.5,4
2026-08-05 12:30:13,65638,91.8,10.5,4
2026-08-05 12:30:18,65643,92.3,10.5,4
2026-08-05 12:30:23,65648,97.1,10.5,4
2026-08-05 12:30:28,65653,96.5,10.4,4
2026-08-05 12:30:33,65658,97.1,10.4,4
2026-08-05 12:30:38,65663,98.0,10.4,4
2026-08-05 12:30:43,65669,97.9,10.4,4
2026-08-05 12:30:49,65674,97.1,10.5,4
2026-08-05 12:30:54,65679,96.1,10.5,4
2026-08-05 12:30:59,65684,96.0,10.5,4
2026-08-05 12:31:04,65689,94.0,10.5,4
2026-08-05 12:31:09,65694,92.3,10.5,4
2026-08-05 12:31:14,65699,94.3,10.5,4
2026-08-05 12:31:19,65704,97.3,10.5,4
2026-08-05 12:31:24,65709,97.2,10.5,4
2026-08-05 12:31:30,65715,97.7,10.5,4
2026-08-05 12:31:35,65720,98.1,10.5,4
2026-08-05 12:31:40,65725,96.1,10.5,4
2026-08-05 12:31:45,65730,96.2,10.5,4
2026-08-05 12:31:50,65735,96.5,10.4,4
2026-08-05 12:31:55,65740,97.3,10.5,4
2026-08-05 12:32:00,65745,97.2,10.5,4
2026-08-05 12:32:05,65750,96.5,10.5,4
2026-08-05 12:32:10,65756,95.4,10.5,4
2026-08-05 12:32:16,65761,94.4,10.4,4
2026-08-05 12:32:21,65766,90.6,10.5,4
2026-08-05 12:32:26,65771,90.7,10.4,4
2026-08-05 12:32:31,65776,87.7,10.5,4
2026-08-05 12:32:36,65781,93.0,10.5,4
2026-08-05 12:32:41,65786,91.8,10.5,4
2026-08-05 12:32:46,65791,84.0,10.5,4
2026-08-05 12:32:51,65796,80.5,10.5,4
2026-08-05 12:32:56,65801,82.9,10.5,4
2026-08-05 12:33:01,65807,83.7,10.5,4
2026-08-05 12:33:07,65812,84.7,10.5,4
2026-08-05 12:33:12,65817,84.9,10.5,4
2026-08-05 12:33:17,65822,82.3,10.5,4
2026-08-05 12:33:22,65827,80.1,10.5,4
2026-08-05 12:33:27,65832,81.0,10.5,4
2026-08-05 12:33:32,65837,83.5,10.5,4
2026-08-05 12:33:37,65842,80.7,10.5,4
2026-08-05 12:33:42,65847,81.5,10.5,4
2026-08-05 12:33:47,65852,83.5,10.5,4
2026-08-05 12:33:52,65858,83.1,10.5,4
2026-08-05 12:33:58,65863,89.7,10.4,4
2026-08-05 12:34:03,65868,90.7,10.5,4
2026-08-05 12:34:08,65873,83.2,10.5,4
2026-08-05 12:34:13,65878,86.0,10.5,4
2026-08-05 12:34:18,65883,83.4,10.4,4
2026-08-05 12:34:23,65888,85.6,10.5,4
2026-08-05 12:34:28,65893,89.8,10.5,4
2026-08-05 12:34:33,65898,92.9,10.5,4
2026-08-05 12:34:38,65903,88.9,10.4,4
2026-08-05 12:34:43,65908,84.4,10.4,4
2026-08-05 12:34:48,65914,80.4,10.5,4
2026-08-05 12:34:54,65919,82.9,10.4,4
2026-08-05 12:34:59,65924,79.8,10.5,4
2026-08-05 12:35:04,65929,82.9,10.5,4
2026-08-05 12:35:09,65934,84.8,10.5,4
2026-08-05 12:35:14,65939,82.1,10.5,4
2026-08-05 12:35:19,65944,80.8,10.5,4
2026-08-05 12:35:24,65949,83.9,10.5,4
2026-08-05 12:35:29,65954,87.9,10.5,4
2026-08-05 12:35:34,65959,85.6,10.5,4
2026-08-05 12:35:39,65964,86.9,10.4,4
2026-08-05 12:35:44,65970,85.7,10.5,4
2026-08-05 12:35:50,65975,86.2,10.4,4
2026-08-05 12:35:55,65980,94.9,10.5,4
2026-08-05 12:36:00,65985,94.8,10.4,4
2026-08-05 12:36:05,65990,89.8,10.4,4
2026-08-05 12:36:10,65995,87.1,10.5,4
2026-08-05 12:36:15,66000,84.5,10.4,4
2026-08-05 12:36:20,66005,77.5,10.4,4
2026-08-05 12:36:25,66010,82.6,10.5,4
2026-08-05 12:36:30,66015,84.5,10.4,4
2026-08-05 12:36:35,66020,83.4,10.5,4
2026-08-05 12:36:40,66026,88.4,10.4,4
2026-08-05 12:36:46,66031,94.8,10.5,4
2026-08-05 12:36:51,66036,90.3,10.5,4
2026-08-05 12:36:56,66041,95.9,10.5,4
2026-08-05 12:37:01,66046,95.6,10.5,4
2026-08-05 12:37:06,66051,96.6,10.5,4
2026-08-05 12:37:11,66056,96.6,10.4,4
2026-08-05 12:37:16,66061,96.8,10.5,4
2026-08-05 12:37:21,66066,93.2,10.5,4
2026-08-05 12:37:26,66071,91.1,10.5,4
2026-08-05 12:37:31,66076,92.6,10.5,4
2026-08-05 12:37:37,66082,94.9,10.5,4
2026-08-05 12:37:42,66087,93.5,10.6,4
2026-08-05 12:37:47,66092,93.2,10.6,4
2026-08-05 12:37:52,66097,91.5,10.5,4
2026-08-05 12:37:57,66102,84.5,10.5,4
2026-08-05 12:38:02,66107,83.5,10.5,4
2026-08-05 12:38:07,66112,90.2,10.6,4
2026-08-05 12:38:12,66117,90.8,10.6,4
2026-08-05 12:38:17,66122,89.8,10.6,4
2026-08-05 12:38:22,66127,87.9,10.4,4
2026-08-05 12:38:27,66133,94.7,10.5,4
2026-08-05 12:38:33,66138,95.0,10.5,4
2026-08-05 12:38:38,66143,96.1,10.5,4
2026-08-05 12:38:43,66148,96.9,10.5,4
2026-08-05 12:38:48,66153,96.9,10.5,4
2026-08-05 12:38:53,66158,96.6,10.5,4
2026-08-05 12:38:58,66163,97.4,10.4,4
2026-08-05 12:39:03,66168,96.4,10.4,4
2026-08-05 12:39:08,66173,96.9,10.4,4
2026-08-05 12:39:13,66179,96.7,10.5,4
2026-08-05 12:39:19,66184,97.1,10.5,4
2026-08-05 12:39:24,66189,96.4,10.5,4
2026-08-05 12:39:29,66194,96.4,10.5,4
2026-08-05 12:39:34,66199,97.4,10.5,4
2026-08-05 12:39:39,66204,87.5,10.5,4
2026-08-05 12:39:44,66209,88.0,10.5,4
2026-08-05 12:39:49,66214,90.4,10.5,4
2026-08-05 12:39:54,66219,92.1,10.4,4
2026-08-05 12:39:59,66224,89.8,10.5,4
2026-08-05 12:40:04,66230,89.6,10.5,4
2026-08-05 12:40:10,66235,87.0,10.4,4
2026-08-05 12:40:15,66240,84.0,10.4,4
2026-08-05 12:40:20,66245,79.8,10.4,4
2026-08-05 12:40:25,66250,77.3,10.5,4
2026-08-05 12:40:30,66255,82.7,10.4,4
2026-08-05 12:40:35,66260,78.7,10.4,4
2026-08-05 12:40:40,66265,80.3,10.4,4
2026-08-05 12:40:45,66270,84.8,10.5,4
2026-08-05 12:40:50,66275,83.9,10.4,4
2026-08-05 12:40:55,66280,84.8,10.4,4
2026-08-05 12:41:00,66286,81.9,10.4,4
2026-08-05 12:41:05,66291,79.5,10.4,4
2026-08-05 12:41:11,66296,83.4,10.4,4
2026-08-05 12:41:16,66301,86.0,10.4,4
2026-08-05 12:41:21,66306,84.1,10.4,4
2026-08-05 12:41:26,66311,85.9,10.4,4
2026-08-05 12:41:31,66316,78.9,10.5,4
2026-08-05 12:41:36,66321,81.3,10.4,4
2026-08-05 12:41:41,66326,76.5,10.4,4
2026-08-05 12:41:46,66331,80.7,10.4,4
2026-08-05 12:41:51,66336,85.7,10.4,4
2026-08-05 12:41:56,66341,82.7,10.4,4
2026-08-05 12:42:01,66347,86.2,10.4,4
2026-08-05 12:42:07,66352,83.1,10.4,4
2026-08-05 12:42:12,66357,84.1,10.4,4
2026-08-05 12:42:17,66362,87.8,10.4,4
2026-08-05 12:42:22,66367,87.2,10.4,4
2026-08-05 12:42:27,66372,91.3,10.4,4
2026-08-05 12:42:32,66377,93.5,10.4,4
2026-08-05 12:42:37,66382,88.8,10.4,4
2026-08-05 12:42:42,66387,85.6,10.4,4
2026-08-05 12:42:47,66392,82.2,10.4,4
2026-08-05 12:42:52,66397,83.1,10.4,4
2026-08-05 12:42:57,66403,81.4,10.4,4
2026-08-05 12:43:02,66408,79.8,10.4,4
2026-08-05 12:43:08,66413,77.2,10.4,4
2026-08-05 12:43:13,66418,82.6,10.4,4
2026-08-05 12:43:18,66423,84.2,10.4,4
2026-08-05 12:43:23,66428,86.4,10.4,4
2026-08-05 12:43:28,66433,92.2,10.4,4
2026-08-05 12:43:33,66438,92.6,10.4,4
2026-08-05 12:43:38,66443,91.1,10.4,4
2026-08-05 12:43:43,66448,93.3,10.5,4
2026-08-05 12:43:48,66453,94.2,10.5,4
2026-08-05 12:43:53,66459,94.0,10.4,4
2026-08-05 12:43:59,66464,93.0,10.4,4
2026-08-05 12:44:04,66469,95.6,10.4,4
2026-08-05 12:44:09,66474,88.5,10.4,4
2026-08-05 12:44:14,66479,88.8,10.5,4
2026-08-05 12:44:19,66484,89.0,10.5,4
2026-08-05 12:44:24,66489,91.8,10.4,4
2026-08-05 12:44:29,66494,92.5,10.4,4
2026-08-05 12:44:34,66499,93.0,10.4,4
2026-08-05 12:44:39,66504,93.9,10.4,4
2026-08-05 12:44:44,66509,94.2,10.5,4
2026-08-05 12:44:49,66515,94.5,10.5,4
2026-08-05 12:44:55,66520,94.3,10.5,4
2026-08-05 12:45:00,66525,92.4,10.5,4
2026-08-05 12:45:05,66530,93.2,10.5,4
2026-08-05 12:45:10,66535,95.7,10.5,4
2026-08-05 12:45:15,66540,96.5,10.5,4
2026-08-05 12:45:20,66545,97.1,10.5,4
2026-08-05 12:45:25,66550,96.5,10.6,4
2026-08-05 12:45:30,66555,93.2,10.5,4
2026-08-05 12:45:35,66560,88.4,10.5,4
2026-08-05 12:45:40,66566,85.9,10.5,4
2026-08-05 12:45:46,66571,87.9,10.6,4
2026-08-05 12:45:51,66576,84.6,10.5,4
2026-08-05 12:45:56,66581,86.1,10.5,4
2026-08-05 12:46:01,66586,77.8,10.5,4
2026-08-05 12:46:06,66591,69.7,10.5,4
2026-08-05 12:46:11,66596,69.9,10.5,4
2026-08-05 12:46:16,66601,76.7,10.5,4
2026-08-05 12:46:21,66606,78.5,10.6,4
2026-08-05 12:46:26,66611,95.0,10.6,4
2026-08-05 12:46:31,66616,95.8,10.4,4
2026-08-05 12:46:36,66622,97.7,10.4,4
2026-08-05 12:46:42,66627,96.8,10.4,4
2026-08-05 12:46:47,66632,98.0,10.4,4
2026-08-05 12:46:52,66637,97.5,10.4,4
2026-08-05 12:46:57,66642,97.2,10.4,4
2026-08-05 12:47:02,66647,95.7,10.4,4
2026-08-05 12:47:07,66652,95.3,10.4,4
2026-08-05 12:47:12,66657,96.1,10.4,4
2026-08-05 12:47:17,66662,95.0,10.4,4
2026-08-05 12:47:22,66668,94.7,10.5,4
2026-08-05 12:47:28,66673,94.0,10.5,4
2026-08-05 12:47:33,66678,96.5,10.5,4
2026-08-05 12:47:38,66683,94.9,10.5,4
2026-08-05 12:47:43,66688,93.7,10.5,4
2026-08-05 12:47:48,66693,85.8,10.5,4
2026-08-05 12:47:53,66698,79.4,10.4,4
2026-08-05 12:47:58,66703,80.8,10.4,4
2026-08-05 12:48:03,66708,83.7,10.5,4
2026-08-05 12:48:08,66713,82.9,10.4,4
2026-08-05 12:48:13,66718,80.2,10.5,4
2026-08-05 12:48:18,66724,78.4,10.5,4
2026-08-05 12:48:24,66729,78.9,10.5,4
2026-08-05 12:48:29,66734,76.5,10.4,4
2026-08-05 12:48:34,66739,82.8,10.4,4
2026-08-05 12:48:39,66744,83.5,10.4,4
2026-08-05 12:48:44,66749,82.2,10.4,4
2026-08-05 12:48:49,66754,81.3,10.4,4
2026-08-05 12:48:54,66759,80.4,10.5,4
2026-08-05 12:48:59,66764,84.9,10.4,4
2026-08-05 12:49:04,66769,84.5,10.4,4
2026-08-05 12:49:09,66774,83.9,10.4,4
2026-08-05 12:49:14,66779,84.3,10.4,4
2026-08-05 12:49:19,66785,85.6,10.5,4
2026-08-05 12:49:24,66790,82.5,10.4,4
2026-08-05 12:49:30,66795,85.2,10.5,4
2026-08-05 12:49:35,66800,87.5,10.5,4
2026-08-05 12:49:40,66805,86.9,10.5,4
2026-08-05 12:49:45,66810,86.0,10.5,4
2026-08-05 12:49:50,66815,77.0,10.5,4
2026-08-05 12:49:55,66820,80.2,10.5,4
2026-08-05 12:50:00,66825,83.2,10.5,4
2026-08-05 12:50:05,66830,85.4,10.5,4
2026-08-05 12:50:10,66836,86.8,10.5,4
2026-08-05 12:50:15,66841,93.8,10.4,4
2026-08-05 12:50:21,66846,91.8,10.5,4
2026-08-05 12:50:26,66851,94.2,10.5,4
2026-08-05 12:50:31,66856,94.6,10.4,4
2026-08-05 12:50:36,66861,91.0,10.4,4
2026-08-05 12:50:41,66866,89.6,10.5,4
2026-08-05 12:50:46,66871,91.5,10.4,4
2026-08-05 12:50:51,66876,83.9,10.5,4
2026-08-05 12:50:56,66881,85.2,10.4,4
2026-08-05 12:51:01,66886,90.1,10.4,4
2026-08-05 12:51:06,66892,91.9,10.5,4
2026-08-05 12:51:12,66897,92.8,10.5,4
2026-08-05 12:51:17,66902,89.4,10.4,4
2026-08-05 12:51:22,66907,88.2,10.5,4
2026-08-05 12:51:27,66912,92.2,10.5,4
2026-08-05 12:51:32,66917,92.7,10.5,4
2026-08-05 12:51:37,66922,93.7,10.4,4
2026-08-05 12:51:42,66927,90.9,10.4,4
2026-08-05 12:51:47,66932,90.5,10.5,4
2026-08-05 12:51:52,66937,90.5,10.5,4
2026-08-05 12:51:57,66943,92.3,10.5,4
2026-08-05 12:52:03,66948,92.4,10.4,4
2026-08-05 12:52:08,66953,94.0,10.5,4
2026-08-05 12:52:13,66958,91.7,10.5,4
2026-08-05 12:52:18,66963,88.8,10.5,4
2026-08-05 12:52:23,66968,81.3,10.5,4
2026-08-05 12:52:28,66973,81.2,10.4,4
2026-08-05 12:52:33,66978,83.6,10.4,4
2026-08-05 12:52:38,66983,88.1,10.4,4
2026-08-05 12:52:43,66988,86.3,10.5,4
2026-08-05 12:52:48,66993,87.4,10.5,4
2026-08-05 12:52:53,66999,86.5,10.5,4
2026-08-05 12:52:59,67004,86.3,10.5,4
2026-08-05 12:53:04,67009,87.2,10.5,4
2026-08-05 12:53:09,67014,89.4,10.5,4
2026-08-05 12:53:14,67019,92.0,10.5,4
2026-08-05 12:53:19,67024,87.0,10.5,4
2026-08-05 12:53:24,67029,83.8,10.5,4
2026-08-05 12:53:29,67034,79.9,10.5,4
2026-08-05 12:53:34,67039,68.5,10.5,4
2026-08-05 12:53:39,67044,73.0,10.6,4
2026-08-05 12:53:44,67049,80.1,10.5,4
2026-08-05 12:53:49,67054,85.6,10.5,4
2026-08-05 12:53:55,67060,93.2,10.5,4
2026-08-05 12:54:00,67065,93.8,10.5,4
2026-08-05 12:54:05,67070,95.6,10.5,4
2026-08-05 12:54:10,67075,92.8,10.5,4
2026-08-05 12:54:15,67080,85.2,10.5,4
2026-08-05 12:54:20,67085,84.9,10.5,4
2026-08-05 12:54:25,67090,90.2,10.5,4
2026-08-05 12:54:30,67095,88.5,10.6,4
2026-08-05 12:54:35,67100,91.5,10.5,4
2026-08-05 12:54:40,67105,96.2,10.5,4
2026-08-05 12:54:45,67111,96.7,10.5,4
2026-08-05 12:54:51,67116,97.4,10.5,4
2026-08-05 12:54:56,67121,97.6,10.5,4
2026-08-05 12:55:01,67126,96.8,10.5,4
2026-08-05 12:55:06,67131,96.1,10.5,4
2026-08-05 12:55:11,67136,97.1,10.5,4
2026-08-05 12:55:16,67141,97.8,10.5,4
2026-08-05 12:55:21,67146,94.8,10.5,4
2026-08-05 12:55:26,67151,91.8,10.5,4
2026-08-05 12:55:31,67157,92.2,10.5,4
2026-08-05 12:55:37,67162,93.7,10.5,4
2026-08-05 12:55:42,67167,93.9,10.5,4
2026-08-05 12:55:47,67172,93.4,10.5,4
2026-08-05 12:55:52,67177,84.8,10.4,4
2026-08-05 12:55:57,67182,86.1,10.4,4
2026-08-05 12:56:02,67187,85.1,10.4,4
2026-08-05 12:56:07,67192,79.8,10.5,4
2026-08-05 12:56:12,67197,81.3,10.4,4
2026-08-05 12:56:17,67202,84.3,10.5,4
2026-08-05 12:56:22,67207,84.0,10.4,4
2026-08-05 12:56:27,67213,86.4,10.5,4
2026-08-05 12:56:32,67218,80.8,10.5,4
2026-08-05 12:56:38,67223,77.3,10.5,4
2026-08-05 12:56:43,67228,77.3,10.4,4
2026-08-05 12:56:48,67233,79.6,10.5,4
2026-08-05 12:56:53,67238,79.4,10.5,4
2026-08-05 12:56:58,67243,92.5,10.5,4
2026-08-05 12:57:03,67248,93.0,10.4,4
2026-08-05 12:57:08,67253,96.5,10.4,4
2026-08-05 12:57:13,67258,95.5,10.5,4
2026-08-05 12:57:18,67263,95.0,10.5,4
2026-08-05 12:57:23,67269,89.9,10.5,4
2026-08-05 12:57:29,67274,91.2,10.4,4
2026-08-05 12:57:34,67279,92.8,10.4,4
2026-08-05 12:57:39,67284,89.8,10.4,4
2026-08-05 12:57:44,67289,89.0,10.4,4
2026-08-05 12:57:49,67294,91.4,10.4,4
2026-08-05 12:57:54,67299,92.5,10.4,4
2026-08-05 12:57:59,67304,87.3,10.4,4
2026-08-05 12:58:04,67309,83.3,10.4,4
2026-08-05 12:58:09,67314,87.7,10.4,4
2026-08-05 12:58:14,67319,86.9,10.4,4
2026-08-05 12:58:19,67325,90.6,10.4,4
2026-08-05 12:58:25,67330,87.2,10.5,4
2026-08-05 12:58:30,67335,90.6,10.4,4
2026-08-05 12:58:35,67340,90.8,10.4,4
2026-08-05 12:58:40,67345,92.9,10.4,4
2026-08-05 12:58:45,67350,95.6,10.4,4
2026-08-05 12:58:50,67355,93.1,10.4,4
2026-08-05 12:58:55,67360,90.4,10.4,4
2026-08-05 12:59:00,67365,85.8,10.4,4
2026-08-05 12:59:05,67370,79.6,10.4,4
2026-08-05 12:59:10,67376,79.8,10.4,4
2026-08-05 12:59:16,67381,82.9,10.4,4
2026-08-05 12:59:21,67386,82.1,10.4,4
2026-08-05 12:59:26,67391,80.4,10.4,4
2026-08-05 12:59:31,67396,78.1,10.4,4
2026-08-05 12:59:36,67401,81.3,10.4,4
2026-08-05 12:59:41,67406,90.0,10.4,4
2026-08-05 12:59:46,67411,85.4,10.4,4
2026-08-05 12:59:51,67416,87.9,10.4,4
2026-08-05 12:59:56,67421,83.6,10.4,4
2026-08-05 13:00:01,67426,83.2,10.4,4
2026-08-05 13:00:06,67432,84.4,10.4,4
2026-08-05 13:00:11,67437,83.9,10.4,4
2026-08-05 13:00:17,67442,80.4,10.4,4
2026-08-05 13:00:22,67447,81.5,10.4,4
2026-08-05 13:00:27,67452,82.7,10.4,4
2026-08-05 13:00:32,67457,84.9,10.4,4
2026-08-05 13:00:37,67462,85.3,10.4,4
2026-08-05 13:00:42,67467,92.4,10.4,4
2026-08-05 13:00:47,67472,92.6,10.5,4
2026-08-05 13:00:52,67477,85.1,10.5,4
2026-08-05 13:00:57,67482,82.6,10.5,4
2026-08-05 13:01:02,67487,72.6,10.5,4
2026-08-05 13:01:07,67493,71.2,10.5,4
2026-08-05 13:01:12,67498,81.7,10.5,4
2026-08-05 13:01:18,67503,79.5,10.5,4
2026-08-05 13:01:23,67508,86.0,10.5,4
2026-08-05 13:01:28,67513,91.8,10.5,4
2026-08-05 13:01:33,67518,90.7,10.5,4
2026-08-05 13:01:38,67523,95.3,10.5,4
2026-08-05 13:01:43,67528,93.8,10.5,4
2026-08-05 13:01:48,67533,93.1,10.5,4
2026-08-05 13:01:53,67538,95.3,10.5,4
2026-08-05 13:01:58,67543,96.6,10.5,4
2026-08-05 13:02:03,67549,91.9,10.5,4
2026-08-05 13:02:09,67554,89.8,10.5,4
2026-08-05 13:02:14,67559,88.0,10.5,4
2026-08-05 13:02:19,67564,89.4,10.6,4
2026-08-05 13:02:24,67569,89.1,10.5,4
2026-08-05 13:02:29,67574,88.6,10.5,4
2026-08-05 13:02:34,67579,92.5,10.5,4
2026-08-05 13:02:39,67584,89.3,10.5,4
2026-08-05 13:02:44,67589,92.4,10.4,4
2026-08-05 13:02:49,67594,93.1,10.4,4
2026-08-05 13:02:54,67600,94.8,10.4,4
2026-08-05 13:03:00,67605,95.9,10.4,4
2026-08-05 13:03:05,67610,93.8,10.4,4
2026-08-05 13:03:10,67615,90.9,10.4,4
2026-08-05 13:03:15,67620,85.2,10.4,4
2026-08-05 13:03:20,67625,88.1,10.4,4
2026-08-05 13:03:25,67630,83.6,10.4,4
2026-08-05 13:03:30,67635,86.7,10.4,4
2026-08-05 13:03:35,67640,92.9,10.4,4
2026-08-05 13:03:40,67645,97.0,10.4,4
2026-08-05 13:03:45,67651,96.5,10.4,4
2026-08-05 13:03:51,67656,96.2,10.4,4
2026-08-05 13:03:56,67661,92.6,10.4,4
2026-08-05 13:04:01,67666,90.5,10.4,4
2026-08-05 13:04:06,67671,87.8,10.4,4
2026-08-05 13:04:11,67676,90.7,10.4,4
2026-08-05 13:04:16,67681,87.4,10.4,4
2026-08-05 13:04:21,67686,89.6,10.4,4
2026-08-05 13:04:26,67691,88.0,10.4,4
2026-08-05 13:04:31,67696,92.7,10.4,4
2026-08-05 13:04:36,67702,88.8,10.4,4
2026-08-05 13:04:41,67707,88.1,10.4,4
2026-08-05 13:04:47,67712,87.7,10.4,4
2026-08-05 13:04:52,67717,87.8,10.4,4
2026-08-05 13:04:57,67722,90.3,10.4,4
2026-08-05 13:05:02,67727,90.7,10.4,4
2026-08-05 13:05:07,67732,93.8,10.4,4
2026-08-05 13:05:12,67737,93.0,10.4,4
2026-08-05 13:05:17,67742,94.8,10.4,4
2026-08-05 13:05:22,67747,92.9,10.4,4
2026-08-05 13:05:27,67753,92.4,10.4,4
2026-08-05 13:05:33,67758,89.3,10.4,4
2026-08-05 13:05:38,67763,91.5,10.4,4
2026-08-05 13:05:43,67768,87.9,10.4,4
2026-08-05 13:05:48,67773,83.0,10.4,4
2026-08-05 13:05:53,67778,82.3,10.4,4
2026-08-05 13:05:58,67783,84.6,10.4,4
2026-08-05 13:06:03,67788,88.0,10.4,4
2026-08-05 13:06:08,67793,82.5,10.4,4
2026-08-05 13:06:13,67798,90.7,10.4,4
2026-08-05 13:06:18,67803,89.9,10.4,4
2026-08-05 13:06:23,67809,87.0,10.4,4
2026-08-05 13:06:29,67814,88.2,10.4,4
2026-08-05 13:06:34,67819,84.9,10.4,4
2026-08-05 13:06:39,67824,87.3,10.4,4
2026-08-05 13:06:44,67829,83.8,10.4,4
2026-08-05 13:06:49,67834,81.3,10.4,4
2026-08-05 13:06:54,67839,81.7,10.4,4
2026-08-05 13:06:59,67844,74.6,10.4,4
2026-08-05 13:07:04,67849,73.2,10.4,4
2026-08-05 13:07:09,67854,78.8,10.4,4
2026-08-05 13:07:14,67859,84.2,10.4,4
2026-08-05 13:07:19,67864,84.2,10.4,4
2026-08-05 13:07:24,67870,88.0,10.4,4
2026-08-05 13:07:30,67875,86.5,10.4,4
2026-08-05 13:07:35,67880,89.0,10.4,4
2026-08-05 13:07:40,67885,90.0,10.4,4
2026-08-05 13:07:45,67890,88.5,10.4,4
2026-08-05 13:07:50,67895,85.2,10.5,4
2026-08-05 13:07:55,67900,88.9,10.4,4
2026-08-05 13:08:00,67905,89.8,10.4,4
2026-08-05 13:08:05,67910,82.4,10.4,4
2026-08-05 13:08:10,67915,88.3,10.4,4
2026-08-05 13:08:15,67920,86.7,10.4,4
2026-08-05 13:08:20,67926,84.1,10.4,4
2026-08-05 13:08:26,67931,88.4,10.4,4
2026-08-05 13:08:31,67936,84.8,10.5,4
2026-08-05 13:08:36,67941,72.2,10.5,4
2026-08-05 13:08:41,67946,76.1,10.5,4
2026-08-05 13:08:46,67951,75.6,10.5,4
2026-08-05 13:08:51,67956,79.4,10.6,4
2026-08-05 13:08:56,67961,94.4,10.6,4
2026-08-05 13:09:01,67966,91.5,10.5,4
2026-08-05 13:09:06,67971,96.3,10.5,4
2026-08-05 13:09:11,67977,96.7,10.5,4
2026-08-05 13:09:17,67982,96.1,10.5,4
2026-08-05 13:09:22,67987,89.4,10.6,4
2026-08-05 13:09:27,67992,93.1,10.5,4
2026-08-05 13:09:32,67997,94.9,10.5,4
2026-08-05 13:09:37,68002,91.2,10.5,4
2026-08-05 13:09:42,68007,92.8,10.5,4
2026-08-05 13:09:47,68012,90.3,10.5,4
2026-08-05 13:09:52,68017,84.1,10.5,4
2026-08-05 13:09:57,68022,84.7,10.5,4
2026-08-05 13:10:02,68027,86.7,10.5,4
2026-08-05 13:10:07,68033,86.6,10.5,4
2026-08-05 13:10:13,68038,92.5,10.5,4
2026-08-05 13:10:18,68043,93.3,10.5,4
2026-08-05 13:10:23,68048,88.3,10.5,4
2026-08-05 13:10:28,68053,90.6,10.6,4
2026-08-05 13:10:33,68058,88.6,10.5,4
2026-08-05 13:10:38,68063,85.8,10.5,4
2026-08-05 13:10:43,68068,88.0,10.5,4
2026-08-05 13:10:48,68073,89.0,10.5,4
2026-08-05 13:10:53,68078,94.8,10.5,4
2026-08-05 13:10:58,68084,93.4,10.5,4
2026-08-05 13:11:04,68089,96.6,10.5,4
2026-08-05 13:11:09,68094,96.4,10.5,4
2026-08-05 13:11:14,68099,97.2,10.5,4
2026-08-05 13:11:19,68104,94.3,10.5,4
2026-08-05 13:11:24,68109,94.0,10.5,4
2026-08-05 13:11:29,68114,95.8,10.5,4
2026-08-05 13:11:34,68119,94.3,10.5,4
2026-08-05 13:11:39,68124,94.0,10.5,4
2026-08-05 13:11:44,68129,95.0,10.5,4
2026-08-05 13:11:49,68135,95.2,10.5,4
2026-08-05 13:11:55,68140,93.9,10.5,4
2026-08-05 13:12:00,68145,91.6,10.4,4
2026-08-05 13:12:05,68150,90.8,10.4,4
2026-08-05 13:12:10,68155,88.5,10.4,4
2026-08-05 13:12:15,68160,92.2,10.4,4
2026-08-05 13:12:20,68165,90.7,10.4,4
2026-08-05 13:12:25,68170,88.6,10.4,4
2026-08-05 13:12:30,68175,80.8,10.4,4
2026-08-05 13:12:35,68180,81.9,10.4,4
2026-08-05 13:12:40,68185,87.0,10.4,4
2026-08-05 13:12:45,68191,83.9,10.4,4
2026-08-05 13:12:51,68196,84.2,10.4,4
2026-08-05 13:12:56,68201,87.6,10.4,4
2026-08-05 13:13:01,68206,79.2,10.4,4
2026-08-05 13:13:06,68211,83.6,10.4,4
2026-08-05 13:13:11,68216,82.1,10.4,4
2026-08-05 13:13:16,68221,86.5,10.4,4
2026-08-05 13:13:21,68226,84.9,10.4,4
2026-08-05 13:13:26,68231,76.9,10.4,4
2026-08-05 13:13:31,68236,77.9,10.5,4
2026-08-05 13:13:36,68241,80.1,10.5,4
2026-08-05 13:13:41,68246,81.5,10.4,4
2026-08-05 13:13:46,68252,81.8,10.4,4
2026-08-05 13:13:52,68257,77.6,10.4,4
2026-08-05 13:13:57,68262,78.7,10.4,4
2026-08-05 13:14:02,68267,84.3,10.4,4
2026-08-05 13:14:07,68272,84.2,10.4,4
2026-08-05 13:14:12,68277,93.4,10.4,4
2026-08-05 13:14:17,68282,84.4,10.4,4
2026-08-05 13:14:22,68287,85.8,10.4,4
2026-08-05 13:14:27,68292,77.1,10.4,4
2026-08-05 13:14:32,68297,79.8,10.4,4
2026-08-05 13:14:37,68302,91.2,10.4,4
2026-08-05 13:14:42,68308,84.4,10.4,4
2026-08-05 13:14:48,68313,87.3,10.4,4
2026-08-05 13:14:53,68318,88.3,10.4,4
2026-08-05 13:14:58,68323,82.8,10.4,4
2026-08-05 13:15:03,68328,82.8,10.4,4
2026-08-05 13:15:08,68333,84.5,10.4,4
2026-08-05 13:15:13,68338,84.5,10.4,4
2026-08-05 13:15:18,68343,86.6,10.4,4
2026-08-05 13:15:23,68348,86.2,10.4,4
2026-08-05 13:15:28,68353,87.4,10.4,4
2026-08-05 13:15:33,68358,87.0,10.4,4
2026-08-05 13:15:38,68364,93.6,10.4,4
2026-08-05 13:15:44,68369,94.8,10.4,4
2026-08-05 13:15:49,68374,91.1,10.4,4
2026-08-05 13:15:54,68379,91.8,10.4,4
2026-08-05 13:15:59,68384,82.3,10.4,4
2026-08-05 13:16:04,68389,80.3,10.4,4
2026-08-05 13:16:09,68394,89.8,10.4,4
2026-08-05 13:16:14,68399,90.8,10.4,4
2026-08-05 13:16:19,68404,86.9,10.5,4
2026-08-05 13:16:24,68409,94.6,10.5,4
2026-08-05 13:16:29,68414,87.0,10.5,4
2026-08-05 13:16:34,68420,93.8,10.5,4
2026-08-05 13:16:40,68425,89.8,10.5,4
2026-08-05 13:16:45,68430,91.4,10.5,4
2026-08-05 13:16:50,68435,93.2,10.5,4
2026-08-05 13:16:55,68440,97.2,10.5,4
2026-08-05 13:17:00,68445,97.1,10.4,4
2026-08-05 13:17:05,68450,97.2,10.4,4
2026-08-05 13:17:10,68455,98.0,10.4,4
2026-08-05 13:17:15,68460,97.1,10.4,4
2026-08-05 13:17:21,68466,96.3,10.4,4
2026-08-05 13:17:26,68471,96.3,10.4,4
2026-08-05 13:17:31,68476,96.6,10.5,4
2026-08-05 13:17:36,68481,95.7,10.5,4
2026-08-05 13:17:41,68486,93.9,10.5,4
2026-08-05 13:17:46,68491,95.1,10.5,4
2026-08-05 13:17:51,68496,92.8,10.5,4
2026-08-05 13:17:56,68501,89.8,10.5,4
2026-08-05 13:18:01,68506,90.9,10.5,4
2026-08-05 13:18:06,68511,87.3,10.5,4
2026-08-05 13:18:11,68517,93.7,10.5,4
2026-08-05 13:18:17,68522,92.9,10.5,4
2026-08-05 13:18:22,68527,90.4,10.5,4
2026-08-05 13:18:27,68532,89.2,10.5,4
2026-08-05 13:18:32,68537,85.2,10.5,4
2026-08-05 13:18:37,68542,81.1,10.5,4
2026-08-05 13:18:42,68547,87.2,10.5,4
2026-08-05 13:18:47,68552,89.1,10.5,4
2026-08-05 13:18:52,68557,86.6,10.5,4
2026-08-05 13:18:57,68562,94.9,10.4,4
2026-08-05 13:19:02,68568,96.4,10.4,4
2026-08-05 13:19:08,68573,93.6,10.4,4
2026-08-05 13:19:13,68578,94.0,10.5,4
2026-08-05 13:19:18,68583,92.4,10.5,4
2026-08-05 13:19:23,68588,87.1,10.5,4
2026-08-05 13:19:28,68593,90.0,10.4,4
2026-08-05 13:19:33,68598,93.5,10.4,4
2026-08-05 13:19:38,68603,87.1,10.4,4
2026-08-05 13:19:43,68608,89.7,10.4,4
2026-08-05 13:19:48,68613,91.1,10.4,4
2026-08-05 13:19:53,68619,93.4,10.5,4
2026-08-05 13:19:58,68624,90.2,10.4,4
2026-08-05 13:20:04,68629,80.4,10.4,4
2026-08-05 13:20:09,68634,84.9,10.4,4
2026-08-05 13:20:14,68639,79.3,10.4,4
2026-08-05 13:20:19,68644,79.8,10.4,4
2026-08-05 13:20:24,68649,79.3,10.4,4
2026-08-05 13:20:29,68654,74.7,10.4,4
2026-08-05 13:20:34,68659,76.8,10.4,4
2026-08-05 13:20:39,68664,79.0,10.4,4
2026-08-05 13:20:44,68669,76.4,10.4,4
2026-08-05 13:20:49,68674,83.1,10.5,4
2026-08-05 13:20:54,68679,84.9,10.4,4
2026-08-05 13:20:59,68685,82.4,10.4,4
2026-08-05 13:21:05,68690,81.7,10.4,4
2026-08-05 13:21:10,68695,80.5,10.4,4
2026-08-05 13:21:15,68700,87.7,10.4,4
2026-08-05 13:21:20,68705,84.4,10.4,4
2026-08-05 13:21:25,68710,81.8,10.5,4
2026-08-05 13:21:30,68715,78.8,10.4,4
2026-08-05 13:21:35,68720,82.0,10.4,4
2026-08-05 13:21:40,68725,83.1,10.4,4
2026-08-05 13:21:45,68730,79.8,10.4,4
2026-08-05 13:21:50,68735,82.9,10.4,4
2026-08-05 13:21:55,68741,82.0,10.4,4
2026-08-05 13:22:00,68746,81.7,10.4,4
2026-08-05 13:22:06,68751,85.2,10.5,4
2026-08-05 13:22:11,68756,86.7,10.4,4
2026-08-05 13:22:16,68761,87.5,10.4,4
2026-08-05 13:22:21,68766,87.3,10.4,4
2026-08-05 13:22:26,68771,86.3,10.4,4
2026-08-05 13:22:31,68776,85.5,10.4,4
2026-08-05 13:22:36,68781,91.7,10.4,4
2026-08-05 13:22:41,68786,86.8,10.4,4
2026-08-05 13:22:46,68791,90.6,10.4,4
2026-08-05 13:22:51,68796,92.1,10.4,4
2026-08-05 13:22:56,68802,90.7,10.4,4
2026-08-05 13:23:02,68807,87.9,10.4,4
2026-08-05 13:23:07,68812,85.1,10.4,4
2026-08-05 13:23:12,68817,82.1,10.4,4
2026-08-05 13:23:17,68822,81.5,10.4,4
2026-08-05 13:23:22,68827,81.7,10.4,4
2026-08-05 13:23:27,68832,80.7,10.4,4
2026-08-05 13:23:32,68837,88.8,10.4,4
2026-08-05 13:23:37,68842,92.5,10.4,4
2026-08-05 13:23:42,68847,94.8,10.4,4
2026-08-05 13:23:47,68852,94.7,10.5,4
2026-08-05 13:23:52,68858,95.6,10.5,4
2026-08-05 13:23:58,68863,95.8,10.4,4
2026-08-05 13:24:03,68868,94.8,10.4,4
2026-08-05 13:24:08,68873,96.8,10.4,4
2026-08-05 13:24:13,68878,96.3,10.4,4
2026-08-05 13:24:18,68883,97.0,10.5,4
2026-08-05 13:24:23,68888,95.0,10.4,4
2026-08-05 13:24:28,68893,95.6,10.4,4
2026-08-05 13:24:33,68899,95.7,10.4,4
2026-08-05 13:24:39,68904,94.1,10.5,4
2026-08-05 13:24:44,68909,90.5,10.5,4
2026-08-05 13:24:49,68914,94.8,10.5,4
2026-08-05 13:24:54,68919,96.7,10.5,4
2026-08-05 13:24:59,68924,96.8,10.5,4
2026-08-05 13:25:04,68929,95.1,10.5,4
2026-08-05 13:25:09,68934,94.6,10.5,4
2026-08-05 13:25:14,68939,96.0,10.6,4
2026-08-05 13:25:19,68944,94.0,10.5,4
2026-08-05 13:25:24,68949,88.4,10.5,4
2026-08-05 13:25:30,68955,94.5,10.5,4
2026-08-05 13:25:35,68960,92.4,10.5,4
2026-08-05 13:25:40,68965,90.1,10.5,4
2026-08-05 13:25:45,68970,90.1,10.5,4
2026-08-05 13:25:50,68975,84.5,10.5,4
2026-08-05 13:25:55,68980,78.1,10.5,4
2026-08-05 13:26:00,68985,74.3,10.5,4
2026-08-05 13:26:05,68990,82.9,10.5,4
2026-08-05 13:26:10,68995,84.3,10.5,4
2026-08-05 13:26:15,69000,87.2,10.5,4
2026-08-05 13:26:20,69005,81.0,10.5,4
2026-08-05 13:26:25,69011,82.8,10.5,4
2026-08-05 13:26:31,69016,84.5,10.5,4
2026-08-05 13:26:36,69021,76.7,10.5,4
2026-08-05 13:26:41,69026,76.5,10.5,4
2026-08-05 13:26:46,69031,75.9,10.5,4
2026-08-05 13:26:51,69036,72.9,10.5,4
2026-08-05 13:26:56,69041,76.1,10.5,4
2026-08-05 13:27:01,69046,81.9,10.4,4
2026-08-05 13:27:06,69051,95.2,10.4,4
2026-08-05 13:27:11,69056,91.4,10.4,4
2026-08-05 13:27:16,69061,95.8,10.4,4
2026-08-05 13:27:21,69067,95.5,10.4,4
2026-08-05 13:27:27,69072,94.6,10.4,4
2026-08-05 13:27:32,69077,96.4,10.4,4
2026-08-05 13:27:37,69082,96.7,10.4,4
2026-08-05 13:27:42,69087,94.9,10.4,4
2026-08-05 13:27:47,69092,89.1,10.4,4
2026-08-05 13:27:52,69097,86.8,10.4,4
2026-08-05 13:27:57,69102,86.5,10.4,4
2026-08-05 13:28:02,69107,87.9,10.4,4
2026-08-05 13:28:07,69112,86.7,10.4,4
2026-08-05 13:28:12,69118,75.2,10.4,4
2026-08-05 13:28:18,69123,76.6,10.5,4
2026-08-05 13:28:23,69128,80.3,10.4,4
2026-08-05 13:28:28,69133,78.8,10.4,4
2026-08-05 13:28:33,69138,84.2,10.4,4
2026-08-05 13:28:38,69143,85.4,10.4,4
2026-08-05 13:28:43,69148,90.8,10.4,4
2026-08-05 13:28:48,69153,86.5,10.4,4
2026-08-05 13:28:53,69158,85.7,10.4,4
2026-08-05 13:28:58,69163,84.0,10.4,4
2026-08-05 13:29:03,69168,84.7,10.4,4
2026-08-05 13:29:08,69174,88.6,10.4,4
2026-08-05 13:29:14,69179,84.3,10.4,4
2026-08-05 13:29:19,69184,85.7,10.4,4
2026-08-05 13:29:24,69189,85.0,10.4,4
2026-08-05 13:29:29,69194,80.9,10.4,4
2026-08-05 13:29:34,69199,88.5,10.4,4
2026-08-05 13:29:39,69204,89.9,10.4,4
2026-08-05 13:29:44,69209,86.5,10.4,4
2026-08-05 13:29:49,69214,83.9,10.4,4
2026-08-05 13:29:54,69219,79.3,10.5,4
2026-08-05 13:29:59,69224,74.4,10.4,4
2026-08-05 13:30:04,69229,80.4,10.5,4
2026-08-05 13:30:09,69235,81.7,10.4,4
2026-08-05 13:30:15,69240,91.3,10.4,4
2026-08-05 13:30:20,69245,95.1,10.4,4
2026-08-05 13:30:25,69250,94.6,10.4,4
2026-08-05 13:30:30,69255,95.6,10.5,4
2026-08-05 13:30:35,69260,94.5,10.4,4
2026-08-05 13:30:40,69265,91.9,10.5,4
2026-08-05 13:30:45,69270,93.2,10.4,4
2026-08-05 13:30:50,69275,96.3,10.4,4
2026-08-05 13:30:55,69281,91.2,10.5,4
2026-08-05 13:31:01,69286,91.8,10.4,4
2026-08-05 13:31:06,69291,87.0,10.4,4
2026-08-05 13:31:11,69296,85.0,10.5,4
2026-08-05 13:31:16,69301,86.4,10.5,4
2026-08-05 13:31:21,69306,83.8,10.5,4
2026-08-05 13:31:26,69311,90.9,10.5,4
2026-08-05 13:31:31,69316,95.0,10.5,4
2026-08-05 13:31:36,69321,95.3,10.5,4
2026-08-05 13:31:41,69327,97.0,10.5,4
2026-08-05 13:31:47,69332,96.9,10.5,4
2026-08-05 13:31:52,69337,96.5,10.5,4
2026-08-05 13:31:57,69342,95.2,10.5,4
2026-08-05 13:32:02,69347,96.3,10.5,4
2026-08-05 13:32:07,69352,97.4,10.4,4
2026-08-05 13:32:12,69357,95.1,10.4,4
2026-08-05 13:32:17,69362,93.8,10.5,4
2026-08-05 13:32:22,69367,95.5,10.5,4
2026-08-05 13:32:27,69372,94.4,10.5,4
2026-08-05 13:32:32,69377,91.8,10.4,4
2026-08-05 13:32:38,69383,92.6,10.5,4
2026-08-05 13:32:43,69388,88.2,10.4,4
2026-08-05 13:32:48,69393,91.0,10.4,4
2026-08-05 13:32:53,69398,86.0,10.5,4
2026-08-05 13:32:58,69403,80.7,10.4,4
2026-08-05 13:33:03,69408,80.2,10.4,4
2026-08-05 13:33:08,69413,79.7,10.4,4
2026-08-05 13:33:13,69418,87.2,10.4,4
2026-08-05 13:33:18,69423,84.9,10.4,4
2026-08-05 13:33:23,69428,86.0,10.4,4
2026-08-05 13:33:28,69433,85.5,10.4,4
2026-08-05 13:33:33,69439,81.4,10.5,4
2026-08-05 13:33:39,69444,79.0,10.5,4
2026-08-05 13:33:44,69449,79.7,10.5,4
2026-08-05 13:33:49,69454,75.5,10.5,4
2026-08-05 13:33:54,69459,78.0,10.5,4
2026-08-05 13:33:59,69464,80.9,10.5,4
2026-08-05 13:34:04,69469,81.3,10.5,4
2026-08-05 13:34:09,69474,83.8,10.5,4
2026-08-05 13:34:14,69479,84.7,10.5,4
2026-08-05 13:34:19,69484,84.6,10.5,4
2026-08-05 13:34:24,69489,85.6,10.5,4
2026-08-05 13:34:29,69494,74.4,10.5,4
2026-08-05 13:34:34,69500,80.7,10.5,4
2026-08-05 13:34:40,69505,81.1,10.6,4
2026-08-05 13:34:45,69510,72.9,10.6,4
2026-08-05 13:34:50,69515,68.3,10.5,4
2026-08-05 13:34:55,69520,74.9,10.5,4
2026-08-05 13:35:00,69525,74.5,10.5,4
2026-08-05 13:35:05,69530,82.4,10.5,4
2026-08-05 13:35:10,69535,92.6,10.4,4
2026-08-05 13:35:15,69540,92.1,10.4,4
2026-08-05 13:35:20,69545,93.5,10.4,4
2026-08-05 13:35:25,69550,95.5,10.4,4
2026-08-05 13:35:30,69555,95.2,10.4,4
2026-08-05 13:35:35,69561,89.6,10.4,4
2026-08-05 13:35:41,69566,91.5,10.4,4
2026-08-05 13:35:46,69571,93.5,10.4,4
2026-08-05 13:35:51,69576,89.0,10.4,4
2026-08-05 13:35:56,69581,92.1,10.4,4
2026-08-05 13:36:01,69586,95.1,10.4,4
2026-08-05 13:36:06,69591,95.9,10.4,4
2026-08-05 13:36:11,69596,94.5,10.4,4
2026-08-05 13:36:16,69601,86.9,10.4,4
2026-08-05 13:36:21,69606,84.5,10.4,4
2026-08-05 13:36:26,69612,81.8,10.4,4
2026-08-05 13:36:32,69617,78.5,10.4,4
2026-08-05 13:36:37,69622,80.5,10.4,4
2026-08-05 13:36:42,69627,79.6,10.4,4
2026-08-05 13:36:47,69632,81.3,10.4,4
2026-08-05 13:36:52,69637,81.7,10.4,4
2026-08-05 13:36:57,69642,92.5,10.4,4
2026-08-05 13:37:02,69647,91.8,10.4,4
2026-08-05 13:37:07,69652,96.0,10.4,4
2026-08-05 13:37:12,69657,95.1,10.4,4
2026-08-05 13:37:17,69663,94.7,10.4,4
2026-08-05 13:37:23,69668,93.3,10.4,4
2026-08-05 13:37:28,69673,93.9,10.4,4
2026-08-05 13:37:33,69678,92.7,10.4,4
2026-08-05 13:37:38,69683,93.7,10.4,4
2026-08-05 13:37:43,69688,94.3,10.5,4
2026-08-05 13:37:48,69693,92.9,10.4,4
2026-08-05 13:37:53,69698,93.8,10.5,4
2026-08-05 13:37:58,69703,95.3,10.4,4
2026-08-05 13:38:03,69709,95.0,10.4,4
2026-08-05 13:38:09,69714,91.6,10.4,4
2026-08-05 13:38:14,69719,93.7,10.5,4
2026-08-05 13:38:19,69724,93.7,10.4,4
2026-08-05 13:38:24,69729,92.3,10.5,4
2026-08-05 13:38:29,69734,90.8,10.4,4
2026-08-05 13:38:34,69739,88.3,10.4,4
2026-08-05 13:38:39,69744,86.4,10.5,4
2026-08-05 13:38:44,69749,89.7,10.4,4
2026-08-05 13:38:49,69754,87.7,10.4,4
2026-08-05 13:38:54,69759,89.7,10.4,4
2026-08-05 13:39:00,69765,92.7,10.4,4
2026-08-05 13:39:05,69770,96.4,10.4,4
2026-08-05 13:39:10,69775,91.1,10.4,4
2026-08-05 13:39:15,69780,95.5,10.4,4
2026-08-05 13:39:20,69785,96.6,10.4,4
2026-08-05 13:39:25,69790,96.9,10.5,4
2026-08-05 13:39:30,69795,93.6,10.4,4
2026-08-05 13:39:35,69800,90.7,10.4,4
2026-08-05 13:39:40,69805,91.1,10.4,4
2026-08-05 13:39:45,69811,84.9,10.4,4
2026-08-05 13:39:51,69816,86.6,10.4,4
2026-08-05 13:39:56,69821,92.3,10.4,4
2026-08-05 13:40:01,69826,90.6,10.4,4
2026-08-05 13:40:06,69831,91.2,10.4,4
2026-08-05 13:40:11,69836,91.9,10.4,4
2026-08-05 13:40:16,69841,89.5,10.5,4
2026-08-05 13:40:21,69846,88.4,10.4,4
2026-08-05 13:40:26,69851,77.6,10.4,4
2026-08-05 13:40:31,69856,77.2,10.4,4
2026-08-05 13:40:36,69861,77.1,10.4,4
2026-08-05 13:40:41,69866,79.3,10.4,4
2026-08-05 13:40:46,69872,85.3,10.4,4
2026-08-05 13:40:52,69877,84.1,10.4,4
2026-08-05 13:40:57,69882,84.0,10.4,4
2026-08-05 13:41:02,69887,81.7,10.4,4
2026-08-05 13:41:07,69892,78.8,10.5,4
2026-08-05 13:41:12,69897,81.1,10.4,4
2026-08-05 13:41:17,69902,81.6,10.5,4
2026-08-05 13:41:22,69907,84.9,10.4,4
2026-08-05 13:41:27,69912,86.2,10.4,4
2026-08-05 13:41:32,69917,81.5,10.4,4
2026-08-05 13:41:37,69922,81.6,10.4,4
2026-08-05 13:41:42,69927,78.4,10.4,4
2026-08-05 13:41:48,69933,76.5,10.5,4
2026-08-05 13:41:53,69938,80.3,10.5,4
2026-08-05 13:41:58,69943,80.4,10.5,4
2026-08-05 13:42:03,69948,85.3,10.5,4
2026-08-05 13:42:08,69953,87.2,10.5,4
2026-08-05 13:42:13,69958,79.4,10.5,4
2026-08-05 13:42:18,69963,79.6,10.5,4
2026-08-05 13:42:23,69968,85.0,10.6,4
2026-08-05 13:42:28,69973,89.5,10.5,4
2026-08-05 13:42:33,69978,84.4,10.5,4
2026-08-05 13:42:38,69983,88.8,10.5,4
2026-08-05 13:42:43,69989,83.9,10.5,4
2026-08-05 13:42:49,69994,74.8,10.5,4
2026-08-05 13:42:54,69999,76.5,10.5,4
2026-08-05 13:42:59,70004,79.0,10.4,4
2026-08-05 13:43:04,70009,76.7,10.5,4
2026-08-05 13:43:09,70014,70.3,10.5,4
2026-08-05 13:43:14,70019,77.5,10.5,4
2026-08-05 13:43:19,70024,92.5,10.4,4
2026-08-05 13:43:24,70029,91.3,10.4,4
2026-08-05 13:43:29,70034,95.8,10.5,4
2026-08-05 13:43:34,70039,97.3,10.5,4
2026-08-05 13:43:39,70045,96.3,10.5,4
2026-08-05 13:43:45,70050,94.4,10.5,4
2026-08-05 13:43:50,70055,96.8,10.5,4
2026-08-05 13:43:55,70060,97.1,10.5,4
2026-08-05 13:44:00,70065,94.8,10.5,4
2026-08-05 13:44:05,70070,95.3,10.5,4
2026-08-05 13:44:10,70075,96.9,10.4,4
2026-08-05 13:44:15,70080,96.0,10.5,4
2026-08-05 13:44:20,70085,95.8,10.5,4
2026-08-05 13:44:25,70091,91.9,10.4,4
2026-08-05 13:44:31,70096,86.5,10.4,4
2026-08-05 13:44:36,70101,88.8,10.4,4
2026-08-05 13:44:41,70106,92.6,10.4,4
2026-08-05 13:44:46,70111,89.2,10.4,4
2026-08-05 13:44:51,70116,91.5,10.4,4
2026-08-05 13:44:56,70121,91.2,10.4,4
2026-08-05 13:45:01,70126,92.9,10.4,4
2026-08-05 13:45:06,70131,90.5,10.4,4
2026-08-05 13:45:11,70136,91.3,10.5,4
2026-08-05 13:45:16,70142,89.0,10.4,4
2026-08-05 13:45:22,70147,90.1,10.5,4
2026-08-05 13:45:27,70152,93.8,10.4,4
2026-08-05 13:45:32,70157,91.5,10.4,4
2026-08-05 13:45:37,70162,92.4,10.4,4
2026-08-05 13:45:42,70167,90.0,10.4,4
2026-08-05 13:45:47,70172,90.3,10.4,4
2026-08-05 13:45:52,70177,89.3,10.5,4
2026-08-05 13:45:57,70182,89.0,10.4,4
2026-08-05 13:46:02,70187,88.7,10.4,4
2026-08-05 13:46:07,70192,82.3,10.4,4
2026-08-05 13:46:12,70198,76.1,10.4,4
2026-08-05 13:46:18,70203,78.4,10.4,4
2026-08-05 13:46:23,70208,77.7,10.4,4
2026-08-05 13:46:28,70213,86.6,10.4,4
2026-08-05 13:46:33,70218,93.3,10.4,4
2026-08-05 13:46:38,70223,95.9,10.4,4
2026-08-05 13:46:43,70228,96.4,10.4,4
2026-08-05 13:46:48,70233,95.5,10.4,4
2026-08-05 13:46:53,70238,91.8,10.4,4
2026-08-05 13:46:58,70243,88.6,10.5,4
2026-08-05 13:47:03,70249,90.6,10.4,4
2026-08-05 13:47:09,70254,84.4,10.5,4
2026-08-05 13:47:14,70259,89.4,10.4,4
2026-08-05 13:47:19,70264,93.2,10.4,4
2026-08-05 13:47:24,70269,93.6,10.4,4
2026-08-05 13:47:29,70274,92.5,10.4,4
2026-08-05 13:47:34,70279,93.7,10.4,4
2026-08-05 13:47:39,70284,92.7,10.4,4
2026-08-05 13:47:44,70289,89.5,10.4,4
2026-08-05 13:47:49,70294,84.7,10.4,4
2026-08-05 13:47:54,70299,78.0,10.4,4
2026-08-05 13:47:59,70305,84.7,10.4,4
2026-08-05 13:48:05,70310,85.3,10.4,4
2026-08-05 13:48:10,70315,89.0,10.4,4
2026-08-05 13:48:15,70320,82.5,10.4,4
2026-08-05 13:48:20,70325,86.7,10.5,4
2026-08-05 13:48:25,70330,85.1,10.4,4
2026-08-05 13:48:30,70335,81.2,10.4,4
2026-08-05 13:48:35,70340,88.3,10.4,4
2026-08-05 13:48:40,70345,88.2,10.4,4
2026-08-05 13:48:45,70350,86.5,10.4,4
2026-08-05 13:48:50,70355,89.1,10.4,4
2026-08-05 13:48:55,70361,85.4,10.4,4
2026-08-05 13:49:01,70366,78.9,10.4,4
2026-08-05 13:49:06,70371,80.3,10.4,4
2026-08-05 13:49:11,70376,79.6,10.4,4
2026-08-05 13:49:16,70381,82.0,10.4,4
2026-08-05 13:49:21,70386,88.1,10.4,4
2026-08-05 13:49:26,70391,84.8,10.4,4
2026-08-05 13:49:31,70396,88.2,10.4,4
2026-08-05 13:49:36,70401,91.6,10.4,4
2026-08-05 13:49:41,70406,91.3,10.4,4
2026-08-05 13:49:46,70411,85.8,10.4,4
2026-08-05 13:49:51,70417,89.4,10.4,4
2026-08-05 13:49:57,70422,87.4,10.5,4
2026-08-05 13:50:02,70427,78.7,10.5,4
2026-08-05 13:50:07,70432,84.1,10.5,4
2026-08-05 13:50:12,70437,83.6,10.5,4
2026-08-05 13:50:17,70442,85.6,10.5,4
2026-08-05 13:50:22,70447,91.4,10.5,4
2026-08-05 13:50:27,70452,89.6,10.5,4
2026-08-05 13:50:32,70457,95.7,10.5,4
2026-08-05 13:50:37,70462,93.4,10.5,4
2026-08-05 13:50:42,70467,93.3,10.5,4
2026-08-05 13:50:47,70473,92.0,10.5,4
2026-08-05 13:50:53,70478,89.8,10.5,4
2026-08-05 13:50:58,70483,79.4,10.5,4
2026-08-05 13:51:03,70488,83.2,10.5,4
2026-08-05 13:51:08,70493,89.1,10.5,4
2026-08-05 13:51:13,70498,82.6,10.5,4
2026-08-05 13:51:18,70503,85.8,10.4,4
2026-08-05 13:51:23,70508,93.5,10.4,4
2026-08-05 13:51:28,70513,95.4,10.4,4
2026-08-05 13:51:33,70518,95.0,10.4,4
2026-08-05 13:51:38,70523,97.3,10.4,4
2026-08-05 13:51:43,70529,97.1,10.4,4
2026-08-05 13:51:49,70534,96.8,10.4,4
2026-08-05 13:51:54,70539,94.9,10.4,4
2026-08-05 13:51:59,70544,94.1,10.4,4
2026-08-05 13:52:04,70549,92.4,10.4,4
2026-08-05 13:52:09,70554,95.3,10.4,4
2026-08-05 13:52:14,70559,95.1,10.4,4
2026-08-05 13:52:19,70564,95.7,10.4,4
2026-08-05 13:52:24,70570,96.1,10.5,4
2026-08-05 13:52:30,70575,95.6,10.4,4
2026-08-05 13:52:35,70580,84.0,10.4,4
2026-08-05 13:52:40,70585,84.0,10.4,4
2026-08-05 13:52:45,70590,81.6,10.5,4
2026-08-05 13:52:50,70595,85.9,10.5,4
2026-08-05 13:52:55,70600,83.5,10.4,4
2026-08-05 13:53:00,70605,85.7,10.4,4
2026-08-05 13:53:05,70610,84.2,10.5,4
2026-08-05 13:53:10,70615,84.3,10.4,4
2026-08-05 13:53:15,70620,87.7,10.4,4
2026-08-05 13:53:20,70626,88.9,10.4,4
2026-08-05 13:53:26,70631,87.9,10.5,4
2026-08-05 13:53:31,70636,87.7,10.4,4
2026-08-05 13:53:36,70641,75.4,10.4,4
2026-08-05 13:53:41,70646,73.4,10.5,4
2026-08-05 13:53:46,70651,76.9,10.5,4
2026-08-05 13:53:51,70656,80.2,10.4,4
2026-08-05 13:53:56,70661,88.2,10.5,4
2026-08-05 13:54:01,70666,92.2,10.4,4
2026-08-05 13:54:06,70671,91.9,10.4,4
2026-08-05 13:54:11,70676,95.7,10.4,4
2026-08-05 13:54:16,70682,93.6,10.5,4
2026-08-05 13:54:22,70687,93.3,10.4,4
2026-08-05 13:54:27,70692,87.9,10.4,4
2026-08-05 13:54:32,70697,92.0,10.5,4
2026-08-05 13:54:37,70702,85.2,10.5,4
2026-08-05 13:54:42,70707,89.8,10.4,4
2026-08-05 13:54:47,70712,93.0,10.4,4
2026-08-05 13:54:52,70717,95.1,10.5,4
2026-08-05 13:54:57,70722,90.2,10.5,4
2026-08-05 13:55:02,70727,88.7,10.5,4
2026-08-05 13:55:07,70732,86.5,10.5,4
2026-08-05 13:55:12,70738,89.0,10.5,4
2026-08-05 13:55:18,70743,89.5,10.4,4
2026-08-05 13:55:23,70748,86.1,10.4,4
2026-08-05 13:55:28,70753,88.6,10.4,4
2026-08-05 13:55:33,70758,88.5,10.4,4
2026-08-05 13:55:38,70763,81.2,10.4,4
2026-08-05 13:55:43,70768,78.8,10.4,4
2026-08-05 13:55:48,70773,78.4,10.4,4
2026-08-05 13:55:53,70778,79.9,10.4,4
2026-08-05 13:55:58,70783,81.4,10.4,4
2026-08-05 13:56:03,70788,86.6,10.4,4
2026-08-05 13:56:08,70794,86.7,10.4,4
2026-08-05 13:56:14,70799,83.8,10.4,4
2026-08-05 13:56:19,70804,89.1,10.4,4
2026-08-05 13:56:24,70809,89.3,10.4,4
2026-08-05 13:56:29,70814,88.0,10.4,4
2026-08-05 13:56:34,70819,87.1,10.4,4
2026-08-05 13:56:39,70824,79.2,10.5,4
2026-08-05 13:56:44,70829,78.2,10.4,4
2026-08-05 13:56:49,70834,86.1,10.4,4
2026-08-05 13:56:54,70839,75.7,10.4,4
2026-08-05 13:56:59,70844,89.0,10.4,4
2026-08-05 13:57:04,70850,93.2,10.4,4
2026-08-05 13:57:09,70855,92.3,10.4,4
2026-08-05 13:57:15,70860,95.6,10.4,4
2026-08-05 13:57:20,70865,94.2,10.5,4
2026-08-05 13:57:25,70870,92.7,10.5,4
2026-08-05 13:57:30,70875,91.7,10.5,4
2026-08-05 13:57:35,70880,92.9,10.5,4
2026-08-05 13:57:40,70885,87.4,10.5,4
2026-08-05 13:57:45,70890,90.9,10.5,4
2026-08-05 13:57:50,70895,88.9,10.5,4
2026-08-05 13:57:55,70900,88.9,10.5,4
2026-08-05 13:58:00,70906,89.8,10.5,4
2026-08-05 13:58:06,70911,86.0,10.5,4
2026-08-05 13:58:11,70916,90.0,10.5,4
2026-08-05 13:58:16,70921,90.0,10.5,4
2026-08-05 13:58:21,70926,91.8,10.5,4
2026-08-05 13:58:26,70931,90.9,10.5,4
2026-08-05 13:58:31,70936,94.0,10.5,4
2026-08-05 13:58:36,70941,93.9,10.5,4
2026-08-05 13:58:41,70946,96.3,10.6,4
2026-08-05 13:58:46,70951,96.0,10.5,4
2026-08-05 13:58:51,70957,95.3,10.5,4
2026-08-05 13:58:57,70962,88.4,10.5,4
2026-08-05 13:59:02,70967,87.0,10.5,4
2026-08-05 13:59:07,70972,87.3,10.5,4
2026-08-05 13:59:12,70977,85.5,10.5,4
2026-08-05 13:59:17,70982,77.3,10.5,4
2026-08-05 13:59:22,70987,80.4,10.5,4
2026-08-05 13:59:27,70992,87.2,10.5,4
2026-08-05 13:59:32,70997,90.3,10.5,4
2026-08-05 13:59:37,71002,89.2,10.5,4
2026-08-05 13:59:42,71008,94.2,10.5,4
2026-08-05 13:59:48,71013,94.7,10.5,4
2026-08-05 13:59:53,71018,94.2,10.5,4
2026-08-05 13:59:58,71023,91.2,10.5,4
2026-08-05 14:00:03,71028,95.7,10.5,4
2026-08-05 14:00:08,71033,92.5,10.5,4
2026-08-05 14:00:13,71038,90.7,10.5,4
2026-08-05 14:00:18,71043,89.4,10.5,4
2026-08-05 14:00:23,71048,91.9,10.5,4
2026-08-05 14:00:28,71053,94.4,10.5,4
2026-08-05 14:00:33,71059,87.2,10.5,4
2026-08-05 14:00:39,71064,82.4,10.5,4
2026-08-05 14:00:44,71069,84.0,10.4,4
2026-08-05 14:00:49,71074,87.4,10.4,4
2026-08-05 14:00:54,71079,86.9,10.5,4
2026-08-05 14:00:59,71084,86.0,10.5,4
2026-08-05 14:01:04,71089,85.0,10.5,4
2026-08-05 14:01:09,71094,76.0,10.5,4
2026-08-05 14:01:14,71099,77.2,10.4,4
2026-08-05 14:01:19,71104,81.5,10.4,4
2026-08-05 14:01:24,71109,84.3,10.5,4
2026-08-05 14:01:29,71115,94.1,10.5,4
2026-08-05 14:01:35,71120,86.8,10.5,4
2026-08-05 14:01:40,71125,94.3,10.4,4
2026-08-05 14:01:45,71130,91.6,10.5,4
2026-08-05 14:01:50,71135,89.8,10.5,4
2026-08-05 14:01:55,71140,90.7,10.5,4
2026-08-05 14:02:00,71145,94.2,10.5,4
2026-08-05 14:02:05,71150,90.8,10.5,4
2026-08-05 14:02:10,71155,88.8,10.4,4
2026-08-05 14:02:15,71160,90.9,10.5,4
2026-08-05 14:02:20,71166,92.3,10.5,4
2026-08-05 14:02:26,71171,89.8,10.4,4
2026-08-05 14:02:31,71176,86.6,10.5,4
2026-08-05 14:02:36,71181,89.7,10.4,4
2026-08-05 14:02:41,71186,91.1,10.5,4
2026-08-05 14:02:46,71191,86.3,10.4,4
2026-08-05 14:02:51,71196,86.1,10.4,4
2026-08-05 14:02:56,71201,84.4,10.4,4
2026-08-05 14:03:01,71206,85.6,10.4,4
2026-08-05 14:03:06,71211,86.6,10.5,4
2026-08-05 14:03:11,71216,84.4,10.5,4
2026-08-05 14:03:16,71222,87.4,10.4,4
2026-08-05 14:03:22,71227,79.3,10.4,4
2026-08-05 14:03:27,71232,78.1,10.4,4
2026-08-05 14:03:32,71237,84.6,10.5,4
2026-08-05 14:03:37,71242,77.6,10.4,4
2026-08-05 14:03:42,71247,83.1,10.4,4
2026-08-05 14:03:47,71252,91.9,10.4,4
2026-08-05 14:03:52,71257,89.2,10.4,4
2026-08-05 14:03:57,71262,93.7,10.4,4
2026-08-05 14:04:02,71267,93.3,10.5,4
2026-08-05 14:04:07,71272,91.8,10.4,4
2026-08-05 14:04:12,71278,88.7,10.4,4
2026-08-05 14:04:18,71283,93.4,10.5,4
2026-08-05 14:04:23,71288,91.1,10.5,4
2026-08-05 14:04:28,71293,89.7,10.5,4
2026-08-05 14:04:33,71298,91.5,10.4,4
2026-08-05 14:04:38,71303,90.8,10.5,4
2026-08-05 14:04:43,71308,89.5,10.4,4
2026-08-05 14:04:48,71313,85.2,10.5,4
2026-08-05 14:04:53,71318,91.2,10.4,4
2026-08-05 14:04:58,71323,89.9,10.4,4
2026-08-05 14:05:03,71328,94.0,10.4,4
2026-08-05 14:05:08,71334,90.1,10.4,4
2026-08-05 14:05:14,71339,93.0,10.5,4
2026-08-05 14:05:19,71344,91.1,10.4,4
2026-08-05 14:05:24,71349,89.8,10.4,4
2026-08-05 14:05:29,71354,92.7,10.5,4
2026-08-05 14:05:34,71359,90.0,10.5,4
2026-08-05 14:05:39,71364,84.8,10.5,4
2026-08-05 14:05:44,71369,89.3,10.5,4
2026-08-05 14:05:49,71374,87.0,10.5,4
2026-08-05 14:05:54,71379,77.9,10.6,4
2026-08-05 14:05:59,71384,78.2,10.5,4
2026-08-05 14:06:04,71389,87.6,10.5,4
2026-08-05 14:06:09,71395,88.6,10.5,4
2026-08-05 14:06:15,71400,80.2,10.5,4
2026-08-05 14:06:20,71405,76.5,10.6,4
2026-08-05 14:06:25,71410,79.8,10.5,4
2026-08-05 14:06:30,71415,80.8,10.5,4
2026-08-05 14:06:35,71420,82.3,10.5,4
2026-08-05 14:06:40,71425,84.3,10.5,4
2026-08-05 14:06:45,71430,82.5,10.5,4
2026-08-05 14:06:50,71435,76.9,10.5,4
2026-08-05 14:06:55,71440,74.2,10.5,4
2026-08-05 14:07:00,71445,77.2,10.5,4
2026-08-05 14:07:05,71450,81.2,10.5,4
2026-08-05 14:07:10,71456,78.1,10.5,4
2026-08-05 14:07:16,71461,76.5,10.5,4
2026-08-05 14:07:21,71466,77.5,10.5,4
2026-08-05 14:07:26,71471,80.5,10.5,4
2026-08-05 14:07:31,71476,83.5,10.5,4
2026-08-05 14:07:36,71481,92.5,10.5,4
2026-08-05 14:07:41,71486,93.1,10.5,4
2026-08-05 14:07:46,71491,95.2,10.5,4
2026-08-05 14:07:51,71496,96.3,10.5,4
2026-08-05 14:07:56,71501,95.7,10.5,4
2026-08-05 14:08:01,71506,94.7,10.5,4
2026-08-05 14:08:06,71512,92.6,10.5,4
2026-08-05 14:08:12,71517,95.2,10.5,4
2026-08-05 14:08:17,71522,89.4,10.5,4
2026-08-05 14:08:22,71527,90.8,10.5,4
2026-08-05 14:08:27,71532,91.0,10.5,4
2026-08-05 14:08:32,71537,90.2,10.5,4
2026-08-05 14:08:37,71542,90.3,10.5,4
2026-08-05 14:08:42,71547,82.1,10.4,4
2026-08-05 14:08:47,71552,83.1,10.5,4
2026-08-05 14:08:52,71557,91.8,10.5,4
2026-08-05 14:08:57,71563,92.2,10.5,4
2026-08-05 14:09:03,71568,94.4,10.4,4
2026-08-05 14:09:08,71573,96.1,10.4,4
2026-08-05 14:09:13,71578,96.3,10.5,4
2026-08-05 14:09:18,71583,95.1,10.5,4
2026-08-05 14:09:23,71588,96.4,10.5,4
2026-08-05 14:09:28,71593,96.6,10.5,4
2026-08-05 14:09:33,71598,89.0,10.5,4
2026-08-05 14:09:38,71603,92.9,10.5,4
2026-08-05 14:09:43,71609,95.7,10.5,4
2026-08-05 14:09:49,71614,95.9,10.4,4
2026-08-05 14:09:54,71619,94.2,10.5,4
2026-08-05 14:09:59,71624,90.9,10.5,4
2026-08-05 14:10:04,71629,84.2,10.5,4
2026-08-05 14:10:09,71634,83.5,10.5,4
2026-08-05 14:10:14,71639,81.5,10.4,4
2026-08-05 14:10:19,71644,76.9,10.4,4
2026-08-05 14:10:24,71649,92.1,10.4,4
2026-08-05 14:10:29,71654,89.7,10.4,4
2026-08-05 14:10:34,71659,92.4,10.4,4
2026-08-05 14:10:39,71665,95.0,10.4,4
2026-08-05 14:10:44,71670,92.7,10.4,4
2026-08-05 14:10:50,71675,88.1,10.4,4
2026-08-05 14:10:55,71680,90.1,10.4,4
2026-08-05 14:11:00,71685,92.4,10.4,4
2026-08-05 14:11:05,71690,90.9,10.4,4
2026-08-05 14:11:10,71695,94.1,10.4,4
2026-08-05 14:11:15,71700,92.6,10.4,4
2026-08-05 14:11:20,71705,91.5,10.5,4
2026-08-05 14:11:25,71710,89.0,10.5,4
2026-08-05 14:11:30,71715,87.0,10.4,4
2026-08-05 14:11:35,71721,90.8,10.4,4
2026-08-05 14:11:41,71726,91.2,10.4,4
2026-08-05 14:11:46,71731,91.5,10.4,4
2026-08-05 14:11:51,71736,92.9,10.5,4
2026-08-05 14:11:56,71741,92.7,10.4,4
2026-08-05 14:12:01,71746,84.1,10.5,4
2026-08-05 14:12:06,71751,88.1,10.4,4
2026-08-05 14:12:11,71756,90.5,10.5,4
2026-08-05 14:12:16,71761,87.5,10.4,4
2026-08-05 14:12:21,71766,89.8,10.5,4
2026-08-05 14:12:26,71772,86.7,10.5,4
2026-08-05 14:12:32,71777,86.3,10.4,4
2026-08-05 14:12:37,71782,85.8,10.4,4
2026-08-05 14:12:42,71787,86.4,10.5,4
2026-08-05 14:12:47,71792,89.3,10.4,4
2026-08-05 14:12:52,71797,82.8,10.5,4
2026-08-05 14:12:57,71802,78.8,10.4,4
2026-08-05 14:13:02,71807,74.3,10.4,4
2026-08-05 14:13:07,71812,82.2,10.4,4
2026-08-05 14:13:12,71817,85.7,10.4,4
2026-08-05 14:13:17,71822,83.1,10.5,4
2026-08-05 14:13:22,71828,82.7,10.4,4
2026-08-05 14:13:27,71833,76.1,10.5,4
2026-08-05 14:13:33,71838,80.2,10.4,4
2026-08-05 14:13:38,71843,85.1,10.4,4
2026-08-05 14:13:43,71848,81.7,10.4,4
2026-08-05 14:13:48,71853,83.3,10.4,4
2026-08-05 14:13:53,71858,83.0,10.4,4
2026-08-05 14:13:58,71863,82.4,10.4,4
2026-08-05 14:14:03,71868,85.4,10.5,4
2026-08-05 14:14:08,71873,88.8,10.5,4
2026-08-05 14:14:13,71878,83.0,10.5,4
2026-08-05 14:14:18,71883,74.4,10.5,4
2026-08-05 14:14:23,71889,76.0,10.6,4
2026-08-05 14:14:29,71894,79.1,10.5,4
2026-08-05 14:14:34,71899,84.3,10.5,4
2026-08-05 14:14:39,71904,87.2,10.5,4
2026-08-05 14:14:44,71909,81.3,10.5,4
2026-08-05 14:14:49,71914,83.2,10.5,4
2026-08-05 14:14:54,71919,82.1,10.6,4
2026-08-05 14:14:59,71924,78.3,10.5,4
2026-08-05 14:15:04,71929,87.2,10.6,4
2026-08-05 14:15:09,71934,84.5,10.5,4
2026-08-05 14:15:14,71939,80.7,10.5,4
2026-08-05 14:15:19,71944,79.4,10.5,4
2026-08-05 14:15:24,71950,76.3,10.5,4
2026-08-05 14:15:30,71955,82.2,10.5,4
2026-08-05 14:15:35,71960,86.3,10.6,4
2026-08-05 14:15:40,71965,90.6,10.4,4
2026-08-05 14:15:45,71970,95.6,10.4,4
2026-08-05 14:15:50,71975,94.9,10.5,4
2026-08-05 14:15:55,71980,96.2,10.4,4
2026-08-05 14:16:00,71985,91.8,10.4,4
2026-08-05 14:16:05,71990,92.8,10.4,4
2026-08-05 14:16:10,71995,93.6,10.4,4
2026-08-05 14:16:15,72000,94.1,10.4,4
2026-08-05 14:16:21,72006,96.9,10.4,4
2026-08-05 14:16:26,72011,96.5,10.5,4
2026-08-05 14:16:31,72016,96.9,10.5,4
2026-08-05 14:16:36,72021,97.2,10.4,4
2026-08-05 14:16:41,72026,97.2,10.4,4
2026-08-05 14:16:46,72031,94.8,10.4,4
2026-08-05 14:16:51,72036,89.0,10.4,4
2026-08-05 14:16:56,72041,91.6,10.5,4
2026-08-05 14:17:01,72046,94.6,10.5,4
2026-08-05 14:17:06,72052,91.4,10.5,4
2026-08-05 14:17:12,72057,96.3,10.5,4
2026-08-05 14:17:17,72062,96.6,10.4,4
2026-08-05 14:17:22,72067,96.8,10.4,4
2026-08-05 14:17:27,72072,95.0,10.5,4
2026-08-05 14:17:32,72077,93.9,10.5,4
2026-08-05 14:17:37,72082,96.5,10.5,4
2026-08-05 14:17:42,72087,94.6,10.5,4
2026-08-05 14:17:47,72092,92.7,10.5,4
2026-08-05 14:17:52,72098,89.6,10.4,4
2026-08-05 14:17:58,72103,90.3,10.4,4
2026-08-05 14:18:03,72108,86.9,10.4,4
2026-08-05 14:18:08,72113,85.1,10.5,4
2026-08-05 14:18:13,72118,89.1,10.5,4
2026-08-05 14:18:18,72123,90.1,10.5,4
2026-08-05 14:18:23,72128,92.5,10.4,4
2026-08-05 14:18:28,72133,90.2,10.5,4
2026-08-05 14:18:33,72138,90.6,10.4,4
2026-08-05 14:18:38,72143,87.8,10.5,4
2026-08-05 14:18:43,72148,90.3,10.4,4
2026-08-05 14:18:48,72154,89.6,10.4,4
2026-08-05 14:18:54,72159,91.3,10.4,4
2026-08-05 14:18:59,72164,88.9,10.5,4
2026-08-05 14:19:04,72169,91.7,10.4,4
2026-08-05 14:19:09,72174,87.0,10.4,4
2026-08-05 14:19:14,72179,82.5,10.4,4
2026-08-05 14:19:19,72184,81.7,10.4,4
2026-08-05 14:19:24,72189,85.6,10.4,4
2026-08-05 14:19:29,72194,86.2,10.5,4
2026-08-05 14:19:34,72199,84.3,10.4,4
2026-08-05 14:19:39,72204,84.4,10.5,4
2026-08-05 14:19:44,72210,87.8,10.4,4
2026-08-05 14:19:50,72215,90.6,10.4,4
2026-08-05 14:19:55,72220,88.8,10.5,4
2026-08-05 14:20:00,72225,90.8,10.4,4
2026-08-05 14:20:05,72230,89.3,10.4,4
2026-08-05 14:20:10,72235,81.9,10.4,4
2026-08-05 14:20:15,72240,84.5,10.5,4
2026-08-05 14:20:20,72245,83.0,10.5,4
2026-08-05 14:20:25,72250,79.6,10.4,4
2026-08-05 14:20:30,72255,80.8,10.4,4
2026-08-05 14:20:35,72260,81.2,10.5,4
2026-08-05 14:20:40,72266,75.4,10.4,4
2026-08-05 14:20:46,72271,84.2,10.4,4
2026-08-05 14:20:51,72276,86.4,10.5,4
2026-08-05 14:20:56,72281,82.3,10.5,4
2026-08-05 14:21:01,72286,82.6,10.5,4
2026-08-05 14:21:06,72291,81.3,10.5,4
2026-08-05 14:21:11,72296,83.2,10.5,4
2026-08-05 14:21:16,72301,90.0,10.4,4
2026-08-05 14:21:21,72306,87.5,10.5,4
2026-08-05 14:21:26,72311,79.5,10.4,4
2026-08-05 14:21:31,72316,83.7,10.4,4
2026-08-05 14:21:36,72322,85.8,10.5,4
2026-08-05 14:21:41,72327,81.0,10.4,4
2026-08-05 14:21:47,72332,87.3,10.5,4
2026-08-05 14:21:52,72337,86.0,10.5,4
2026-08-05 14:21:57,72342,84.8,10.4,4
2026-08-05 14:22:02,72347,88.4,10.4,4
2026-08-05 14:22:07,72352,86.5,10.4,4
2026-08-05 14:22:12,72357,86.1,10.5,4
2026-08-05 14:22:17,72362,86.0,10.5,4
2026-08-05 14:22:22,72367,85.1,10.5,4
2026-08-05 14:22:27,72372,88.4,10.6,4
2026-08-05 14:22:32,72377,88.5,10.6,4
2026-08-05 14:22:37,72383,88.9,10.5,4
2026-08-05 14:22:43,72388,81.6,10.6,4
2026-08-05 14:22:48,72393,86.8,10.5,4
2026-08-05 14:22:53,72398,91.4,10.6,4
2026-08-05 14:22:58,72403,87.2,10.6,4
2026-08-05 14:23:03,72408,88.6,10.5,4
2026-08-05 14:23:08,72413,86.7,10.6,4
2026-08-05 14:23:13,72418,78.4,10.5,4
2026-08-05 14:23:18,72423,75.8,10.5,4
2026-08-05 14:23:23,72428,66.1,10.5,4
2026-08-05 14:23:28,72433,79.4,10.5,4
2026-08-05 14:23:33,72438,85.4,10.6,4
2026-08-05 14:23:38,72444,90.2,10.5,4
2026-08-05 14:23:44,72449,93.6,10.5,4
2026-08-05 14:23:49,72454,97.2,10.5,4
2026-08-05 14:23:54,72459,96.9,10.5,4
2026-08-05 14:23:59,72464,97.7,10.5,4
2026-08-05 14:24:04,72469,98.6,10.5,4
2026-08-05 14:24:09,72474,98.3,10.4,4
2026-08-05 14:24:14,72479,98.4,10.5,4
2026-08-05 14:24:19,72484,97.4,10.4,4
2026-08-05 14:24:24,72489,97.8,10.5,4
2026-08-05 14:24:29,72495,98.4,10.4,4
2026-08-05 14:24:35,72500,97.9,10.4,4
2026-08-05 14:24:40,72505,96.9,10.5,4
2026-08-05 14:24:45,72510,96.8,10.5,4
2026-08-05 14:24:50,72515,97.2,10.5,4
2026-08-05 14:24:55,72520,97.4,10.5,4
2026-08-05 14:25:00,72525,97.4,10.5,4
2026-08-05 14:25:05,72530,97.4,10.4,4
2026-08-05 14:25:10,72536,95.2,10.4,4
2026-08-05 14:25:16,72541,95.7,10.4,4
2026-08-05 14:25:21,72546,93.5,10.4,4
2026-08-05 14:25:26,72551,90.4,10.4,4
2026-08-05 14:25:31,72556,92.2,10.4,4
2026-08-05 14:25:36,72561,92.8,10.4,4
2026-08-05 14:25:41,72566,90.2,10.5,4
2026-08-05 14:25:46,72571,89.9,10.4,4
2026-08-05 14:25:51,72576,89.1,10.5,4
2026-08-05 14:25:56,72581,78.0,10.4,4
2026-08-05 14:26:01,72587,78.1,10.4,4
2026-08-05 14:26:06,72592,81.0,10.4,4
2026-08-05 14:26:12,72597,84.2,10.4,4
2026-08-05 14:26:17,72602,82.2,10.4,4
2026-08-05 14:26:22,72607,79.8,10.4,4
2026-08-05 14:26:27,72612,82.2,10.4,4
2026-08-05 14:26:32,72617,87.7,10.4,4
2026-08-05 14:26:37,72622,83.7,10.4,4
2026-08-05 14:26:42,72627,84.0,10.4,4
2026-08-05 14:26:47,72632,80.7,10.4,4
2026-08-05 14:26:52,72637,80.7,10.4,4
2026-08-05 14:26:57,72642,83.9,10.4,4
2026-08-05 14:27:02,72648,76.1,10.4,4
2026-08-05 14:27:08,72653,84.4,10.4,4
2026-08-05 14:27:13,72658,83.9,10.4,4
2026-08-05 14:27:18,72663,83.3,10.5,4
2026-08-05 14:27:23,72668,80.1,10.4,4
2026-08-05 14:27:28,72673,83.8,10.4,4
2026-08-05 14:27:33,72678,88.5,10.5,4
2026-08-05 14:27:38,72683,85.1,10.4,4
2026-08-05 14:27:43,72688,80.1,10.5,4
2026-08-05 14:27:48,72693,86.6,10.4,4
2026-08-05 14:27:53,72698,79.5,10.5,4
2026-08-05 14:27:58,72703,83.8,10.4,4
2026-08-05 14:28:03,72709,86.8,10.4,4
2026-08-05 14:28:09,72714,77.6,10.4,4
2026-08-05 14:28:14,72719,83.3,10.4,4
2026-08-05 14:28:19,72724,80.0,10.4,4
2026-08-05 14:28:24,72729,77.3,10.5,4
2026-08-05 14:28:29,72734,85.7,10.4,4
2026-08-05 14:28:34,72739,88.1,10.4,4
2026-08-05 14:28:39,72744,84.4,10.4,4
2026-08-05 14:28:44,72749,83.5,10.4,4
2026-08-05 14:28:49,72754,86.7,10.4,4
2026-08-05 14:28:54,72759,90.3,10.4,4
2026-08-05 14:28:59,72765,85.7,10.4,4
2026-08-05 14:29:04,72770,88.4,10.4,4
2026-08-05 14:29:10,72775,82.6,10.4,4
2026-08-05 14:29:15,72780,85.6,10.5,4
2026-08-05 14:29:20,72785,87.4,10.5,4
2026-08-05 14:29:25,72790,79.8,10.4,4
2026-08-05 14:29:30,72795,90.8,10.4,4
2026-08-05 14:29:35,72800,89.9,10.4,4
2026-08-05 14:29:40,72805,87.6,10.4,4
2026-08-05 14:29:45,72810,88.1,10.4,4
2026-08-05 14:29:50,72815,86.1,10.5,4
2026-08-05 14:29:55,72820,82.3,10.5,4
2026-08-05 14:30:00,72826,85.3,10.4,4
2026-08-05 14:30:06,72831,87.2,10.4,4
2026-08-05 14:30:11,72836,89.9,10.5,4
2026-08-05 14:30:16,72841,95.7,10.6,4
2026-08-05 14:30:21,72846,94.5,10.5,4
2026-08-05 14:30:26,72851,96.4,10.5,4
2026-08-05 14:30:31,72856,97.4,10.5,4
2026-08-05 14:30:36,72861,97.7,10.5,4
2026-08-05 14:30:41,72866,97.1,10.5,4
2026-08-05 14:30:46,72871,97.9,10.5,4
2026-08-05 14:30:51,72877,97.7,10.5,4
2026-08-05 14:30:57,72882,95.9,10.5,4
2026-08-05 14:31:02,72887,89.5,10.5,4
2026-08-05 14:31:07,72892,89.6,10.5,4
2026-08-05 14:31:12,72897,91.2,10.5,4
2026-08-05 14:31:17,72902,85.1,10.5,4
2026-08-05 14:31:22,72907,84.0,10.5,4
2026-08-05 14:31:27,72912,93.8,10.6,4
2026-08-05 14:31:32,72917,89.4,10.6,4
2026-08-05 14:31:37,72922,95.8,10.5,4
2026-08-05 14:31:43,72928,95.8,10.6,4
2026-08-05 14:31:48,72933,96.8,10.5,4
2026-08-05 14:31:53,72938,96.7,10.5,4
2026-08-05 14:31:58,72943,97.8,10.5,4
2026-08-05 14:32:03,72948,97.9,10.5,4
2026-08-05 14:32:08,72953,97.7,10.5,4
2026-08-05 14:32:13,72958,98.4,10.5,4
2026-08-05 14:32:18,72963,98.2,10.5,4
2026-08-05 14:32:23,72969,98.2,10.5,4
2026-08-05 14:32:29,72974,98.4,10.5,4
2026-08-05 14:32:34,72979,98.2,10.4,4
2026-08-05 14:32:39,72984,98.3,10.4,4
2026-08-05 14:32:44,72989,92.6,10.4,4
2026-08-05 14:32:49,72994,94.0,10.4,4
2026-08-05 14:32:54,72999,94.5,10.4,4
2026-08-05 14:32:59,73004,95.5,10.4,4
2026-08-05 14:33:04,73009,94.2,10.4,4
2026-08-05 14:33:09,73015,88.6,10.4,4
2026-08-05 14:33:15,73020,77.1,10.5,4
2026-08-05 14:33:20,73025,75.5,10.4,4
2026-08-05 14:33:25,73030,83.0,10.4,4
2026-08-05 14:33:30,73035,78.4,10.4,4
2026-08-05 14:33:35,73040,81.6,10.5,4
2026-08-05 14:33:40,73045,82.2,10.4,4
2026-08-05 14:33:45,73050,79.1,10.5,4
2026-08-05 14:33:50,73055,81.7,10.4,4
2026-08-05 14:33:55,73060,76.3,10.5,4
2026-08-05 14:34:00,73065,79.2,10.4,4
2026-08-05 14:34:05,73070,78.7,10.5,4
2026-08-05 14:34:10,73076,77.8,10.4,4
2026-08-05 14:34:16,73081,78.8,10.4,4
2026-08-05 14:34:21,73086,80.5,10.4,4
2026-08-05 14:34:26,73091,87.5,10.4,4
2026-08-05 14:34:31,73096,80.6,10.5,4
2026-08-05 14:34:36,73101,78.9,10.4,4
2026-08-05 14:34:41,73106,80.3,10.4,4
2026-08-05 14:34:46,73111,81.8,10.5,4
2026-08-05 14:34:51,73116,86.4,10.5,4
2026-08-05 14:34:56,73121,81.3,10.4,4
2026-08-05 14:35:01,73126,81.4,10.5,4
2026-08-05 14:35:06,73132,83.7,10.5,4
2026-08-05 14:35:11,73137,80.9,10.5,4
2026-08-05 14:35:17,73142,86.7,10.4,4
2026-08-05 14:35:22,73147,86.0,10.4,4
2026-08-05 14:35:27,73152,82.2,10.5,4
2026-08-05 14:35:32,73157,80.8,10.4,4
2026-08-05 14:35:37,73162,81.0,10.4,4
2026-08-05 14:35:42,73167,84.1,10.5,4
2026-08-05 14:35:47,73172,86.4,10.4,4
2026-08-05 14:35:52,73177,87.7,10.5,4
2026-08-05 14:35:57,73182,86.7,10.4,4
2026-08-05 14:36:02,73187,86.6,10.4,4
2026-08-05 14:36:07,73193,87.6,10.4,4
2026-08-05 14:36:13,73198,85.5,10.4,4
2026-08-05 14:36:18,73203,82.2,10.4,4
2026-08-05 14:36:23,73208,84.6,10.5,4
2026-08-05 14:36:28,73213,84.9,10.5,4
2026-08-05 14:36:33,73218,85.5,10.5,4
2026-08-05 14:36:38,73223,86.4,10.5,4
2026-08-05 14:36:43,73228,79.3,10.4,4
2026-08-05 14:36:48,73233,84.2,10.5,4
2026-08-05 14:36:53,73238,77.5,10.4,4
2026-08-05 14:36:58,73243,82.8,10.5,4
2026-08-05 14:37:03,73249,94.3,10.4,4
2026-08-05 14:37:09,73254,92.3,10.5,4
2026-08-05 14:37:14,73259,96.4,10.4,4
2026-08-05 14:37:19,73264,96.1,10.5,4
2026-08-05 14:37:24,73269,92.5,10.4,4
2026-08-05 14:37:29,73274,94.5,10.5,4
2026-08-05 14:37:34,73279,94.1,10.5,4
2026-08-05 14:37:39,73284,89.5,10.5,4
2026-08-05 14:37:44,73289,87.5,10.5,4
2026-08-05 14:37:49,73294,94.0,10.5,4
2026-08-05 14:37:54,73300,94.1,10.5,4
2026-08-05 14:37:59,73305,91.9,10.5,4
2026-08-05 14:38:05,73310,87.4,10.5,4
2026-08-05 14:38:10,73315,88.7,10.6,4
2026-08-05 14:38:15,73320,90.5,10.5,4
2026-08-05 14:38:20,73325,92.1,10.5,4
2026-08-05 14:38:25,73330,93.0,10.5,4
2026-08-05 14:38:30,73335,92.5,10.5,4
2026-08-05 14:38:35,73340,89.6,10.5,4
2026-08-05 14:38:40,73345,81.1,10.5,4
2026-08-05 14:38:45,73350,94.0,10.6,4
2026-08-05 14:38:51,73356,96.6,10.5,4
2026-08-05 14:38:56,73361,93.4,10.6,4
2026-08-05 14:39:01,73366,94.9,10.5,4
2026-08-05 14:39:06,73371,96.7,10.5,4
2026-08-05 14:39:11,73376,96.6,10.5,4
2026-08-05 14:39:16,73381,97.1,10.5,4
2026-08-05 14:39:21,73386,96.6,10.5,4
2026-08-05 14:39:26,73391,96.6,10.6,4
2026-08-05 14:39:31,73396,94.2,10.5,4
2026-08-05 14:39:36,73401,89.8,10.6,4
2026-08-05 14:39:41,73407,90.1,10.6,4
2026-08-05 14:39:47,73412,83.3,10.6,4
2026-08-05 14:39:52,73417,84.6,10.6,4
2026-08-05 14:39:57,73422,93.1,10.5,4
2026-08-05 14:40:02,73427,96.8,10.5,4
2026-08-05 14:40:07,73432,96.8,10.5,4
2026-08-05 14:40:12,73437,97.1,10.5,4
2026-08-05 14:40:17,73442,97.8,10.5,4
2026-08-05 14:40:22,73447,97.3,10.5,4
2026-08-05 14:40:27,73453,96.1,10.5,4
2026-08-05 14:40:33,73458,90.7,10.5,4
2026-08-05 14:40:38,73463,91.4,10.5,4
2026-08-05 14:40:43,73468,90.5,10.5,4
2026-08-05 14:40:48,73473,89.0,10.5,4
2026-08-05 14:40:53,73478,91.0,10.5,4
2026-08-05 14:40:58,73483,94.0,10.5,4
2026-08-05 14:41:03,73488,91.2,10.5,4
2026-08-05 14:41:08,73493,90.9,10.5,4
2026-08-05 14:41:13,73498,83.9,10.5,4
2026-08-05 14:41:18,73504,84.7,10.5,4
2026-08-05 14:41:24,73509,86.0,10.5,4
2026-08-05 14:41:29,73514,83.0,10.5,4
2026-08-05 14:41:34,73519,83.9,10.5,4
2026-08-05 14:41:39,73524,86.2,10.5,4
2026-08-05 14:41:44,73529,87.2,10.5,4
2026-08-05 14:41:49,73534,79.8,10.5,4
2026-08-05 14:41:54,73539,75.5,10.5,4
2026-08-05 14:41:59,73544,79.2,10.5,4
2026-08-05 14:42:04,73549,77.2,10.5,4
2026-08-05 14:42:09,73554,80.7,10.5,4
2026-08-05 14:42:14,73559,83.2,10.5,4
2026-08-05 14:42:19,73565,85.5,10.5,4
2026-08-05 14:42:25,73570,89.2,10.5,4
2026-08-05 14:42:30,73575,87.1,10.5,4
2026-08-05 14:42:35,73580,80.4,10.5,4
2026-08-05 14:42:40,73585,89.2,10.5,4
2026-08-05 14:42:45,73590,90.1,10.5,4
2026-08-05 14:42:50,73595,91.7,10.5,4
2026-08-05 14:42:55,73600,90.5,10.5,4
2026-08-05 14:43:00,73605,84.4,10.5,4
2026-08-05 14:43:05,73610,82.9,10.5,4
2026-08-05 14:43:10,73616,86.5,10.5,4
2026-08-05 14:43:15,73621,83.1,10.5,4
2026-08-05 14:43:21,73626,86.8,10.5,4
2026-08-05 14:43:26,73631,84.7,10.5,4
2026-08-05 14:43:31,73636,79.7,10.5,4
2026-08-05 14:43:36,73641,79.7,10.5,4
2026-08-05 14:43:41,73646,83.0,10.5,4
2026-08-05 14:43:46,73651,87.4,10.5,4
2026-08-05 14:43:51,73656,91.7,10.5,4
2026-08-05 14:43:56,73661,92.8,10.5,4
2026-08-05 14:44:01,73666,92.0,10.5,4
2026-08-05 14:44:06,73672,93.3,10.5,4
2026-08-05 14:44:12,73677,92.1,10.5,4
2026-08-05 14:44:17,73682,93.4,10.5,4
2026-08-05 14:44:22,73687,90.9,10.5,4
2026-08-05 14:44:27,73692,90.5,10.5,4
2026-08-05 14:44:32,73697,85.6,10.5,4
2026-08-05 14:44:37,73702,87.6,10.5,4
2026-08-05 14:44:42,73707,89.0,10.5,4
2026-08-05 14:44:47,73712,89.9,10.5,4
2026-08-05 14:44:52,73717,92.4,10.5,4
2026-08-05 14:44:57,73723,92.8,10.5,4
2026-08-05 14:45:02,73728,90.8,10.5,4
2026-08-05 14:45:08,73733,89.7,10.5,4
2026-08-05 14:45:13,73738,91.7,10.5,4
2026-08-05 14:45:18,73743,90.7,10.5,4
2026-08-05 14:45:23,73748,93.3,10.5,4
2026-08-05 14:45:28,73753,93.8,10.5,4
2026-08-05 14:45:33,73758,94.5,10.5,4
2026-08-05 14:45:38,73763,94.7,10.5,4
2026-08-05 14:45:43,73768,92.9,10.4,4
2026-08-05 14:45:48,73773,91.4,10.5,4
2026-08-05 14:45:53,73779,90.9,10.5,4
2026-08-05 14:45:59,73784,92.0,10.5,4
2026-08-05 14:46:04,73789,92.2,10.5,4
2026-08-05 14:46:09,73794,91.6,10.5,4
2026-08-05 14:46:14,73799,87.5,10.5,4
2026-08-05 14:46:19,73804,84.7,10.5,4
2026-08-05 14:46:24,73809,78.9,10.5,4
2026-08-05 14:46:29,73814,75.2,10.6,4
2026-08-05 14:46:34,73819,75.9,10.6,4
2026-08-05 14:46:39,73824,93.2,10.6,4
2026-08-05 14:46:44,73829,92.2,10.6,4
2026-08-05 14:46:49,73835,94.7,10.5,4
2026-08-05 14:46:55,73840,96.2,10.5,4
2026-08-05 14:47:00,73845,96.6,10.6,4
2026-08-05 14:47:05,73850,83.8,10.6,4
2026-08-05 14:47:10,73855,89.6,10.6,4
2026-08-05 14:47:15,73860,91.6,10.6,4
2026-08-05 14:47:20,73865,88.7,10.5,4
2026-08-05 14:47:25,73870,84.8,10.5,4
2026-08-05 14:47:30,73875,91.8,10.5,4
2026-08-05 14:47:35,73880,90.3,10.5,4
2026-08-05 14:47:40,73886,82.7,10.6,4
2026-08-05 14:47:46,73891,83.7,10.6,4
2026-08-05 14:47:51,73896,89.2,10.5,4
2026-08-05 14:47:56,73901,82.5,10.5,4
2026-08-05 14:48:01,73906,76.9,10.5,4
2026-08-05 14:48:06,73911,89.4,10.5,4
2026-08-05 14:48:11,73916,92.8,10.5,4
2026-08-05 14:48:16,73921,93.5,10.5,4
2026-08-05 14:48:21,73926,96.6,10.5,4
2026-08-05 14:48:26,73931,94.6,10.5,4
2026-08-05 14:48:31,73937,88.7,10.5,4
2026-08-05 14:48:37,73942,88.0,10.5,4
2026-08-05 14:48:42,73947,90.1,10.5,4
2026-08-05 14:48:47,73952,83.5,10.5,4
2026-08-05 14:48:52,73957,91.5,10.5,4
2026-08-05 14:48:57,73962,92.2,10.5,4
2026-08-05 14:49:02,73967,91.2,10.5,4
2026-08-05 14:49:07,73972,90.3,10.5,4
2026-08-05 14:49:12,73977,81.3,10.5,4
2026-08-05 14:49:17,73982,82.1,10.5,4
2026-08-05 14:49:22,73987,86.8,10.5,4
2026-08-05 14:49:27,73993,83.8,10.5,4
2026-08-05 14:49:32,73998,85.3,10.5,4
2026-08-05 14:49:38,74003,85.8,10.5,4
2026-08-05 14:49:43,74008,83.1,10.5,4
2026-08-05 14:49:48,74013,86.0,10.5,4
2026-08-05 14:49:53,74018,86.6,10.5,4
2026-08-05 14:49:58,74023,88.8,10.5,4
2026-08-05 14:50:03,74028,89.4,10.5,4
2026-08-05 14:50:08,74033,83.1,10.5,4
2026-08-05 14:50:13,74038,81.6,10.5,4
2026-08-05 14:50:18,74043,77.7,10.5,4
2026-08-05 14:50:23,74049,81.4,10.5,4
2026-08-05 14:50:29,74054,82.9,10.5,4
2026-08-05 14:50:34,74059,87.9,10.5,4
2026-08-05 14:50:39,74064,92.3,10.5,4
2026-08-05 14:50:44,74069,92.2,10.5,4
2026-08-05 14:50:49,74074,94.7,10.5,4
2026-08-05 14:50:54,74079,93.4,10.5,4
2026-08-05 14:50:59,74084,91.8,10.5,4
2026-08-05 14:51:04,74089,90.7,10.5,4
2026-08-05 14:51:09,74094,91.4,10.5,4
2026-08-05 14:51:14,74100,89.7,10.5,4
2026-08-05 14:51:19,74105,93.5,10.5,4
2026-08-05 14:51:25,74110,94.1,10.5,4
2026-08-05 14:51:30,74115,93.2,10.5,4
2026-08-05 14:51:35,74120,94.5,10.5,4
2026-08-05 14:51:40,74125,91.0,10.5,4
2026-08-05 14:51:45,74130,89.3,10.5,4
2026-08-05 14:51:50,74135,89.6,10.5,4
2026-08-05 14:51:55,74140,96.3,10.5,4
2026-08-05 14:52:00,74145,95.9,10.5,4
2026-08-05 14:52:05,74150,94.2,10.5,4
2026-08-05 14:52:10,74156,92.9,10.5,4
2026-08-05 14:52:16,74161,92.2,10.5,4
2026-08-05 14:52:21,74166,87.5,10.5,4
2026-08-05 14:52:26,74171,87.7,10.5,4
2026-08-05 14:52:31,74176,88.3,10.5,4
2026-08-05 14:52:36,74181,89.8,10.4,4
2026-08-05 14:52:41,74186,88.5,10.5,4
2026-08-05 14:52:46,74191,82.4,10.5,4
2026-08-05 14:52:51,74196,82.7,10.5,4
2026-08-05 14:52:56,74201,84.8,10.5,4
2026-08-05 14:53:01,74206,92.7,10.5,4
2026-08-05 14:53:06,74212,89.5,10.4,4
2026-08-05 14:53:12,74217,84.6,10.5,4
2026-08-05 14:53:17,74222,89.3,10.5,4
2026-08-05 14:53:22,74227,87.9,10.5,4
2026-08-05 14:53:27,74232,89.5,10.5,4
2026-08-05 14:53:32,74237,91.8,10.5,4
2026-08-05 14:53:37,74242,93.0,10.5,4
2026-08-05 14:53:42,74247,88.9,10.5,4
2026-08-05 14:53:47,74252,80.1,10.5,4
2026-08-05 14:53:52,74257,72.4,10.5,4
2026-08-05 14:53:57,74262,74.7,10.5,4
2026-08-05 14:54:02,74267,76.6,10.5,4
2026-08-05 14:54:08,74273,80.4,10.5,4
2026-08-05 14:54:13,74278,93.7,10.6,4
2026-08-05 14:54:18,74283,87.8,10.6,4
2026-08-05 14:54:23,74288,95.2,10.6,4
2026-08-05 14:54:28,74293,94.4,10.6,4
2026-08-05 14:54:33,74298,93.8,10.6,4
2026-08-05 14:54:38,74303,87.8,10.6,4
2026-08-05 14:54:43,74308,92.0,10.5,4
2026-08-05 14:54:48,74313,87.8,10.5,4
2026-08-05 14:54:53,74318,87.6,10.5,4
2026-08-05 14:54:58,74324,91.8,10.6,4
2026-08-05 14:55:04,74329,95.7,10.5,4
2026-08-05 14:55:09,74334,87.0,10.6,4
2026-08-05 14:55:14,74339,86.3,10.5,4
2026-08-05 14:55:19,74344,86.4,10.5,4
2026-08-05 14:55:24,74349,85.9,10.6,4
2026-08-05 14:55:29,74354,84.6,10.6,4
2026-08-05 14:55:34,74359,81.7,10.5,4
2026-08-05 14:55:39,74364,82.0,10.5,4
2026-08-05 14:55:44,74369,74.5,10.5,4
2026-08-05 14:55:49,74374,73.7,10.6,4
2026-08-05 14:55:54,74379,73.8,10.6,4
2026-08-05 14:55:59,74385,76.5,10.6,4
2026-08-05 14:56:05,74390,78.6,10.6,4
2026-08-05 14:56:10,74395,83.3,10.5,4
2026-08-05 14:56:15,74400,94.9,10.5,4
2026-08-05 14:56:20,74405,92.5,10.5,4
2026-08-05 14:56:25,74410,95.2,10.5,4
2026-08-05 14:56:30,74415,96.0,10.5,4
2026-08-05 14:56:35,74420,95.4,10.5,4
2026-08-05 14:56:40,74425,93.4,10.5,4
2026-08-05 14:56:45,74431,92.6,10.5,4
2026-08-05 14:56:51,74436,91.2,10.5,4
2026-08-05 14:56:56,74441,82.1,10.5,4
2026-08-05 14:57:01,74446,87.2,10.5,4
2026-08-05 14:57:06,74451,89.0,10.5,4
2026-08-05 14:57:11,74456,88.3,10.5,4
2026-08-05 14:57:16,74461,93.4,10.5,4
2026-08-05 14:57:21,74466,93.2,10.5,4
2026-08-05 14:57:26,74471,90.8,10.5,4
2026-08-05 14:57:31,74476,94.3,10.5,4
2026-08-05 14:57:36,74482,91.8,10.5,4
2026-08-05 14:57:42,74487,87.2,10.5,4
2026-08-05 14:57:47,74492,92.1,10.5,4
2026-08-05 14:57:52,74497,92.0,10.5,4
2026-08-05 14:57:57,74502,90.2,10.5,4
2026-08-05 14:58:02,74507,92.1,10.5,4
2026-08-05 14:58:07,74512,90.2,10.5,4
2026-08-05 14:58:12,74517,90.1,10.5,4
2026-08-05 14:58:17,74522,88.8,10.5,4
2026-08-05 14:58:22,74527,84.6,10.5,4
2026-08-05 14:58:27,74533,85.6,10.5,4
2026-08-05 14:58:33,74538,87.8,10.5,4
2026-08-05 14:58:38,74543,92.7,10.5,4
2026-08-05 14:58:43,74548,93.9,10.5,4
2026-08-05 14:58:48,74553,92.0,10.5,4
2026-08-05 14:58:53,74558,92.3,10.5,4
2026-08-05 14:58:58,74563,94.9,10.5,4
2026-08-05 14:59:03,74568,92.2,10.5,4
2026-08-05 14:59:08,74573,88.3,10.5,4
2026-08-05 14:59:13,74578,87.7,10.5,4
2026-08-05 14:59:18,74584,86.4,10.5,4
2026-08-05 14:59:24,74589,85.4,10.5,4
2026-08-05 14:59:29,74594,83.8,10.5,4
2026-08-05 14:59:34,74599,80.2,10.5,4
2026-08-05 14:59:39,74604,84.3,10.5,4
2026-08-05 14:59:44,74609,85.0,10.5,4
2026-08-05 14:59:49,74614,79.0,10.5,4
2026-08-05 14:59:54,74619,85.1,10.5,4
2026-08-05 14:59:59,74624,86.9,10.5,4
2026-08-05 15:00:04,74629,92.7,10.5,4
2026-08-05 15:00:09,74634,87.2,10.5,4
2026-08-05 15:00:14,74639,89.8,10.5,4
2026-08-05 15:00:19,74645,86.5,10.5,4
2026-08-05 15:00:25,74650,82.5,10.5,4
2026-08-05 15:00:30,74655,80.8,10.5,4
2026-08-05 15:00:35,74660,83.5,10.5,4
2026-08-05 15:00:40,74665,85.9,10.5,4
2026-08-05 15:00:45,74670,82.8,10.5,4
2026-08-05 15:00:50,74675,82.5,10.5,4
2026-08-05 15:00:55,74680,84.7,10.5,4
2026-08-05 15:01:00,74685,88.6,10.5,4
2026-08-05 15:01:05,74690,89.4,10.5,4
2026-08-05 15:01:10,74695,92.1,10.5,4
2026-08-05 15:01:15,74701,83.5,10.5,4
2026-08-05 15:01:20,74706,77.6,10.5,4
2026-08-05 15:01:26,74711,78.3,10.5,4
2026-08-05 15:01:31,74716,83.5,10.5,4
2026-08-05 15:01:36,74721,91.6,10.5,4
2026-08-05 15:01:41,74726,95.5,10.5,4
2026-08-05 15:01:46,74731,90.9,10.5,4
2026-08-05 15:01:51,74736,95.6,10.5,4
2026-08-05 15:01:56,74741,93.8,10.5,4
2026-08-05 15:02:01,74746,90.9,10.5,4
2026-08-05 15:02:06,74751,92.9,10.5,4
2026-08-05 15:02:11,74757,95.9,10.5,4
2026-08-05 15:02:17,74762,95.2,10.5,4
2026-08-05 15:02:22,74767,92.2,10.5,4
2026-08-05 15:02:27,74772,94.1,10.5,4
2026-08-05 15:02:32,74777,95.6,10.5,4
2026-08-05 15:02:37,74782,95.8,10.5,4
2026-08-05 15:02:42,74787,95.5,10.5,4
2026-08-05 15:02:47,74792,94.4,10.5,4
2026-08-05 15:02:52,74797,94.0,10.5,4
2026-08-05 15:02:57,74802,90.1,10.6,4
2026-08-05 15:03:02,74808,83.2,10.5,4
2026-08-05 15:03:08,74813,80.3,10.5,4
2026-08-05 15:03:13,74818,84.9,10.6,4
2026-08-05 15:03:18,74823,82.4,10.5,4
2026-08-05 15:03:23,74828,83.8,10.5,4
2026-08-05 15:03:28,74833,84.7,10.5,4
2026-08-05 15:03:33,74838,80.1,10.6,4
2026-08-05 15:03:38,74843,75.7,10.5,4
2026-08-05 15:03:43,74848,75.4,10.5,4
2026-08-05 15:03:48,74853,78.2,10.5,4
2026-08-05 15:03:53,74858,87.1,10.5,4
2026-08-05 15:03:58,74864,90.9,10.5,4
2026-08-05 15:04:04,74869,91.1,10.5,4
2026-08-05 15:04:09,74874,93.8,10.5,4
2026-08-05 15:04:14,74879,91.9,10.6,4
2026-08-05 15:04:19,74884,94.5,10.5,4
2026-08-05 15:04:24,74889,95.6,10.5,4
2026-08-05 15:04:29,74894,96.4,10.5,4
2026-08-05 15:04:34,74899,96.8,10.5,4
2026-08-05 15:04:39,74904,97.1,10.5,4
2026-08-05 15:04:44,74909,97.2,10.5,4
2026-08-05 15:04:49,74915,96.0,10.5,4
2026-08-05 15:04:55,74920,96.5,10.5,4
2026-08-05 15:05:00,74925,96.4,10.5,4
2026-08-05 15:05:05,74930,92.5,10.5,4
2026-08-05 15:05:10,74935,91.0,10.5,4
2026-08-05 15:05:15,74940,93.1,10.5,4
2026-08-05 15:05:20,74945,96.2,10.5,4
2026-08-05 15:05:25,74950,96.8,10.5,4
2026-08-05 15:05:30,74955,93.9,10.5,4
2026-08-05 15:05:35,74961,90.7,10.5,4
2026-08-05 15:05:41,74966,88.9,10.5,4
2026-08-05 15:05:46,74971,88.4,10.5,4
2026-08-05 15:05:51,74976,87.7,10.5,4
2026-08-05 15:05:56,74981,86.9,10.5,4
2026-08-05 15:06:01,74986,87.1,10.5,4
2026-08-05 15:06:06,74991,87.0,10.5,4
2026-08-05 15:06:11,74996,81.4,10.5,4
2026-08-05 15:06:16,75001,80.2,10.5,4
2026-08-05 15:06:21,75006,82.8,10.5,4
2026-08-05 15:06:26,75011,86.9,10.5,4
2026-08-05 15:06:31,75017,85.0,10.5,4
2026-08-05 15:06:37,75022,80.1,10.5,4
2026-08-05 15:06:42,75027,79.5,10.5,4
2026-08-05 15:06:47,75032,84.2,10.5,4
2026-08-05 15:06:52,75037,86.3,10.5,4
2026-08-05 15:06:57,75042,90.1,10.5,4
2026-08-05 15:07:02,75047,83.6,10.5,4
2026-08-05 15:07:07,75052,78.4,10.5,4
2026-08-05 15:07:12,75057,77.4,10.5,4
2026-08-05 15:07:17,75062,76.4,10.5,4
2026-08-05 15:07:22,75067,78.9,10.5,4
2026-08-05 15:07:27,75072,83.1,10.5,4
2026-08-05 15:07:32,75078,84.9,10.5,4
2026-08-05 15:07:38,75083,83.8,10.5,4
2026-08-05 15:07:43,75088,86.7,10.5,4
2026-08-05 15:07:48,75093,86.9,10.5,4
2026-08-05 15:07:53,75098,89.3,10.5,4
2026-08-05 15:07:58,75103,84.6,10.5,4
2026-08-05 15:08:03,75108,83.1,10.5,4
2026-08-05 15:08:08,75113,88.8,10.5,4
2026-08-05 15:08:13,75118,86.0,10.5,4
2026-08-05 15:08:18,75123,90.3,10.5,4
2026-08-05 15:08:23,75128,89.0,10.5,4
2026-08-05 15:08:28,75134,88.0,10.5,4
2026-08-05 15:08:34,75139,81.9,10.5,4
2026-08-05 15:08:39,75144,81.9,10.5,4
2026-08-05 15:08:44,75149,78.6,10.4,4
2026-08-05 15:08:49,75154,77.9,10.4,4
2026-08-05 15:08:54,75159,82.6,10.5,4
2026-08-05 15:08:59,75164,82.8,10.5,4
2026-08-05 15:09:04,75169,87.5,10.5,4
2026-08-05 15:09:09,75174,95.4,10.5,4
2026-08-05 15:09:14,75179,95.4,10.5,4
2026-08-05 15:09:19,75184,96.9,10.5,4
2026-08-05 15:09:24,75190,96.5,10.5,4
2026-08-05 15:09:30,75195,95.0,10.5,4
2026-08-05 15:09:35,75200,94.1,10.5,4
2026-08-05 15:09:40,75205,93.9,10.5,4
2026-08-05 15:09:45,75210,92.0,10.5,4
2026-08-05 15:09:50,75215,91.2,10.4,4
2026-08-05 15:09:55,75220,90.8,10.5,4
2026-08-05 15:10:00,75225,93.6,10.5,4
2026-08-05 15:10:05,75230,91.9,10.5,4
2026-08-05 15:10:10,75235,87.8,10.5,4
2026-08-05 15:10:15,75240,86.2,10.5,4
2026-08-05 15:10:20,75246,86.6,10.5,4
2026-08-05 15:10:26,75251,87.1,10.5,4
2026-08-05 15:10:31,75256,84.5,10.5,4
2026-08-05 15:10:36,75261,87.9,10.5,4
2026-08-05 15:10:41,75266,93.8,10.5,4
2026-08-05 15:10:46,75271,88.0,10.5,4
2026-08-05 15:10:51,75276,95.0,10.5,4
2026-08-05 15:10:56,75281,92.4,10.5,4
2026-08-05 15:11:01,75286,88.1,10.5,4
2026-08-05 15:11:06,75291,91.0,10.6,4
2026-08-05 15:11:11,75297,95.6,10.6,4
2026-08-05 15:11:17,75302,89.5,10.5,4
2026-08-05 15:11:22,75307,88.3,10.5,4
2026-08-05 15:11:27,75312,88.5,10.5,4
2026-08-05 15:11:32,75317,89.5,10.5,4
2026-08-05 15:11:37,75322,89.7,10.5,4
2026-08-05 15:11:42,75327,88.2,10.5,4
2026-08-05 15:11:47,75332,90.2,10.5,4
2026-08-05 15:11:52,75337,89.4,10.5,4
2026-08-05 15:11:57,75342,84.0,10.5,4
2026-08-05 15:12:02,75348,87.0,10.5,4
2026-08-05 15:12:08,75353,88.1,10.5,4
2026-08-05 15:12:13,75358,85.1,10.6,4
2026-08-05 15:12:18,75363,88.6,10.5,4
2026-08-05 15:12:23,75368,94.6,10.5,4
2026-08-05 15:12:28,75373,96.8,10.5,4
2026-08-05 15:12:33,75378,97.0,10.5,4
2026-08-05 15:12:38,75383,97.5,10.5,4
2026-08-05 15:12:43,75388,97.7,10.5,4
2026-08-05 15:12:48,75394,97.8,10.5,4
2026-08-05 15:12:54,75399,95.2,10.5,4
2026-08-05 15:12:59,75404,92.0,10.5,4
2026-08-05 15:13:04,75409,95.8,10.5,4
2026-08-05 15:13:09,75414,95.9,10.5,4
2026-08-05 15:13:14,75419,90.9,10.5,4
2026-08-05 15:13:19,75424,91.2,10.5,4
2026-08-05 15:13:24,75429,91.6,10.5,4
2026-08-05 15:13:29,75434,86.3,10.5,4
2026-08-05 15:13:34,75439,82.7,10.5,4
2026-08-05 15:13:39,75444,77.6,10.4,4
2026-08-05 15:13:44,75450,81.1,10.5,4
2026-08-05 15:13:50,75455,79.9,10.5,4
2026-08-05 15:13:55,75460,79.9,10.5,4
2026-08-05 15:14:00,75465,82.5,10.4,4
2026-08-05 15:14:05,75470,81.0,10.5,4
2026-08-05 15:14:10,75475,81.0,10.5,4
2026-08-05 15:14:15,75480,80.0,10.5,4
2026-08-05 15:14:20,75485,79.2,10.5,4
2026-08-05 15:14:25,75490,87.4,10.5,4
2026-08-05 15:14:30,75495,89.2,10.5,4
2026-08-05 15:14:35,75500,88.3,10.4,4
2026-08-05 15:14:40,75505,81.8,10.4,4
2026-08-05 15:14:45,75511,81.5,10.5,4
2026-08-05 15:14:51,75516,81.6,10.5,4
2026-08-05 15:14:56,75521,82.7,10.5,4
2026-08-05 15:15:01,75526,86.6,10.5,4
2026-08-05 15:15:06,75531,86.0,10.4,4
2026-08-05 15:15:11,75536,83.2,10.5,4
2026-08-05 15:15:16,75541,85.2,10.5,4
2026-08-05 15:15:21,75546,81.8,10.4,4
2026-08-05 15:15:26,75551,80.5,10.4,4
2026-08-05 15:15:31,75556,84.5,10.4,4
2026-08-05 15:15:36,75561,86.6,10.4,4
2026-08-05 15:15:41,75567,88.0,10.5,4
2026-08-05 15:15:46,75572,88.3,10.4,4
2026-08-05 15:15:52,75577,85.3,10.4,4
2026-08-05 15:15:57,75582,88.1,10.4,4
2026-08-05 15:16:02,75587,89.1,10.4,4
2026-08-05 15:16:07,75592,90.9,10.5,4
2026-08-05 15:16:12,75597,89.0,10.4,4
2026-08-05 15:16:17,75602,86.5,10.4,4
2026-08-05 15:16:22,75607,82.6,10.4,4
2026-08-05 15:16:27,75612,80.3,10.5,4
2026-08-05 15:16:32,75617,81.6,10.4,4
2026-08-05 15:16:37,75623,89.5,10.5,4
2026-08-05 15:16:42,75628,93.6,10.5,4
2026-08-05 15:16:48,75633,91.8,10.5,4
2026-08-05 15:16:53,75638,92.7,10.4,4
2026-08-05 15:16:58,75643,89.3,10.5,4
2026-08-05 15:17:03,75648,88.3,10.5,4
2026-08-05 15:17:08,75653,89.2,10.5,4
2026-08-05 15:17:13,75658,93.8,10.5,4
2026-08-05 15:17:18,75663,96.0,10.5,4
2026-08-05 15:17:23,75668,95.4,10.5,4
2026-08-05 15:17:28,75673,94.7,10.4,4
2026-08-05 15:17:34,75679,97.0,10.5,4
2026-08-05 15:17:39,75684,96.7,10.5,4
2026-08-05 15:17:44,75689,95.7,10.5,4
2026-08-05 15:17:49,75694,95.1,10.5,4
2026-08-05 15:17:54,75699,96.4,10.5,4
2026-08-05 15:17:59,75704,94.3,10.5,4
2026-08-05 15:18:04,75709,90.4,10.5,4
2026-08-05 15:18:09,75714,87.4,10.4,4
2026-08-05 15:18:14,75719,89.8,10.5,4
2026-08-05 15:18:19,75724,89.2,10.4,4
2026-08-05 15:18:24,75730,89.6,10.4,4
2026-08-05 15:18:30,75735,90.5,10.5,4
2026-08-05 15:18:35,75740,88.7,10.5,4
2026-08-05 15:18:40,75745,87.9,10.5,4
2026-08-05 15:18:45,75750,88.9,10.6,4
2026-08-05 15:18:50,75755,85.3,10.5,4
2026-08-05 15:18:55,75760,90.1,10.6,4
2026-08-05 15:19:00,75765,88.3,10.5,4
2026-08-05 15:19:05,75770,90.7,10.5,4
2026-08-05 15:19:10,75775,90.1,10.5,4
2026-08-05 15:19:15,75780,92.2,10.5,4
2026-08-05 15:19:20,75786,93.4,10.5,4
2026-08-05 15:19:26,75791,89.6,10.5,4
2026-08-05 15:19:31,75796,77.4,10.5,4
2026-08-05 15:19:36,75801,78.9,10.5,4
2026-08-05 15:19:41,75806,80.3,10.6,4
2026-08-05 15:19:46,75811,88.0,10.5,4
2026-08-05 15:19:51,75816,83.8,10.5,4
2026-08-05 15:19:56,75821,85.2,10.5,4
2026-08-05 15:20:01,75826,79.3,10.6,4
2026-08-05 15:20:06,75831,78.8,10.6,4
2026-08-05 15:20:11,75836,71.5,10.6,4
2026-08-05 15:20:16,75842,81.8,10.6,4
2026-08-05 15:20:22,75847,77.8,10.6,4
2026-08-05 15:20:27,75852,74.9,10.5,4
2026-08-05 15:20:32,75857,89.2,10.5,4
2026-08-05 15:20:37,75862,88.0,10.5,4
2026-08-05 15:20:42,75867,91.0,10.5,4
2026-08-05 15:20:47,75872,92.4,10.5,4
2026-08-05 15:20:52,75877,91.0,10.5,4
2026-08-05 15:20:57,75882,87.4,10.5,4
2026-08-05 15:21:02,75887,93.0,10.5,4
2026-08-05 15:21:07,75893,93.9,10.4,4
2026-08-05 15:21:12,75898,91.6,10.5,4
2026-08-05 15:21:18,75903,93.3,10.5,4
2026-08-05 15:21:23,75908,92.4,10.5,4
2026-08-05 15:21:28,75913,92.6,10.5,4
2026-08-05 15:21:33,75918,83.0,10.5,4
2026-08-05 15:21:38,75923,80.0,10.5,4
2026-08-05 15:21:43,75928,86.1,10.5,4
2026-08-05 15:21:48,75933,84.7,10.5,4
2026-08-05 15:21:53,75938,83.2,10.5,4
2026-08-05 15:21:58,75943,80.4,10.4,4
2026-08-05 15:22:03,75948,77.1,10.5,4
2026-08-05 15:22:08,75954,80.4,10.4,4
2026-08-05 15:22:13,75959,78.7,10.5,4
2026-08-05 15:22:19,75964,86.0,10.5,4
2026-08-05 15:22:24,75969,88.1,10.4,4
2026-08-05 15:22:29,75974,86.8,10.5,4
2026-08-05 15:22:34,75979,85.0,10.4,4
2026-08-05 15:22:39,75984,86.9,10.5,4
2026-08-05 15:22:44,75989,87.7,10.5,4
2026-08-05 15:22:49,75994,89.5,10.5,4
2026-08-05 15:22:54,75999,90.4,10.5,4
2026-08-05 15:22:59,76004,90.8,10.4,4
2026-08-05 15:23:04,76009,89.7,10.5,4
2026-08-05 15:23:09,76015,91.1,10.5,4
2026-08-05 15:23:15,76020,91.6,10.4,4
2026-08-05 15:23:20,76025,91.5,10.5,4
2026-08-05 15:23:25,76030,93.0,10.5,4
2026-08-05 15:23:30,76035,88.2,10.5,4
2026-08-05 15:23:35,76040,83.1,10.5,4
2026-08-05 15:23:40,76045,85.1,10.5,4
2026-08-05 15:23:45,76050,80.2,10.5,4
2026-08-05 15:23:50,76055,81.6,10.5,4
2026-08-05 15:23:55,76060,90.9,10.5,4
2026-08-05 15:24:00,76065,93.1,10.5,4
2026-08-05 15:24:05,76071,90.7,10.5,4
2026-08-05 15:24:11,76076,96.1,10.5,4
2026-08-05 15:24:16,76081,96.6,10.5,4
2026-08-05 15:24:21,76086,97.6,10.5,4
2026-08-05 15:24:26,76091,97.6,10.5,4
2026-08-05 15:24:31,76096,97.4,10.5,4
2026-08-05 15:24:36,76101,96.8,10.5,4
2026-08-05 15:24:41,76106,96.4,10.5,4
2026-08-05 15:24:46,76111,96.2,10.5,4
2026-08-05 15:24:51,76117,93.8,10.5,4
2026-08-05 15:24:57,76122,93.6,10.5,4
2026-08-05 15:25:02,76127,95.5,10.5,4
2026-08-05 15:25:07,76132,96.0,10.5,4
2026-08-05 15:25:12,76137,95.5,10.5,4
2026-08-05 15:25:17,76142,95.5,10.5,4
2026-08-05 15:25:22,76147,95.5,10.5,4
2026-08-05 15:25:27,76152,94.8,10.5,4
2026-08-05 15:25:32,76157,95.0,10.5,4
2026-08-05 15:25:37,76162,95.5,10.5,4
2026-08-05 15:25:43,76168,90.4,10.5,4
2026-08-05 15:25:48,76173,88.9,10.5,4
2026-08-05 15:25:53,76178,92.9,10.5,4
2026-08-05 15:25:58,76183,88.0,10.5,4
2026-08-05 15:26:03,76188,89.9,10.5,4
2026-08-05 15:26:08,76193,92.2,10.5,4
2026-08-05 15:26:13,76198,84.3,10.5,4
2026-08-05 15:26:18,76203,80.4,10.5,4
2026-08-05 15:26:23,76208,77.4,10.5,4
2026-08-05 15:26:28,76213,82.1,10.5,4
2026-08-05 15:26:33,76218,84.6,10.5,4
2026-08-05 15:26:38,76224,84.3,10.5,4
2026-08-05 15:26:44,76229,82.2,10.5,4
2026-08-05 15:26:49,76234,83.2,10.5,4
2026-08-05 15:26:54,76239,86.5,10.5,4
2026-08-05 15:26:59,76244,83.9,10.5,4
2026-08-05 15:27:04,76249,82.2,10.5,4
2026-08-05 15:27:09,76254,82.0,10.5,4
2026-08-05 15:27:14,76259,74.5,10.5,4
2026-08-05 15:27:19,76264,74.5,10.5,4
2026-08-05 15:27:24,76269,78.9,10.5,4
2026-08-05 15:27:29,76274,78.9,10.5,4
2026-08-05 15:27:34,76279,75.6,10.6,4
2026-08-05 15:27:39,76285,76.9,10.5,4
2026-08-05 15:27:45,76290,82.8,10.5,4
2026-08-05 15:27:50,76295,89.9,10.5,4
2026-08-05 15:27:55,76300,89.0,10.6,4
2026-08-05 15:28:00,76305,81.9,10.5,4
2026-08-05 15:28:05,76310,79.4,10.5,4
2026-08-05 15:28:10,76315,69.4,10.5,4
2026-08-05 15:28:15,76320,67.7,10.6,4
2026-08-05 15:28:20,76325,77.1,10.5,4
2026-08-05 15:28:25,76330,71.8,10.6,4
2026-08-05 15:28:30,76335,73.2,10.6,4
2026-08-05 15:28:35,76340,78.9,10.5,4
2026-08-05 15:28:40,76346,94.0,10.5,4
2026-08-05 15:28:46,76351,93.9,10.5,4
2026-08-05 15:28:51,76356,96.6,10.5,4
2026-08-05 15:28:56,76361,94.6,10.5,4
2026-08-05 15:29:01,76366,94.3,10.5,4
2026-08-05 15:29:06,76371,90.8,10.5,4
2026-08-05 15:29:11,76376,92.1,10.5,4
2026-08-05 15:29:16,76381,92.1,10.5,4
2026-08-05 15:29:21,76386,91.7,10.5,4
2026-08-05 15:29:26,76391,91.0,10.5,4
2026-08-05 15:29:31,76397,91.9,10.5,4
2026-08-05 15:29:37,76402,92.7,10.5,4
2026-08-05 15:29:42,76407,88.3,10.5,4
2026-08-05 15:29:47,76412,80.8,10.5,4
2026-08-05 15:29:52,76417,87.3,10.5,4
2026-08-05 15:29:57,76422,89.2,10.4,4
2026-08-05 15:30:02,76427,87.8,10.5,4
2026-08-05 15:30:07,76432,86.7,10.5,4
2026-08-05 15:30:12,76437,80.5,10.5,4
2026-08-05 15:30:17,76442,78.9,10.5,4
2026-08-05 15:30:22,76447,86.9,10.5,4
2026-08-05 15:30:27,76453,83.2,10.5,4
2026-08-05 15:30:33,76458,87.6,10.5,4
2026-08-05 15:30:38,76463,95.2,10.5,4
2026-08-05 15:30:43,76468,92.3,10.5,4
2026-08-05 15:30:48,76473,93.8,10.5,4
2026-08-05 15:30:53,76478,94.4,10.5,4
2026-08-05 15:30:58,76483,94.8,10.4,4
2026-08-05 15:31:03,76488,92.4,10.5,4
2026-08-05 15:31:08,76493,94.2,10.5,4
2026-08-05 15:31:13,76498,90.4,10.5,4
2026-08-05 15:31:18,76504,82.9,10.5,4
2026-08-05 15:31:24,76509,84.2,10.5,4
2026-08-05 15:31:29,76514,90.4,10.4,4
2026-08-05 15:31:34,76519,87.2,10.5,4
2026-08-05 15:31:39,76524,92.9,10.5,4
2026-08-05 15:31:44,76529,96.1,10.5,4
2026-08-05 15:31:49,76534,95.4,10.5,4
2026-08-05 15:31:54,76539,96.3,10.5,4
2026-08-05 15:31:59,76544,97.1,10.5,4
2026-08-05 15:32:04,76549,97.0,10.5,4
2026-08-05 15:32:09,76555,96.5,10.5,4
2026-08-05 15:32:15,76560,96.3,10.5,4
2026-08-05 15:32:20,76565,97.8,10.5,4
2026-08-05 15:32:25,76570,94.6,10.5,4
2026-08-05 15:32:30,76575,94.9,10.5,4
2026-08-05 15:32:35,76580,94.9,10.5,4
2026-08-05 15:32:40,76585,96.8,10.5,4
2026-08-05 15:32:45,76590,95.8,10.5,4
2026-08-05 15:32:50,76596,95.9,10.5,4
2026-08-05 15:32:56,76601,92.8,10.5,4
2026-08-05 15:33:01,76606,92.7,10.5,4
2026-08-05 15:33:06,76611,87.6,10.4,4
2026-08-05 15:33:11,76616,83.1,10.4,4
2026-08-05 15:33:16,76621,81.2,10.5,4
2026-08-05 15:33:21,76626,83.4,10.4,4
2026-08-05 15:33:26,76631,80.0,10.5,4
2026-08-05 15:33:31,76636,83.5,10.4,4
2026-08-05 15:33:36,76641,85.0,10.5,4
2026-08-05 15:33:41,76646,86.6,10.4,4
2026-08-05 15:33:46,76651,88.0,10.5,4
2026-08-05 15:33:51,76657,90.3,10.5,4
2026-08-05 15:33:57,76662,84.8,10.5,4
2026-08-05 15:34:02,76667,82.2,10.4,4
2026-08-05 15:34:07,76672,78.8,10.5,4
2026-08-05 15:34:12,76677,82.5,10.5,4
2026-08-05 15:34:17,76682,90.5,10.5,4
2026-08-05 15:34:22,76687,84.4,10.5,4
2026-08-05 15:34:27,76692,85.3,10.5,4
2026-08-05 15:34:32,76697,82.2,10.5,4
2026-08-05 15:34:37,76702,81.1,10.4,4
2026-08-05 15:34:42,76707,83.5,10.5,4
2026-08-05 15:34:47,76712,79.4,10.4,4
2026-08-05 15:34:52,76718,82.7,10.4,4
2026-08-05 15:34:58,76723,83.6,10.5,4
2026-08-05 15:35:03,76728,86.2,10.5,4
2026-08-05 15:35:08,76733,84.1,10.5,4
2026-08-05 15:35:13,76738,84.9,10.4,4
2026-08-05 15:35:18,76743,89.2,10.5,4
2026-08-05 15:35:23,76748,80.5,10.5,4
2026-08-05 15:35:28,76753,79.5,10.5,4
2026-08-05 15:35:33,76758,90.4,10.5,4
2026-08-05 15:35:38,76763,84.9,10.5,4
2026-08-05 15:35:43,76768,80.1,10.5,4
2026-08-05 15:35:48,76773,81.4,10.5,4
2026-08-05 15:35:54,76779,82.0,10.5,4
2026-08-05 15:35:59,76784,84.2,10.5,4
2026-08-05 15:36:04,76789,83.6,10.5,4
2026-08-05 15:36:09,76794,82.7,10.5,4
2026-08-05 15:36:14,76799,84.7,10.5,4
2026-08-05 15:36:19,76804,81.7,10.5,4
2026-08-05 15:36:24,76809,80.2,10.6,4
2026-08-05 15:36:29,76814,81.0,10.6,4
2026-08-05 15:36:34,76819,77.5,10.6,4
2026-08-05 15:36:39,76824,78.9,10.6,4
2026-08-05 15:36:44,76829,92.2,10.5,4
2026-08-05 15:36:49,76834,93.6,10.5,4
2026-08-05 15:36:55,76840,86.7,10.5,4
2026-08-05 15:37:00,76845,92.7,10.5,4
2026-08-05 15:37:05,76850,91.2,10.5,4
2026-08-05 15:37:10,76855,86.2,10.5,4
2026-08-05 15:37:15,76860,93.8,10.5,4
2026-08-05 15:37:20,76865,96.7,10.5,4
2026-08-05 15:37:25,76870,95.3,10.5,4
2026-08-05 15:37:30,76875,97.3,10.5,4
2026-08-05 15:37:35,76880,96.8,10.5,4
2026-08-05 15:37:40,76886,97.6,10.5,4
2026-08-05 15:37:46,76891,95.3,10.5,4
2026-08-05 15:37:51,76896,95.4,10.5,4
2026-08-05 15:37:56,76901,91.6,10.5,4
2026-08-05 15:38:01,76906,87.5,10.4,4
2026-08-05 15:38:06,76911,89.0,10.5,4
2026-08-05 15:38:11,76916,92.7,10.5,4
2026-08-05 15:38:16,76921,91.5,10.5,4
2026-08-05 15:38:21,76926,90.7,10.5,4
2026-08-05 15:38:26,76931,89.9,10.5,4
2026-08-05 15:38:31,76937,92.6,10.4,4
2026-08-05 15:38:37,76942,92.8,10.5,4
2026-08-05 15:38:42,76947,92.4,10.5,4
2026-08-05 15:38:47,76952,92.7,10.5,4
2026-08-05 15:38:52,76957,86.7,10.5,4
2026-08-05 15:38:57,76962,82.5,10.5,4
2026-08-05 15:39:02,76967,86.9,10.5,4
2026-08-05 15:39:07,76972,90.4,10.5,4
2026-08-05 15:39:12,76977,91.1,10.5,4
2026-08-05 15:39:17,76982,96.4,10.5,4
2026-08-05 15:39:22,76987,95.9,10.5,4
2026-08-05 15:39:27,76993,96.5,10.5,4
2026-08-05 15:39:33,76998,94.3,10.5,4
2026-08-05 15:39:38,77003,93.3,10.5,4
2026-08-05 15:39:43,77008,89.4,10.5,4
2026-08-05 15:39:48,77013,92.4,10.5,4
2026-08-05 15:39:53,77018,91.3,10.5,4
2026-08-05 15:39:58,77023,84.0,10.5,4
2026-08-05 15:40:03,77028,88.3,10.5,4
2026-08-05 15:40:08,77033,89.4,10.5,4
2026-08-05 15:40:13,77038,92.0,10.5,4
2026-08-05 15:40:18,77044,91.2,10.5,4
2026-08-05 15:40:24,77049,94.0,10.5,4
2026-08-05 15:40:29,77054,91.8,10.5,4
2026-08-05 15:40:34,77059,91.5,10.5,4
2026-08-05 15:40:39,77064,77.0,10.5,4
2026-08-05 15:40:44,77069,81.1,10.5,4
2026-08-05 15:40:49,77074,81.6,10.5,4
2026-08-05 15:40:54,77079,84.5,10.5,4
2026-08-05 15:40:59,77084,85.4,10.5,4
2026-08-05 15:41:04,77089,82.3,10.5,4
2026-08-05 15:41:09,77094,79.4,10.5,4
2026-08-05 15:41:14,77099,84.4,10.5,4
2026-08-05 15:41:19,77105,83.1,10.5,4
2026-08-05 15:41:25,77110,82.5,10.5,4
2026-08-05 15:41:30,77115,79.1,10.5,4
2026-08-05 15:41:35,77120,77.9,10.5,4
2026-08-05 15:41:40,77125,77.9,10.5,4
2026-08-05 15:41:45,77130,88.8,10.5,4
2026-08-05 15:41:50,77135,87.8,10.5,4
2026-08-05 15:41:55,77140,78.8,10.5,4
2026-08-05 15:42:00,77145,79.5,10.5,4
2026-08-05 15:42:05,77150,76.1,10.5,4
2026-08-05 15:42:10,77155,84.4,10.4,4
2026-08-05 15:42:15,77160,91.2,10.5,4
2026-08-05 15:42:20,77166,91.9,10.5,4
2026-08-05 15:42:26,77171,84.7,10.5,4
2026-08-05 15:42:31,77176,82.1,10.5,4
2026-08-05 15:42:36,77181,78.1,10.5,4
2026-08-05 15:42:41,77186,86.4,10.4,4
2026-08-05 15:42:46,77191,88.9,10.4,4
2026-08-05 15:42:51,77196,91.7,10.5,4
2026-08-05 15:42:56,77201,90.5,10.5,4
2026-08-05 15:43:01,77206,89.1,10.4,4
2026-08-05 15:43:06,77211,82.8,10.5,4
2026-08-05 15:43:11,77216,76.9,10.5,4
2026-08-05 15:43:16,77221,79.9,10.5,4
2026-08-05 15:43:21,77227,81.0,10.5,4
2026-08-05 15:43:27,77232,83.8,10.5,4
2026-08-05 15:43:32,77237,82.1,10.5,4
2026-08-05 15:43:37,77242,73.9,10.5,4
2026-08-05 15:43:42,77247,86.7,10.5,4
2026-08-05 15:43:47,77252,83.1,10.6,4
2026-08-05 15:43:52,77257,82.0,10.6,4
2026-08-05 15:43:57,77262,94.8,10.6,4
2026-08-05 15:44:02,77267,91.4,10.5,4
2026-08-05 15:44:07,77272,95.9,10.5,4
2026-08-05 15:44:12,77278,96.6,10.5,4
2026-08-05 15:44:18,77283,97.0,10.5,4
2026-08-05 15:44:23,77288,89.2,10.6,4
2026-08-05 15:44:28,77293,90.4,10.6,4
2026-08-05 15:44:33,77298,88.9,10.6,4
2026-08-05 15:44:38,77303,80.9,10.6,4
2026-08-05 15:44:43,77308,84.9,10.6,4
2026-08-05 15:44:48,77313,94.8,10.5,4
2026-08-05 15:44:53,77318,97.1,10.5,4
2026-08-05 15:44:58,77323,97.1,10.5,4
2026-08-05 15:45:03,77329,97.2,10.5,4
2026-08-05 15:45:09,77334,97.9,10.5,4
2026-08-05 15:45:14,77339,97.0,10.5,4
2026-08-05 15:45:19,77344,95.0,10.5,4
2026-08-05 15:45:24,77349,95.2,10.5,4
2026-08-05 15:45:29,77354,96.6,10.5,4
2026-08-05 15:45:34,77359,96.4,10.5,4
2026-08-05 15:45:39,77364,94.0,10.5,4
2026-08-05 15:45:44,77369,95.8,10.5,4
2026-08-05 15:45:49,77375,96.9,10.5,4
2026-08-05 15:45:55,77380,97.2,10.5,4
2026-08-05 15:46:00,77385,96.5,10.5,4
2026-08-05 15:46:05,77390,96.7,10.5,4
2026-08-05 15:46:10,77395,95.6,10.5,4
2026-08-05 15:46:15,77400,92.5,10.5,4
2026-08-05 15:46:20,77405,85.8,10.5,4
2026-08-05 15:46:25,77410,78.5,10.5,4
2026-08-05 15:46:30,77415,78.6,10.4,4
2026-08-05 15:46:35,77420,80.2,10.5,4
2026-08-05 15:46:40,77425,79.0,10.5,4
2026-08-05 15:46:45,77431,88.3,10.5,4
2026-08-05 15:46:51,77436,92.5,10.5,4
2026-08-05 15:46:56,77441,92.7,10.5,4
2026-08-05 15:47:01,77446,96.5,10.5,4
2026-08-05 15:47:06,77451,94.6,10.5,4
2026-08-05 15:47:11,77456,90.3,10.5,4
2026-08-05 15:47:16,77461,89.2,10.5,4
2026-08-05 15:47:21,77466,90.3,10.5,4
2026-08-05 15:47:26,77471,85.1,10.5,4
2026-08-05 15:47:31,77476,86.1,10.5,4
2026-08-05 15:47:36,77481,87.1,10.5,4
2026-08-05 15:47:41,77487,90.4,10.5,4
2026-08-05 15:47:47,77492,88.9,10.5,4
2026-08-05 15:47:52,77497,87.5,10.5,4
2026-08-05 15:47:57,77502,86.1,10.5,4
2026-08-05 15:48:02,77507,90.9,10.5,4
2026-08-05 15:48:07,77512,82.8,10.4,4
2026-08-05 15:48:12,77517,78.4,10.5,4
2026-08-05 15:48:17,77522,80.8,10.5,4
2026-08-05 15:48:22,77527,78.0,10.5,4
2026-08-05 15:48:27,77532,83.8,10.4,4
2026-08-05 15:48:32,77537,84.9,10.5,4
2026-08-05 15:48:37,77543,79.7,10.4,4
2026-08-05 15:48:43,77548,78.5,10.4,4
2026-08-05 15:48:48,77553,82.9,10.4,4
2026-08-05 15:48:53,77558,83.0,10.5,4
2026-08-05 15:48:58,77563,86.7,10.5,4
2026-08-05 15:49:03,77568,85.3,10.5,4
2026-08-05 15:49:08,77573,81.9,10.5,4
2026-08-05 15:49:13,77578,83.4,10.5,4
2026-08-05 15:49:18,77583,80.0,10.5,4
2026-08-05 15:49:23,77588,77.6,10.5,4
2026-08-05 15:49:28,77593,81.6,10.5,4
2026-08-05 15:49:33,77599,83.5,10.4,4
2026-08-05 15:49:38,77604,84.3,10.5,4
2026-08-05 15:49:44,77609,86.7,10.5,4
2026-08-05 15:49:49,77614,93.2,10.5,4
2026-08-05 15:49:54,77619,87.7,10.5,4
2026-08-05 15:49:59,77624,84.9,10.5,4
2026-08-05 15:50:04,77629,86.8,10.5,4
2026-08-05 15:50:09,77634,86.4,10.4,4
2026-08-05 15:50:14,77639,88.2,10.5,4
2026-08-05 15:50:19,77644,83.8,10.5,4
2026-08-05 15:50:24,77649,82.6,10.4,4
2026-08-05 15:50:29,77654,78.6,10.5,4
2026-08-05 15:50:34,77660,75.7,10.5,4
2026-08-05 15:50:40,77665,83.0,10.5,4
2026-08-05 15:50:45,77670,91.6,10.5,4
2026-08-05 15:50:50,77675,91.7,10.5,4
2026-08-05 15:50:55,77680,95.6,10.5,4
2026-08-05 15:51:00,77685,95.2,10.5,4
2026-08-05 15:51:05,77690,92.8,10.5,4
2026-08-05 15:51:10,77695,92.4,10.5,4
2026-08-05 15:51:15,77700,95.7,10.5,4
2026-08-05 15:51:20,77705,90.5,10.5,4
2026-08-05 15:51:25,77711,89.4,10.6,4
2026-08-05 15:51:31,77716,92.0,10.6,4
2026-08-05 15:51:36,77721,90.7,10.6,4
2026-08-05 15:51:41,77726,92.0,10.5,4
2026-08-05 15:51:46,77731,90.4,10.6,4
2026-08-05 15:51:51,77736,94.1,10.6,4
2026-08-05 15:51:56,77741,85.7,10.5,4
2026-08-05 15:52:01,77746,88.7,10.6,4
2026-08-05 15:52:06,77751,90.9,10.6,4
2026-08-05 15:52:11,77756,90.2,10.6,4
2026-08-05 15:52:16,77762,85.4,10.5,4
2026-08-05 15:52:22,77767,91.5,10.5,4
2026-08-05 15:52:27,77772,92.3,10.6,4
2026-08-05 15:52:32,77777,86.0,10.5,4
2026-08-05 15:52:37,77782,86.7,10.5,4
2026-08-05 15:52:42,77787,87.6,10.5,4
2026-08-05 15:52:47,77792,86.5,10.5,4
2026-08-05 15:52:52,77797,82.5,10.5,4
2026-08-05 15:52:57,77802,92.4,10.5,4
2026-08-05 15:53:02,77807,93.9,10.5,4
2026-08-05 15:53:07,77812,94.9,10.5,4
2026-08-05 15:53:13,77818,96.1,10.5,4
2026-08-05 15:53:18,77823,95.1,10.5,4
2026-08-05 15:53:23,77828,92.1,10.5,4
2026-08-05 15:53:28,77833,94.9,10.5,4
2026-08-05 15:53:33,77838,96.9,10.5,4
2026-08-05 15:53:38,77843,93.1,10.5,4
2026-08-05 15:53:43,77848,93.2,10.5,4
2026-08-05 15:53:48,77853,91.6,10.5,4
2026-08-05 15:53:53,77858,88.5,10.5,4
2026-08-05 15:53:58,77864,81.7,10.5,4
2026-08-05 15:54:03,77869,79.8,10.5,4
2026-08-05 15:54:09,77874,76.6,10.5,4
2026-08-05 15:54:14,77879,89.1,10.5,4
2026-08-05 15:54:19,77884,91.5,10.5,4
2026-08-05 15:54:24,77889,92.4,10.5,4
2026-08-05 15:54:29,77894,94.9,10.5,4
2026-08-05 15:54:34,77899,93.2,10.5,4
2026-08-05 15:54:39,77904,92.9,10.5,4
2026-08-05 15:54:44,77909,95.3,10.5,4
2026-08-05 15:54:49,77915,94.5,10.5,4
2026-08-05 15:54:55,77920,89.4,10.5,4
2026-08-05 15:55:00,77925,89.6,10.5,4
2026-08-05 15:55:05,77930,91.8,10.5,4
2026-08-05 15:55:10,77935,91.7,10.5,4
2026-08-05 15:55:15,77940,94.2,10.5,4
2026-08-05 15:55:20,77945,90.6,10.5,4
2026-08-05 15:55:25,77950,92.6,10.5,4
2026-08-05 15:55:30,77955,92.6,10.5,4
2026-08-05 15:55:35,77960,85.1,10.5,4
2026-08-05 15:55:40,77966,81.4,10.5,4
2026-08-05 15:55:46,77971,85.2,10.5,4
2026-08-05 15:55:51,77976,78.7,10.5,4
2026-08-05 15:55:56,77981,80.1,10.5,4
2026-08-05 15:56:01,77986,80.3,10.5,4
2026-08-05 15:56:06,77991,79.7,10.5,4
2026-08-05 15:56:11,77996,82.4,10.5,4
2026-08-05 15:56:16,78001,81.4,10.5,4
2026-08-05 15:56:21,78006,88.8,10.5,4
2026-08-05 15:56:26,78011,90.0,10.5,4
2026-08-05 15:56:31,78016,88.7,10.5,4
2026-08-05 15:56:36,78022,81.0,10.5,4
2026-08-05 15:56:42,78027,86.4,10.5,4
2026-08-05 15:56:47,78032,93.3,10.5,4
2026-08-05 15:56:52,78037,91.2,10.5,4
2026-08-05 15:56:57,78042,89.3,10.5,4
2026-08-05 15:57:02,78047,85.3,10.5,4
2026-08-05 15:57:07,78052,77.3,10.5,4
2026-08-05 15:57:12,78057,75.7,10.5,4
2026-08-05 15:57:17,78062,78.7,10.4,4
2026-08-05 15:57:22,78067,81.0,10.5,4
2026-08-05 15:57:27,78072,93.3,10.5,4
2026-08-05 15:57:32,78078,91.6,10.5,4
2026-08-05 15:57:38,78083,95.3,10.5,4
2026-08-05 15:57:43,78088,93.6,10.5,4
2026-08-05 15:57:48,78093,94.8,10.5,4
2026-08-05 15:57:53,78098,91.8,10.5,4
2026-08-05 15:57:58,78103,95.0,10.5,4
2026-08-05 15:58:03,78108,91.3,10.5,4
2026-08-05 15:58:08,78113,85.9,10.5,4
2026-08-05 15:58:13,78118,86.1,10.5,4
2026-08-05 15:58:18,78123,89.7,10.5,4
2026-08-05 15:58:23,78129,90.5,10.5,4
2026-08-05 15:58:28,78134,88.2,10.5,4
2026-08-05 15:58:34,78139,87.8,10.5,4
2026-08-05 15:58:39,78144,86.2,10.5,4
2026-08-05 15:58:44,78149,87.5,10.5,4
2026-08-05 15:58:49,78154,90.1,10.5,4
2026-08-05 15:58:54,78159,93.4,10.5,4
2026-08-05 15:58:59,78164,92.7,10.5,4
2026-08-05 15:59:04,78169,89.0,10.5,4
2026-08-05 15:59:09,78174,91.3,10.5,4
2026-08-05 15:59:14,78179,88.9,10.5,4
2026-08-05 15:59:19,78185,88.8,10.6,4
2026-08-05 15:59:25,78190,92.2,10.5,4
2026-08-05 15:59:30,78195,90.5,10.6,4
2026-08-05 15:59:35,78200,80.6,10.6,4
2026-08-05 15:59:40,78205,76.1,10.6,4
2026-08-05 15:59:45,78210,78.1,10.6,4
2026-08-05 15:59:50,78215,82.2,10.5,4
2026-08-05 15:59:55,78220,84.7,10.5,4
2026-08-05 16:00:00,78225,77.4,10.6,4
2026-08-05 16:00:05,78230,79.1,10.6,4
2026-08-05 16:00:10,78235,88.1,10.5,4
2026-08-05 16:00:15,78240,84.6,10.6,4
2026-08-05 16:00:20,78246,88.4,10.5,4
2026-08-05 16:00:26,78251,88.9,10.5,4
2026-08-05 16:00:31,78256,79.6,10.5,4
2026-08-05 16:00:36,78261,76.5,10.6,4
2026-08-05 16:00:41,78266,73.3,10.6,4
2026-08-05 16:00:46,78271,73.9,10.6,4
2026-08-05 16:00:51,78276,78.7,10.6,4
2026-08-05 16:00:56,78281,81.1,10.6,4
2026-08-05 16:01:01,78286,85.4,10.5,4
2026-08-05 16:01:06,78291,94.9,10.5,4
2026-08-05 16:01:11,78296,91.6,10.5,4
2026-08-05 16:01:16,78301,94.7,10.5,4
2026-08-05 16:01:22,78307,90.7,10.5,4
2026-08-05 16:01:27,78312,90.0,10.5,4
2026-08-05 16:01:32,78317,90.0,10.5,4
2026-08-05 16:01:37,78322,95.5,10.5,4
2026-08-05 16:01:42,78327,95.8,10.5,4
2026-08-05 16:01:47,78332,96.9,10.5,4
2026-08-05 16:01:52,78337,97.1,10.5,4
2026-08-05 16:01:57,78342,97.4,10.5,4
2026-08-05 16:02:02,78348,97.7,10.5,4
2026-08-05 16:02:08,78353,96.3,10.5,4
2026-08-05 16:02:13,78358,92.2,10.5,4
2026-08-05 16:02:18,78363,91.3,10.5,4
2026-08-05 16:02:23,78368,89.9,10.5,4
2026-08-05 16:02:28,78373,89.7,10.5,4
2026-08-05 16:02:33,78378,90.1,10.5,4
2026-08-05 16:02:38,78383,89.7,10.5,4
2026-08-05 16:02:43,78388,88.2,10.5,4
2026-08-05 16:02:48,78393,87.4,10.5,4
2026-08-05 16:02:53,78399,91.1,10.5,4
2026-08-05 16:02:59,78404,88.9,10.5,4
2026-08-05 16:03:04,78409,84.1,10.5,4
2026-08-05 16:03:09,78414,87.7,10.5,4
2026-08-05 16:03:14,78419,82.2,10.5,4
2026-08-05 16:03:19,78424,84.8,10.5,4
2026-08-05 16:03:24,78429,88.2,10.5,4
2026-08-05 16:03:29,78434,89.5,10.5,4
2026-08-05 16:03:34,78439,86.6,10.5,4
2026-08-05 16:03:39,78444,82.8,10.5,4
2026-08-05 16:03:44,78449,73.9,10.5,4
2026-08-05 16:03:49,78454,79.6,10.5,4
2026-08-05 16:03:54,78460,80.8,10.5,4
2026-08-05 16:04:00,78465,81.4,10.5,4
2026-08-05 16:04:05,78470,93.2,10.5,4
2026-08-05 16:04:10,78475,89.8,10.5,4
2026-08-05 16:04:15,78480,93.7,10.5,4
2026-08-05 16:04:20,78485,94.1,10.5,4
2026-08-05 16:04:25,78490,89.6,10.5,4
2026-08-05 16:04:30,78495,89.0,10.5,4
2026-08-05 16:04:35,78500,93.0,10.5,4
2026-08-05 16:04:40,78505,91.0,10.5,4
2026-08-05 16:04:45,78510,88.9,10.5,4
2026-08-05 16:04:50,78516,91.6,10.5,4
2026-08-05 16:04:56,78521,93.1,10.5,4
2026-08-05 16:05:01,78526,94.6,10.5,4
2026-08-05 16:05:06,78531,90.7,10.5,4
2026-08-05 16:05:11,78536,91.3,10.5,4
2026-08-05 16:05:16,78541,95.0,10.5,4
2026-08-05 16:05:21,78546,91.5,10.5,4
2026-08-05 16:05:26,78551,93.2,10.5,4
2026-08-05 16:05:31,78556,93.3,10.5,4
2026-08-05 16:05:36,78562,93.2,10.5,4
2026-08-05 16:05:42,78567,88.7,10.5,4
2026-08-05 16:05:47,78572,88.1,10.5,4
2026-08-05 16:05:52,78577,92.2,10.5,4
2026-08-05 16:05:57,78582,92.3,10.5,4
2026-08-05 16:06:02,78587,92.0,10.5,4
2026-08-05 16:06:07,78592,94.9,10.5,4
2026-08-05 16:06:12,78597,94.0,10.5,4
2026-08-05 16:06:17,78602,84.0,10.5,4
2026-08-05 16:06:22,78607,82.8,10.5,4
2026-08-05 16:06:27,78612,82.6,10.5,4
2026-08-05 16:06:32,78618,81.6,10.5,4
2026-08-05 16:06:37,78623,84.2,10.5,4
2026-08-05 16:06:43,78628,81.3,10.5,4
2026-08-05 16:06:48,78633,77.8,10.5,4
2026-08-05 16:06:53,78638,87.9,10.5,4
2026-08-05 16:06:58,78643,85.9,10.5,4
2026-08-05 16:07:03,78648,84.2,10.5,4
2026-08-05 16:07:08,78653,85.3,10.4,4
2026-08-05 16:07:13,78658,81.0,10.5,4
2026-08-05 16:07:18,78663,85.1,10.5,4
2026-08-05 16:07:23,78668,87.2,10.5,4
2026-08-05 16:07:28,78673,85.7,10.4,4
2026-08-05 16:07:33,78679,85.3,10.5,4
2026-08-05 16:07:39,78684,86.0,10.5,4
2026-08-05 16:07:44,78689,81.8,10.5,4
2026-08-05 16:07:49,78694,79.5,10.5,4
2026-08-05 16:07:54,78699,87.6,10.5,4
2026-08-05 16:07:59,78704,89.3,10.5,4
2026-08-05 16:08:04,78709,82.1,10.5,4
2026-08-05 16:08:09,78714,86.9,10.5,4
2026-08-05 16:08:14,78719,79.9,10.5,4
2026-08-05 16:08:19,78724,82.9,10.5,4
2026-08-05 16:08:24,78729,90.8,10.5,4
2026-08-05 16:08:29,78735,85.3,10.5,4
2026-08-05 16:08:34,78740,84.0,10.5,4
2026-08-05 16:08:40,78745,74.6,10.5,4
2026-08-05 16:08:45,78750,63.4,10.5,4
2026-08-05 16:08:50,78755,73.6,10.5,4
2026-08-05 16:08:55,78760,75.5,10.5,4
2026-08-05 16:09:00,78765,81.0,10.5,4
2026-08-05 16:09:05,78770,93.0,10.5,4
2026-08-05 16:09:10,78775,95.0,10.5,4
2026-08-05 16:09:15,78780,96.4,10.5,4
2026-08-05 16:09:20,78785,97.0,10.5,4
2026-08-05 16:09:25,78791,98.2,10.5,4
2026-08-05 16:09:31,78796,97.5,10.5,4
2026-08-05 16:09:36,78801,97.6,10.5,4
2026-08-05 16:09:41,78806,97.7,10.5,4
2026-08-05 16:09:46,78811,97.1,10.5,4
2026-08-05 16:09:51,78816,97.3,10.5,4
2026-08-05 16:09:56,78821,95.1,10.5,4
2026-08-05 16:10:01,78826,95.4,10.5,4
2026-08-05 16:10:06,78831,97.0,10.5,4
2026-08-05 16:10:11,78837,97.4,10.5,4
2026-08-05 16:10:17,78842,96.3,10.5,4
2026-08-05 16:10:22,78847,96.3,10.5,4
2026-08-05 16:10:27,78852,83.4,10.5,4
2026-08-05 16:10:32,78857,76.6,10.5,4
2026-08-05 16:10:37,78862,77.6,10.4,4
2026-08-05 16:10:42,78867,77.2,10.5,4
2026-08-05 16:10:47,78872,87.2,10.5,4
2026-08-05 16:10:52,78877,92.6,10.5,4
2026-08-05 16:10:57,78882,93.1,10.5,4
2026-08-05 16:11:02,78888,94.0,10.5,4
2026-08-05 16:11:07,78893,93.1,10.4,4
2026-08-05 16:11:13,78898,88.3,10.5,4
2026-08-05 16:11:18,78903,90.7,10.4,4
2026-08-05 16:11:23,78908,92.3,10.4,4
2026-08-05 16:11:28,78913,86.5,10.5,4
2026-08-05 16:11:33,78918,88.0,10.5,4
2026-08-05 16:11:38,78923,88.5,10.5,4
2026-08-05 16:11:43,78928,88.5,10.4,4
2026-08-05 16:11:48,78933,88.8,10.5,4
2026-08-05 16:11:53,78938,89.4,10.5,4
2026-08-05 16:11:58,78944,85.8,10.5,4
2026-08-05 16:12:04,78949,87.5,10.5,4
2026-08-05 16:12:09,78954,92.9,10.4,4
2026-08-05 16:12:14,78959,90.3,10.5,4
2026-08-05 16:12:19,78964,91.0,10.5,4
2026-08-05 16:12:24,78969,87.1,10.5,4
2026-08-05 16:12:29,78974,90.0,10.4,4
2026-08-05 16:12:34,78979,93.7,10.4,4
2026-08-05 16:12:39,78984,91.6,10.4,4
2026-08-05 16:12:44,78989,90.6,10.4,4
2026-08-05 16:12:49,78995,95.1,10.4,4
2026-08-05 16:12:55,79000,89.0,10.4,4
2026-08-05 16:13:00,79005,87.8,10.4,4
2026-08-05 16:13:05,79010,79.1,10.4,4
2026-08-05 16:13:10,79015,85.3,10.5,4
2026-08-05 16:13:15,79020,82.4,10.5,4
2026-08-05 16:13:20,79025,81.2,10.5,4
2026-08-05 16:13:25,79030,78.4,10.5,4
2026-08-05 16:13:30,79035,80.6,10.4,4
2026-08-05 16:13:35,79040,81.8,10.4,4
2026-08-05 16:13:40,79045,81.5,10.5,4
2026-08-05 16:13:45,79050,80.0,10.5,4
2026-08-05 16:13:50,79056,86.3,10.4,4
2026-08-05 16:13:56,79061,86.9,10.5,4
2026-08-05 16:14:01,79066,81.8,10.5,4
2026-08-05 16:14:06,79071,80.0,10.5,4
2026-08-05 16:14:11,79076,81.8,10.5,4
2026-08-05 16:14:16,79081,85.5,10.5,4
2026-08-05 16:14:21,79086,83.4,10.5,4
2026-08-05 16:14:26,79091,81.9,10.5,4
2026-08-05 16:14:31,79096,84.6,10.5,4
2026-08-05 16:14:36,79101,89.6,10.5,4
2026-08-05 16:14:41,79106,84.7,10.5,4
2026-08-05 16:14:46,79112,82.9,10.5,4
2026-08-05 16:14:51,79117,82.6,10.5,4
2026-08-05 16:14:57,79122,81.8,10.5,4
2026-08-05 16:15:02,79127,82.9,10.5,4
2026-08-05 16:15:07,79132,84.8,10.5,4
2026-08-05 16:15:12,79137,87.6,10.5,4
2026-08-05 16:15:17,79142,86.7,10.5,4
2026-08-05 16:15:22,79147,86.6,10.5,4
2026-08-05 16:15:27,79152,87.4,10.5,4
2026-08-05 16:15:32,79157,89.9,10.5,4
2026-08-05 16:15:37,79162,88.6,10.5,4
2026-08-05 16:15:42,79167,84.1,10.5,4
2026-08-05 16:15:47,79173,88.0,10.6,4
2026-08-05 16:15:53,79178,91.1,10.6,4
2026-08-05 16:15:58,79183,90.7,10.6,4
2026-08-05 16:16:03,79188,90.3,10.5,4
2026-08-05 16:16:08,79193,90.9,10.5,4
2026-08-05 16:16:13,79198,81.8,10.5,4
2026-08-05 16:16:18,79203,82.8,10.5,4
2026-08-05 16:16:23,79208,83.8,10.5,4
2026-08-05 16:16:28,79213,85.3,10.5,4
2026-08-05 16:16:33,79218,95.5,10.5,4
2026-08-05 16:16:38,79224,97.3,10.5,4
2026-08-05 16:16:44,79229,96.1,10.5,4
2026-08-05 16:16:49,79234,97.0,10.5,4
2026-08-05 16:16:54,79239,92.4,10.5,4
2026-08-05 16:16:59,79244,80.0,10.5,4
2026-08-05 16:17:04,79249,77.4,10.6,4
2026-08-05 16:17:09,79254,87.5,10.6,4
2026-08-05 16:17:14,79259,87.0,10.5,4
2026-08-05 16:17:19,79264,95.7,10.5,4
2026-08-05 16:17:24,79269,96.7,10.5,4
2026-08-05 16:17:29,79274,98.0,10.5,4
2026-08-05 16:17:34,79280,98.3,10.5,4
2026-08-05 16:17:40,79285,98.5,10.5,4
2026-08-05 16:17:45,79290,98.3,10.5,4
2026-08-05 16:17:50,79295,97.9,10.5,4
2026-08-05 16:17:55,79300,98.3,10.5,4
2026-08-05 16:18:00,79305,98.6,10.5,4
2026-08-05 16:18:05,79310,97.7,10.5,4
2026-08-05 16:18:10,79315,94.7,10.5,4
2026-08-05 16:18:15,79321,95.3,10.5,4
2026-08-05 16:18:21,79326,96.0,10.5,4
2026-08-05 16:18:26,79331,95.3,10.5,4
2026-08-05 16:18:31,79336,95.8,10.5,4
2026-08-05 16:18:36,79341,89.5,10.5,4
2026-08-05 16:18:41,79346,89.8,10.5,4
2026-08-05 16:18:46,79351,88.5,10.5,4
2026-08-05 16:18:51,79356,86.0,10.5,4
2026-08-05 16:18:56,79361,88.3,10.5,4
2026-08-05 16:19:01,79366,89.5,10.5,4
2026-08-05 16:19:06,79372,89.6,10.5,4
2026-08-05 16:19:12,79377,86.9,10.5,4
2026-08-05 16:19:17,79382,89.9,10.5,4
2026-08-05 16:19:22,79387,91.6,10.5,4
2026-08-05 16:19:27,79392,90.3,10.5,4
2026-08-05 16:19:32,79397,90.9,10.4,4
2026-08-05 16:19:37,79402,84.9,10.5,4
2026-08-05 16:19:42,79407,81.4,10.5,4
2026-08-05 16:19:47,79412,81.7,10.5,4
2026-08-05 16:19:52,79417,78.7,10.5,4
2026-08-05 16:19:57,79422,88.1,10.5,4
2026-08-05 16:20:02,79428,81.1,10.5,4
2026-08-05 16:20:08,79433,82.0,10.5,4
2026-08-05 16:20:13,79438,77.3,10.5,4
2026-08-05 16:20:18,79443,84.2,10.5,4
2026-08-05 16:20:23,79448,86.4,10.5,4
2026-08-05 16:20:28,79453,84.0,10.5,4
2026-08-05 16:20:33,79458,85.4,10.5,4
2026-08-05 16:20:38,79463,84.6,10.5,4
2026-08-05 16:20:43,79468,75.8,10.5,4
2026-08-05 16:20:48,79473,78.9,10.5,4
2026-08-05 16:20:53,79478,77.7,10.5,4
2026-08-05 16:20:58,79483,80.0,10.5,4
2026-08-05 16:21:03,79489,77.9,10.5,4
2026-08-05 16:21:09,79494,81.4,10.5,4
2026-08-05 16:21:14,79499,84.8,10.5,4
2026-08-05 16:21:19,79504,89.1,10.5,4
2026-08-05 16:21:24,79509,91.1,10.5,4
2026-08-05 16:21:29,79514,86.5,10.5,4
2026-08-05 16:21:34,79519,80.8,10.5,4
2026-08-05 16:21:39,79524,76.2,10.5,4
2026-08-05 16:21:44,79529,78.9,10.5,4
2026-08-05 16:21:49,79534,87.4,10.5,4
2026-08-05 16:21:54,79539,84.1,10.5,4
2026-08-05 16:21:59,79544,81.0,10.5,4
2026-08-05 16:22:04,79550,77.5,10.5,4
2026-08-05 16:22:10,79555,79.2,10.5,4
2026-08-05 16:22:15,79560,85.1,10.5,4
2026-08-05 16:22:20,79565,88.7,10.5,4
2026-08-05 16:22:25,79570,85.0,10.5,4
2026-08-05 16:22:30,79575,86.0,10.5,4
2026-08-05 16:22:35,79580,85.0,10.5,4
2026-08-05 16:22:40,79585,88.2,10.5,4
2026-08-05 16:22:45,79590,90.9,10.5,4
2026-08-05 16:22:50,79595,88.3,10.5,4
2026-08-05 16:22:55,79600,88.1,10.5,4
2026-08-05 16:23:00,79606,88.5,10.5,4
2026-08-05 16:23:06,79611,87.0,10.5,4
2026-08-05 16:23:11,79616,89.1,10.5,4
2026-08-05 16:23:16,79621,91.7,10.5,4
2026-08-05 16:23:21,79626,94.1,10.5,4
2026-08-05 16:23:26,79631,94.1,10.5,4
2026-08-05 16:23:31,79636,93.2,10.6,4
2026-08-05 16:23:36,79641,84.1,10.5,4
2026-08-05 16:23:41,79646,67.2,10.5,4
2026-08-05 16:23:46,79651,68.3,10.5,4
2026-08-05 16:23:51,79657,72.8,10.5,4
2026-08-05 16:23:57,79662,80.3,10.6,4
2026-08-05 16:24:02,79667,95.8,10.5,4
2026-08-05 16:24:07,79672,96.2,10.5,4
2026-08-05 16:24:12,79677,98.0,10.5,4
2026-08-05 16:24:17,79682,98.2,10.5,4
2026-08-05 16:24:22,79687,97.7,10.5,4
2026-08-05 16:24:27,79692,98.0,10.5,4
2026-08-05 16:24:32,79697,98.0,10.5,4
2026-08-05 16:24:37,79702,98.2,10.5,4
2026-08-05 16:24:42,79708,98.1,10.5,4
2026-08-05 16:24:48,79713,96.7,10.5,4
2026-08-05 16:24:53,79718,94.7,10.5,4
2026-08-05 16:24:58,79723,93.5,10.5,4
2026-08-05 16:25:03,79728,94.5,10.5,4
2026-08-05 16:25:08,79733,95.4,10.5,4
2026-08-05 16:25:13,79738,95.8,10.5,4
2026-08-05 16:25:18,79743,91.5,10.5,4
2026-08-05 16:25:23,79748,96.1,10.5,4
2026-08-05 16:25:28,79754,96.6,10.5,4
2026-08-05 16:25:34,79759,97.0,10.5,4
2026-08-05 16:25:39,79764,97.8,10.5,4
2026-08-05 16:25:44,79769,97.4,10.5,4
2026-08-05 16:25:49,79774,98.0,10.5,4
2026-08-05 16:25:54,79779,96.0,10.5,4
2026-08-05 16:25:59,79784,96.9,10.5,4
2026-08-05 16:26:04,79789,97.5,10.5,4
2026-08-05 16:26:09,79794,96.5,10.5,4
2026-08-05 16:26:15,79800,95.1,10.5,4
2026-08-05 16:26:20,79805,95.6,10.5,4
2026-08-05 16:26:25,79810,95.6,10.5,4
2026-08-05 16:26:30,79815,93.7,10.5,4
2026-08-05 16:26:35,79820,89.7,10.4,4
2026-08-05 16:26:40,79825,82.3,10.5,4
2026-08-05 16:26:45,79830,84.7,10.5,4
2026-08-05 16:26:50,79835,84.9,10.5,4
2026-08-05 16:26:55,79840,81.6,10.5,4
2026-08-05 16:27:00,79846,81.2,10.4,4
2026-08-05 16:27:05,79851,85.4,10.5,4
2026-08-05 16:27:11,79856,87.1,10.5,4
2026-08-05 16:27:16,79861,87.5,10.5,4
2026-08-05 16:27:21,79866,87.0,10.5,4
2026-08-05 16:27:26,79871,83.9,10.5,4
2026-08-05 16:27:31,79876,77.9,10.5,4
2026-08-05 16:27:36,79881,74.8,10.5,4
2026-08-05 16:27:41,79886,77.2,10.5,4
2026-08-05 16:27:46,79891,76.3,10.5,4
2026-08-05 16:27:51,79896,83.7,10.5,4
2026-08-05 16:27:56,79901,83.7,10.5,4
2026-08-05 16:28:01,79907,82.6,10.5,4
2026-08-05 16:28:07,79912,87.7,10.5,4
2026-08-05 16:28:12,79917,90.3,10.5,4
2026-08-05 16:28:17,79922,78.6,10.5,4
2026-08-05 16:28:22,79927,79.9,10.5,4
2026-08-05 16:28:27,79932,78.6,10.5,4
2026-08-05 16:28:32,79937,82.6,10.5,4
2026-08-05 16:28:37,79942,87.3,10.5,4
2026-08-05 16:28:42,79947,83.4,10.5,4
2026-08-05 16:28:47,79952,85.2,10.5,4
2026-08-05 16:28:52,79957,84.8,10.5,4
2026-08-05 16:28:57,79963,83.3,10.5,4
2026-08-05 16:29:02,79968,81.5,10.5,4
2026-08-05 16:29:08,79973,85.0,10.5,4
2026-08-05 16:29:13,79978,86.4,10.5,4
2026-08-05 16:29:18,79983,88.7,10.5,4
2026-08-05 16:29:23,79988,87.4,10.5,4
2026-08-05 16:29:28,79993,87.6,10.5,4
2026-08-05 16:29:33,79998,78.8,10.5,4
2026-08-05 16:29:38,80003,81.2,10.5,4
2026-08-05 16:29:43,80008,79.4,10.5,4
2026-08-05 16:29:48,80013,80.3,10.5,4
2026-08-05 16:29:53,80018,87.6,10.5,4
2026-08-05 16:29:58,80024,86.0,10.5,4
2026-08-05 16:30:04,80029,86.5,10.5,4
2026-08-05 16:30:09,80034,90.8,10.5,4
2026-08-05 16:30:14,80039,91.4,10.5,4
2026-08-05 16:30:19,80044,89.9,10.5,4
2026-08-05 16:30:24,80049,82.4,10.5,4
2026-08-05 16:30:29,80054,76.3,10.5,4
2026-08-05 16:30:34,80059,80.7,10.5,4
2026-08-05 16:30:39,80064,85.4,10.5,4
2026-08-05 16:30:44,80069,88.9,10.5,4
2026-08-05 16:30:49,80074,91.3,10.5,4
2026-08-05 16:30:54,80080,90.5,10.5,4
2026-08-05 16:31:00,80085,95.5,10.5,4
2026-08-05 16:31:05,80090,94.9,10.5,4
2026-08-05 16:31:10,80095,92.8,10.6,4
2026-08-05 16:31:15,80100,91.9,10.5,4
2026-08-05 16:31:20,80105,89.0,10.5,4
2026-08-05 16:31:25,80110,81.5,10.5,4
2026-08-05 16:31:30,80115,85.0,10.6,4
2026-08-05 16:31:35,80120,85.9,10.6,4
2026-08-05 16:31:40,80125,93.0,10.5,4
2026-08-05 16:31:45,80130,96.2,10.5,4
2026-08-05 16:31:51,80136,93.1,10.6,4
2026-08-05 16:31:56,80141,96.8,10.6,4
2026-08-05 16:32:01,80146,97.1,10.5,4
2026-08-05 16:32:06,80151,97.6,10.5,4
2026-08-05 16:32:11,80156,97.0,10.5,4
2026-08-05 16:32:16,80161,97.4,10.5,4
2026-08-05 16:32:21,80166,97.9,10.5,4
2026-08-05 16:32:26,80171,96.1,10.5,4
2026-08-05 16:32:31,80177,95.6,10.5,4
2026-08-05 16:32:37,80182,96.3,10.5,4
2026-08-05 16:32:42,80187,97.8,10.5,4
2026-08-05 16:32:47,80192,96.5,10.5,4
2026-08-05 16:32:52,80197,97.0,10.5,4
2026-08-05 16:32:57,80202,95.2,10.5,4
2026-08-05 16:33:02,80207,91.9,10.5,4
2026-08-05 16:33:07,80212,82.0,10.5,4
2026-08-05 16:33:12,80217,78.6,10.6,4
2026-08-05 16:33:17,80223,76.4,10.6,4
2026-08-05 16:33:23,80228,80.4,10.6,4
2026-08-05 16:33:28,80233,86.9,10.5,4
2026-08-05 16:33:33,80238,93.2,10.5,4
2026-08-05 16:33:38,80243,89.8,10.5,4
2026-08-05 16:33:43,80248,95.1,10.5,4
2026-08-05 16:33:48,80253,96.2,10.5,4
2026-08-05 16:33:53,80258,91.1,10.5,4
2026-08-05 16:33:58,80263,94.6,10.5,4
2026-08-05 16:34:03,80268,95.0,10.5,4
2026-08-05 16:34:08,80274,90.6,10.5,4
2026-08-05 16:34:14,80279,83.9,10.5,4
2026-08-05 16:34:19,80284,87.9,10.5,4
2026-08-05 16:34:24,80289,86.2,10.5,4
2026-08-05 16:34:29,80294,85.2,10.4,4
2026-08-05 16:34:34,80299,77.8,10.5,4
2026-08-05 16:34:39,80304,75.8,10.5,4
2026-08-05 16:34:44,80309,77.9,10.5,4
2026-08-05 16:34:49,80314,83.6,10.5,4
2026-08-05 16:34:54,80319,84.6,10.5,4
2026-08-05 16:34:59,80324,84.5,10.5,4
2026-08-05 16:35:04,80329,85.5,10.5,4
2026-08-05 16:35:09,80335,86.2,10.5,4
2026-08-05 16:35:15,80340,81.5,10.5,4
2026-08-05 16:35:20,80345,82.8,10.5,4
2026-08-05 16:35:25,80350,87.7,10.5,4
2026-08-05 16:35:30,80355,80.3,10.5,4
2026-08-05 16:35:35,80360,82.0,10.5,4
2026-08-05 16:35:40,80365,84.3,10.5,4
2026-08-05 16:35:45,80370,82.6,10.5,4
2026-08-05 16:35:50,80375,84.2,10.5,4
2026-08-05 16:35:55,80380,80.8,10.5,4
2026-08-05 16:36:00,80385,81.6,10.5,4
2026-08-05 16:36:05,80391,82.5,10.5,4
2026-08-05 16:36:11,80396,80.3,10.5,4
2026-08-05 16:36:16,80401,82.1,10.5,4
2026-08-05 16:36:21,80406,86.3,10.5,4
2026-08-05 16:36:26,80411,88.3,10.5,4
2026-08-05 16:36:31,80416,91.5,10.5,4
2026-08-05 16:36:36,80421,85.9,10.5,4
2026-08-05 16:36:41,80426,87.8,10.5,4
2026-08-05 16:36:46,80431,85.8,10.5,4
2026-08-05 16:36:51,80436,89.2,10.5,4
2026-08-05 16:36:56,80441,92.1,10.5,4
2026-08-05 16:37:01,80447,88.7,10.5,4
2026-08-05 16:37:07,80452,89.3,10.5,4
2026-08-05 16:37:12,80457,80.7,10.5,4
2026-08-05 16:37:17,80462,82.7,10.5,4
2026-08-05 16:37:22,80467,86.6,10.5,4
2026-08-05 16:37:27,80472,81.8,10.5,4
2026-08-05 16:37:32,80477,91.5,10.5,4
2026-08-05 16:37:37,80482,94.1,10.5,4
2026-08-05 16:37:42,80487,94.3,10.5,4
2026-08-05 16:37:47,80492,96.2,10.5,4
2026-08-05 16:37:52,80497,95.9,10.5,4
2026-08-05 16:37:57,80503,93.9,10.5,4
2026-08-05 16:38:03,80508,92.8,10.5,4
2026-08-05 16:38:08,80513,91.7,10.5,4
2026-08-05 16:38:13,80518,91.9,10.5,4
2026-08-05 16:38:18,80523,93.4,10.5,4
2026-08-05 16:38:23,80528,91.4,10.5,4
2026-08-05 16:38:28,80533,90.2,10.5,4
2026-08-05 16:38:33,80538,90.4,10.5,4
2026-08-05 16:38:38,80543,93.1,10.5,4
2026-08-05 16:38:43,80548,94.0,10.5,4
2026-08-05 16:38:48,80554,94.3,10.5,4
2026-08-05 16:38:54,80559,89.5,10.5,4
2026-08-05 16:38:59,80564,88.6,10.5,4
2026-08-05 16:39:04,80569,86.5,10.6,4
2026-08-05 16:39:09,80574,85.2,10.6,4
2026-08-05 16:39:14,80579,84.6,10.6,4
2026-08-05 16:39:19,80584,92.1,10.6,4
2026-08-05 16:39:24,80589,96.5,10.5,4
2026-08-05 16:39:29,80594,95.9,10.5,4
2026-08-05 16:39:34,80599,97.5,10.5,4
2026-08-05 16:39:39,80605,97.7,10.5,4
2026-08-05 16:39:45,80610,97.0,10.5,4
2026-08-05 16:39:50,80615,94.2,10.5,4
2026-08-05 16:39:55,80620,91.3,10.5,4
2026-08-05 16:40:00,80625,90.0,10.6,4
2026-08-05 16:40:05,80630,87.3,10.6,4
2026-08-05 16:40:10,80635,87.0,10.6,4
2026-08-05 16:40:15,80640,90.7,10.6,4
2026-08-05 16:40:20,80645,89.4,10.5,4
2026-08-05 16:40:25,80650,88.6,10.5,4
2026-08-05 16:40:30,80656,91.1,10.5,4
2026-08-05 16:40:36,80661,88.8,10.6,4
2026-08-05 16:40:41,80666,91.4,10.6,4
2026-08-05 16:40:46,80671,83.8,10.6,4
2026-08-05 16:40:51,80676,78.0,10.6,4
2026-08-05 16:40:56,80681,76.9,10.6,4
2026-08-05 16:41:01,80686,72.6,10.6,4
2026-08-05 16:41:06,80691,71.2,10.5,4
2026-08-05 16:41:11,80696,67.4,10.5,4
2026-08-05 16:41:16,80701,70.7,10.5,4
2026-08-05 16:41:21,80706,71.8,10.5,4
2026-08-05 16:41:26,80711,79.7,10.5,4
2026-08-05 16:41:31,80717,83.3,10.5,4
2026-08-05 16:41:37,80722,91.8,10.5,4
2026-08-05 16:41:42,80727,89.6,10.5,4
2026-08-05 16:41:47,80732,94.3,10.5,4
2026-08-05 16:41:52,80737,93.7,10.5,4
2026-08-05 16:41:57,80742,91.6,10.5,4
2026-08-05 16:42:02,80747,93.9,10.5,4
2026-08-05 16:42:07,80752,92.4,10.5,4
2026-08-05 16:42:12,80757,87.5,10.5,4
2026-08-05 16:42:17,80762,85.8,10.5,4
2026-08-05 16:42:22,80768,85.8,10.5,4
2026-08-05 16:42:28,80773,91.1,10.5,4
2026-08-05 16:42:33,80778,92.7,10.5,4
2026-08-05 16:42:38,80783,87.6,10.5,4
2026-08-05 16:42:43,80788,82.7,10.5,4
2026-08-05 16:42:48,80793,80.0,10.5,4
2026-08-05 16:42:53,80798,86.6,10.5,4
2026-08-05 16:42:58,80803,82.0,10.5,4
2026-08-05 16:43:03,80808,87.0,10.5,4
2026-08-05 16:43:08,80813,86.4,10.5,4
2026-08-05 16:43:13,80818,83.9,10.5,4
2026-08-05 16:43:18,80823,84.4,10.5,4
2026-08-05 16:43:23,80829,78.4,10.5,4
2026-08-05 16:43:29,80834,82.3,10.5,4
2026-08-05 16:43:34,80839,85.8,10.4,4
2026-08-05 16:43:39,80844,85.7,10.5,4
2026-08-05 16:43:44,80849,84.2,10.5,4
2026-08-05 16:43:49,80854,83.3,10.5,4
2026-08-05 16:43:54,80859,83.4,10.5,4
2026-08-05 16:43:59,80864,84.8,10.4,4
2026-08-05 16:44:04,80869,78.0,10.5,4
2026-08-05 16:44:09,80874,79.4,10.5,4
2026-08-05 16:44:14,80879,92.3,10.5,4
2026-08-05 16:44:19,80885,91.5,10.5,4
2026-08-05 16:44:25,80890,96.2,10.5,4
2026-08-05 16:44:30,80895,95.2,10.5,4
2026-08-05 16:44:35,80900,93.5,10.5,4
2026-08-05 16:44:40,80905,91.7,10.5,4
2026-08-05 16:44:45,80910,91.7,10.5,4
2026-08-05 16:44:50,80915,84.8,10.5,4
2026-08-05 16:44:55,80920,89.6,10.5,4
2026-08-05 16:45:00,80925,89.8,10.5,4
2026-08-05 16:45:05,80930,92.1,10.5,4
2026-08-05 16:45:10,80936,89.5,10.4,4
2026-08-05 16:45:15,80941,90.1,10.5,4
2026-08-05 16:45:21,80946,92.7,10.4,4
2026-08-05 16:45:26,80951,91.0,10.5,4
2026-08-05 16:45:31,80956,92.9,10.5,4
2026-08-05 16:45:36,80961,95.5,10.5,4
2026-08-05 16:45:41,80966,94.4,10.5,4
2026-08-05 16:45:46,80971,94.5,10.5,4
2026-08-05 16:45:51,80976,90.6,10.5,4
2026-08-05 16:45:56,80981,89.6,10.5,4
2026-08-05 16:46:01,80986,92.3,10.4,4
2026-08-05 16:46:06,80991,91.6,10.5,4
2026-08-05 16:46:12,80997,93.8,10.5,4
2026-08-05 16:46:17,81002,94.4,10.5,4
2026-08-05 16:46:22,81007,91.8,10.5,4
2026-08-05 16:46:27,81012,81.6,10.4,4
2026-08-05 16:46:32,81017,79.6,10.5,4
2026-08-05 16:46:37,81022,83.0,10.5,4
2026-08-05 16:46:42,81027,80.4,10.5,4
2026-08-05 16:46:47,81032,81.2,10.5,4
2026-08-05 16:46:52,81037,93.7,10.5,4
2026-08-05 16:46:57,81042,90.4,10.5,4
2026-08-05 16:47:02,81048,96.5,10.5,4
2026-08-05 16:47:08,81053,96.0,10.5,4
2026-08-05 16:47:13,81058,94.9,10.5,4
2026-08-05 16:47:18,81063,92.8,10.5,4
2026-08-05 16:47:23,81068,94.4,10.5,4
2026-08-05 16:47:28,81073,86.8,10.5,4
2026-08-05 16:47:33,81078,89.5,10.5,4
2026-08-05 16:47:38,81083,91.3,10.5,4
2026-08-05 16:47:43,81088,93.3,10.5,4
2026-08-05 16:47:48,81093,92.2,10.5,4
2026-08-05 16:47:53,81099,93.4,10.5,4
2026-08-05 16:47:58,81104,92.5,10.5,4
2026-08-05 16:48:04,81109,90.7,10.5,4
2026-08-05 16:48:09,81114,88.8,10.5,4
2026-08-05 16:48:14,81119,88.0,10.5,4
2026-08-05 16:48:19,81124,89.6,10.5,4
2026-08-05 16:48:24,81129,83.5,10.5,4
2026-08-05 16:48:29,81134,82.1,10.5,4
2026-08-05 16:48:34,81139,81.4,10.6,4
2026-08-05 16:48:39,81144,74.1,10.5,4
2026-08-05 16:48:44,81149,79.5,10.5,4
2026-08-05 16:48:49,81154,75.8,10.5,4
2026-08-05 16:48:54,81160,79.6,10.5,4
2026-08-05 16:49:00,81165,80.0,10.5,4
2026-08-05 16:49:05,81170,74.9,10.6,4
2026-08-05 16:49:10,81175,79.5,10.6,4
2026-08-05 16:49:15,81180,77.4,10.6,4
2026-08-05 16:49:20,81185,74.8,10.5,4
2026-08-05 16:49:25,81190,76.8,10.6,4
2026-08-05 16:49:30,81195,74.0,10.5,4
2026-08-05 16:49:35,81200,81.7,10.6,4
2026-08-05 16:49:40,81205,91.6,10.5,4
2026-08-05 16:49:45,81210,95.2,10.5,4
2026-08-05 16:49:50,81215,93.2,10.4,4
2026-08-05 16:49:56,81221,96.9,10.5,4
2026-08-05 16:50:01,81226,95.7,10.5,4
2026-08-05 16:50:06,81231,92.6,10.5,4
2026-08-05 16:50:11,81236,91.9,10.5,4
2026-08-05 16:50:16,81241,94.8,10.5,4
2026-08-05 16:50:21,81246,95.1,10.5,4
2026-08-05 16:50:26,81251,94.2,10.5,4
2026-08-05 16:50:31,81256,92.9,10.5,4
2026-08-05 16:50:36,81261,88.9,10.5,4
2026-08-05 16:50:41,81266,85.2,10.5,4
2026-08-05 16:50:46,81272,79.3,10.5,4
2026-08-05 16:50:52,81277,73.4,10.5,4
2026-08-05 16:50:57,81282,85.9,10.5,4
2026-08-05 16:51:02,81287,89.2,10.5,4
2026-08-05 16:51:07,81292,92.7,10.5,4
2026-08-05 16:51:12,81297,93.2,10.5,4
2026-08-05 16:51:17,81302,91.9,10.5,4
2026-08-05 16:51:22,81307,88.8,10.5,4
2026-08-05 16:51:27,81312,93.3,10.5,4
2026-08-05 16:51:32,81317,92.3,10.5,4
2026-08-05 16:51:37,81323,84.3,10.5,4
2026-08-05 16:51:43,81328,88.3,10.5,4
2026-08-05 16:51:48,81333,88.3,10.5,4
2026-08-05 16:51:53,81338,86.8,10.5,4
2026-08-05 16:51:58,81343,88.4,10.5,4
2026-08-05 16:52:03,81348,90.6,10.5,4
2026-08-05 16:52:08,81353,87.8,10.5,4
2026-08-05 16:52:13,81358,90.6,10.5,4
2026-08-05 16:52:18,81363,90.1,10.5,4
2026-08-05 16:52:23,81368,89.0,10.5,4
2026-08-05 16:52:28,81374,89.5,10.5,4
2026-08-05 16:52:34,81379,90.6,10.5,4
2026-08-05 16:52:39,81384,92.4,10.5,4
2026-08-05 16:52:44,81389,92.1,10.5,4
2026-08-05 16:52:49,81394,88.6,10.5,4
2026-08-05 16:52:54,81399,92.0,10.5,4
2026-08-05 16:52:59,81404,89.1,10.5,4
2026-08-05 16:53:04,81409,84.5,10.5,4
2026-08-05 16:53:09,81414,87.2,10.5,4
2026-08-05 16:53:14,81419,87.5,10.5,4
2026-08-05 16:53:19,81424,91.0,10.4,4
2026-08-05 16:53:24,81430,86.2,10.4,4
2026-08-05 16:53:30,81435,81.5,10.4,4
2026-08-05 16:53:35,81440,88.6,10.4,4
2026-08-05 16:53:40,81445,90.2,10.4,4
2026-08-05 16:53:45,81450,91.2,10.4,4
2026-08-05 16:53:50,81455,88.2,10.4,4
2026-08-05 16:53:55,81460,80.0,10.5,4
2026-08-05 16:54:00,81465,77.0,10.4,4
2026-08-05 16:54:05,81470,73.2,10.5,4
2026-08-05 16:54:10,81475,75.7,10.4,4
2026-08-05 16:54:15,81480,84.7,10.4,4
2026-08-05 16:54:20,81486,91.8,10.4,4
2026-08-05 16:54:26,81491,93.0,10.4,4
2026-08-05 16:54:31,81496,93.9,10.5,4
2026-08-05 16:54:36,81501,95.5,10.5,4
2026-08-05 16:54:41,81506,91.6,10.4,4
2026-08-05 16:54:46,81511,93.6,10.5,4
2026-08-05 16:54:51,81516,95.4,10.5,4
2026-08-05 16:54:56,81521,92.2,10.5,4
2026-08-05 16:55:01,81526,86.3,10.5,4
2026-08-05 16:55:06,81531,91.5,10.5,4
2026-08-05 16:55:11,81537,92.1,10.5,4
2026-08-05 16:55:17,81542,94.1,10.5,4
2026-08-05 16:55:22,81547,90.0,10.5,4
2026-08-05 16:55:27,81552,88.6,10.5,4
2026-08-05 16:55:32,81557,85.5,10.5,4
2026-08-05 16:55:37,81562,78.1,10.4,4
2026-08-05 16:55:42,81567,79.9,10.4,4
2026-08-05 16:55:47,81572,84.8,10.4,4
2026-08-05 16:55:52,81577,83.9,10.5,4
2026-08-05 16:55:57,81582,86.8,10.4,4
2026-08-05 16:56:02,81587,85.8,10.5,4
2026-08-05 16:56:07,81593,80.8,10.5,4
2026-08-05 16:56:13,81598,82.2,10.6,4
2026-08-05 16:56:18,81603,85.1,10.5,4
2026-08-05 16:56:23,81608,86.9,10.5,4
2026-08-05 16:56:28,81613,83.7,10.6,4
2026-08-05 16:56:33,81618,84.3,10.5,4
2026-08-05 16:56:38,81623,84.9,10.5,4
2026-08-05 16:56:43,81628,79.8,10.5,4
2026-08-05 16:56:48,81633,83.2,10.5,4
2026-08-05 16:56:53,81638,91.0,10.5,4
2026-08-05 16:56:58,81643,86.4,10.5,4
2026-08-05 16:57:03,81649,85.0,10.5,4
2026-08-05 16:57:08,81654,77.7,10.5,4
2026-08-05 16:57:14,81659,71.2,10.6,4
2026-08-05 16:57:19,81664,75.0,10.5,4
2026-08-05 16:57:24,81669,70.4,10.5,4
2026-08-05 16:57:29,81674,87.6,10.5,4
2026-08-05 16:57:34,81679,87.5,10.5,4
2026-08-05 16:57:39,81684,93.7,10.5,4
2026-08-05 16:57:44,81689,95.8,10.5,4
2026-08-05 16:57:49,81694,97.2,10.5,4
2026-08-05 16:57:54,81699,97.3,10.5,4
2026-08-05 16:57:59,81705,97.6,10.5,4
2026-08-05 16:58:05,81710,98.2,10.4,4
2026-08-05 16:58:10,81715,96.9,10.5,4
2026-08-05 16:58:15,81720,96.8,10.5,4
2026-08-05 16:58:20,81725,95.6,10.5,4
2026-08-05 16:58:25,81730,96.6,10.5,4
2026-08-05 16:58:30,81735,96.8,10.5,4
2026-08-05 16:58:35,81740,95.6,10.5,4
2026-08-05 16:58:40,81746,93.6,10.5,4
2026-08-05 16:58:46,81751,95.8,10.5,4
2026-08-05 16:58:51,81756,96.7,10.5,4
2026-08-05 16:58:56,81761,97.0,10.5,4
2026-08-05 16:59:01,81766,97.0,10.5,4
2026-08-05 16:59:06,81771,95.2,10.4,4
2026-08-05 16:59:11,81776,87.9,10.4,4
2026-08-05 16:59:16,81781,85.4,10.4,4
2026-08-05 16:59:21,81786,84.1,10.5,4
2026-08-05 16:59:26,81791,90.5,10.4,4
2026-08-05 16:59:31,81797,90.5,10.4,4
2026-08-05 16:59:37,81802,92.5,10.5,4
2026-08-05 16:59:42,81807,88.0,10.4,4
2026-08-05 16:59:47,81812,88.7,10.5,4
2026-08-05 16:59:52,81817,81.1,10.4,4
2026-08-05 16:59:57,81822,79.6,10.4,4
2026-08-05 17:00:02,81827,83.7,10.4,4
2026-08-05 17:00:07,81832,88.0,10.4,4
2026-08-05 17:00:12,81837,86.6,10.4,4
2026-08-05 17:00:17,81842,85.4,10.4,4
2026-08-05 17:00:22,81847,86.0,10.4,4
2026-08-05 17:00:27,81852,89.2,10.4,4
2026-08-05 17:00:32,81858,85.8,10.4,4
2026-08-05 17:00:38,81863,86.8,10.4,4
2026-08-05 17:00:43,81868,88.0,10.4,4
2026-08-05 17:00:48,81873,84.6,10.4,4
2026-08-05 17:00:53,81878,82.7,10.4,4
2026-08-05 17:00:58,81883,80.6,10.4,4
2026-08-05 17:01:03,81888,85.7,10.4,4
2026-08-05 17:01:08,81893,85.3,10.5,4
2026-08-05 17:01:13,81898,82.7,10.4,4
2026-08-05 17:01:18,81903,85.1,10.4,4
2026-08-05 17:01:23,81908,78.4,10.4,4
2026-08-05 17:01:28,81914,81.1,10.4,4
2026-08-05 17:01:33,81919,81.2,10.4,4
2026-08-05 17:01:39,81924,80.0,10.5,4
2026-08-05 17:01:44,81929,92.3,10.4,4
2026-08-05 17:01:49,81934,91.4,10.5,4
2026-08-05 17:01:54,81939,93.0,10.4,4
2026-08-05 17:01:59,81944,96.1,10.4,4
2026-08-05 17:02:04,81949,95.5,10.4,4
2026-08-05 17:02:09,81954,86.3,10.4,4
2026-08-05 17:02:14,81959,88.0,10.5,4
2026-08-05 17:02:19,81964,88.1,10.5,4
2026-08-05 17:02:24,81970,82.2,10.4,4
2026-08-05 17:02:30,81975,88.5,10.5,4
2026-08-05 17:02:35,81980,89.8,10.5,4
2026-08-05 17:02:40,81985,91.2,10.5,4
2026-08-05 17:02:45,81990,91.3,10.4,4
2026-08-05 17:02:50,81995,92.6,10.5,4
2026-08-05 17:02:55,82000,93.8,10.5,4
2026-08-05 17:03:00,82005,90.2,10.5,4
2026-08-05 17:03:05,82010,83.6,10.5,4
2026-08-05 17:03:10,82015,82.6,10.4,4
2026-08-05 17:03:15,82020,86.0,10.4,4
2026-08-05 17:03:20,82026,88.3,10.4,4
2026-08-05 17:03:26,82031,85.9,10.4,4
2026-08-05 17:03:31,82036,82.4,10.5,4
2026-08-05 17:03:36,82041,84.0,10.4,4
2026-08-05 17:03:41,82046,83.5,10.4,4
2026-08-05 17:03:46,82051,85.6,10.5,4
2026-08-05 17:03:51,82056,86.5,10.5,4
2026-08-05 17:03:56,82061,79.0,10.4,4
2026-08-05 17:04:01,82066,80.6,10.4,4
2026-08-05 17:04:06,82071,81.0,10.5,4
2026-08-05 17:04:11,82076,82.9,10.5,4
2026-08-05 17:04:16,82081,91.2,10.5,4
2026-08-05 17:04:21,82087,89.7,10.5,4
2026-08-05 17:04:27,82092,94.9,10.5,4
2026-08-05 17:04:32,82097,91.8,10.6,4
2026-08-05 17:04:37,82102,91.9,10.5,4
2026-08-05 17:04:42,82107,92.0,10.5,4
2026-08-05 17:04:47,82112,94.0,10.6,4
2026-08-05 17:04:52,82117,88.1,10.6,4
2026-08-05 17:04:57,82122,89.7,10.5,4
2026-08-05 17:05:02,82127,93.1,10.5,4
2026-08-05 17:05:07,82132,94.3,10.6,4
2026-08-05 17:05:12,82138,89.1,10.6,4
2026-08-05 17:05:18,82143,91.7,10.5,4
2026-08-05 17:05:23,82148,87.9,10.6,4
2026-08-05 17:05:28,82153,88.6,10.5,4
2026-08-05 17:05:33,82158,87.3,10.5,4
2026-08-05 17:05:38,82163,89.2,10.5,4
2026-08-05 17:05:43,82168,85.9,10.5,4
2026-08-05 17:05:48,82173,86.7,10.5,4
2026-08-05 17:05:53,82178,91.2,10.5,4
2026-08-05 17:05:58,82183,95.0,10.4,4
2026-08-05 17:06:03,82189,95.4,10.5,4
2026-08-05 17:06:09,82194,96.7,10.5,4
2026-08-05 17:06:14,82199,96.7,10.5,4
2026-08-05 17:06:19,82204,96.0,10.5,4
2026-08-05 17:06:24,82209,93.9,10.5,4
2026-08-05 17:06:29,82214,93.3,10.4,4
2026-08-05 17:06:34,82219,93.5,10.4,4
2026-08-05 17:06:39,82224,84.9,10.4,4
2026-08-05 17:06:44,82229,93.6,10.5,4
2026-08-05 17:06:49,82234,92.7,10.4,4
2026-08-05 17:06:55,82240,92.7,10.4,4
2026-08-05 17:07:00,82245,88.5,10.4,4
2026-08-05 17:07:05,82250,84.8,10.5,4
2026-08-05 17:07:10,82255,81.2,10.5,4
2026-08-05 17:07:15,82260,80.7,10.5,4
2026-08-05 17:07:20,82265,81.4,10.4,4
2026-08-05 17:07:25,82270,83.1,10.5,4
2026-08-05 17:07:30,82275,83.5,10.4,4
2026-08-05 17:07:35,82280,80.2,10.5,4
2026-08-05 17:07:40,82285,82.9,10.4,4
2026-08-05 17:07:45,82290,80.0,10.5,4
2026-08-05 17:07:50,82296,82.1,10.4,4
2026-08-05 17:07:56,82301,79.4,10.4,4
2026-08-05 17:08:01,82306,83.4,10.4,4
2026-08-05 17:08:06,82311,88.7,10.4,4
2026-08-05 17:08:11,82316,90.0,10.4,4
2026-08-05 17:08:16,82321,90.4,10.4,4
2026-08-05 17:08:21,82326,87.1,10.4,4
2026-08-05 17:08:26,82331,83.4,10.4,4
2026-08-05 17:08:31,82336,87.4,10.4,4
2026-08-05 17:08:36,82341,88.5,10.4,4
2026-08-05 17:08:41,82346,91.7,10.4,4
2026-08-05 17:08:46,82352,86.6,10.5,4
2026-08-05 17:08:52,82357,77.8,10.4,4
2026-08-05 17:08:57,82362,77.6,10.5,4
2026-08-05 17:09:02,82367,81.7,10.5,4
2026-08-05 17:09:07,82372,84.9,10.5,4
2026-08-05 17:09:12,82377,91.8,10.5,4
2026-08-05 17:09:17,82382,95.3,10.5,4
2026-08-05 17:09:22,82387,94.2,10.5,4
2026-08-05 17:09:27,82392,96.9,10.4,4
2026-08-05 17:09:32,82397,96.1,10.5,4
2026-08-05 17:09:37,82403,94.0,10.5,4
2026-08-05 17:09:43,82408,95.8,10.5,4
2026-08-05 17:09:48,82413,95.1,10.5,4
2026-08-05 17:09:53,82418,90.3,10.5,4
2026-08-05 17:09:58,82423,91.2,10.5,4
2026-08-05 17:10:03,82428,93.1,10.5,4
2026-08-05 17:10:08,82433,90.4,10.5,4
2026-08-05 17:10:13,82438,88.7,10.4,4
2026-08-05 17:10:18,82443,91.4,10.5,4
2026-08-05 17:10:23,82448,92.4,10.5,4
2026-08-05 17:10:28,82453,92.9,10.5,4
2026-08-05 17:10:33,82459,87.0,10.4,4
2026-08-05 17:10:39,82464,79.1,10.4,4
2026-08-05 17:10:44,82469,81.5,10.4,4
2026-08-05 17:10:49,82474,87.2,10.5,4
2026-08-05 17:10:54,82479,84.5,10.5,4
2026-08-05 17:10:59,82484,89.0,10.5,4
2026-08-05 17:11:04,82489,93.1,10.5,4
2026-08-05 17:11:09,82494,89.2,10.4,4
2026-08-05 17:11:14,82499,92.6,10.4,4
2026-08-05 17:11:19,82504,93.4,10.4,4
2026-08-05 17:11:24,82509,94.3,10.4,4
2026-08-05 17:11:29,82515,92.8,10.4,4
2026-08-05 17:11:35,82520,93.6,10.5,4
2026-08-05 17:11:40,82525,86.3,10.5,4
2026-08-05 17:11:45,82530,84.8,10.5,4
2026-08-05 17:11:50,82535,88.3,10.5,4
2026-08-05 17:11:55,82540,89.0,10.5,4
2026-08-05 17:12:00,82545,90.6,10.4,4
2026-08-05 17:12:05,82550,86.2,10.5,4
2026-08-05 17:12:10,82555,90.4,10.5,4
2026-08-05 17:12:15,82560,91.1,10.5,4
2026-08-05 17:12:20,82565,89.9,10.5,4
2026-08-05 17:12:25,82571,91.7,10.5,4
2026-08-05 17:12:31,82576,92.0,10.5,4
2026-08-05 17:12:36,82581,88.2,10.5,4
2026-08-05 17:12:41,82586,87.7,10.5,4
2026-08-05 17:12:46,82591,91.9,10.5,4
2026-08-05 17:12:51,82596,92.1,10.5,4
2026-08-05 17:12:56,82601,91.0,10.5,4
2026-08-05 17:13:01,82606,89.9,10.5,4
2026-08-05 17:13:06,82611,87.2,10.5,4
2026-08-05 17:13:11,82616,84.7,10.5,4
2026-08-05 17:13:16,82621,75.3,10.5,4
2026-08-05 17:13:21,82627,80.4,10.5,4
2026-08-05 17:13:27,82632,76.5,10.5,4
2026-08-05 17:13:32,82637,74.3,10.6,4
2026-08-05 17:13:37,82642,68.8,10.5,4
2026-08-05 17:13:42,82647,77.1,10.6,4
2026-08-05 17:13:47,82652,77.7,10.6,4
2026-08-05 17:13:52,82657,83.2,10.5,4
2026-08-05 17:13:57,82662,84.9,10.4,4
2026-08-05 17:14:02,82667,91.9,10.4,4
2026-08-05 17:14:07,82672,88.7,10.4,4
2026-08-05 17:14:12,82677,93.3,10.4,4
2026-08-05 17:14:17,82682,91.8,10.5,4
2026-08-05 17:14:22,82688,93.0,10.5,4
2026-08-05 17:14:28,82693,94.0,10.5,4
2026-08-05 17:14:33,82698,91.6,10.5,4
2026-08-05 17:14:38,82703,88.5,10.5,4
2026-08-05 17:14:43,82708,86.2,10.5,4
2026-08-05 17:14:48,82713,90.8,10.4,4
2026-08-05 17:14:53,82718,92.9,10.5,4
2026-08-05 17:14:58,82723,91.5,10.4,4
2026-08-05 17:15:03,82728,83.3,10.5,4
2026-08-05 17:15:08,82733,80.3,10.4,4
2026-08-05 17:15:13,82738,80.2,10.4,4
2026-08-05 17:15:18,82744,88.1,10.5,4
2026-08-05 17:15:24,82749,81.3,10.5,4
2026-08-05 17:15:29,82754,85.1,10.4,4
2026-08-05 17:15:34,82759,84.9,10.5,4
2026-08-05 17:15:39,82764,84.1,10.5,4
2026-08-05 17:15:44,82769,87.8,10.4,4
2026-08-05 17:15:49,82774,85.1,10.4,4
2026-08-05 17:15:54,82779,85.2,10.5,4
2026-08-05 17:15:59,82784,89.8,10.5,4
2026-08-05 17:16:04,82789,91.1,10.4,4
2026-08-05 17:16:09,82794,87.4,10.5,4
2026-08-05 17:16:14,82800,87.3,10.4,4
2026-08-05 17:16:20,82805,83.8,10.5,4
2026-08-05 17:16:25,82810,83.3,10.5,4
2026-08-05 17:16:30,82815,81.9,10.5,4
2026-08-05 17:16:35,82820,82.4,10.5,4
2026-08-05 17:16:40,82825,91.4,10.5,4
2026-08-05 17:16:45,82830,92.7,10.4,4
2026-08-05 17:16:50,82835,93.7,10.5,4
2026-08-05 17:16:55,82840,95.3,10.5,4
2026-08-05 17:17:00,82845,95.4,10.5,4
2026-08-05 17:17:05,82851,92.5,10.5,4
2026-08-05 17:17:11,82856,90.4,10.5,4
2026-08-05 17:17:16,82861,88.5,10.5,4
2026-08-05 17:17:21,82866,91.1,10.5,4
2026-08-05 17:17:26,82871,90.8,10.5,4
2026-08-05 17:17:31,82876,92.4,10.5,4
2026-08-05 17:17:36,82881,94.3,10.5,4
2026-08-05 17:17:41,82886,95.7,10.5,4
2026-08-05 17:17:46,82891,95.0,10.5,4
2026-08-05 17:17:51,82896,97.3,10.5,4
2026-08-05 17:17:56,82902,97.0,10.5,4
2026-08-05 17:18:02,82907,98.1,10.4,4
2026-08-05 17:18:07,82912,93.8,10.5,4
2026-08-05 17:18:12,82917,91.1,10.5,4
2026-08-05 17:18:17,82922,89.6,10.5,4
2026-08-05 17:18:22,82927,83.9,10.5,4
2026-08-05 17:18:27,82932,85.3,10.5,4
2026-08-05 17:18:32,82937,89.1,10.4,4
2026-08-05 17:18:37,82942,89.4,10.4,4
2026-08-05 17:18:42,82947,88.7,10.5,4
2026-08-05 17:18:47,82953,89.5,10.5,4
2026-08-05 17:18:53,82958,89.9,10.5,4
2026-08-05 17:18:58,82963,94.6,10.5,4
2026-08-05 17:19:03,82968,95.5,10.4,4
2026-08-05 17:19:08,82973,90.6,10.5,4
2026-08-05 17:19:13,82978,91.4,10.4,4
2026-08-05 17:19:18,82983,88.2,10.5,4
2026-08-05 17:19:23,82988,92.5,10.4,4
2026-08-05 17:19:28,82993,94.0,10.5,4
2026-08-05 17:19:33,82998,94.5,10.5,4
2026-08-05 17:19:38,83004,92.8,10.5,4
2026-08-05 17:19:44,83009,91.0,10.5,4
2026-08-05 17:19:49,83014,85.8,10.5,4
2026-08-05 17:19:54,83019,81.3,10.5,4
2026-08-05 17:19:59,83024,87.3,10.5,4
2026-08-05 17:20:04,83029,91.3,10.5,4
2026-08-05 17:20:09,83034,90.0,10.5,4
2026-08-05 17:20:14,83039,87.1,10.5,4
2026-08-05 17:20:19,83044,82.8,10.4,4
2026-08-05 17:20:24,83049,83.6,10.4,4
2026-08-05 17:20:29,83054,81.6,10.5,4
2026-08-05 17:20:34,83060,81.7,10.5,4
2026-08-05 17:20:39,83065,84.2,10.5,4
2026-08-05 17:20:45,83070,78.4,10.5,4
2026-08-05 17:20:50,83075,73.0,10.5,4
2026-08-05 17:20:55,83080,75.5,10.5,4
2026-08-05 17:21:00,83085,76.9,10.5,4
2026-08-05 17:21:05,83090,74.9,10.6,4
2026-08-05 17:21:10,83095,76.9,10.6,4
2026-08-05 17:21:15,83100,83.5,10.5,4
2026-08-05 17:21:20,83105,89.2,10.5,4
2026-08-05 17:21:25,83110,92.5,10.6,4
2026-08-05 17:21:30,83115,88.2,10.5,4
2026-08-05 17:21:35,83120,77.7,10.6,4
2026-08-05 17:21:40,83126,73.0,10.5,4
2026-08-05 17:21:46,83131,68.8,10.6,4
2026-08-05 17:21:51,83136,80.2,10.5,4
2026-08-05 17:21:56,83141,80.8,10.5,4
2026-08-05 17:22:01,83146,74.0,10.6,4
2026-08-05 17:22:06,83151,89.8,10.5,4
2026-08-05 17:22:11,83156,91.5,10.4,4
2026-08-05 17:22:16,83161,88.1,10.4,4
2026-08-05 17:22:21,83166,94.9,10.4,4
2026-08-05 17:22:26,83171,94.5,10.5,4
2026-08-05 17:22:31,83176,92.2,10.5,4
2026-08-05 17:22:36,83182,92.8,10.5,4
2026-08-05 17:22:42,83187,94.3,10.4,4
2026-08-05 17:22:47,83192,90.8,10.4,4
2026-08-05 17:22:52,83197,91.5,10.4,4
2026-08-05 17:22:57,83202,92.8,10.5,4
2026-08-05 17:23:02,83207,94.2,10.4,4
2026-08-05 17:23:07,83212,94.5,10.4,4
2026-08-05 17:23:12,83217,88.9,10.4,4
2026-08-05 17:23:17,83222,86.4,10.5,4
2026-08-05 17:23:22,83228,82.2,10.4,4
2026-08-05 17:23:27,83233,86.7,10.4,4
2026-08-05 17:23:33,83238,89.6,10.5,4
2026-08-05 17:23:38,83243,88.5,10.5,4
2026-08-05 17:23:43,83248,87.6,10.4,4
2026-08-05 17:23:48,83253,80.0,10.5,4
2026-08-05 17:23:53,83258,71.1,10.4,4
2026-08-05 17:23:58,83263,75.1,10.4,4
2026-08-05 17:24:03,83268,78.6,10.5,4
2026-08-05 17:24:08,83273,89.0,10.5,4
2026-08-05 17:24:13,83278,95.8,10.5,4
2026-08-05 17:24:18,83284,95.5,10.5,4
2026-08-05 17:24:24,83289,97.5,10.5,4
2026-08-05 17:24:29,83294,97.4,10.4,4
2026-08-05 17:24:34,83299,97.8,10.5,4
2026-08-05 17:24:39,83304,96.5,10.5,4
2026-08-05 17:24:44,83309,96.2,10.5,4
2026-08-05 17:24:49,83314,97.1,10.5,4
2026-08-05 17:24:54,83319,95.3,10.5,4
2026-08-05 17:24:59,83324,93.0,10.5,4
2026-08-05 17:25:04,83330,93.7,10.5,4
2026-08-05 17:25:10,83335,96.0,10.5,4
2026-08-05 17:25:15,83340,93.5,10.5,4
2026-08-05 17:25:20,83345,94.4,10.5,4
2026-08-05 17:25:25,83350,91.7,10.5,4
2026-08-05 17:25:30,83355,94.4,10.5,4
2026-08-05 17:25:35,83360,92.0,10.5,4
2026-08-05 17:25:40,83365,89.4,10.4,4
2026-08-05 17:25:45,83370,92.1,10.5,4
2026-08-05 17:25:50,83375,92.1,10.5,4
2026-08-05 17:25:55,83381,88.2,10.5,4
2026-08-05 17:26:01,83386,86.8,10.5,4
2026-08-05 17:26:06,83391,94.1,10.5,4
2026-08-05 17:26:11,83396,92.9,10.5,4
2026-08-05 17:26:16,83401,91.4,10.5,4
2026-08-05 17:26:21,83406,90.9,10.5,4
2026-08-05 17:26:26,83411,89.6,10.5,4
2026-08-05 17:26:31,83416,83.0,10.4,4
2026-08-05 17:26:36,83421,83.0,10.5,4
2026-08-05 17:26:41,83426,80.2,10.4,4
2026-08-05 17:26:46,83431,83.9,10.5,4
2026-08-05 17:26:51,83437,83.8,10.4,4
2026-08-05 17:26:57,83442,82.0,10.5,4
2026-08-05 17:27:02,83447,78.1,10.5,4
2026-08-05 17:27:07,83452,84.0,10.5,4
2026-08-05 17:27:12,83457,84.4,10.5,4
2026-08-05 17:27:17,83462,86.4,10.5,4
2026-08-05 17:27:22,83467,81.1,10.5,4
2026-08-05 17:27:27,83472,81.5,10.4,4
2026-08-05 17:27:32,83477,79.5,10.5,4
2026-08-05 17:27:37,83482,80.6,10.4,4
2026-08-05 17:27:42,83487,82.3,10.5,4
2026-08-05 17:27:47,83492,80.8,10.5,4
2026-08-05 17:27:52,83498,86.7,10.5,4
2026-08-05 17:27:58,83503,85.4,10.4,4
2026-08-05 17:28:03,83508,84.9,10.5,4
2026-08-05 17:28:08,83513,88.6,10.4,4
2026-08-05 17:28:13,83518,86.0,10.5,4
2026-08-05 17:28:18,83523,78.2,10.5,4
2026-08-05 17:28:23,83528,81.0,10.5,4
2026-08-05 17:28:28,83533,80.9,10.5,4
2026-08-05 17:28:33,83538,80.4,10.5,4
2026-08-05 17:28:38,83543,87.3,10.5,4
2026-08-05 17:28:43,83548,77.9,10.5,4
2026-08-05 17:28:48,83553,84.8,10.6,4
2026-08-05 17:28:53,83559,82.6,10.5,4
2026-08-05 17:28:59,83564,74.5,10.5,4
2026-08-05 17:29:04,83569,81.1,10.5,4
2026-08-05 17:29:09,83574,80.0,10.5,4
2026-08-05 17:29:14,83579,82.0,10.6,4
2026-08-05 17:29:19,83584,90.5,10.5,4
2026-08-05 17:29:24,83589,88.5,10.6,4
2026-08-05 17:29:29,83594,85.0,10.5,4
2026-08-05 17:29:34,83599,84.8,10.5,4
2026-08-05 17:29:39,83604,81.7,10.6,4
2026-08-05 17:29:44,83609,79.0,10.5,4
2026-08-05 17:29:49,83615,83.6,10.5,4
2026-08-05 17:29:54,83620,82.1,10.5,4
2026-08-05 17:30:00,83625,83.1,10.5,4
2026-08-05 17:30:05,83630,88.1,10.5,4
2026-08-05 17:30:10,83635,90.1,10.5,4
2026-08-05 17:30:15,83640,96.2,10.5,4
2026-08-05 17:30:20,83645,94.4,10.5,4
2026-08-05 17:30:25,83650,95.2,10.5,4
2026-08-05 17:30:30,83655,95.2,10.5,4
2026-08-05 17:30:35,83660,96.4,10.4,4
2026-08-05 17:30:40,83666,95.2,10.5,4
2026-08-05 17:30:46,83671,93.6,10.5,4
2026-08-05 17:30:51,83676,96.0,10.5,4
2026-08-05 17:30:56,83681,96.3,10.5,4
2026-08-05 17:31:01,83686,94.1,10.5,4
2026-08-05 17:31:06,83691,96.8,10.4,4
2026-08-05 17:31:11,83696,97.4,10.5,4
2026-08-05 17:31:16,83701,97.0,10.5,4
2026-08-05 17:31:21,83706,92.9,10.4,4
2026-08-05 17:31:26,83712,85.6,10.5,4
2026-08-05 17:31:32,83717,90.7,10.5,4
2026-08-05 17:31:37,83722,85.5,10.5,4
2026-08-05 17:31:42,83727,86.5,10.5,4
2026-08-05 17:31:47,83732,95.6,10.5,4
2026-08-05 17:31:52,83737,96.0,10.5,4
2026-08-05 17:31:57,83742,97.0,10.5,4
2026-08-05 17:32:02,83747,97.4,10.5,4
2026-08-05 17:32:07,83752,97.2,10.5,4
2026-08-05 17:32:12,83758,96.6,10.5,4
2026-08-05 17:32:18,83763,95.3,10.5,4
2026-08-05 17:32:23,83768,95.2,10.5,4
2026-08-05 17:32:28,83773,95.0,10.5,4
2026-08-05 17:32:33,83778,94.2,10.5,4
2026-08-05 17:32:38,83783,92.1,10.5,4
2026-08-05 17:32:43,83788,96.2,10.5,4
2026-08-05 17:32:48,83793,95.3,10.5,4
2026-08-05 17:32:53,83798,95.2,10.5,4
2026-08-05 17:32:58,83804,94.2,10.5,4
2026-08-05 17:33:04,83809,94.5,10.5,4
2026-08-05 17:33:09,83814,92.9,10.5,4
2026-08-05 17:33:14,83819,87.5,10.5,4
2026-08-05 17:33:19,83824,79.0,10.5,4
2026-08-05 17:33:24,83829,82.7,10.5,4
2026-08-05 17:33:29,83834,83.5,10.5,4
2026-08-05 17:33:34,83839,78.9,10.5,4
2026-08-05 17:33:39,83844,81.0,10.5,4
2026-08-05 17:33:44,83849,79.1,10.5,4
2026-08-05 17:33:49,83854,80.5,10.5,4
2026-08-05 17:33:54,83859,85.1,10.5,4
2026-08-05 17:33:59,83865,85.0,10.4,4
2026-08-05 17:34:05,83870,86.1,10.5,4
2026-08-05 17:34:10,83875,80.0,10.5,4
2026-08-05 17:34:15,83880,78.1,10.5,4
2026-08-05 17:34:20,83885,82.2,10.5,4
2026-08-05 17:34:25,83890,79.9,10.4,4
2026-08-05 17:34:30,83895,82.7,10.5,4
2026-08-05 17:34:35,83900,79.8,10.5,4
2026-08-05 17:34:40,83905,78.7,10.5,4
2026-08-05 17:34:45,83910,78.7,10.5,4
2026-08-05 17:34:50,83915,82.6,10.5,4
2026-08-05 17:34:55,83921,87.8,10.5,4
2026-08-05 17:35:00,83926,79.7,10.5,4
2026-08-05 17:35:06,83931,81.2,10.4,4
2026-08-05 17:35:11,83936,78.5,10.5,4
2026-08-05 17:35:16,83941,87.4,10.5,4
2026-08-05 17:35:21,83946,91.8,10.5,4
2026-08-05 17:35:26,83951,87.3,10.5,4
2026-08-05 17:35:31,83956,85.8,10.5,4
2026-08-05 17:35:36,83961,78.9,10.5,4
2026-08-05 17:35:41,83966,75.8,10.5,4
2026-08-05 17:35:46,83971,82.8,10.4,4
2026-08-05 17:35:51,83976,83.9,10.5,4
2026-08-05 17:35:56,83982,82.6,10.5,4
2026-08-05 17:36:01,83987,81.4,10.5,4
2026-08-05 17:36:07,83992,83.8,10.5,4
2026-08-05 17:36:12,83997,79.0,10.5,4
2026-08-05 17:36:17,84002,89.7,10.5,4
2026-08-05 17:36:22,84007,89.5,10.5,4
2026-08-05 17:36:27,84012,88.1,10.5,4
2026-08-05 17:36:32,84017,87.7,10.4,4
2026-08-05 17:36:37,84022,87.8,10.5,4
2026-08-05 17:36:42,84027,86.0,10.5,4
2026-08-05 17:36:47,84032,90.9,10.5,4
2026-08-05 17:36:52,84037,91.5,10.5,4
2026-08-05 17:36:57,84043,83.8,10.6,4
2026-08-05 17:37:03,84048,82.6,10.5,4
2026-08-05 17:37:08,84053,81.3,10.5,4
2026-08-05 17:37:13,84058,74.5,10.5,4
2026-08-05 17:37:18,84063,77.9,10.6,4
2026-08-05 17:37:23,84068,85.1,10.6,4
2026-08-05 17:37:28,84073,87.3,10.5,4
2026-08-05 17:37:33,84078,96.3,10.5,4
2026-08-05 17:37:38,84083,91.0,10.5,4
2026-08-05 17:37:43,84088,95.6,10.6,4
2026-08-05 17:37:48,84093,93.7,10.5,4
2026-08-05 17:37:53,84099,87.3,10.5,4
2026-08-05 17:37:59,84104,84.8,10.6,4
2026-08-05 17:38:04,84109,92.4,10.5,4
2026-08-05 17:38:09,84114,89.6,10.5,4
2026-08-05 17:38:14,84119,84.5,10.6,4
2026-08-05 17:38:19,84124,94.8,10.5,4
2026-08-05 17:38:24,84129,97.0,10.5,4
2026-08-05 17:38:29,84134,97.5,10.5,4
2026-08-05 17:38:34,84139,98.2,10.5,4
2026-08-05 17:38:39,84145,97.8,10.5,4
2026-08-05 17:38:45,84150,97.2,10.5,4
2026-08-05 17:38:50,84155,94.3,10.5,4
2026-08-05 17:38:55,84160,92.2,10.5,4
2026-08-05 17:39:00,84165,96.0,10.5,4
2026-08-05 17:39:05,84170,93.9,10.5,4
2026-08-05 17:39:10,84175,95.6,10.5,4
2026-08-05 17:39:15,84180,97.1,10.5,4
2026-08-05 17:39:20,84185,97.4,10.5,4
2026-08-05 17:39:25,84191,97.7,10.5,4
2026-08-05 17:39:31,84196,98.3,10.5,4
2026-08-05 17:39:36,84201,97.5,10.4,4
2026-08-05 17:39:41,84206,95.7,10.4,4
2026-08-05 17:39:46,84211,96.4,10.5,4
2026-08-05 17:39:51,84216,95.9,10.4,4
2026-08-05 17:39:56,84221,95.0,10.5,4
2026-08-05 17:40:01,84226,88.2,10.5,4
2026-08-05 17:40:06,84231,88.0,10.5,4
2026-08-05 17:40:11,84236,92.4,10.5,4
2026-08-05 17:40:16,84242,92.0,10.5,4
2026-08-05 17:40:22,84247,92.2,10.4,4
2026-08-05 17:40:27,84252,89.3,10.4,4
2026-08-05 17:40:32,84257,89.2,10.5,4
2026-08-05 17:40:37,84262,93.6,10.5,4
2026-08-05 17:40:42,84267,87.8,10.4,4
2026-08-05 17:40:47,84272,87.3,10.5,4
2026-08-05 17:40:52,84277,86.9,10.5,4
2026-08-05 17:40:57,84282,79.8,10.4,4
2026-08-05 17:41:02,84287,85.1,10.5,4
2026-08-05 17:41:07,84292,84.1,10.4,4
2026-08-05 17:41:12,84298,81.8,10.4,4
2026-08-05 17:41:18,84303,82.3,10.5,4
2026-08-05 17:41:23,84308,82.8,10.4,4
2026-08-05 17:41:28,84313,82.4,10.5,4
2026-08-05 17:41:33,84318,77.8,10.4,4
2026-08-05 17:41:38,84323,80.9,10.4,4
2026-08-05 17:41:43,84328,83.5,10.5,4
2026-08-05 17:41:48,84333,79.5,10.5,4
2026-08-05 17:41:53,84338,80.4,10.4,4
2026-08-05 17:41:58,84343,80.0,10.5,4
2026-08-05 17:42:03,84348,83.0,10.5,4
2026-08-05 17:42:08,84353,88.2,10.4,4
2026-08-05 17:42:13,84359,81.1,10.5,4
2026-08-05 17:42:19,84364,81.8,10.5,4
2026-08-05 17:42:24,84369,87.1,10.4,4
2026-08-05 17:42:29,84374,87.2,10.4,4
2026-08-05 17:42:34,84379,90.0,10.4,4
2026-08-05 17:42:39,84384,82.7,10.5,4
2026-08-05 17:42:44,84389,82.1,10.5,4
2026-08-05 17:42:49,84394,87.3,10.5,4
2026-08-05 17:42:54,84399,81.6,10.5,4
2026-08-05 17:42:59,84404,83.4,10.5,4
2026-08-05 17:43:04,84409,86.5,10.5,4
2026-08-05 17:43:09,84414,82.9,10.5,4
2026-08-05 17:43:14,84420,85.1,10.5,4
2026-08-05 17:43:20,84425,89.2,10.4,4
2026-08-05 17:43:25,84430,86.7,10.4,4
2026-08-05 17:43:30,84435,79.9,10.5,4
2026-08-05 17:43:35,84440,84.5,10.4,4
2026-08-05 17:43:40,84445,83.8,10.4,4
2026-08-05 17:43:45,84450,84.8,10.5,4
2026-08-05 17:43:50,84455,91.2,10.4,4
2026-08-05 17:43:55,84460,84.7,10.5,4
2026-08-05 17:44:00,84465,75.4,10.4,4
2026-08-05 17:44:05,84470,78.1,10.5,4
2026-08-05 17:44:10,84475,75.1,10.5,4
2026-08-05 17:44:16,84481,89.7,10.5,4
2026-08-05 17:44:21,84486,94.8,10.5,4
2026-08-05 17:44:26,84491,93.8,10.5,4
2026-08-05 17:44:31,84496,95.5,10.5,4
2026-08-05 17:44:36,84501,94.0,10.4,4
2026-08-05 17:44:41,84506,89.8,10.4,4
2026-08-05 17:44:46,84511,88.6,10.5,4
2026-08-05 17:44:51,84516,94.2,10.5,4
2026-08-05 17:44:56,84521,88.9,10.5,4
2026-08-05 17:45:01,84526,87.7,10.5,4
2026-08-05 17:45:06,84532,92.3,10.6,4
2026-08-05 17:45:12,84537,93.9,10.6,4
2026-08-05 17:45:17,84542,93.7,10.6,4
2026-08-05 17:45:22,84547,85.5,10.5,4
2026-08-05 17:45:27,84552,90.7,10.6,4
2026-08-05 17:45:32,84557,92.8,10.6,4
2026-08-05 17:45:37,84562,94.3,10.5,4
2026-08-05 17:45:42,84567,95.0,10.5,4
2026-08-05 17:45:47,84572,95.4,10.6,4
2026-08-05 17:45:52,84577,89.4,10.6,4
2026-08-05 17:45:57,84583,87.1,10.5,4
2026-08-05 17:46:03,84588,92.3,10.5,4
2026-08-05 17:46:08,84593,91.4,10.5,4
2026-08-05 17:46:13,84598,90.5,10.5,4
2026-08-05 17:46:18,84603,90.1,10.6,4
2026-08-05 17:46:23,84608,83.3,10.5,4
2026-08-05 17:46:28,84613,90.7,10.5,4
2026-08-05 17:46:33,84618,88.9,10.5,4
2026-08-05 17:46:38,84623,94.3,10.5,4
2026-08-05 17:46:43,84628,94.4,10.5,4
2026-08-05 17:46:48,84634,96.1,10.5,4
2026-08-05 17:46:54,84639,95.8,10.5,4
2026-08-05 17:46:59,84644,95.9,10.5,4
2026-08-05 17:47:04,84649,96.9,10.5,4
2026-08-05 17:47:09,84654,96.8,10.5,4
2026-08-05 17:47:14,84659,97.4,10.5,4
2026-08-05 17:47:19,84664,97.1,10.5,4
2026-08-05 17:47:24,84669,98.0,10.5,4
2026-08-05 17:47:29,84674,97.1,10.5,4
2026-08-05 17:47:34,84680,92.4,10.5,4
2026-08-05 17:47:40,84685,83.3,10.4,4
2026-08-05 17:47:45,84690,89.9,10.4,4
2026-08-05 17:47:50,84695,89.1,10.5,4
2026-08-05 17:47:55,84700,87.8,10.5,4
2026-08-05 17:48:00,84705,86.7,10.5,4
2026-08-05 17:48:05,84710,89.8,10.5,4
2026-08-05 17:48:10,84715,86.9,10.5,4
2026-08-05 17:48:15,84720,81.2,10.4,4
2026-08-05 17:48:20,84725,83.3,10.4,4
2026-08-05 17:48:25,84730,82.8,10.5,4
2026-08-05 17:48:30,84736,78.0,10.4,4
2026-08-05 17:48:35,84741,78.3,10.4,4
2026-08-05 17:48:41,84746,76.4,10.4,4
2026-08-05 17:48:46,84751,81.1,10.4,4
2026-08-05 17:48:51,84756,85.1,10.5,4
2026-08-05 17:48:56,84761,81.6,10.4,4
2026-08-05 17:49:01,84766,85.8,10.5,4
2026-08-05 17:49:06,84771,81.9,10.5,4
2026-08-05 17:49:11,84776,82.1,10.4,4
2026-08-05 17:49:16,84781,82.9,10.4,4
2026-08-05 17:49:21,84786,83.6,10.4,4
2026-08-05 17:49:26,84791,81.0,10.5,4
2026-08-05 17:49:31,84796,80.1,10.4,4
2026-08-05 17:49:36,84802,83.4,10.5,4
2026-08-05 17:49:42,84807,84.2,10.5,4
2026-08-05 17:49:47,84812,88.6,10.4,4
2026-08-05 17:49:52,84817,87.9,10.4,4
2026-08-05 17:49:57,84822,88.4,10.4,4
2026-08-05 17:50:02,84827,85.4,10.4,4
2026-08-05 17:50:07,84832,82.0,10.4,4
2026-08-05 17:50:12,84837,83.7,10.4,4
2026-08-05 17:50:17,84842,91.8,10.5,4
2026-08-05 17:50:22,84847,93.4,10.4,4
2026-08-05 17:50:27,84852,91.6,10.5,4
2026-08-05 17:50:32,84858,89.4,10.4,4
2026-08-05 17:50:38,84863,80.1,10.5,4
2026-08-05 17:50:43,84868,73.6,10.5,4
2026-08-05 17:50:48,84873,75.9,10.5,4
2026-08-05 17:50:53,84878,76.8,10.4,4
2026-08-05 17:50:58,84883,90.1,10.4,4
2026-08-05 17:51:03,84888,93.1,10.4,4
2026-08-05 17:51:08,84893,93.6,10.4,4
2026-08-05 17:51:13,84898,96.2,10.5,4
2026-08-05 17:51:18,84903,96.5,10.5,4
2026-08-05 17:51:23,84909,96.9,10.5,4
2026-08-05 17:51:29,84914,95.0,10.4,4
2026-08-05 17:51:34,84919,95.2,10.4,4
2026-08-05 17:51:39,84924,89.9,10.4,4
2026-08-05 17:51:44,84929,89.8,10.5,4
2026-08-05 17:51:49,84934,91.7,10.5,4
2026-08-05 17:51:54,84939,95.8,10.5,4
2026-08-05 17:51:59,84944,95.2,10.4,4
2026-08-05 17:52:04,84949,88.4,10.4,4
2026-08-05 17:52:09,84954,84.4,10.4,4
2026-08-05 17:52:14,84959,84.6,10.5,4
2026-08-05 17:52:19,84965,86.0,10.4,4
2026-08-05 17:52:25,84970,90.1,10.4,4
2026-08-05 17:52:30,84975,92.6,10.5,4
2026-08-05 17:52:35,84980,92.7,10.4,4
2026-08-05 17:52:40,84985,93.7,10.5,4
2026-08-05 17:52:45,84990,94.4,10.4,4
2026-08-05 17:52:50,84995,93.1,10.5,4
2026-08-05 17:52:55,85000,90.7,10.5,4
2026-08-05 17:53:00,85005,94.1,10.5,4
2026-08-05 17:53:05,85010,93.5,10.5,4
2026-08-05 17:53:10,85016,89.1,10.5,4
2026-08-05 17:53:16,85021,86.3,10.5,4
2026-08-05 17:53:21,85026,86.4,10.5,4
2026-08-05 17:53:26,85031,87.7,10.5,4
2026-08-05 17:53:31,85036,78.6,10.6,4
2026-08-05 17:53:36,85041,86.9,10.5,4
2026-08-05 17:53:41,85046,86.8,10.5,4
2026-08-05 17:53:46,85051,87.3,10.5,4
2026-08-05 17:53:51,85056,92.0,10.5,4
2026-08-05 17:53:56,85061,78.4,10.5,4
2026-08-05 17:54:01,85066,72.5,10.5,4
2026-08-05 17:54:06,85071,70.4,10.5,4
2026-08-05 17:54:11,85077,66.4,10.6,4
2026-08-05 17:54:17,85082,84.3,10.5,4
2026-08-05 17:54:22,85087,82.0,10.5,4
2026-08-05 17:54:27,85092,92.3,10.5,4
2026-08-05 17:54:32,85097,96.4,10.5,4
2026-08-05 17:54:37,85102,96.7,10.5,4
2026-08-05 17:54:42,85107,94.1,10.5,4
2026-08-05 17:54:47,85112,96.9,10.5,4
2026-08-05 17:54:52,85117,97.8,10.5,4
2026-08-05 17:54:57,85122,97.0,10.5,4
2026-08-05 17:55:03,85128,95.5,10.5,4
2026-08-05 17:55:08,85133,94.8,10.5,4
2026-08-05 17:55:13,85138,96.1,10.5,4
2026-08-05 17:55:18,85143,93.3,10.5,4
2026-08-05 17:55:23,85148,92.3,10.5,4
2026-08-05 17:55:28,85153,93.1,10.5,4
2026-08-05 17:55:33,85158,96.2,10.5,4
2026-08-05 17:55:38,85163,95.4,10.5,4
2026-08-05 17:55:43,85168,85.4,10.5,4
2026-08-05 17:55:48,85174,78.2,10.4,4
2026-08-05 17:55:54,85179,78.3,10.5,4
2026-08-05 17:55:59,85184,78.7,10.4,4
2026-08-05 17:56:04,85189,81.7,10.4,4
2026-08-05 17:56:09,85194,82.5,10.5,4
2026-08-05 17:56:14,85199,80.6,10.5,4
2026-08-05 17:56:19,85204,83.1,10.4,4
2026-08-05 17:56:24,85209,81.1,10.5,4
2026-08-05 17:56:29,85214,83.6,10.5,4
2026-08-05 17:56:34,85219,86.6,10.4,4
2026-08-05 17:56:39,85224,83.8,10.4,4
2026-08-05 17:56:44,85229,84.2,10.5,4
2026-08-05 17:56:49,85235,85.3,10.4,4
2026-08-05 17:56:55,85240,82.2,10.4,4
2026-08-05 17:57:00,85245,88.4,10.4,4
2026-08-05 17:57:05,85250,84.7,10.5,4
2026-08-05 17:57:10,85255,85.4,10.4,4
2026-08-05 17:57:15,85260,85.9,10.4,4
2026-08-05 17:57:20,85265,75.2,10.5,4
2026-08-05 17:57:25,85270,78.0,10.5,4
2026-08-05 17:57:30,85275,78.0,10.5,4
2026-08-05 17:57:35,85280,81.8,10.5,4
2026-08-05 17:57:40,85285,87.8,10.5,4
2026-08-05 17:57:45,85291,92.5,10.5,4
2026-08-05 17:57:51,85296,94.8,10.4,4
2026-08-05 17:57:56,85301,96.1,10.4,4
2026-08-05 17:58:01,85306,96.2,10.4,4
2026-08-05 17:58:06,85311,92.6,10.5,4
2026-08-05 17:58:11,85316,91.1,10.5,4
2026-08-05 17:58:16,85321,92.6,10.5,4
2026-08-05 17:58:21,85326,92.1,10.5,4
2026-08-05 17:58:26,85331,88.5,10.5,4
2026-08-05 17:58:31,85336,92.9,10.5,4
2026-08-05 17:58:36,85342,91.9,10.5,4
2026-08-05 17:58:42,85347,91.7,10.5,4
2026-08-05 17:58:47,85352,83.7,10.5,4
2026-08-05 17:58:52,85357,84.5,10.5,4
2026-08-05 17:58:57,85362,87.7,10.5,4
2026-08-05 17:59:02,85367,89.6,10.5,4
2026-08-05 17:59:07,85372,91.2,10.5,4
2026-08-05 17:59:12,85377,88.6,10.5,4
2026-08-05 17:59:17,85382,88.7,10.5,4
2026-08-05 17:59:22,85387,86.6,10.5,4
2026-08-05 17:59:27,85392,94.2,10.5,4
2026-08-05 17:59:32,85398,95.5,10.5,4
2026-08-05 17:59:38,85403,95.7,10.5,4
2026-08-05 17:59:43,85408,91.8,10.4,4
2026-08-05 17:59:48,85413,88.2,10.5,4
2026-08-05 17:59:53,85418,78.0,10.5,4
2026-08-05 17:59:58,85423,81.1,10.4,4
2026-08-05 18:00:03,85428,87.4,10.5,4
2026-08-05 18:00:08,85433,85.4,10.4,4
2026-08-05 18:00:13,85438,86.2,10.5,4
2026-08-05 18:00:18,85443,86.3,10.4,4
2026-08-05 18:00:23,85448,80.2,10.4,4
2026-08-05 18:00:28,85454,88.9,10.4,4
2026-08-05 18:00:34,85459,88.7,10.4,4
2026-08-05 18:00:39,85464,88.9,10.5,4
2026-08-05 18:00:44,85469,82.0,10.5,4
2026-08-05 18:00:49,85474,81.9,10.5,4
2026-08-05 18:00:54,85479,82.9,10.5,4
2026-08-05 18:00:59,85484,78.1,10.6,4
2026-08-05 18:01:04,85489,83.4,10.5,4
2026-08-05 18:01:09,85494,86.2,10.5,4
2026-08-05 18:01:14,85499,86.5,10.5,4
2026-08-05 18:01:19,85504,84.9,10.5,4
2026-08-05 18:01:24,85509,76.5,10.5,4
2026-08-05 18:01:29,85515,82.5,10.5,4
2026-08-05 18:01:35,85520,82.6,10.5,4
2026-08-05 18:01:40,85525,78.8,10.5,4
2026-08-05 18:01:45,85530,91.7,10.5,4
2026-08-05 18:01:50,85535,95.3,10.5,4
2026-08-05 18:01:55,85540,94.6,10.5,4
2026-08-05 18:02:00,85545,97.3,10.5,4
2026-08-05 18:02:05,85550,96.9,10.5,4
2026-08-05 18:02:10,85555,90.8,10.5,4
2026-08-05 18:02:15,85560,89.0,10.5,4
2026-08-05 18:02:20,85566,92.4,10.6,4
2026-08-05 18:02:25,85571,83.8,10.6,4
2026-08-05 18:02:31,85576,86.1,10.6,4
2026-08-05 18:02:36,85581,92.1,10.5,4
2026-08-05 18:02:41,85586,95.7,10.5,4
2026-08-05 18:02:46,85591,94.5,10.5,4
2026-08-05 18:02:51,85596,96.3,10.5,4
2026-08-05 18:02:56,85601,96.9,10.5,4
2026-08-05 18:03:01,85606,96.5,10.5,4
2026-08-05 18:03:06,85611,94.5,10.5,4
2026-08-05 18:03:12,85617,93.6,10.5,4
2026-08-05 18:03:17,85622,95.3,10.5,4
2026-08-05 18:03:22,85627,92.3,10.5,4
2026-08-05 18:03:27,85632,89.1,10.4,4
2026-08-05 18:03:32,85637,94.2,10.4,4
2026-08-05 18:03:37,85642,94.7,10.4,4
2026-08-05 18:03:42,85647,93.6,10.5,4
2026-08-05 18:03:47,85652,87.9,10.4,4
2026-08-05 18:03:52,85657,85.2,10.4,4
2026-08-05 18:03:57,85662,84.7,10.5,4
2026-08-05 18:04:02,85668,82.4,10.5,4
2026-08-05 18:04:08,85673,73.9,10.5,4
2026-08-05 18:04:13,85678,76.8,10.5,4
2026-08-05 18:04:18,85683,78.0,10.5,4
2026-08-05 18:04:23,85688,85.5,10.5,4
2026-08-05 18:04:28,85693,93.8,10.5,4
2026-08-05 18:04:33,85698,88.8,10.5,4
2026-08-05 18:04:38,85703,93.5,10.5,4
2026-08-05 18:04:43,85708,91.2,10.5,4
2026-08-05 18:04:48,85713,89.5,10.5,4
2026-08-05 18:04:53,85718,87.8,10.5,4
2026-08-05 18:04:58,85724,93.2,10.5,4
2026-08-05 18:05:04,85729,89.7,10.5,4
2026-08-05 18:05:09,85734,90.6,10.5,4
2026-08-05 18:05:14,85739,89.0,10.4,4
2026-08-05 18:05:19,85744,88.4,10.5,4
2026-08-05 18:05:24,85749,90.1,10.4,4
2026-08-05 18:05:29,85754,90.6,10.4,4
2026-08-05 18:05:34,85759,87.5,10.5,4
2026-08-05 18:05:39,85764,90.4,10.5,4
2026-08-05 18:05:44,85769,87.6,10.5,4
2026-08-05 18:05:49,85775,89.7,10.5,4
2026-08-05 18:05:55,85780,88.5,10.5,4
2026-08-05 18:06:00,85785,84.6,10.4,4
2026-08-05 18:06:05,85790,87.4,10.5,4
2026-08-05 18:06:10,85795,92.4,10.5,4
2026-08-05 18:06:15,85800,90.4,10.4,4
2026-08-05 18:06:20,85805,91.1,10.5,4
2026-08-05 18:06:25,85810,87.9,10.5,4
2026-08-05 18:06:30,85815,89.3,10.5,4
2026-08-05 18:06:35,85820,88.8,10.5,4
2026-08-05 18:06:40,85826,85.4,10.4,4
2026-08-05 18:06:45,85831,84.3,10.4,4
2026-08-05 18:06:51,85836,82.4,10.5,4
2026-08-05 18:06:56,85841,79.5,10.5,4
2026-08-05 18:07:01,85846,81.3,10.5,4
2026-08-05 18:07:06,85851,80.1,10.5,4
2026-08-05 18:07:11,85856,85.2,10.5,4
2026-08-05 18:07:16,85861,82.5,10.5,4
2026-08-05 18:07:21,85866,82.6,10.5,4
2026-08-05 18:07:26,85871,80.7,10.4,4
2026-08-05 18:07:31,85876,84.4,10.4,4
2026-08-05 18:07:36,85881,87.5,10.5,4
2026-08-05 18:07:41,85887,81.8,10.5,4
2026-08-05 18:07:47,85892,81.4,10.4,4
2026-08-05 18:07:52,85897,81.4,10.4,4
2026-08-05 18:07:57,85902,80.4,10.5,4
2026-08-05 18:08:02,85907,86.5,10.4,4
2026-08-05 18:08:07,85912,89.5,10.5,4
2026-08-05 18:08:12,85917,87.9,10.5,4
2026-08-05 18:08:17,85922,87.8,10.5,4
2026-08-05 18:08:22,85927,85.3,10.5,4
2026-08-05 18:08:27,85932,81.6,10.5,4
2026-08-05 18:08:32,85937,85.1,10.5,4
2026-08-05 18:08:37,85942,87.7,10.5,4
2026-08-05 18:08:42,85948,88.8,10.5,4
2026-08-05 18:08:48,85953,78.3,10.5,4
2026-08-05 18:08:53,85958,78.0,10.5,4
2026-08-05 18:08:58,85963,74.5,10.5,4
2026-08-05 18:09:03,85968,74.8,10.5,4
2026-08-05 18:09:08,85973,81.5,10.5,4
2026-08-05 18:09:13,85978,94.2,10.5,4
2026-08-05 18:09:18,85983,93.2,10.5,4
2026-08-05 18:09:23,85988,92.9,10.5,4
2026-08-05 18:09:28,85993,95.8,10.6,4
2026-08-05 18:09:33,85998,95.1,10.6,4
2026-08-05 18:09:38,86004,90.1,10.5,4
2026-08-05 18:09:44,86009,90.3,10.5,4
2026-08-05 18:09:49,86014,94.6,10.5,4
2026-08-05 18:09:54,86019,92.7,10.5,4
2026-08-05 18:09:59,86024,94.1,10.5,4
2026-08-05 18:10:04,86029,93.9,10.5,4
2026-08-05 18:10:09,86034,94.1,10.5,4
2026-08-05 18:10:14,86039,93.7,10.5,4
2026-08-05 18:10:19,86044,90.5,10.5,4
2026-08-05 18:10:24,86049,86.8,10.5,4
2026-08-05 18:10:29,86055,87.9,10.6,4
2026-08-05 18:10:35,86060,75.7,10.6,4
2026-08-05 18:10:40,86065,69.5,10.5,4
2026-08-05 18:10:45,86070,90.3,10.5,4
2026-08-05 18:10:50,86075,91.9,10.4,4
2026-08-05 18:10:55,86080,94.0,10.5,4
2026-08-05 18:11:00,86085,96.8,10.5,4
2026-08-05 18:11:05,86090,96.9,10.5,4
2026-08-05 18:11:10,86095,95.5,10.5,4
2026-08-05 18:11:15,86100,97.2,10.5,4
2026-08-05 18:11:20,86106,97.5,10.5,4
2026-08-05 18:11:26,86111,96.8,10.5,4
2026-08-05 18:11:31,86116,96.5,10.5,4
2026-08-05 18:11:36,86121,96.8,10.5,4
2026-08-05 18:11:41,86126,96.8,10.5,4
2026-08-05 18:11:46,86131,95.4,10.5,4
2026-08-05 18:11:51,86136,95.5,10.5,4
2026-08-05 18:11:56,86141,91.7,10.5,4
2026-08-05 18:12:01,86146,89.1,10.5,4
2026-08-05 18:12:06,86152,89.1,10.4,4
2026-08-05 18:12:12,86157,87.5,10.4,4
2026-08-05 18:12:17,86162,88.4,10.5,4
2026-08-05 18:12:22,86167,91.5,10.4,4
2026-08-05 18:12:27,86172,91.0,10.4,4
2026-08-05 18:12:32,86177,94.7,10.5,4
2026-08-05 18:12:37,86182,93.5,10.5,4
2026-08-05 18:12:42,86187,91.7,10.4,4
2026-08-05 18:12:47,86192,91.1,10.5,4
2026-08-05 18:12:52,86197,94.2,10.5,4
2026-08-05 18:12:57,86203,94.3,10.5,4
2026-08-05 18:13:03,86208,94.1,10.4,4
2026-08-05 18:13:08,86213,91.8,10.4,4
2026-08-05 18:13:13,86218,87.8,10.5,4
2026-08-05 18:13:18,86223,81.4,10.5,4
2026-08-05 18:13:23,86228,80.6,10.5,4
2026-08-05 18:13:28,86233,77.3,10.5,4
2026-08-05 18:13:33,86238,80.6,10.5,4
2026-08-05 18:13:38,86243,78.3,10.4,4
2026-08-05 18:13:43,86248,80.3,10.4,4
2026-08-05 18:13:48,86253,82.2,10.5,4
2026-08-05 18:13:53,86259,83.9,10.4,4
2026-08-05 18:13:59,86264,84.5,10.4,4
2026-08-05 18:14:04,86269,89.9,10.5,4
2026-08-05 18:14:09,86274,89.2,10.5,4
2026-08-05 18:14:14,86279,85.8,10.4,4
2026-08-05 18:14:19,86284,82.3,10.4,4
2026-08-05 18:14:24,86289,81.1,10.4,4
2026-08-05 18:14:29,86294,82.4,10.5,4
2026-08-05 18:14:34,86299,83.6,10.5,4
2026-08-05 18:14:39,86304,83.2,10.4,4
2026-08-05 18:14:44,86309,81.7,10.4,4
2026-08-05 18:14:49,86314,83.5,10.5,4
2026-08-05 18:14:54,86320,86.8,10.5,4
2026-08-05 18:15:00,86325,89.3,10.5,4
2026-08-05 18:15:05,86330,80.1,10.5,4
2026-08-05 18:15:10,86335,80.1,10.5,4
2026-08-05 18:15:15,86340,79.0,10.5,4
2026-08-05 18:15:20,86345,81.0,10.5,4
2026-08-05 18:15:25,86350,86.0,10.4,4
2026-08-05 18:15:30,86355,83.6,10.5,4
2026-08-05 18:15:35,86360,85.3,10.5,4
2026-08-05 18:15:40,86365,89.0,10.5,4
2026-08-05 18:15:45,86370,87.6,10.4,4
2026-08-05 18:15:50,86376,83.6,10.5,4
2026-08-05 18:15:56,86381,86.1,10.4,4
2026-08-05 18:16:01,86386,87.2,10.4,4
2026-08-05 18:16:06,86391,87.5,10.4,4
2026-08-05 18:16:11,86396,90.9,10.4,4
2026-08-05 18:16:16,86401,86.5,10.5,4
