timestamp,elapsed_s,cpu_pct,ram_pct,ram_available_mb,n_cameras_active,cam1,cam2,cam3,cam4,composite
2026-07-27 00:19:03,0,0.0,0.0,0,0,0,0,0,0,unknown
2026-07-27 00:19:07,4,0.0,0.0,0,0,0,0,0,0,unknown
2026-07-27 00:19:07,4,0.0,0.0,0,0,0,0,0,0,unknown
2026-07-27 00:19:07,4,0.0,0.0,0,0,0,0,0,0,full_screen
2026-07-27 00:19:07,4,0.0,0.0,0,0,0,0,0,0,full_screen
2026-07-27 00:19:07,4,0.0,0.0,0,0,0,0,0,0,full_screen
2026-07-27 00:19:08,5,39.8,7.4,119051,0,0,0,0,0,full_screen
2026-07-27 00:19:10,7,39.8,7.4,119051,4,1,1,1,1,full_screen
2026-07-27 00:19:13,10,83.2,10.2,115346,4,1,1,1,1,full_screen
2026-07-27 00:19:18,15,85.6,9.9,115836,4,1,1,1,1,full_screen
2026-07-27 00:19:23,20,83.1,10.0,115676,4,1,1,1,1,full_screen
2026-07-27 00:19:26,23,83.1,10.0,115676,4,1,1,1,1,full_screen
2026-07-27 00:19:27,24,83.1,10.0,115676,4,1,1,1,1,full_screen
2026-07-27 00:19:28,25,84.8,10.1,115522,4,1,1,1,1,full_screen
2026-07-27 00:19:33,30,86.7,9.9,115828,4,1,1,1,1,full_screen
2026-07-27 00:19:38,35,87.8,9.8,115950,4,1,1,1,1,full_screen
2026-07-27 00:19:44,41,85.6,10.1,115506,4,1,1,1,1,full_screen
2026-07-27 00:19:49,46,85.5,10.0,115712,4,1,1,1,1,full_screen
2026-07-27 00:19:50,47,85.5,10.0,115712,4,1,1,1,1,full_screen
2026-07-27 00:19:51,48,85.5,10.0,115712,4,1,1,1,1,full_screen
2026-07-27 00:19:54,51,85.7,9.9,115813,4,1,1,1,1,full_screen
2026-07-27 00:19:59,56,86.1,10.1,115550,4,1,1,1,1,full_screen
2026-07-27 00:20:04,61,87.9,10.3,115273,4,1,1,1,1,full_screen
2026-07-27 00:20:09,66,87.5,9.8,115880,4,1,1,1,1,full_screen
2026-07-27 00:20:14,71,88.8,9.8,115906,4,1,1,1,1,full_screen
2026-07-27 00:20:14,71,88.8,9.8,115906,4,1,1,1,1,full_screen
2026-07-27 00:20:15,72,88.8,9.8,115906,4,1,1,1,1,full_screen
2026-07-27 00:20:19,76,86.1,10.1,115568,4,1,1,1,1,full_screen
2026-07-27 00:20:24,81,86.9,10.2,115335,4,1,1,1,1,full_screen
2026-07-27 00:20:29,86,88.1,10.0,115591,4,1,1,1,1,full_screen
2026-07-27 00:20:34,91,85.8,9.9,115753,4,1,1,1,1,full_screen
2026-07-27 00:20:38,95,85.8,9.9,115753,4,1,1,1,1,full_screen
2026-07-27 00:20:39,96,85.2,10.2,115415,4,1,1,1,1,full_screen
2026-07-27 00:20:39,96,85.2,10.2,115415,4,1,1,1,1,full_screen
2026-07-27 00:20:44,101,86.4,10.2,115439,4,1,1,1,1,full_screen
2026-07-27 00:20:49,106,88.6,10.2,115342,4,1,1,1,1,full_screen
2026-07-27 00:20:54,111,87.8,10.2,115433,4,1,1,1,1,full_screen
2026-07-27 00:20:59,116,87.1,10.5,115062,4,1,1,1,1,full_screen
2026-07-27 00:21:02,119,87.1,10.5,115062,4,1,1,1,1,full_screen
2026-07-27 00:21:03,120,87.1,10.5,115062,4,1,1,1,1,full_screen
2026-07-27 00:21:04,121,86.1,10.2,115343,4,1,1,1,1,full_screen
2026-07-27 00:21:09,126,86.7,10.2,115444,4,1,1,1,1,full_screen
2026-07-27 00:21:14,131,88.1,10.3,115205,4,1,1,1,1,full_screen
2026-07-27 00:21:19,136,86.3,10.4,115149,4,1,1,1,1,full_screen
2026-07-27 00:21:24,141,86.9,10.2,115394,4,1,1,1,1,full_screen
2026-07-27 00:21:26,143,86.9,10.2,115394,4,1,1,1,1,full_screen
2026-07-27 00:21:27,144,86.9,10.2,115394,4,1,1,1,1,full_screen
2026-07-27 00:21:29,146,84.3,10.4,115172,4,1,1,1,1,full_screen
2026-07-27 00:21:34,151,85.7,10.3,115204,4,1,1,1,1,full_screen
2026-07-27 00:21:39,156,87.3,10.3,115305,4,1,1,1,1,full_screen
2026-07-27 00:21:44,161,87.2,10.4,115198,4,1,1,1,1,full_screen
2026-07-27 00:21:49,166,87.2,10.4,115087,4,1,1,1,1,full_screen
2026-07-27 00:21:50,167,87.2,10.4,115087,4,1,1,1,1,full_screen
2026-07-27 00:21:51,168,87.2,10.4,115087,4,1,1,1,1,full_screen
2026-07-27 00:21:54,171,86.5,10.5,115032,4,1,1,1,1,full_screen
2026-07-27 00:21:59,176,88.2,10.3,115205,4,1,1,1,1,full_screen
2026-07-27 00:22:04,181,88.3,10.5,115042,4,1,1,1,1,full_screen
2026-07-27 00:22:09,186,87.1,10.4,115092,4,1,1,1,1,full_screen
2026-07-27 00:22:13,190,87.1,10.4,115092,4,1,1,1,1,full_screen
2026-07-27 00:22:14,191,86.4,10.3,115320,4,1,1,1,1,full_screen
2026-07-27 00:22:15,192,86.4,10.3,115320,4,1,1,1,1,full_screen
2026-07-27 00:22:19,196,86.1,10.5,114973,4,1,1,1,1,full_screen
2026-07-27 00:22:24,201,87.7,10.6,114876,4,1,1,1,1,full_screen
2026-07-27 00:22:29,206,86.9,10.6,114927,4,1,1,1,1,full_screen
2026-07-27 00:22:34,211,88.3,10.6,114935,4,1,1,1,1,full_screen
2026-07-27 00:22:37,214,88.3,10.6,114935,4,1,1,1,1,full_screen
2026-07-27 00:22:39,216,86.2,10.6,114937,4,1,1,1,1,full_screen
2026-07-27 00:22:39,216,86.2,10.6,114937,4,1,1,1,1,full_screen
2026-07-27 00:22:44,221,86.6,10.8,114617,4,1,1,1,1,full_screen
2026-07-27 00:22:49,226,87.8,10.7,114813,4,1,1,1,1,full_screen
2026-07-27 00:22:54,231,87.0,10.6,114856,4,1,1,1,1,full_screen
2026-07-27 00:22:59,236,88.4,10.7,114734,4,1,1,1,1,full_screen
2026-07-27 00:23:01,238,88.4,10.7,114734,4,1,1,1,1,full_screen
2026-07-27 00:23:02,239,88.4,10.7,114734,4,1,1,1,1,full_screen
2026-07-27 00:23:04,241,86.0,10.7,114739,4,1,1,1,1,full_screen
2026-07-27 00:23:09,246,86.6,10.7,114772,4,1,1,1,1,full_screen
2026-07-27 00:23:14,251,86.8,10.7,114780,4,1,1,1,1,full_screen
2026-07-27 00:23:19,256,85.7,10.9,114487,4,1,1,1,1,full_screen
2026-07-27 00:23:24,261,87.4,10.6,114895,4,1,1,1,1,full_screen
2026-07-27 00:23:25,262,87.4,10.6,114895,4,1,1,1,1,full_screen
2026-07-27 00:23:26,263,87.4,10.6,114895,4,1,1,1,1,full_screen
2026-07-27 00:23:29,266,85.6,10.8,114558,4,1,1,1,1,full_screen
2026-07-27 00:23:34,271,88.7,10.9,114512,4,1,1,1,1,full_screen
2026-07-27 00:23:39,276,87.0,10.8,114646,4,1,1,1,1,full_screen
2026-07-27 00:23:44,281,86.3,10.7,114700,4,1,1,1,1,full_screen
2026-07-27 00:23:49,286,86.6,10.8,114655,4,1,1,1,1,full_screen
2026-07-27 00:23:49,286,86.6,10.8,114655,4,1,1,1,1,full_screen
2026-07-27 00:23:50,287,86.6,10.8,114655,4,1,1,1,1,full_screen
2026-07-27 00:23:54,291,83.8,10.8,114559,4,1,1,1,1,full_screen
2026-07-27 00:23:59,296,86.7,10.8,114578,4,1,1,1,1,full_screen
2026-07-27 00:24:04,301,85.4,11.0,114408,4,1,1,1,1,full_screen
2026-07-27 00:24:09,306,87.0,10.8,114594,4,1,1,1,1,full_screen
2026-07-27 00:24:13,310,87.0,10.8,114594,4,1,1,1,1,full_screen
2026-07-27 00:24:14,311,83.9,10.8,114673,4,1,1,1,1,full_screen
2026-07-27 00:24:14,311,83.9,10.8,114673,4,1,1,1,1,full_screen
2026-07-27 00:24:19,316,86.0,11.0,114313,4,1,1,1,1,full_screen
2026-07-27 00:24:24,321,87.5,11.0,114361,4,1,1,1,1,full_screen
2026-07-27 00:24:29,326,87.2,11.0,114354,4,1,1,1,1,full_screen
2026-07-27 00:24:34,331,87.3,10.9,114481,4,1,1,1,1,full_screen
2026-07-27 00:24:37,334,87.3,10.9,114481,4,1,1,1,1,full_screen
2026-07-27 00:24:38,335,87.3,10.9,114481,4,1,1,1,1,full_screen
2026-07-27 00:24:39,336,84.4,11.1,114283,4,1,1,1,1,full_screen
2026-07-27 00:24:44,341,87.2,10.9,114533,4,1,1,1,1,full_screen
2026-07-27 00:24:49,346,87.3,11.0,114317,4,1,1,1,1,full_screen
2026-07-27 00:24:54,351,86.3,11.0,114379,4,1,1,1,1,full_screen
2026-07-27 00:24:59,356,87.3,11.0,114334,4,1,1,1,1,full_screen
2026-07-27 00:25:01,358,87.3,11.0,114334,4,1,1,1,1,full_screen
2026-07-27 00:25:02,359,87.3,11.0,114334,4,1,1,1,1,full_screen
2026-07-27 00:25:04,361,84.7,11.1,114253,4,1,1,1,1,full_screen
2026-07-27 00:25:09,366,88.2,11.2,114125,4,1,1,1,1,full_screen
2026-07-27 00:25:14,371,86.9,11.1,114201,4,1,1,1,1,full_screen
2026-07-27 00:25:19,376,87.7,11.1,114189,4,1,1,1,1,full_screen
2026-07-27 00:25:24,381,87.1,11.1,114271,4,1,1,1,1,full_screen
2026-07-27 00:25:25,382,87.1,11.1,114271,4,1,1,1,1,full_screen
2026-07-27 00:25:26,383,87.1,11.1,114271,4,1,1,1,1,full_screen
2026-07-27 00:25:29,386,85.6,11.2,114056,4,1,1,1,1,full_screen
2026-07-27 00:25:34,391,88.1,11.1,114182,4,1,1,1,1,full_screen
2026-07-27 00:25:39,396,86.5,11.2,114156,4,1,1,1,1,full_screen
2026-07-27 00:25:44,401,88.7,11.2,114046,4,1,1,1,1,full_screen
2026-07-27 00:25:49,406,85.4,11.0,114303,4,1,1,1,1,full_screen
2026-07-27 00:25:49,406,85.4,11.0,114303,4,1,1,1,1,full_screen
2026-07-27 00:25:50,407,85.4,11.0,114303,4,1,1,1,1,full_screen
2026-07-27 00:25:54,411,87.4,11.1,114234,4,1,1,1,1,full_screen
2026-07-27 00:25:59,416,88.8,11.2,114161,4,1,1,1,1,full_screen
2026-07-27 00:26:04,421,86.5,11.4,113884,4,1,1,1,1,full_screen
2026-07-27 00:26:09,426,88.7,11.3,113954,4,1,1,1,1,full_screen
2026-07-27 00:26:13,430,88.7,11.3,113954,4,1,1,1,1,full_screen
2026-07-27 00:26:14,431,85.7,11.0,114401,4,1,1,1,1,full_screen
2026-07-27 00:26:14,431,85.7,11.0,114401,4,1,1,1,1,full_screen
2026-07-27 00:26:19,436,88.2,11.1,114252,4,1,1,1,1,full_screen
2026-07-27 00:26:24,441,89.1,11.3,114022,4,1,1,1,1,full_screen
2026-07-27 00:26:29,446,89.0,11.5,113756,4,1,1,1,1,full_screen
2026-07-27 00:26:34,451,88.2,11.3,113946,4,1,1,1,1,full_screen
2026-07-27 00:26:37,454,88.2,11.3,113946,4,1,1,1,1,full_screen
2026-07-27 00:26:39,456,88.2,11.3,113946,4,1,1,1,1,full_screen
2026-07-27 00:26:39,456,85.4,11.3,114037,4,1,1,1,1,full_screen
2026-07-27 00:26:44,461,88.2,11.4,113887,4,1,1,1,1,full_screen
2026-07-27 00:26:49,466,87.7,11.4,113863,4,1,1,1,1,full_screen
2026-07-27 00:26:54,471,88.5,11.2,114129,4,1,1,1,1,full_screen
2026-07-27 00:26:59,476,89.0,11.2,114145,4,1,1,1,1,full_screen
2026-07-27 00:27:02,479,89.0,11.2,114145,4,1,1,1,1,full_screen
2026-07-27 00:27:03,480,89.0,11.2,114145,4,1,1,1,1,full_screen
2026-07-27 00:27:04,481,87.6,11.7,113504,4,1,1,1,1,full_screen
2026-07-27 00:27:09,486,89.0,11.3,113935,4,1,1,1,1,full_screen
2026-07-27 00:27:14,491,87.7,11.3,114004,4,1,1,1,1,full_screen
2026-07-27 00:27:19,496,88.4,11.5,113688,4,1,1,1,1,full_screen
2026-07-27 00:27:24,501,87.0,11.4,113856,4,1,1,1,1,full_screen
2026-07-27 00:27:26,503,87.0,11.4,113856,4,1,1,1,1,full_screen
2026-07-27 00:27:27,504,87.0,11.4,113856,4,1,1,1,1,full_screen
2026-07-27 00:27:29,506,87.7,11.6,113657,4,1,1,1,1,full_screen
2026-07-27 00:27:34,511,88.6,11.5,113766,4,1,1,1,1,full_screen
2026-07-27 00:27:39,516,86.6,11.7,113517,4,1,1,1,1,full_screen
2026-07-27 00:27:44,521,87.6,11.5,113699,4,1,1,1,1,full_screen
2026-07-27 00:27:49,526,85.6,11.4,113874,4,1,1,1,1,full_screen
2026-07-27 00:27:50,527,85.6,11.4,113874,4,1,1,1,1,full_screen
2026-07-27 00:27:51,528,85.6,11.4,113874,4,1,1,1,1,full_screen
2026-07-27 00:27:54,531,87.1,11.7,113493,4,1,1,1,1,full_screen
2026-07-27 00:27:59,536,86.5,11.5,113766,4,1,1,1,1,full_screen
2026-07-27 00:28:04,541,88.7,11.5,113661,4,1,1,1,1,full_screen
2026-07-27 00:28:09,546,88.7,11.7,113468,4,1,1,1,1,full_screen
2026-07-27 00:28:13,550,88.7,11.7,113468,4,1,1,1,1,full_screen
2026-07-27 00:28:14,551,87.0,11.6,113621,4,1,1,1,1,full_screen
2026-07-27 00:28:15,552,87.0,11.6,113621,4,1,1,1,1,full_screen
2026-07-27 00:28:19,556,88.9,11.6,113543,4,1,1,1,1,full_screen
2026-07-27 00:28:24,561,88.5,11.7,113508,4,1,1,1,1,full_screen
2026-07-27 00:28:29,566,89.1,11.7,113452,4,1,1,1,1,full_screen
2026-07-27 00:28:34,571,86.4,11.7,113482,4,1,1,1,1,full_screen
2026-07-27 00:28:38,575,86.4,11.7,113482,4,1,1,1,1,full_screen
2026-07-27 00:28:39,576,86.4,11.7,113482,4,1,1,1,1,full_screen
2026-07-27 00:28:39,576,86.0,11.8,113275,4,1,1,1,1,full_screen
2026-07-27 00:28:44,581,88.4,11.8,113287,4,1,1,1,1,full_screen
2026-07-27 00:28:49,586,87.6,11.9,113228,4,1,1,1,1,full_screen
2026-07-27 00:28:54,591,89.3,11.8,113274,4,1,1,1,1,full_screen
2026-07-27 00:28:59,596,89.9,11.9,113189,4,1,1,1,1,full_screen
2026-07-27 00:29:02,599,89.9,11.9,113189,4,1,1,1,1,full_screen
2026-07-27 00:29:03,600,89.9,11.9,113189,4,1,1,1,1,full_screen
2026-07-27 00:29:04,601,95.4,11.9,113204,4,1,1,1,1,full_screen
2026-07-27 00:29:09,606,95.1,11.9,113193,4,1,1,1,1,full_screen
2026-07-27 00:29:14,611,95.8,12.0,113072,4,1,1,1,1,full_screen
2026-07-27 00:29:19,616,97.0,11.9,113205,4,1,1,1,1,full_screen
2026-07-27 00:29:24,621,96.4,11.9,113248,4,1,1,1,1,full_screen
2026-07-27 00:29:27,624,96.4,11.9,113248,4,1,1,1,1,full_screen
2026-07-27 00:29:28,625,96.4,11.9,113248,4,1,1,1,1,full_screen
2026-07-27 00:29:29,626,96.6,11.9,113188,4,1,1,1,1,full_screen
2026-07-27 00:29:34,631,96.6,12.0,113087,4,1,1,1,1,full_screen
2026-07-27 00:29:39,636,97.4,12.0,113022,4,1,1,1,1,full_screen
2026-07-27 00:29:44,641,97.0,12.0,113120,4,1,1,1,1,full_screen
2026-07-27 00:29:49,646,96.9,11.9,113209,4,1,1,1,1,full_screen
2026-07-27 00:29:52,649,96.9,11.9,113209,4,1,1,1,1,full_screen
2026-07-27 00:29:53,650,96.9,11.9,113209,4,1,1,1,1,full_screen
2026-07-27 00:29:54,651,96.7,12.0,113043,4,1,1,1,1,full_screen
2026-07-27 00:29:59,656,97.4,12.0,113055,4,1,1,1,1,full_screen
2026-07-27 00:30:04,661,97.1,12.0,113111,4,1,1,1,1,full_screen
2026-07-27 00:30:09,666,97.2,12.0,113095,4,1,1,1,1,full_screen
2026-07-27 00:30:14,671,96.8,12.0,113025,4,1,1,1,1,full_screen
2026-07-27 00:30:18,675,96.8,12.0,113025,4,1,1,1,1,full_screen
2026-07-27 00:30:19,676,96.8,12.0,113025,4,1,1,1,1,full_screen
2026-07-27 00:30:19,676,96.9,12.2,112829,4,1,1,1,1,full_screen
2026-07-27 00:30:24,681,97.2,12.1,112896,4,1,1,1,1,full_screen
2026-07-27 00:30:29,686,97.1,12.1,112957,4,1,1,1,1,full_screen
2026-07-27 00:30:34,691,97.2,12.0,113038,4,1,1,1,1,full_screen
2026-07-27 00:30:39,696,97.0,12.2,112864,4,1,1,1,1,full_screen
2026-07-27 00:30:43,700,97.0,12.2,112864,4,1,1,1,1,full_screen
2026-07-27 00:30:44,701,97.0,12.2,112864,4,1,1,1,1,full_screen
2026-07-27 00:30:44,701,97.0,12.1,112962,4,1,1,1,1,full_screen
2026-07-27 00:30:49,706,97.0,12.2,112855,4,1,1,1,1,full_screen
2026-07-27 00:30:54,711,97.2,12.2,112827,4,1,1,1,1,full_screen
2026-07-27 00:30:59,716,97.1,12.2,112820,4,1,1,1,1,full_screen
2026-07-27 00:31:04,721,97.4,12.2,112876,4,1,1,1,1,full_screen
2026-07-27 00:31:09,726,97.4,12.2,112876,4,1,1,1,1,full_screen
2026-07-27 00:31:09,726,96.9,11.9,113208,4,1,1,1,1,full_screen
2026-07-27 00:31:11,728,96.9,11.9,113208,4,1,1,1,1,full_screen
2026-07-27 00:31:15,732,97.1,12.0,113045,4,1,1,1,1,full_screen
2026-07-27 00:31:20,737,96.5,12.0,113128,4,1,1,1,1,full_screen
2026-07-27 00:31:25,742,96.0,12.0,113117,4,1,1,1,1,full_screen
2026-07-27 00:31:30,747,96.6,12.0,113057,4,1,1,1,1,full_screen
2026-07-27 00:31:35,752,97.0,12.0,113136,4,1,1,1,1,full_screen
2026-07-27 00:31:36,753,97.0,12.0,113136,4,1,1,1,1,full_screen
2026-07-27 00:31:37,754,97.0,12.0,113136,4,1,1,1,1,full_screen
2026-07-27 00:31:40,757,97.0,12.2,112835,4,1,1,1,1,full_screen
2026-07-27 00:31:45,762,96.8,12.1,112968,4,1,1,1,1,full_screen
2026-07-27 00:31:50,767,96.9,12.0,113057,4,1,1,1,1,full_screen
2026-07-27 00:31:55,772,97.1,12.2,112781,4,1,1,1,1,full_screen
2026-07-27 00:32:00,777,97.2,12.2,112802,4,1,1,1,1,full_screen
2026-07-27 00:32:01,778,97.2,12.2,112802,4,1,1,1,1,full_screen
2026-07-27 00:32:02,779,97.2,12.2,112802,4,1,1,1,1,full_screen
2026-07-27 00:32:05,782,96.5,12.3,112734,4,1,1,1,1,full_screen
2026-07-27 00:32:10,787,96.7,12.2,112774,4,1,1,1,1,full_screen
2026-07-27 00:32:15,792,96.8,12.3,112696,4,1,1,1,1,full_screen
2026-07-27 00:32:20,797,96.8,12.3,112755,4,1,1,1,1,full_screen
2026-07-27 00:32:25,802,97.2,12.3,112670,4,1,1,1,1,full_screen
2026-07-27 00:32:27,804,97.2,12.3,112670,4,1,1,1,1,full_screen
2026-07-27 00:32:28,805,97.2,12.3,112670,4,1,1,1,1,full_screen
2026-07-27 00:32:30,807,96.5,12.4,112583,4,1,1,1,1,full_screen
2026-07-27 00:32:35,812,97.0,12.3,112702,4,1,1,1,1,full_screen
2026-07-27 00:32:40,817,97.1,12.3,112642,4,1,1,1,1,full_screen
2026-07-27 00:32:45,822,94.1,12.2,112873,4,1,1,1,1,full_screen
2026-07-27 00:32:50,827,86.5,12.2,112830,4,1,1,1,1,full_screen
2026-07-27 00:32:52,829,86.5,12.2,112830,4,1,1,1,1,full_screen
2026-07-27 00:32:53,830,86.5,12.2,112830,4,1,1,1,1,full_screen
2026-07-27 00:32:55,832,85.0,12.1,113011,4,1,1,1,1,full_screen
2026-07-27 00:33:00,837,86.9,12.2,112780,4,1,1,1,1,full_screen
2026-07-27 00:33:05,842,86.3,12.2,112854,4,1,1,1,1,full_screen
2026-07-27 00:33:10,847,88.5,12.2,112798,4,1,1,1,1,full_screen
2026-07-27 00:33:15,852,85.3,12.2,112793,4,1,1,1,1,full_screen
2026-07-27 00:33:16,853,85.3,12.2,112793,4,1,1,1,1,full_screen
2026-07-27 00:33:17,854,85.3,12.2,112793,4,1,1,1,1,full_screen
2026-07-27 00:33:20,857,85.7,12.2,112787,4,1,1,1,1,full_screen
2026-07-27 00:33:25,862,86.9,12.3,112731,4,1,1,1,1,full_screen
2026-07-27 00:33:30,867,87.9,12.2,112882,4,1,1,1,1,full_screen
2026-07-27 00:33:35,872,87.9,12.3,112653,4,1,1,1,1,full_screen
2026-07-27 00:33:40,877,86.0,12.0,113059,4,1,1,1,1,full_screen
2026-07-27 00:33:40,877,86.0,12.0,113059,4,1,1,1,1,full_screen
2026-07-27 00:33:41,878,86.0,12.0,113059,4,1,1,1,1,full_screen
2026-07-27 00:33:45,882,88.7,12.2,112774,4,1,1,1,1,full_screen
2026-07-27 00:33:50,887,87.8,12.2,112813,4,1,1,1,1,full_screen
2026-07-27 00:33:55,892,88.5,12.5,112496,4,1,1,1,1,full_screen
2026-07-27 00:34:00,897,87.1,12.4,112607,4,1,1,1,1,full_screen
2026-07-27 00:34:03,900,87.1,12.4,112607,4,1,1,1,1,full_screen
2026-07-27 00:34:05,902,85.3,12.2,112769,4,1,1,1,1,full_screen
2026-07-27 00:34:05,902,85.3,12.2,112769,4,1,1,1,1,full_screen
2026-07-27 00:34:10,907,88.1,12.3,112700,4,1,1,1,1,full_screen
2026-07-27 00:34:15,912,87.3,12.3,112636,4,1,1,1,1,full_screen
2026-07-27 00:34:20,917,88.2,12.3,112754,4,1,1,1,1,full_screen
2026-07-27 00:34:25,922,86.3,12.4,112612,4,1,1,1,1,full_screen
2026-07-27 00:34:28,925,86.3,12.4,112612,4,1,1,1,1,full_screen
2026-07-27 00:34:29,926,86.3,12.4,112612,4,1,1,1,1,full_screen
2026-07-27 00:34:30,927,86.9,12.3,112701,4,1,1,1,1,full_screen
2026-07-27 00:34:35,932,88.1,12.3,112650,4,1,1,1,1,full_screen
2026-07-27 00:34:40,937,88.4,12.3,112737,4,1,1,1,1,full_screen
2026-07-27 00:34:45,942,89.9,12.4,112619,4,1,1,1,1,full_screen
2026-07-27 00:34:50,947,86.7,12.3,112692,4,1,1,1,1,full_screen
2026-07-27 00:34:52,949,86.7,12.3,112692,4,1,1,1,1,full_screen
2026-07-27 00:34:53,950,86.7,12.3,112692,4,1,1,1,1,full_screen
2026-07-27 00:34:55,952,86.7,12.3,112645,4,1,1,1,1,full_screen
2026-07-27 00:35:00,957,86.5,12.4,112604,4,1,1,1,1,full_screen
2026-07-27 00:35:05,962,86.9,12.3,112651,4,1,1,1,1,full_screen
2026-07-27 00:35:10,967,86.5,12.1,112896,4,1,1,1,1,full_screen
2026-07-27 00:35:15,972,86.0,12.5,112411,4,1,1,1,1,full_screen
2026-07-27 00:35:15,972,86.0,12.5,112411,4,1,1,1,1,full_screen
2026-07-27 00:35:16,973,86.0,12.5,112411,4,1,1,1,1,full_screen
2026-07-27 00:35:20,977,86.7,12.4,112583,4,1,1,1,1,full_screen
2026-07-27 00:35:25,982,85.9,12.3,112753,4,1,1,1,1,full_screen
2026-07-27 00:35:30,987,88.3,12.4,112608,4,1,1,1,1,full_screen
2026-07-27 00:35:35,992,86.1,12.5,112457,4,1,1,1,1,full_screen
2026-07-27 00:35:39,996,86.1,12.5,112457,4,1,1,1,1,full_screen
2026-07-27 00:35:40,997,85.7,12.1,112980,4,1,1,1,1,full_screen
2026-07-27 00:35:40,997,85.7,12.1,112980,4,1,1,1,1,full_screen
2026-07-27 00:35:45,1002,88.2,12.2,112783,4,1,1,1,1,full_screen
2026-07-27 00:35:50,1007,87.9,12.5,112462,4,1,1,1,1,full_screen
2026-07-27 00:35:55,1012,87.5,12.5,112484,4,1,1,1,1,full_screen
2026-07-27 00:36:00,1017,85.3,12.3,112710,4,1,1,1,1,full_screen
2026-07-27 00:36:03,1020,85.3,12.3,112710,4,1,1,1,1,full_screen
2026-07-27 00:36:04,1021,85.3,12.3,112710,4,1,1,1,1,full_screen
2026-07-27 00:36:05,1022,85.4,12.5,112410,4,1,1,1,1,full_screen
2026-07-27 00:36:10,1027,85.7,12.5,112490,4,1,1,1,1,full_screen
2026-07-27 00:36:15,1032,85.3,12.3,112665,4,1,1,1,1,full_screen
2026-07-27 00:36:20,1037,87.7,12.3,112639,4,1,1,1,1,full_screen
2026-07-27 00:36:25,1042,87.1,12.6,112285,4,1,1,1,1,full_screen
2026-07-27 00:36:26,1043,87.1,12.6,112285,4,1,1,1,1,full_screen
2026-07-27 00:36:27,1044,87.1,12.6,112285,4,1,1,1,1,full_screen
2026-07-27 00:36:30,1047,87.1,12.3,112745,4,1,1,1,1,full_screen
2026-07-27 00:36:35,1052,87.3,12.3,112709,4,1,1,1,1,full_screen
2026-07-27 00:36:40,1057,88.9,12.5,112460,4,1,1,1,1,full_screen
2026-07-27 00:36:45,1062,87.9,12.5,112410,4,1,1,1,1,full_screen
2026-07-27 00:36:50,1067,84.6,12.3,112740,4,1,1,1,1,full_screen
2026-07-27 00:36:50,1067,84.6,12.3,112740,4,1,1,1,1,full_screen
2026-07-27 00:36:51,1068,84.6,12.3,112740,4,1,1,1,1,full_screen
2026-07-27 00:36:55,1072,86.3,12.4,112527,4,1,1,1,1,full_screen
2026-07-27 00:37:00,1077,86.5,12.6,112324,4,1,1,1,1,full_screen
2026-07-27 00:37:05,1082,87.9,12.3,112746,4,1,1,1,1,full_screen
2026-07-27 00:37:10,1087,86.7,12.4,112628,4,1,1,1,1,full_screen
2026-07-27 00:37:14,1091,86.7,12.4,112628,4,1,1,1,1,full_screen
2026-07-27 00:37:15,1092,86.0,12.4,112544,4,1,1,1,1,full_screen
2026-07-27 00:37:16,1093,86.0,12.4,112544,4,1,1,1,1,full_screen
2026-07-27 00:37:20,1097,90.0,12.7,112235,4,1,1,1,1,full_screen
2026-07-27 00:37:25,1102,96.0,12.8,112069,4,1,1,1,1,full_screen
2026-07-27 00:37:30,1107,96.1,12.6,112265,4,1,1,1,1,full_screen
2026-07-27 00:37:35,1112,96.7,12.6,112269,4,1,1,1,1,full_screen
2026-07-27 00:37:40,1117,96.8,12.5,112477,4,1,1,1,1,full_screen
2026-07-27 00:37:41,1118,96.8,12.5,112477,4,1,1,1,1,full_screen
2026-07-27 00:37:42,1119,96.8,12.5,112477,4,1,1,1,1,full_screen
2026-07-27 00:37:45,1122,96.5,12.7,112197,4,1,1,1,1,full_screen
2026-07-27 00:37:50,1127,96.6,12.8,112042,4,1,1,1,1,full_screen
2026-07-27 00:37:55,1132,97.1,12.7,112229,4,1,1,1,1,full_screen
2026-07-27 00:38:00,1137,97.3,12.6,112283,4,1,1,1,1,full_screen
2026-07-27 00:38:05,1142,96.8,12.6,112299,4,1,1,1,1,full_screen
2026-07-27 00:38:06,1143,96.8,12.6,112299,4,1,1,1,1,full_screen
2026-07-27 00:38:07,1144,96.8,12.6,112299,4,1,1,1,1,full_screen
2026-07-27 00:38:10,1147,96.6,12.6,112327,4,1,1,1,1,full_screen
2026-07-27 00:38:15,1152,97.1,12.7,112127,4,1,1,1,1,full_screen
2026-07-27 00:38:20,1157,97.2,12.6,112318,4,1,1,1,1,full_screen
2026-07-27 00:38:25,1162,97.2,12.6,112360,4,1,1,1,1,full_screen
2026-07-27 00:38:30,1167,97.3,12.7,112243,4,1,1,1,1,full_screen
2026-07-27 00:38:32,1169,97.3,12.7,112243,4,1,1,1,1,full_screen
2026-07-27 00:38:33,1170,97.3,12.7,112243,4,1,1,1,1,full_screen
2026-07-27 00:38:35,1172,97.1,12.5,112406,4,1,1,1,1,full_screen
2026-07-27 00:38:40,1177,97.1,12.8,112102,4,1,1,1,1,full_screen
2026-07-27 00:38:45,1182,96.8,12.7,112174,4,1,1,1,1,full_screen
2026-07-27 00:38:50,1187,97.2,12.8,112082,4,1,1,1,1,full_screen
2026-07-27 00:38:55,1192,97.5,12.6,112250,4,1,1,1,1,full_screen
2026-07-27 00:38:58,1195,97.5,12.6,112250,4,1,1,1,1,full_screen
2026-07-27 00:38:59,1196,97.5,12.6,112250,4,1,1,1,1,full_screen
2026-07-27 00:39:00,1197,97.3,12.6,112280,4,1,1,1,1,full_screen
2026-07-27 00:39:05,1202,97.4,12.7,112232,4,1,1,1,1,full_screen
2026-07-27 00:39:10,1207,97.3,12.6,112278,4,1,1,1,1,full_screen
2026-07-27 00:39:15,1212,97.2,12.6,112305,4,1,1,1,1,full_screen
2026-07-27 00:39:20,1217,97.4,12.7,112163,4,1,1,1,1,full_screen
2026-07-27 00:39:24,1221,97.4,12.7,112163,4,1,1,1,1,full_screen
2026-07-27 00:39:25,1222,96.7,12.7,112182,4,1,1,1,1,full_screen
2026-07-27 00:39:25,1222,96.7,12.7,112182,4,1,1,1,1,full_screen
2026-07-27 00:39:30,1227,97.4,12.8,112052,4,1,1,1,1,full_screen
2026-07-27 00:39:35,1232,97.2,12.8,112098,4,1,1,1,1,full_screen
2026-07-27 00:39:40,1237,97.4,12.7,112199,4,1,1,1,1,full_screen
2026-07-27 00:39:45,1242,97.0,12.6,112345,4,1,1,1,1,full_screen
2026-07-27 00:39:50,1247,96.8,12.4,112508,4,1,1,1,1,full_screen
2026-07-27 00:39:51,1248,96.8,12.4,112508,4,1,1,1,1,full_screen
2026-07-27 00:39:52,1249,96.8,12.4,112508,4,1,1,1,1,full_screen
2026-07-27 00:39:55,1252,97.0,12.5,112377,4,1,1,1,1,full_screen
2026-07-27 00:40:00,1257,96.8,12.6,112285,4,1,1,1,1,full_screen
2026-07-27 00:40:05,1262,88.3,12.6,112363,4,1,1,1,1,full_screen
2026-07-27 00:40:10,1267,87.7,12.7,112162,4,1,1,1,1,full_screen
2026-07-27 00:40:15,1272,87.7,12.7,112162,4,1,1,1,1,full_screen
2026-07-27 00:40:15,1272,84.5,12.4,112540,4,1,1,1,1,full_screen
2026-07-27 00:40:17,1274,84.5,12.4,112540,4,1,1,1,1,full_screen
2026-07-27 00:40:20,1277,88.1,12.6,112368,4,1,1,1,1,full_screen
2026-07-27 00:40:25,1282,88.0,12.7,112166,4,1,1,1,1,full_screen
2026-07-27 00:40:30,1287,88.3,12.6,112261,4,1,1,1,1,full_screen
2026-07-27 00:40:35,1292,86.6,12.6,112268,4,1,1,1,1,full_screen
2026-07-27 00:40:39,1296,86.6,12.6,112268,4,1,1,1,1,full_screen
2026-07-27 00:40:40,1297,86.6,12.6,112268,4,1,1,1,1,full_screen
2026-07-27 00:40:40,1297,85.1,12.6,112253,4,1,1,1,1,full_screen
2026-07-27 00:40:45,1302,87.7,12.7,112148,4,1,1,1,1,full_screen
2026-07-27 00:40:50,1307,86.3,12.5,112408,4,1,1,1,1,full_screen
2026-07-27 00:40:55,1312,88.8,12.7,112188,4,1,1,1,1,full_screen
2026-07-27 00:41:00,1317,87.0,12.8,112093,4,1,1,1,1,full_screen
2026-07-27 00:41:03,1320,87.0,12.8,112093,4,1,1,1,1,full_screen
2026-07-27 00:41:04,1321,87.0,12.8,112093,4,1,1,1,1,full_screen
2026-07-27 00:41:05,1322,87.9,12.6,112279,4,1,1,1,1,full_screen
2026-07-27 00:41:10,1327,87.6,12.5,112373,4,1,1,1,1,full_screen
2026-07-27 00:41:15,1332,87.9,12.7,112156,4,1,1,1,1,full_screen
2026-07-27 00:41:20,1337,88.9,12.7,112172,4,1,1,1,1,full_screen
2026-07-27 00:41:25,1342,86.6,12.6,112282,4,1,1,1,1,full_screen
2026-07-27 00:41:27,1344,86.6,12.6,112282,4,1,1,1,1,full_screen
2026-07-27 00:41:28,1345,86.6,12.6,112282,4,1,1,1,1,full_screen
2026-07-27 00:41:30,1347,86.5,12.8,112088,4,1,1,1,1,full_screen
2026-07-27 00:41:35,1352,86.3,12.8,112096,4,1,1,1,1,full_screen
2026-07-27 00:41:40,1357,87.6,12.7,112180,4,1,1,1,1,full_screen
2026-07-27 00:41:45,1362,87.2,12.7,112135,4,1,1,1,1,full_screen
2026-07-27 00:41:50,1367,84.2,12.6,112272,4,1,1,1,1,full_screen
2026-07-27 00:41:51,1368,84.2,12.6,112272,4,1,1,1,1,full_screen
2026-07-27 00:41:52,1369,84.2,12.6,112272,4,1,1,1,1,full_screen
2026-07-27 00:41:55,1372,87.3,12.7,112133,4,1,1,1,1,full_screen
2026-07-27 00:42:00,1377,86.1,12.8,112091,4,1,1,1,1,full_screen
2026-07-27 00:42:05,1382,87.3,12.8,112063,4,1,1,1,1,full_screen
2026-07-27 00:42:10,1387,85.6,12.8,112091,4,1,1,1,1,full_screen
2026-07-27 00:42:14,1391,85.6,12.8,112091,4,1,1,1,1,full_screen
2026-07-27 00:42:15,1392,85.6,12.8,112091,4,1,1,1,1,full_screen
2026-07-27 00:42:15,1392,85.2,12.8,112016,4,1,1,1,1,full_screen
2026-07-27 00:42:20,1397,85.5,12.9,111921,4,1,1,1,1,full_screen
2026-07-27 00:42:25,1402,87.1,12.7,112156,4,1,1,1,1,full_screen
2026-07-27 00:42:30,1407,88.0,12.6,112249,4,1,1,1,1,full_screen
2026-07-27 00:42:36,1413,87.3,12.9,111950,4,1,1,1,1,full_screen
2026-07-27 00:42:38,1415,87.3,12.9,111950,4,1,1,1,1,full_screen
2026-07-27 00:42:39,1416,87.3,12.9,111950,4,1,1,1,1,full_screen
2026-07-27 00:42:41,1418,87.8,12.9,111888,4,1,1,1,1,full_screen
2026-07-27 00:42:46,1423,87.5,12.7,112183,4,1,1,1,1,full_screen
2026-07-27 00:42:51,1428,89.1,12.8,112039,4,1,1,1,1,full_screen
2026-07-27 00:42:56,1433,94.3,12.8,112066,4,1,1,1,1,full_screen
2026-07-27 00:43:01,1438,96.5,12.9,111978,4,1,1,1,1,full_screen
2026-07-27 00:43:02,1439,96.5,12.9,111978,4,1,1,1,1,full_screen
2026-07-27 00:43:04,1441,96.5,12.9,111978,4,1,1,1,1,full_screen
2026-07-27 00:43:06,1443,96.3,13.0,111768,4,1,1,1,1,full_screen
2026-07-27 00:43:11,1448,97.0,13.0,111767,4,1,1,1,1,full_screen
2026-07-27 00:43:16,1453,97.4,13.0,111833,4,1,1,1,1,full_screen
2026-07-27 00:43:21,1458,97.5,13.1,111656,4,1,1,1,1,full_screen
2026-07-27 00:43:26,1463,97.2,13.2,111576,4,1,1,1,1,full_screen
2026-07-27 00:43:28,1465,97.2,13.2,111576,4,1,1,1,1,full_screen
2026-07-27 00:43:29,1466,97.2,13.2,111576,4,1,1,1,1,full_screen
2026-07-27 00:43:31,1468,97.2,13.2,111521,4,1,1,1,1,full_screen
2026-07-27 00:43:36,1473,97.3,13.1,111625,4,1,1,1,1,full_screen
2026-07-27 00:43:41,1478,96.9,13.0,111748,4,1,1,1,1,full_screen
2026-07-27 00:43:46,1483,97.3,13.0,111793,4,1,1,1,1,full_screen
2026-07-27 00:43:51,1488,97.0,13.1,111727,4,1,1,1,1,full_screen
2026-07-27 00:43:53,1490,97.0,13.1,111727,4,1,1,1,1,full_screen
2026-07-27 00:43:55,1492,97.0,13.1,111727,4,1,1,1,1,full_screen
2026-07-27 00:43:56,1493,96.5,13.1,111729,4,1,1,1,1,full_screen
2026-07-27 00:44:01,1498,97.0,13.0,111792,4,1,1,1,1,full_screen
2026-07-27 00:44:06,1503,97.0,13.1,111610,4,1,1,1,1,full_screen
2026-07-27 00:44:11,1508,97.2,13.2,111513,4,1,1,1,1,full_screen
2026-07-27 00:44:16,1513,97.0,13.3,111427,4,1,1,1,1,full_screen
2026-07-27 00:44:20,1517,97.0,13.3,111427,4,1,1,1,1,full_screen
2026-07-27 00:44:21,1518,95.8,13.1,111642,4,1,1,1,1,full_screen
2026-07-27 00:44:22,1519,95.8,13.1,111642,4,1,1,1,1,full_screen
2026-07-27 00:44:26,1523,96.3,13.4,111316,4,1,1,1,1,full_screen
2026-07-27 00:44:31,1528,96.5,13.3,111364,4,1,1,1,1,full_screen
2026-07-27 00:44:36,1533,90.2,13.4,111322,4,1,1,1,1,full_screen
2026-07-27 00:44:41,1538,86.5,13.1,111636,4,1,1,1,1,full_screen
2026-07-27 00:44:45,1542,86.5,13.1,111636,4,1,1,1,1,full_screen
2026-07-27 00:44:46,1543,83.9,13.0,111734,4,1,1,1,1,full_screen
2026-07-27 00:44:47,1544,83.9,13.0,111734,4,1,1,1,1,full_screen
2026-07-27 00:44:51,1548,85.4,13.3,111449,4,1,1,1,1,full_screen
2026-07-27 00:44:56,1553,87.7,13.1,111673,4,1,1,1,1,full_screen
2026-07-27 00:45:01,1558,86.1,13.2,111488,4,1,1,1,1,full_screen
2026-07-27 00:45:06,1563,86.4,13.3,111374,4,1,1,1,1,full_screen
2026-07-27 00:45:09,1566,86.4,13.3,111374,4,1,1,1,1,full_screen
2026-07-27 00:45:10,1567,86.4,13.3,111374,4,1,1,1,1,full_screen
2026-07-27 00:45:11,1568,83.2,13.1,111638,4,1,1,1,1,full_screen
2026-07-27 00:45:16,1573,86.3,13.3,111405,4,1,1,1,1,full_screen
2026-07-27 00:45:21,1578,85.8,13.3,111435,4,1,1,1,1,full_screen
2026-07-27 00:45:26,1583,85.4,13.1,111647,4,1,1,1,1,full_screen
2026-07-27 00:45:31,1588,86.6,13.2,111485,4,1,1,1,1,full_screen
2026-07-27 00:45:33,1590,86.6,13.2,111485,4,1,1,1,1,full_screen
2026-07-27 00:45:34,1591,86.6,13.2,111485,4,1,1,1,1,full_screen
2026-07-27 00:45:36,1593,83.8,13.4,111248,4,1,1,1,1,full_screen
2026-07-27 00:45:41,1598,89.8,13.4,111221,4,1,1,1,1,full_screen
2026-07-27 00:45:46,1603,95.6,13.5,111144,4,1,1,1,1,full_screen
2026-07-27 00:45:51,1608,96.0,13.7,110926,4,1,1,1,1,full_screen
2026-07-27 00:45:56,1613,96.6,13.5,111166,4,1,1,1,1,full_screen
2026-07-27 00:45:58,1615,96.6,13.5,111166,4,1,1,1,1,full_screen
2026-07-27 00:45:59,1616,96.6,13.5,111166,4,1,1,1,1,full_screen
2026-07-27 00:46:01,1618,96.7,13.6,111060,4,1,1,1,1,full_screen
2026-07-27 00:46:06,1623,96.5,13.6,111011,4,1,1,1,1,full_screen
2026-07-27 00:46:11,1628,96.9,13.5,111109,4,1,1,1,1,full_screen
2026-07-27 00:46:16,1633,97.0,13.4,111226,4,1,1,1,1,full_screen
2026-07-27 00:46:21,1638,96.9,13.5,111161,4,1,1,1,1,full_screen
2026-07-27 00:46:24,1641,96.9,13.5,111161,4,1,1,1,1,full_screen
2026-07-27 00:46:25,1642,96.9,13.5,111161,4,1,1,1,1,full_screen
2026-07-27 00:46:26,1643,96.5,13.6,111059,4,1,1,1,1,full_screen
2026-07-27 00:46:31,1648,97.0,13.5,111099,4,1,1,1,1,full_screen
2026-07-27 00:46:36,1653,96.7,13.7,110958,4,1,1,1,1,full_screen
2026-07-27 00:46:41,1658,97.1,13.6,111012,4,1,1,1,1,full_screen
2026-07-27 00:46:46,1663,96.7,13.6,111079,4,1,1,1,1,full_screen
2026-07-27 00:46:50,1667,96.7,13.6,111079,4,1,1,1,1,full_screen
2026-07-27 00:46:51,1668,96.7,13.6,111035,4,1,1,1,1,full_screen
2026-07-27 00:46:51,1668,96.7,13.6,111035,4,1,1,1,1,full_screen
2026-07-27 00:46:56,1673,97.0,13.7,110914,4,1,1,1,1,full_screen
2026-07-27 00:47:01,1678,92.1,13.5,111160,4,1,1,1,1,full_screen
2026-07-27 00:47:06,1683,88.9,13.6,111086,4,1,1,1,1,full_screen
2026-07-27 00:47:11,1688,85.7,13.4,111228,4,1,1,1,1,full_screen
2026-07-27 00:47:14,1691,85.7,13.4,111228,4,1,1,1,1,full_screen
2026-07-27 00:47:15,1692,85.7,13.4,111228,4,1,1,1,1,full_screen
2026-07-27 00:47:16,1693,86.4,13.7,110905,4,1,1,1,1,full_screen
2026-07-27 00:47:21,1698,86.7,13.6,111069,4,1,1,1,1,full_screen
2026-07-27 00:47:26,1703,86.1,13.5,111108,4,1,1,1,1,full_screen
2026-07-27 00:47:31,1708,88.7,13.5,111154,4,1,1,1,1,full_screen
2026-07-27 00:47:36,1713,87.2,13.5,111114,4,1,1,1,1,full_screen
2026-07-27 00:47:38,1715,87.2,13.5,111114,4,1,1,1,1,full_screen
2026-07-27 00:47:39,1716,87.2,13.5,111114,4,1,1,1,1,full_screen
2026-07-27 00:47:41,1718,85.8,13.6,111014,4,1,1,1,1,full_screen
2026-07-27 00:47:46,1723,86.1,13.8,110804,4,1,1,1,1,full_screen
2026-07-27 00:47:51,1728,86.7,13.6,111072,4,1,1,1,1,full_screen
2026-07-27 00:47:56,1733,87.3,13.6,111018,4,1,1,1,1,full_screen
2026-07-27 00:48:01,1738,86.0,13.8,110765,4,1,1,1,1,full_screen
2026-07-27 00:48:02,1739,86.0,13.8,110765,4,1,1,1,1,full_screen
2026-07-27 00:48:03,1740,86.0,13.8,110765,4,1,1,1,1,full_screen
2026-07-27 00:48:06,1743,87.5,13.6,110990,4,1,1,1,1,full_screen
2026-07-27 00:48:11,1748,87.1,13.6,110973,4,1,1,1,1,full_screen
2026-07-27 00:48:16,1753,88.2,13.8,110736,4,1,1,1,1,full_screen
2026-07-27 00:48:21,1758,85.9,13.5,111099,4,1,1,1,1,full_screen
2026-07-27 00:48:26,1763,84.9,13.4,111255,4,1,1,1,1,full_screen
2026-07-27 00:48:26,1763,84.9,13.4,111255,4,1,1,1,1,full_screen
2026-07-27 00:48:27,1764,84.9,13.4,111255,4,1,1,1,1,full_screen
2026-07-27 00:48:31,1768,85.5,13.9,110648,4,1,1,1,1,full_screen
2026-07-27 00:48:36,1773,85.5,13.5,111092,4,1,1,1,1,full_screen
2026-07-27 00:48:41,1778,87.2,13.5,111146,4,1,1,1,1,full_screen
2026-07-27 00:48:46,1783,86.1,13.9,110650,4,1,1,1,1,full_screen
2026-07-27 00:48:49,1786,86.1,13.9,110650,4,1,1,1,1,full_screen
2026-07-27 00:48:51,1788,85.8,13.7,110900,4,1,1,1,1,full_screen
2026-07-27 00:48:52,1789,85.8,13.7,110900,4,1,1,1,1,full_screen
2026-07-27 00:48:56,1793,86.9,13.6,111063,4,1,1,1,1,full_screen
2026-07-27 00:49:01,1798,87.7,13.8,110782,4,1,1,1,1,full_screen
2026-07-27 00:49:06,1803,86.2,13.7,110930,4,1,1,1,1,full_screen
2026-07-27 00:49:11,1808,86.8,13.6,111065,4,1,1,1,1,full_screen
2026-07-27 00:49:13,1810,86.8,13.6,111065,4,1,1,1,1,full_screen
2026-07-27 00:49:15,1812,86.8,13.6,111065,4,1,1,1,1,full_screen
2026-07-27 00:49:16,1813,87.4,13.8,110763,4,1,1,1,1,full_screen
2026-07-27 00:49:21,1818,88.2,13.7,110922,4,1,1,1,1,full_screen
2026-07-27 00:49:26,1823,88.4,13.6,110990,4,1,1,1,1,full_screen
2026-07-27 00:49:31,1828,87.8,13.7,110898,4,1,1,1,1,full_screen
2026-07-27 00:49:36,1833,87.4,13.9,110697,4,1,1,1,1,full_screen
2026-07-27 00:49:38,1835,87.4,13.9,110697,4,1,1,1,1,full_screen
2026-07-27 00:49:39,1836,87.4,13.9,110697,4,1,1,1,1,full_screen
2026-07-27 00:49:41,1838,85.8,13.7,110864,4,1,1,1,1,full_screen
2026-07-27 00:49:46,1843,87.2,13.8,110773,4,1,1,1,1,full_screen
2026-07-27 00:49:51,1848,88.5,13.9,110585,4,1,1,1,1,full_screen
2026-07-27 00:49:56,1853,86.7,13.9,110610,4,1,1,1,1,full_screen
2026-07-27 00:50:01,1858,87.8,13.5,111096,4,1,1,1,1,full_screen
2026-07-27 00:50:02,1859,87.8,13.5,111096,4,1,1,1,1,full_screen
2026-07-27 00:50:03,1860,87.8,13.5,111096,4,1,1,1,1,full_screen
2026-07-27 00:50:06,1863,86.7,13.8,110749,4,1,1,1,1,full_screen
2026-07-27 00:50:11,1868,86.8,14.1,110414,4,1,1,1,1,full_screen
2026-07-27 00:50:16,1873,86.6,13.7,110937,4,1,1,1,1,full_screen
2026-07-27 00:50:21,1878,85.9,13.8,110791,4,1,1,1,1,full_screen
2026-07-27 00:50:26,1883,85.9,13.8,110791,4,1,1,1,1,full_screen
2026-07-27 00:50:26,1883,85.6,13.8,110757,4,1,1,1,1,full_screen
2026-07-27 00:50:27,1884,85.6,13.8,110757,4,1,1,1,1,full_screen
2026-07-27 00:50:31,1888,84.7,13.7,110876,4,1,1,1,1,full_screen
2026-07-27 00:50:36,1893,87.4,14.0,110501,4,1,1,1,1,full_screen
2026-07-27 00:50:41,1898,86.9,14.0,110571,4,1,1,1,1,full_screen
2026-07-27 00:50:46,1903,84.9,13.9,110587,4,1,1,1,1,full_screen
2026-07-27 00:50:50,1907,84.9,13.9,110587,4,1,1,1,1,full_screen
2026-07-27 00:50:51,1908,84.9,13.9,110587,4,1,1,1,1,full_screen
2026-07-27 00:50:51,1908,85.5,13.8,110705,4,1,1,1,1,full_screen
2026-07-27 00:50:56,1913,85.7,14.0,110454,4,1,1,1,1,full_screen
2026-07-27 00:51:01,1918,88.6,13.7,110884,4,1,1,1,1,full_screen
2026-07-27 00:51:06,1923,88.1,13.7,110881,4,1,1,1,1,full_screen
2026-07-27 00:51:11,1928,88.7,14.0,110562,4,1,1,1,1,full_screen
2026-07-27 00:51:14,1931,88.7,14.0,110562,4,1,1,1,1,full_screen
2026-07-27 00:51:15,1932,88.7,14.0,110562,4,1,1,1,1,full_screen
2026-07-27 00:51:16,1933,85.6,13.9,110678,4,1,1,1,1,full_screen
2026-07-27 00:51:21,1938,87.8,13.8,110813,4,1,1,1,1,full_screen
2026-07-27 00:51:26,1943,88.4,13.9,110684,4,1,1,1,1,full_screen
2026-07-27 00:51:31,1948,87.4,14.0,110489,4,1,1,1,1,full_screen
2026-07-27 00:51:36,1953,87.4,13.8,110735,4,1,1,1,1,full_screen
2026-07-27 00:51:37,1954,87.4,13.8,110735,4,1,1,1,1,full_screen
2026-07-27 00:51:39,1956,87.4,13.8,110735,4,1,1,1,1,full_screen
2026-07-27 00:51:41,1958,86.2,13.9,110652,4,1,1,1,1,full_screen
2026-07-27 00:51:46,1963,89.3,14.0,110450,4,1,1,1,1,full_screen
2026-07-27 00:51:51,1968,88.3,14.1,110420,4,1,1,1,1,full_screen
2026-07-27 00:51:56,1973,87.6,13.8,110731,4,1,1,1,1,full_screen
2026-07-27 00:52:01,1978,87.6,13.8,110731,4,1,1,1,1,full_screen
2026-07-27 00:52:01,1978,87.9,13.8,110768,4,1,1,1,1,full_screen
2026-07-27 00:52:02,1979,87.9,13.8,110768,4,1,1,1,1,full_screen
2026-07-27 00:52:06,1983,87.1,14.0,110522,4,1,1,1,1,full_screen
2026-07-27 00:52:11,1988,87.8,13.9,110617,4,1,1,1,1,full_screen
2026-07-27 00:52:16,1993,87.5,14.0,110471,4,1,1,1,1,full_screen
2026-07-27 00:52:21,1998,87.2,14.0,110463,4,1,1,1,1,full_screen
2026-07-27 00:52:25,2002,87.2,14.0,110463,4,1,1,1,1,full_screen
2026-07-27 00:52:26,2003,87.2,14.0,110463,4,1,1,1,1,full_screen
2026-07-27 00:52:26,2003,85.9,13.9,110615,4,1,1,1,1,full_screen
2026-07-27 00:52:31,2008,86.0,14.0,110469,4,1,1,1,1,full_screen
2026-07-27 00:52:36,2013,86.9,13.9,110603,4,1,1,1,1,full_screen
2026-07-27 00:52:41,2018,84.9,13.8,110722,4,1,1,1,1,full_screen
2026-07-27 00:52:46,2023,86.3,13.9,110584,4,1,1,1,1,full_screen
2026-07-27 00:52:49,2026,86.3,13.9,110584,4,1,1,1,1,full_screen
2026-07-27 00:52:50,2027,86.3,13.9,110584,4,1,1,1,1,full_screen
2026-07-27 00:52:51,2028,83.5,14.0,110502,4,1,1,1,1,full_screen
2026-07-27 00:52:56,2033,85.6,14.0,110491,4,1,1,1,1,full_screen
2026-07-27 00:53:01,2038,86.5,14.1,110394,4,1,1,1,1,full_screen
2026-07-27 00:53:06,2043,85.9,14.0,110564,4,1,1,1,1,full_screen
2026-07-27 00:53:11,2048,86.8,14.0,110506,4,1,1,1,1,full_screen
2026-07-27 00:53:12,2049,86.8,14.0,110506,4,1,1,1,1,full_screen
2026-07-27 00:53:13,2050,86.8,14.0,110506,4,1,1,1,1,full_screen
2026-07-27 00:53:16,2053,86.1,14.0,110545,4,1,1,1,1,full_screen
2026-07-27 00:53:21,2058,88.3,14.2,110204,4,1,1,1,1,full_screen
2026-07-27 00:53:26,2063,87.1,14.1,110348,4,1,1,1,1,full_screen
2026-07-27 00:53:31,2068,87.4,13.9,110607,4,1,1,1,1,full_screen
2026-07-27 00:53:36,2073,87.4,13.9,110607,4,1,1,1,1,full_screen
2026-07-27 00:53:36,2073,86.8,14.0,110503,4,1,1,1,1,full_screen
2026-07-27 00:53:37,2074,86.8,14.0,110503,4,1,1,1,1,full_screen
2026-07-27 00:53:41,2078,86.1,14.1,110377,4,1,1,1,1,full_screen
2026-07-27 00:53:46,2083,87.9,14.1,110425,4,1,1,1,1,full_screen
2026-07-27 00:53:51,2088,86.5,14.1,110364,4,1,1,1,1,full_screen
2026-07-27 00:53:56,2093,87.8,14.2,110233,4,1,1,1,1,full_screen
2026-07-27 00:54:00,2097,87.8,14.2,110233,4,1,1,1,1,full_screen
2026-07-27 00:54:01,2098,87.8,14.2,110233,4,1,1,1,1,full_screen
2026-07-27 00:54:02,2099,86.0,14.0,110561,4,1,1,1,1,full_screen
2026-07-27 00:54:07,2104,88.9,14.0,110497,4,1,1,1,1,full_screen
2026-07-27 00:54:12,2109,88.8,14.2,110306,4,1,1,1,1,full_screen
2026-07-27 00:54:17,2114,87.5,14.2,110221,4,1,1,1,1,full_screen
2026-07-27 00:54:22,2119,88.9,14.1,110415,4,1,1,1,1,full_screen
2026-07-27 00:54:23,2120,88.9,14.1,110415,4,1,1,1,1,full_screen
2026-07-27 00:54:25,2122,88.9,14.1,110415,4,1,1,1,1,full_screen
2026-07-27 00:54:27,2124,86.9,14.1,110411,4,1,1,1,1,full_screen
2026-07-27 00:54:32,2129,89.1,14.3,110152,4,1,1,1,1,full_screen
2026-07-27 00:54:37,2134,87.9,14.1,110369,4,1,1,1,1,full_screen
2026-07-27 00:54:42,2139,86.7,14.0,110567,4,1,1,1,1,full_screen
2026-07-27 00:54:47,2144,85.9,14.2,110239,4,1,1,1,1,full_screen
2026-07-27 00:54:47,2144,85.9,14.2,110239,4,1,1,1,1,full_screen
2026-07-27 00:54:48,2145,85.9,14.2,110239,4,1,1,1,1,full_screen
2026-07-27 00:54:52,2149,83.8,14.0,110457,4,1,1,1,1,full_screen
2026-07-27 00:54:57,2154,87.0,14.1,110327,4,1,1,1,1,full_screen
2026-07-27 00:55:02,2159,84.8,14.1,110343,4,1,1,1,1,full_screen
2026-07-27 00:55:07,2164,88.0,14.0,110456,4,1,1,1,1,full_screen
2026-07-27 00:55:11,2168,88.0,14.0,110456,4,1,1,1,1,full_screen
2026-07-27 00:55:12,2169,86.3,14.0,110552,4,1,1,1,1,full_screen
2026-07-27 00:55:12,2169,86.3,14.0,110552,4,1,1,1,1,full_screen
2026-07-27 00:55:17,2174,87.7,14.2,110275,4,1,1,1,1,full_screen
2026-07-27 00:55:22,2179,89.3,14.1,110398,4,1,1,1,1,full_screen
2026-07-27 00:55:27,2184,88.2,14.0,110544,4,1,1,1,1,full_screen
2026-07-27 00:55:32,2189,88.7,14.2,110309,4,1,1,1,1,full_screen
2026-07-27 00:55:35,2192,88.7,14.2,110309,4,1,1,1,1,full_screen
2026-07-27 00:55:36,2193,88.7,14.2,110309,4,1,1,1,1,full_screen
2026-07-27 00:55:37,2194,85.4,14.1,110409,4,1,1,1,1,full_screen
2026-07-27 00:55:42,2199,88.2,14.1,110433,4,1,1,1,1,full_screen
2026-07-27 00:55:47,2204,88.2,14.2,110308,4,1,1,1,1,full_screen
2026-07-27 00:55:52,2209,87.2,14.2,110247,4,1,1,1,1,full_screen
2026-07-27 00:55:57,2214,88.0,14.2,110235,4,1,1,1,1,full_screen
2026-07-27 00:55:59,2216,88.0,14.2,110235,4,1,1,1,1,full_screen
2026-07-27 00:56:00,2217,88.0,14.2,110235,4,1,1,1,1,full_screen
2026-07-27 00:56:02,2219,86.6,14.2,110307,4,1,1,1,1,full_screen
2026-07-27 00:56:07,2224,88.8,14.4,110022,4,1,1,1,1,full_screen
2026-07-27 00:56:12,2229,87.5,14.2,110191,4,1,1,1,1,full_screen
2026-07-27 00:56:17,2234,88.3,14.3,110118,4,1,1,1,1,full_screen
2026-07-27 00:56:22,2239,87.9,14.3,110183,4,1,1,1,1,full_screen
2026-07-27 00:56:23,2240,87.9,14.3,110183,4,1,1,1,1,full_screen
2026-07-27 00:56:24,2241,87.9,14.3,110183,4,1,1,1,1,full_screen
2026-07-27 00:56:27,2244,85.4,14.3,110158,4,1,1,1,1,full_screen
2026-07-27 00:56:32,2249,88.2,14.4,109953,4,1,1,1,1,full_screen
2026-07-27 00:56:37,2254,86.4,14.4,109934,4,1,1,1,1,full_screen
2026-07-27 00:56:42,2259,88.2,14.4,110019,4,1,1,1,1,full_screen
2026-07-27 00:56:46,2263,88.2,14.4,110019,4,1,1,1,1,full_screen
2026-07-27 00:56:47,2264,83.3,14.3,110149,4,1,1,1,1,full_screen
2026-07-27 00:56:47,2264,83.3,14.3,110149,4,1,1,1,1,full_screen
2026-07-27 00:56:52,2269,83.6,14.4,109976,4,1,1,1,1,full_screen
2026-07-27 00:56:57,2274,86.4,14.4,110038,4,1,1,1,1,full_screen
2026-07-27 00:57:02,2279,84.9,14.5,109865,4,1,1,1,1,full_screen
2026-07-27 00:57:07,2284,85.6,14.3,110079,4,1,1,1,1,full_screen
2026-07-27 00:57:10,2287,85.6,14.3,110079,4,1,1,1,1,full_screen
2026-07-27 00:57:11,2288,85.6,14.3,110079,4,1,1,1,1,full_screen
2026-07-27 00:57:12,2289,82.2,14.3,110091,4,1,1,1,1,full_screen
2026-07-27 00:57:17,2294,86.5,14.5,109804,4,1,1,1,1,full_screen
2026-07-27 00:57:22,2299,86.8,14.3,110173,4,1,1,1,1,full_screen
2026-07-27 00:57:27,2304,87.7,14.4,109986,4,1,1,1,1,full_screen
2026-07-27 00:57:32,2309,87.0,14.4,109947,4,1,1,1,1,full_screen
2026-07-27 00:57:34,2311,87.0,14.4,109947,4,1,1,1,1,full_screen
2026-07-27 00:57:35,2312,87.0,14.4,109947,4,1,1,1,1,full_screen
2026-07-27 00:57:37,2314,86.0,14.3,110118,4,1,1,1,1,full_screen
2026-07-27 00:57:42,2319,88.5,14.5,109885,4,1,1,1,1,full_screen
2026-07-27 00:57:47,2324,87.3,14.4,109973,4,1,1,1,1,full_screen
2026-07-27 00:57:52,2329,88.9,14.5,109807,4,1,1,1,1,full_screen
2026-07-27 00:57:57,2334,88.8,14.4,110035,4,1,1,1,1,full_screen
2026-07-27 00:57:57,2334,88.8,14.4,110035,4,1,1,1,1,full_screen
2026-07-27 00:57:59,2336,88.8,14.4,110035,4,1,1,1,1,full_screen
2026-07-27 00:58:02,2339,88.2,14.6,109723,4,1,1,1,1,full_screen
2026-07-27 00:58:07,2344,95.6,14.7,109596,4,1,1,1,1,full_screen
2026-07-27 00:58:12,2349,95.9,14.6,109739,4,1,1,1,1,full_screen
2026-07-27 00:58:17,2354,96.7,14.6,109697,4,1,1,1,1,full_screen
2026-07-27 00:58:22,2359,97.1,14.6,109683,4,1,1,1,1,full_screen
2026-07-27 00:58:24,2361,97.1,14.6,109683,4,1,1,1,1,full_screen
2026-07-27 00:58:25,2362,97.1,14.6,109683,4,1,1,1,1,full_screen
2026-07-27 00:58:27,2364,97.1,14.6,109705,4,1,1,1,1,full_screen
2026-07-27 00:58:32,2369,96.7,14.7,109585,4,1,1,1,1,full_screen
2026-07-27 00:58:37,2374,96.6,14.7,109643,4,1,1,1,1,full_screen
2026-07-27 00:58:42,2379,97.0,14.7,109648,4,1,1,1,1,full_screen
2026-07-27 00:58:47,2384,96.8,14.7,109659,4,1,1,1,1,full_screen
2026-07-27 00:58:49,2386,96.8,14.7,109659,4,1,1,1,1,full_screen
2026-07-27 00:58:51,2388,96.8,14.7,109659,4,1,1,1,1,full_screen
2026-07-27 00:58:52,2389,96.4,14.7,109612,4,1,1,1,1,full_screen
2026-07-27 00:58:57,2394,96.8,14.6,109716,4,1,1,1,1,full_screen
2026-07-27 00:59:02,2399,96.7,14.6,109777,4,1,1,1,1,full_screen
2026-07-27 00:59:07,2404,96.8,14.6,109774,4,1,1,1,1,full_screen
2026-07-27 00:59:12,2409,96.7,14.6,109745,4,1,1,1,1,full_screen
2026-07-27 00:59:16,2413,96.7,14.6,109745,4,1,1,1,1,full_screen
2026-07-27 00:59:17,2414,96.4,14.6,109689,4,1,1,1,1,full_screen
2026-07-27 00:59:17,2414,96.4,14.6,109689,4,1,1,1,1,full_screen
2026-07-27 00:59:22,2419,97.1,14.8,109464,4,1,1,1,1,full_screen
2026-07-27 00:59:27,2424,96.3,14.9,109414,4,1,1,1,1,full_screen
2026-07-27 00:59:32,2429,96.8,14.8,109479,4,1,1,1,1,full_screen
2026-07-27 00:59:37,2434,96.6,14.8,109513,4,1,1,1,1,full_screen
2026-07-27 00:59:42,2439,96.6,14.6,109759,4,1,1,1,1,full_screen
2026-07-27 00:59:42,2439,96.6,14.6,109759,4,1,1,1,1,full_screen
2026-07-27 00:59:43,2440,96.6,14.6,109759,4,1,1,1,1,full_screen
2026-07-27 00:59:47,2444,97.0,14.7,109606,4,1,1,1,1,full_screen
2026-07-27 00:59:52,2449,96.9,14.7,109644,4,1,1,1,1,full_screen
2026-07-27 00:59:57,2454,96.9,14.7,109670,4,1,1,1,1,full_screen
2026-07-27 01:00:02,2459,96.6,14.6,109703,4,1,1,1,1,full_screen
2026-07-27 01:00:07,2464,96.8,14.7,109575,4,1,1,1,1,full_screen
2026-07-27 01:00:09,2466,96.8,14.7,109575,4,1,1,1,1,full_screen
2026-07-27 01:00:10,2467,96.8,14.7,109575,4,1,1,1,1,full_screen
2026-07-27 01:00:12,2469,96.5,14.7,109610,4,1,1,1,1,full_screen
2026-07-27 01:00:17,2474,96.5,14.7,109605,4,1,1,1,1,full_screen
2026-07-27 01:00:22,2479,96.7,14.7,109616,4,1,1,1,1,full_screen
2026-07-27 01:00:27,2484,96.5,14.7,109640,4,1,1,1,1,full_screen
2026-07-27 01:00:32,2489,96.7,14.6,109681,4,1,1,1,1,full_screen
2026-07-27 01:00:34,2491,96.7,14.6,109681,4,1,1,1,1,full_screen
2026-07-27 01:00:35,2492,96.7,14.6,109681,4,1,1,1,1,full_screen
2026-07-27 01:00:37,2494,96.3,14.6,109719,4,1,1,1,1,full_screen
2026-07-27 01:00:42,2499,89.7,14.7,109594,4,1,1,1,1,full_screen
2026-07-27 01:00:47,2504,87.2,14.6,109738,4,1,1,1,1,full_screen
2026-07-27 01:00:52,2509,84.6,14.6,109757,4,1,1,1,1,full_screen
2026-07-27 01:00:57,2514,86.4,14.6,109698,4,1,1,1,1,full_screen
2026-07-27 01:00:58,2515,86.4,14.6,109698,4,1,1,1,1,full_screen
2026-07-27 01:00:59,2516,86.4,14.6,109698,4,1,1,1,1,full_screen
2026-07-27 01:01:02,2519,84.7,14.5,109816,4,1,1,1,1,full_screen
2026-07-27 01:01:07,2524,87.6,14.5,109813,4,1,1,1,1,full_screen
2026-07-27 01:01:12,2529,85.3,14.6,109686,4,1,1,1,1,full_screen
2026-07-27 01:01:17,2534,85.8,14.6,109734,4,1,1,1,1,full_screen
2026-07-27 01:01:22,2539,85.8,14.6,109734,4,1,1,1,1,full_screen
2026-07-27 01:01:22,2539,84.5,14.5,109893,4,1,1,1,1,full_screen
2026-07-27 01:01:23,2540,84.5,14.5,109893,4,1,1,1,1,full_screen
2026-07-27 01:01:27,2544,84.7,14.7,109647,4,1,1,1,1,full_screen
2026-07-27 01:01:32,2549,86.9,14.6,109781,4,1,1,1,1,full_screen
2026-07-27 01:01:37,2554,86.5,14.7,109609,4,1,1,1,1,full_screen
2026-07-27 01:01:42,2559,87.6,14.7,109576,4,1,1,1,1,full_screen
2026-07-27 01:01:46,2563,87.6,14.7,109576,4,1,1,1,1,full_screen
2026-07-27 01:01:47,2564,87.6,14.7,109576,4,1,1,1,1,full_screen
2026-07-27 01:01:47,2564,84.2,14.5,109827,4,1,1,1,1,full_screen
2026-07-27 01:01:52,2569,86.8,14.7,109621,4,1,1,1,1,full_screen
2026-07-27 01:01:57,2574,89.6,14.7,109636,4,1,1,1,1,full_screen
2026-07-27 01:02:02,2579,87.5,14.6,109689,4,1,1,1,1,full_screen
2026-07-27 01:02:07,2584,87.1,14.6,109726,4,1,1,1,1,full_screen
2026-07-27 01:02:09,2586,87.1,14.6,109726,4,1,1,1,1,full_screen
2026-07-27 01:02:10,2587,87.1,14.6,109726,4,1,1,1,1,full_screen
2026-07-27 01:02:12,2589,86.4,14.6,109683,4,1,1,1,1,full_screen
2026-07-27 01:02:17,2594,88.1,14.7,109658,4,1,1,1,1,full_screen
2026-07-27 01:02:22,2599,87.6,14.6,109773,4,1,1,1,1,full_screen
2026-07-27 01:02:27,2604,87.8,14.8,109502,4,1,1,1,1,full_screen
2026-07-27 01:02:32,2609,87.6,14.6,109781,4,1,1,1,1,full_screen
2026-07-27 01:02:33,2610,87.6,14.6,109781,4,1,1,1,1,full_screen
2026-07-27 01:02:34,2611,87.6,14.6,109781,4,1,1,1,1,full_screen
2026-07-27 01:02:37,2614,85.2,14.6,109701,4,1,1,1,1,full_screen
2026-07-27 01:02:42,2619,87.8,14.8,109446,4,1,1,1,1,full_screen
2026-07-27 01:02:47,2624,86.3,14.6,109770,4,1,1,1,1,full_screen
2026-07-27 01:02:52,2629,86.2,14.7,109617,4,1,1,1,1,full_screen
2026-07-27 01:02:57,2634,86.2,14.7,109617,4,1,1,1,1,full_screen
2026-07-27 01:02:57,2634,84.2,14.6,109733,4,1,1,1,1,full_screen
2026-07-27 01:02:58,2635,84.2,14.6,109733,4,1,1,1,1,full_screen
2026-07-27 01:03:02,2639,86.1,14.6,109734,4,1,1,1,1,full_screen
2026-07-27 01:03:07,2644,88.1,14.8,109525,4,1,1,1,1,full_screen
2026-07-27 01:03:12,2649,86.9,14.6,109743,4,1,1,1,1,full_screen
2026-07-27 01:03:17,2654,87.7,14.6,109798,4,1,1,1,1,full_screen
2026-07-27 01:03:20,2657,87.7,14.6,109798,4,1,1,1,1,full_screen
2026-07-27 01:03:22,2659,87.7,14.6,109798,4,1,1,1,1,full_screen
2026-07-27 01:03:22,2659,84.6,14.7,109551,4,1,1,1,1,full_screen
2026-07-27 01:03:27,2664,86.9,14.6,109742,4,1,1,1,1,full_screen
2026-07-27 01:03:32,2669,88.4,14.6,109694,4,1,1,1,1,full_screen
2026-07-27 01:03:37,2674,86.1,14.7,109584,4,1,1,1,1,full_screen
2026-07-27 01:03:42,2679,86.6,14.6,109730,4,1,1,1,1,full_screen
2026-07-27 01:03:44,2681,86.6,14.6,109730,4,1,1,1,1,full_screen
2026-07-27 01:03:45,2682,86.6,14.6,109730,4,1,1,1,1,full_screen
2026-07-27 01:03:47,2684,85.3,14.7,109612,4,1,1,1,1,full_screen
2026-07-27 01:03:52,2689,89.2,14.7,109574,4,1,1,1,1,full_screen
2026-07-27 01:03:57,2694,87.9,14.8,109433,4,1,1,1,1,full_screen
2026-07-27 01:04:02,2699,88.5,14.7,109632,4,1,1,1,1,full_screen
2026-07-27 01:04:07,2704,87.6,14.8,109510,4,1,1,1,1,full_screen
2026-07-27 01:04:08,2705,87.6,14.8,109510,4,1,1,1,1,full_screen
2026-07-27 01:04:09,2706,87.6,14.8,109510,4,1,1,1,1,full_screen
2026-07-27 01:04:12,2709,87.1,14.7,109641,4,1,1,1,1,full_screen
2026-07-27 01:04:17,2714,89.8,14.6,109707,4,1,1,1,1,full_screen
2026-07-27 01:04:22,2719,89.0,14.6,109687,4,1,1,1,1,full_screen
2026-07-27 01:04:27,2724,89.3,14.9,109388,4,1,1,1,1,full_screen
2026-07-27 01:04:32,2729,89.3,14.9,109388,4,1,1,1,1,full_screen
2026-07-27 01:04:32,2729,85.1,14.5,109835,4,1,1,1,1,full_screen
2026-07-27 01:04:33,2730,85.1,14.5,109835,4,1,1,1,1,full_screen
2026-07-27 01:04:37,2734,86.0,14.6,109721,4,1,1,1,1,full_screen
2026-07-27 01:04:42,2739,87.6,14.8,109471,4,1,1,1,1,full_screen
2026-07-27 01:04:47,2744,86.2,14.6,109720,4,1,1,1,1,full_screen
2026-07-27 01:04:52,2749,88.0,14.7,109635,4,1,1,1,1,full_screen
2026-07-27 01:04:55,2752,88.0,14.7,109635,4,1,1,1,1,full_screen
2026-07-27 01:04:57,2754,88.0,14.7,109635,4,1,1,1,1,full_screen
2026-07-27 01:04:57,2754,85.0,14.7,109576,4,1,1,1,1,full_screen
2026-07-27 01:05:02,2759,88.3,14.7,109580,4,1,1,1,1,full_screen
2026-07-27 01:05:07,2764,87.1,14.7,109652,4,1,1,1,1,full_screen
2026-07-27 01:05:12,2769,86.8,14.8,109480,4,1,1,1,1,full_screen
2026-07-27 01:05:17,2774,87.2,14.6,109708,4,1,1,1,1,full_screen
2026-07-27 01:05:19,2776,87.2,14.6,109708,4,1,1,1,1,full_screen
2026-07-27 01:05:20,2777,87.2,14.6,109708,4,1,1,1,1,full_screen
2026-07-27 01:05:22,2779,84.1,14.7,109673,4,1,1,1,1,full_screen
2026-07-27 01:05:28,2785,86.7,14.8,109479,4,1,1,1,1,full_screen
2026-07-27 01:05:33,2790,85.3,14.7,109632,4,1,1,1,1,full_screen
2026-07-27 01:05:38,2795,86.2,14.7,109558,4,1,1,1,1,full_screen
2026-07-27 01:05:43,2800,84.3,14.5,109841,4,1,1,1,1,full_screen
2026-07-27 01:05:43,2800,84.3,14.5,109841,4,1,1,1,1,full_screen
2026-07-27 01:05:44,2801,84.3,14.5,109841,4,1,1,1,1,full_screen
2026-07-27 01:05:48,2805,84.0,14.7,109645,4,1,1,1,1,full_screen
2026-07-27 01:05:53,2810,87.9,14.8,109486,4,1,1,1,1,full_screen
2026-07-27 01:05:58,2815,87.3,14.7,109647,4,1,1,1,1,full_screen
2026-07-27 01:06:03,2820,88.6,14.6,109743,4,1,1,1,1,full_screen
2026-07-27 01:06:06,2823,88.6,14.6,109743,4,1,1,1,1,full_screen
2026-07-27 01:06:07,2824,88.6,14.6,109743,4,1,1,1,1,full_screen
2026-07-27 01:06:08,2825,86.3,14.7,109560,4,1,1,1,1,full_screen
2026-07-27 01:06:13,2830,87.3,14.7,109567,4,1,1,1,1,full_screen
2026-07-27 01:06:18,2835,88.9,14.6,109689,4,1,1,1,1,full_screen
2026-07-27 01:06:23,2840,87.4,14.8,109455,4,1,1,1,1,full_screen
2026-07-27 01:06:28,2845,88.3,14.8,109475,4,1,1,1,1,full_screen
2026-07-27 01:06:30,2847,88.3,14.8,109475,4,1,1,1,1,full_screen
2026-07-27 01:06:32,2849,88.3,14.8,109475,4,1,1,1,1,full_screen
2026-07-27 01:06:33,2850,85.7,14.7,109663,4,1,1,1,1,full_screen
2026-07-27 01:06:38,2855,89.1,14.8,109520,4,1,1,1,1,full_screen
2026-07-27 01:06:43,2860,87.4,14.7,109617,4,1,1,1,1,full_screen
2026-07-27 01:06:48,2865,88.3,14.8,109463,4,1,1,1,1,full_screen
2026-07-27 01:06:53,2870,88.8,14.9,109406,4,1,1,1,1,full_screen
2026-07-27 01:06:55,2872,88.8,14.9,109406,4,1,1,1,1,full_screen
2026-07-27 01:06:56,2873,88.8,14.9,109406,4,1,1,1,1,full_screen
2026-07-27 01:06:58,2875,85.9,14.7,109616,4,1,1,1,1,full_screen
2026-07-27 01:07:03,2880,88.2,14.8,109500,4,1,1,1,1,full_screen
2026-07-27 01:07:08,2885,87.1,14.9,109371,4,1,1,1,1,full_screen
2026-07-27 01:07:13,2890,87.7,14.7,109593,4,1,1,1,1,full_screen
2026-07-27 01:07:18,2895,87.5,14.8,109542,4,1,1,1,1,full_screen
2026-07-27 01:07:19,2896,87.5,14.8,109542,4,1,1,1,1,full_screen
2026-07-27 01:07:20,2897,87.5,14.8,109542,4,1,1,1,1,full_screen
2026-07-27 01:07:23,2900,84.8,14.8,109488,4,1,1,1,1,full_screen
2026-07-27 01:07:28,2905,87.0,14.8,109465,4,1,1,1,1,full_screen
2026-07-27 01:07:33,2910,86.9,14.8,109475,4,1,1,1,1,full_screen
2026-07-27 01:07:38,2915,87.3,14.7,109552,4,1,1,1,1,full_screen
2026-07-27 01:07:42,2919,87.3,14.7,109552,4,1,1,1,1,full_screen
2026-07-27 01:07:43,2920,84.2,14.7,109597,4,1,1,1,1,full_screen
2026-07-27 01:07:44,2921,84.2,14.7,109597,4,1,1,1,1,full_screen
2026-07-27 01:07:48,2925,87.4,14.8,109501,4,1,1,1,1,full_screen
2026-07-27 01:07:53,2930,87.4,14.7,109629,4,1,1,1,1,full_screen
2026-07-27 01:07:58,2935,85.9,14.8,109508,4,1,1,1,1,full_screen
2026-07-27 01:08:03,2940,86.8,14.9,109298,4,1,1,1,1,full_screen
2026-07-27 01:08:06,2943,86.8,14.9,109298,4,1,1,1,1,full_screen
2026-07-27 01:08:07,2944,86.8,14.9,109298,4,1,1,1,1,full_screen
2026-07-27 01:08:08,2945,84.2,14.7,109620,4,1,1,1,1,full_screen
2026-07-27 01:08:13,2950,87.3,14.7,109546,4,1,1,1,1,full_screen
2026-07-27 01:08:18,2955,86.1,14.8,109459,4,1,1,1,1,full_screen
2026-07-27 01:08:23,2960,87.7,14.8,109479,4,1,1,1,1,full_screen
2026-07-27 01:08:28,2965,87.0,14.7,109617,4,1,1,1,1,full_screen
2026-07-27 01:08:30,2967,87.0,14.7,109617,4,1,1,1,1,full_screen
2026-07-27 01:08:31,2968,87.0,14.7,109617,4,1,1,1,1,full_screen
2026-07-27 01:08:33,2970,84.7,14.8,109430,4,1,1,1,1,full_screen
2026-07-27 01:08:38,2975,91.8,15.0,109269,4,1,1,1,1,full_screen
2026-07-27 01:08:43,2980,96.2,15.0,109289,4,1,1,1,1,full_screen
2026-07-27 01:08:48,2985,96.3,15.0,109227,4,1,1,1,1,full_screen
2026-07-27 01:08:53,2990,96.8,14.9,109308,4,1,1,1,1,full_screen
2026-07-27 01:08:55,2992,96.8,14.9,109308,4,1,1,1,1,full_screen
2026-07-27 01:08:56,2993,96.8,14.9,109308,4,1,1,1,1,full_screen
2026-07-27 01:08:58,2995,97.3,14.9,109365,4,1,1,1,1,full_screen
2026-07-27 01:09:03,3000,97.0,14.8,109437,4,1,1,1,1,full_screen
2026-07-27 01:09:08,3005,97.1,14.8,109475,4,1,1,1,1,full_screen
2026-07-27 01:09:13,3010,97.0,14.8,109496,4,1,1,1,1,full_screen
2026-07-27 01:09:18,3015,96.9,14.8,109474,4,1,1,1,1,full_screen
2026-07-27 01:09:21,3018,96.9,14.8,109474,4,1,1,1,1,full_screen
2026-07-27 01:09:22,3019,96.9,14.8,109474,4,1,1,1,1,full_screen
2026-07-27 01:09:23,3020,96.9,15.0,109282,4,1,1,1,1,full_screen
2026-07-27 01:09:28,3025,97.2,14.9,109413,4,1,1,1,1,full_screen
2026-07-27 01:09:33,3030,97.4,14.8,109543,4,1,1,1,1,full_screen
2026-07-27 01:09:38,3035,96.9,14.8,109445,4,1,1,1,1,full_screen
2026-07-27 01:09:43,3040,97.2,14.9,109344,4,1,1,1,1,full_screen
2026-07-27 01:09:46,3043,97.2,14.9,109344,4,1,1,1,1,full_screen
2026-07-27 01:09:48,3045,97.0,14.8,109541,4,1,1,1,1,full_screen
2026-07-27 01:09:48,3045,97.0,14.8,109541,4,1,1,1,1,full_screen
2026-07-27 01:09:53,3050,97.1,14.8,109527,4,1,1,1,1,full_screen
2026-07-27 01:09:58,3055,97.1,14.9,109396,4,1,1,1,1,full_screen
2026-07-27 01:10:03,3060,96.8,14.9,109410,4,1,1,1,1,full_screen
2026-07-27 01:10:08,3065,97.1,14.8,109472,4,1,1,1,1,full_screen
2026-07-27 01:10:13,3070,96.7,14.7,109627,4,1,1,1,1,full_screen
2026-07-27 01:10:14,3071,96.7,14.7,109627,4,1,1,1,1,full_screen
2026-07-27 01:10:15,3072,96.7,14.7,109627,4,1,1,1,1,full_screen
2026-07-27 01:10:18,3075,94.1,14.7,109607,4,1,1,1,1,full_screen
2026-07-27 01:10:23,3080,87.2,14.8,109509,4,1,1,1,1,full_screen
2026-07-27 01:10:28,3085,88.1,14.7,109588,4,1,1,1,1,full_screen
2026-07-27 01:10:33,3090,86.6,14.7,109625,4,1,1,1,1,full_screen
2026-07-27 01:10:38,3095,86.6,14.7,109625,4,1,1,1,1,full_screen
2026-07-27 01:10:38,3095,87.5,14.5,109831,4,1,1,1,1,full_screen
2026-07-27 01:10:39,3096,87.5,14.5,109831,4,1,1,1,1,full_screen
2026-07-27 01:10:43,3100,87.4,14.9,109332,4,1,1,1,1,full_screen
2026-07-27 01:10:48,3105,88.1,14.7,109631,4,1,1,1,1,full_screen
2026-07-27 01:10:53,3110,88.2,14.7,109586,4,1,1,1,1,full_screen
2026-07-27 01:10:58,3115,87.3,14.8,109488,4,1,1,1,1,full_screen
2026-07-27 01:11:01,3118,87.3,14.8,109488,4,1,1,1,1,full_screen
2026-07-27 01:11:02,3119,87.3,14.8,109488,4,1,1,1,1,full_screen
2026-07-27 01:11:03,3120,87.8,14.7,109557,4,1,1,1,1,full_screen
2026-07-27 01:11:08,3125,86.8,14.8,109512,4,1,1,1,1,full_screen
2026-07-27 01:11:13,3130,87.8,14.8,109490,4,1,1,1,1,full_screen
2026-07-27 01:11:18,3135,86.1,14.7,109623,4,1,1,1,1,full_screen
2026-07-27 01:11:23,3140,87.1,14.8,109461,4,1,1,1,1,full_screen
2026-07-27 01:11:25,3142,87.1,14.8,109461,4,1,1,1,1,full_screen
2026-07-27 01:11:26,3143,87.1,14.8,109461,4,1,1,1,1,full_screen
2026-07-27 01:11:28,3145,86.8,14.8,109424,4,1,1,1,1,full_screen
2026-07-27 01:11:33,3150,86.9,14.6,109693,4,1,1,1,1,full_screen
2026-07-27 01:11:38,3155,88.1,14.7,109581,4,1,1,1,1,full_screen
2026-07-27 01:11:43,3160,86.4,14.9,109344,4,1,1,1,1,full_screen
2026-07-27 01:11:48,3165,86.7,14.6,109798,4,1,1,1,1,full_screen
2026-07-27 01:11:49,3166,86.7,14.6,109798,4,1,1,1,1,full_screen
2026-07-27 01:11:50,3167,86.7,14.6,109798,4,1,1,1,1,full_screen
2026-07-27 01:11:53,3170,84.3,14.7,109567,4,1,1,1,1,full_screen
2026-07-27 01:11:58,3175,85.7,15.1,109158,4,1,1,1,1,full_screen
2026-07-27 01:12:03,3180,86.5,14.6,109683,4,1,1,1,1,full_screen
2026-07-27 01:12:08,3185,84.9,14.7,109594,4,1,1,1,1,full_screen
2026-07-27 01:12:12,3189,84.9,14.7,109594,4,1,1,1,1,full_screen
2026-07-27 01:12:13,3190,84.9,14.7,109594,4,1,1,1,1,full_screen
2026-07-27 01:12:13,3190,85.8,14.8,109444,4,1,1,1,1,full_screen
2026-07-27 01:12:18,3195,86.2,14.6,109707,4,1,1,1,1,full_screen
2026-07-27 01:12:23,3200,88.0,14.7,109618,4,1,1,1,1,full_screen
2026-07-27 01:12:28,3205,86.5,15.0,109257,4,1,1,1,1,full_screen
2026-07-27 01:12:33,3210,86.0,14.6,109705,4,1,1,1,1,full_screen
2026-07-27 01:12:36,3213,86.0,14.6,109705,4,1,1,1,1,full_screen
2026-07-27 01:12:37,3214,86.0,14.6,109705,4,1,1,1,1,full_screen
2026-07-27 01:12:38,3215,87.0,14.7,109572,4,1,1,1,1,full_screen
2026-07-27 01:12:43,3220,86.6,15.1,109149,4,1,1,1,1,full_screen
2026-07-27 01:12:48,3225,87.6,14.8,109534,4,1,1,1,1,full_screen
2026-07-27 01:12:53,3230,86.3,14.7,109617,4,1,1,1,1,full_screen
2026-07-27 01:12:58,3235,87.2,15.0,109168,4,1,1,1,1,full_screen
2026-07-27 01:13:00,3237,87.2,15.0,109168,4,1,1,1,1,full_screen
2026-07-27 01:13:01,3238,87.2,15.0,109168,4,1,1,1,1,full_screen
2026-07-27 01:13:03,3240,86.5,14.7,109604,4,1,1,1,1,full_screen
2026-07-27 01:13:08,3245,89.2,14.8,109461,4,1,1,1,1,full_screen
2026-07-27 01:13:13,3250,95.6,14.8,109462,4,1,1,1,1,full_screen
2026-07-27 01:13:18,3255,96.0,14.8,109475,4,1,1,1,1,full_screen
2026-07-27 01:13:23,3260,96.7,14.8,109453,4,1,1,1,1,full_screen
2026-07-27 01:13:25,3262,96.7,14.8,109453,4,1,1,1,1,full_screen
2026-07-27 01:13:26,3263,96.7,14.8,109453,4,1,1,1,1,full_screen
2026-07-27 01:13:28,3265,97.1,14.9,109416,4,1,1,1,1,full_screen
2026-07-27 01:13:33,3270,97.2,14.9,109389,4,1,1,1,1,full_screen
2026-07-27 01:13:38,3275,96.9,14.9,109408,4,1,1,1,1,full_screen
2026-07-27 01:13:43,3280,97.1,14.8,109419,4,1,1,1,1,full_screen
2026-07-27 01:13:48,3285,96.8,15.0,109268,4,1,1,1,1,full_screen
2026-07-27 01:13:50,3287,96.8,15.0,109268,4,1,1,1,1,full_screen
2026-07-27 01:13:51,3288,96.8,15.0,109268,4,1,1,1,1,full_screen
2026-07-27 01:13:53,3290,96.7,15.0,109287,4,1,1,1,1,full_screen
2026-07-27 01:13:58,3295,97.5,15.0,109193,4,1,1,1,1,full_screen
2026-07-27 01:14:03,3300,96.7,15.0,109280,4,1,1,1,1,full_screen
2026-07-27 01:14:08,3305,97.2,15.0,109237,4,1,1,1,1,full_screen
2026-07-27 01:14:13,3310,97.3,15.0,109272,4,1,1,1,1,full_screen
2026-07-27 01:14:17,3314,97.3,15.0,109272,4,1,1,1,1,full_screen
2026-07-27 01:14:18,3315,96.9,14.9,109318,4,1,1,1,1,full_screen
2026-07-27 01:14:19,3316,96.9,14.9,109318,4,1,1,1,1,full_screen
2026-07-27 01:14:23,3320,97.1,15.0,109275,4,1,1,1,1,full_screen
2026-07-27 01:14:28,3325,97.1,14.9,109395,4,1,1,1,1,full_screen
2026-07-27 01:14:33,3330,90.8,14.9,109387,4,1,1,1,1,full_screen
2026-07-27 01:14:38,3335,87.2,14.7,109560,4,1,1,1,1,full_screen
2026-07-27 01:14:42,3339,87.2,14.7,109560,4,1,1,1,1,full_screen
2026-07-27 01:14:43,3340,87.2,14.7,109560,4,1,1,1,1,full_screen
2026-07-27 01:14:43,3340,83.9,14.9,109389,4,1,1,1,1,full_screen
2026-07-27 01:14:48,3345,87.7,14.8,109500,4,1,1,1,1,full_screen
2026-07-27 01:14:53,3350,85.9,14.8,109472,4,1,1,1,1,full_screen
2026-07-27 01:14:58,3355,86.8,15.0,109283,4,1,1,1,1,full_screen
2026-07-27 01:15:03,3360,87.6,14.7,109556,4,1,1,1,1,full_screen
2026-07-27 01:15:06,3363,87.6,14.7,109556,4,1,1,1,1,full_screen
2026-07-27 01:15:07,3364,87.6,14.7,109556,4,1,1,1,1,full_screen
2026-07-27 01:15:08,3365,84.5,14.9,109366,4,1,1,1,1,full_screen
2026-07-27 01:15:13,3370,87.7,14.9,109333,4,1,1,1,1,full_screen
2026-07-27 01:15:18,3375,85.8,14.8,109494,4,1,1,1,1,full_screen
2026-07-27 01:15:23,3380,86.9,14.9,109321,4,1,1,1,1,full_screen
2026-07-27 01:15:28,3385,84.9,14.9,109304,4,1,1,1,1,full_screen
2026-07-27 01:15:30,3387,84.9,14.9,109304,4,1,1,1,1,full_screen
2026-07-27 01:15:31,3388,84.9,14.9,109304,4,1,1,1,1,full_screen
2026-07-27 01:15:33,3390,84.6,14.8,109507,4,1,1,1,1,full_screen
2026-07-27 01:15:38,3395,88.0,14.9,109381,4,1,1,1,1,full_screen
2026-07-27 01:15:43,3400,86.1,14.9,109330,4,1,1,1,1,full_screen
2026-07-27 01:15:48,3405,88.4,14.7,109557,4,1,1,1,1,full_screen
2026-07-27 01:15:53,3410,85.3,14.8,109535,4,1,1,1,1,full_screen
2026-07-27 01:15:54,3411,85.3,14.8,109535,4,1,1,1,1,full_screen
2026-07-27 01:15:55,3412,85.3,14.8,109535,4,1,1,1,1,full_screen
2026-07-27 01:15:58,3415,86.6,14.9,109303,4,1,1,1,1,full_screen
2026-07-27 01:16:03,3420,87.3,14.9,109413,4,1,1,1,1,full_screen
2026-07-27 01:16:08,3425,86.7,14.9,109324,4,1,1,1,1,full_screen
2026-07-27 01:16:13,3430,87.3,14.8,109439,4,1,1,1,1,full_screen
2026-07-27 01:16:17,3434,87.3,14.8,109439,4,1,1,1,1,full_screen
2026-07-27 01:16:18,3435,87.3,14.8,109439,4,1,1,1,1,full_screen
2026-07-27 01:16:18,3435,84.3,14.9,109413,4,1,1,1,1,full_screen
2026-07-27 01:16:23,3440,88.8,15.0,109237,4,1,1,1,1,full_screen
2026-07-27 01:16:28,3445,87.8,14.8,109450,4,1,1,1,1,full_screen
2026-07-27 01:16:33,3450,88.4,15.0,109264,4,1,1,1,1,full_screen
2026-07-27 01:16:38,3455,87.2,14.9,109411,4,1,1,1,1,full_screen
2026-07-27 01:16:41,3458,87.2,14.9,109411,4,1,1,1,1,full_screen
2026-07-27 01:16:42,3459,87.2,14.9,109411,4,1,1,1,1,full_screen
2026-07-27 01:16:43,3460,85.8,14.8,109420,4,1,1,1,1,full_screen
2026-07-27 01:16:48,3465,89.7,14.9,109408,4,1,1,1,1,full_screen
2026-07-27 01:16:54,3471,87.5,14.8,109432,4,1,1,1,1,full_screen
2026-07-27 01:16:59,3476,89.0,14.9,109381,4,1,1,1,1,full_screen
2026-07-27 01:17:04,3481,86.6,14.8,109431,4,1,1,1,1,full_screen
2026-07-27 01:17:05,3482,86.6,14.8,109431,4,1,1,1,1,full_screen
2026-07-27 01:17:06,3483,86.6,14.8,109431,4,1,1,1,1,full_screen
2026-07-27 01:17:09,3486,85.0,14.9,109403,4,1,1,1,1,full_screen
2026-07-27 01:17:14,3491,86.4,14.9,109391,4,1,1,1,1,full_screen
2026-07-27 01:17:19,3496,85.4,14.8,109467,4,1,1,1,1,full_screen
2026-07-27 01:17:24,3501,86.9,15.0,109265,4,1,1,1,1,full_screen
2026-07-27 01:17:28,3505,86.9,15.0,109265,4,1,1,1,1,full_screen
2026-07-27 01:17:29,3506,83.1,14.8,109505,4,1,1,1,1,full_screen
2026-07-27 01:17:30,3507,83.1,14.8,109505,4,1,1,1,1,full_screen
2026-07-27 01:17:34,3511,87.5,14.9,109328,4,1,1,1,1,full_screen
2026-07-27 01:17:39,3516,85.1,15.1,109158,4,1,1,1,1,full_screen
2026-07-27 01:17:44,3521,85.9,14.9,109416,4,1,1,1,1,full_screen
2026-07-27 01:17:49,3526,87.4,14.9,109367,4,1,1,1,1,full_screen
2026-07-27 01:17:52,3529,87.4,14.9,109367,4,1,1,1,1,full_screen
2026-07-27 01:17:53,3530,87.4,14.9,109367,4,1,1,1,1,full_screen
2026-07-27 01:17:54,3531,82.6,15.0,109257,4,1,1,1,1,full_screen
2026-07-27 01:17:59,3536,87.1,14.8,109428,4,1,1,1,1,full_screen
2026-07-27 01:18:04,3541,86.5,14.9,109320,4,1,1,1,1,full_screen
2026-07-27 01:18:09,3546,87.8,15.2,108911,4,1,1,1,1,full_screen
2026-07-27 01:18:14,3551,85.6,14.8,109443,4,1,1,1,1,full_screen
2026-07-27 01:18:16,3553,85.6,14.8,109443,4,1,1,1,1,full_screen
2026-07-27 01:18:17,3554,85.6,14.8,109443,4,1,1,1,1,full_screen
2026-07-27 01:18:19,3556,84.0,15.0,109219,4,1,1,1,1,full_screen
2026-07-27 01:18:24,3561,87.4,15.0,109181,4,1,1,1,1,full_screen
2026-07-27 01:18:29,3566,88.5,15.0,109256,4,1,1,1,1,full_screen
2026-07-27 01:18:34,3571,95.4,15.0,109243,4,1,1,1,1,full_screen
2026-07-27 01:18:39,3576,95.9,15.0,109287,4,1,1,1,1,full_screen
2026-07-27 01:18:41,3578,95.9,15.0,109287,4,1,1,1,1,full_screen
2026-07-27 01:18:42,3579,95.9,15.0,109287,4,1,1,1,1,full_screen
2026-07-27 01:18:44,3581,96.5,15.1,109142,4,1,1,1,1,full_screen
2026-07-27 01:18:49,3586,97.1,14.9,109294,4,1,1,1,1,full_screen
2026-07-27 01:18:54,3591,97.0,15.0,109284,4,1,1,1,1,full_screen
2026-07-27 01:18:59,3596,96.9,15.0,109200,4,1,1,1,1,full_screen
2026-07-27 01:19:04,3601,97.0,15.2,108924,4,1,1,1,1,full_screen
2026-07-27 01:19:07,3604,97.0,15.2,108924,4,1,1,1,1,full_screen
2026-07-27 01:19:08,3605,97.0,15.2,108924,4,1,1,1,1,full_screen
2026-07-27 01:19:09,3606,96.8,15.3,108891,4,1,1,1,1,full_screen
2026-07-27 01:19:14,3611,97.0,15.2,108978,4,1,1,1,1,full_screen
2026-07-27 01:19:19,3616,97.2,15.2,108998,4,1,1,1,1,full_screen
2026-07-27 01:19:24,3621,97.1,15.1,109081,4,1,1,1,1,full_screen
2026-07-27 01:19:29,3626,96.8,15.1,109156,4,1,1,1,1,full_screen
2026-07-27 01:19:33,3630,96.8,15.1,109156,4,1,1,1,1,full_screen
2026-07-27 01:19:34,3631,96.5,15.0,109209,4,1,1,1,1,full_screen
2026-07-27 01:19:34,3631,96.5,15.0,109209,4,1,1,1,1,full_screen
2026-07-27 01:19:39,3636,97.1,15.0,109241,4,1,1,1,1,full_screen
2026-07-27 01:19:44,3641,96.7,15.1,109145,4,1,1,1,1,full_screen
2026-07-27 01:19:49,3646,96.7,15.1,109151,4,1,1,1,1,full_screen
2026-07-27 01:19:54,3651,96.8,15.0,109184,4,1,1,1,1,full_screen
2026-07-27 01:19:59,3656,96.7,14.8,109454,4,1,1,1,1,full_screen
2026-07-27 01:19:59,3656,96.7,14.8,109454,4,1,1,1,1,full_screen
2026-07-27 01:20:00,3657,96.7,14.8,109454,4,1,1,1,1,full_screen
2026-07-27 01:20:04,3661,97.0,15.0,109253,4,1,1,1,1,full_screen
2026-07-27 01:20:09,3666,96.8,15.1,109122,4,1,1,1,1,full_screen
2026-07-27 01:20:14,3671,96.9,15.1,109063,4,1,1,1,1,full_screen
2026-07-27 01:20:19,3676,97.3,15.1,109148,4,1,1,1,1,full_screen
2026-07-27 01:20:24,3681,97.2,15.3,108900,4,1,1,1,1,full_screen
2026-07-27 01:20:25,3682,97.2,15.3,108900,4,1,1,1,1,full_screen
2026-07-27 01:20:26,3683,97.2,15.3,108900,4,1,1,1,1,full_screen
2026-07-27 01:20:29,3686,97.0,15.2,108957,4,1,1,1,1,full_screen
2026-07-27 01:20:34,3691,96.7,15.2,108929,4,1,1,1,1,full_screen
2026-07-27 01:20:39,3696,96.7,15.1,109085,4,1,1,1,1,full_screen
2026-07-27 01:20:44,3701,96.8,15.1,109092,4,1,1,1,1,full_screen
2026-07-27 01:20:49,3706,96.7,15.1,109136,4,1,1,1,1,full_screen
2026-07-27 01:20:52,3709,96.7,15.1,109136,4,1,1,1,1,full_screen
2026-07-27 01:20:53,3710,96.7,15.1,109136,4,1,1,1,1,full_screen
2026-07-27 01:20:54,3711,96.8,15.0,109170,4,1,1,1,1,full_screen
2026-07-27 01:20:59,3716,97.0,15.1,109075,4,1,1,1,1,full_screen
2026-07-27 01:21:04,3721,96.7,15.0,109168,4,1,1,1,1,full_screen
2026-07-27 01:21:09,3726,96.7,15.0,109230,4,1,1,1,1,full_screen
2026-07-27 01:21:14,3731,87.3,15.1,109106,4,1,1,1,1,full_screen
2026-07-27 01:21:17,3734,87.3,15.1,109106,4,1,1,1,1,full_screen
2026-07-27 01:21:18,3735,87.3,15.1,109106,4,1,1,1,1,full_screen
2026-07-27 01:21:19,3736,84.7,14.9,109308,4,1,1,1,1,full_screen
2026-07-27 01:21:24,3741,87.0,14.9,109388,4,1,1,1,1,full_screen
2026-07-27 01:21:29,3746,86.9,15.1,109125,4,1,1,1,1,full_screen
2026-07-27 01:21:34,3751,87.2,15.2,109016,4,1,1,1,1,full_screen
2026-07-27 01:21:39,3756,86.6,14.9,109304,4,1,1,1,1,full_screen
2026-07-27 01:21:40,3757,86.6,14.9,109304,4,1,1,1,1,full_screen
2026-07-27 01:21:41,3758,86.6,14.9,109304,4,1,1,1,1,full_screen
2026-07-27 01:21:44,3761,84.0,15.1,109091,4,1,1,1,1,full_screen
2026-07-27 01:21:49,3766,87.2,15.0,109286,4,1,1,1,1,full_screen
2026-07-27 01:21:54,3771,85.7,14.9,109372,4,1,1,1,1,full_screen
2026-07-27 01:21:59,3776,87.6,15.1,109075,4,1,1,1,1,full_screen
2026-07-27 01:22:04,3781,87.6,15.1,109075,4,1,1,1,1,full_screen
2026-07-27 01:22:04,3781,85.0,15.0,109280,4,1,1,1,1,full_screen
2026-07-27 01:22:05,3782,85.0,15.0,109280,4,1,1,1,1,full_screen
2026-07-27 01:22:09,3786,86.8,15.0,109272,4,1,1,1,1,full_screen
2026-07-27 01:22:14,3791,88.6,15.0,109216,4,1,1,1,1,full_screen
2026-07-27 01:22:19,3796,87.0,15.2,108988,4,1,1,1,1,full_screen
2026-07-27 01:22:24,3801,87.5,15.1,109136,4,1,1,1,1,full_screen
2026-07-27 01:22:28,3805,87.5,15.1,109136,4,1,1,1,1,full_screen
2026-07-27 01:22:29,3806,87.5,15.1,109136,4,1,1,1,1,full_screen
2026-07-27 01:22:29,3806,85.2,15.0,109259,4,1,1,1,1,full_screen
2026-07-27 01:22:34,3811,86.7,15.2,109004,4,1,1,1,1,full_screen
2026-07-27 01:22:39,3816,86.7,15.0,109268,4,1,1,1,1,full_screen
2026-07-27 01:22:44,3821,86.9,15.1,109085,4,1,1,1,1,full_screen
2026-07-27 01:22:49,3826,87.3,15.1,109152,4,1,1,1,1,full_screen
2026-07-27 01:22:51,3828,87.3,15.1,109152,4,1,1,1,1,full_screen
2026-07-27 01:22:52,3829,87.3,15.1,109152,4,1,1,1,1,full_screen
2026-07-27 01:22:54,3831,85.5,15.0,109221,4,1,1,1,1,full_screen
2026-07-27 01:22:59,3836,88.2,15.0,109273,4,1,1,1,1,full_screen
2026-07-27 01:23:04,3841,87.0,15.1,109097,4,1,1,1,1,full_screen
2026-07-27 01:23:09,3846,87.6,15.1,109156,4,1,1,1,1,full_screen
2026-07-27 01:23:14,3851,86.8,14.9,109294,4,1,1,1,1,full_screen
2026-07-27 01:23:15,3852,86.8,14.9,109294,4,1,1,1,1,full_screen
2026-07-27 01:23:16,3853,86.8,14.9,109294,4,1,1,1,1,full_screen
2026-07-27 01:23:19,3856,85.3,15.1,109052,4,1,1,1,1,full_screen
2026-07-27 01:23:24,3861,88.0,15.1,109137,4,1,1,1,1,full_screen
2026-07-27 01:23:29,3866,87.6,14.9,109314,4,1,1,1,1,full_screen
2026-07-27 01:23:34,3871,88.2,15.2,109006,4,1,1,1,1,full_screen
2026-07-27 01:23:39,3876,87.1,14.9,109321,4,1,1,1,1,full_screen
2026-07-27 01:23:39,3876,87.1,14.9,109321,4,1,1,1,1,full_screen
2026-07-27 01:23:40,3877,87.1,14.9,109321,4,1,1,1,1,full_screen
2026-07-27 01:23:44,3881,88.6,15.0,109209,4,1,1,1,1,full_screen
2026-07-27 01:23:49,3886,89.7,15.0,109170,4,1,1,1,1,full_screen
2026-07-27 01:23:54,3891,89.5,15.2,108991,4,1,1,1,1,full_screen
2026-07-27 01:23:59,3896,90.7,15.1,109121,4,1,1,1,1,full_screen
2026-07-27 01:24:03,3900,90.7,15.1,109121,4,1,1,1,1,full_screen
2026-07-27 01:24:04,3901,87.0,15.0,109253,4,1,1,1,1,full_screen
2026-07-27 01:24:04,3901,87.0,15.0,109253,4,1,1,1,1,full_screen
2026-07-27 01:24:09,3906,90.0,15.0,109197,4,1,1,1,1,full_screen
2026-07-27 01:24:14,3911,86.5,15.2,109020,4,1,1,1,1,full_screen
2026-07-27 01:24:19,3916,87.2,15.2,108968,4,1,1,1,1,full_screen
2026-07-27 01:24:24,3921,87.9,15.1,109093,4,1,1,1,1,full_screen
2026-07-27 01:24:27,3924,87.9,15.1,109093,4,1,1,1,1,full_screen
2026-07-27 01:24:28,3925,87.9,15.1,109093,4,1,1,1,1,full_screen
2026-07-27 01:24:29,3926,86.4,15.1,109084,4,1,1,1,1,full_screen
2026-07-27 01:24:34,3931,89.1,15.3,108895,4,1,1,1,1,full_screen
2026-07-27 01:24:39,3936,86.5,15.1,109149,4,1,1,1,1,full_screen
2026-07-27 01:24:44,3941,87.2,15.1,109114,4,1,1,1,1,full_screen
2026-07-27 01:24:49,3946,86.8,15.2,108937,4,1,1,1,1,full_screen
2026-07-27 01:24:50,3947,86.8,15.2,108937,4,1,1,1,1,full_screen
2026-07-27 01:24:52,3949,86.8,15.2,108937,4,1,1,1,1,full_screen
2026-07-27 01:24:54,3951,86.2,15.0,109189,4,1,1,1,1,full_screen
2026-07-27 01:24:59,3956,88.7,15.1,109122,4,1,1,1,1,full_screen
2026-07-27 01:25:04,3961,87.5,15.2,108937,4,1,1,1,1,full_screen
2026-07-27 01:25:09,3966,87.9,15.1,109083,4,1,1,1,1,full_screen
2026-07-27 01:25:14,3971,85.6,14.9,109311,4,1,1,1,1,full_screen
2026-07-27 01:25:14,3971,85.6,14.9,109311,4,1,1,1,1,full_screen
2026-07-27 01:25:15,3972,85.6,14.9,109311,4,1,1,1,1,full_screen
2026-07-27 01:25:19,3976,87.7,15.2,108935,4,1,1,1,1,full_screen
2026-07-27 01:25:24,3981,88.9,15.2,108989,4,1,1,1,1,full_screen
2026-07-27 01:25:29,3986,87.5,15.2,108993,4,1,1,1,1,full_screen
2026-07-27 01:25:34,3991,89.6,15.2,108994,4,1,1,1,1,full_screen
2026-07-27 01:25:38,3995,89.6,15.2,108994,4,1,1,1,1,full_screen
2026-07-27 01:25:39,3996,87.4,15.1,109059,4,1,1,1,1,full_screen
2026-07-27 01:25:39,3996,87.4,15.1,109059,4,1,1,1,1,full_screen
2026-07-27 01:25:44,4001,89.2,15.1,109062,4,1,1,1,1,full_screen
2026-07-27 01:25:49,4006,88.2,15.3,108866,4,1,1,1,1,full_screen
2026-07-27 01:25:54,4011,88.0,15.2,108971,4,1,1,1,1,full_screen
2026-07-27 01:25:59,4016,88.5,15.2,108923,4,1,1,1,1,full_screen
2026-07-27 01:26:03,4020,88.5,15.2,108923,4,1,1,1,1,full_screen
2026-07-27 01:26:04,4021,88.5,15.2,108923,4,1,1,1,1,full_screen
2026-07-27 01:26:04,4021,85.6,15.3,108777,4,1,1,1,1,full_screen
2026-07-27 01:26:09,4026,88.4,15.1,109085,4,1,1,1,1,full_screen
2026-07-27 01:26:14,4031,86.7,15.3,108775,4,1,1,1,1,full_screen
2026-07-27 01:26:19,4036,86.2,15.3,108781,4,1,1,1,1,full_screen
2026-07-27 01:26:24,4041,85.5,15.2,108981,4,1,1,1,1,full_screen
2026-07-27 01:26:27,4044,85.5,15.2,108981,4,1,1,1,1,full_screen
2026-07-27 01:26:28,4045,85.5,15.2,108981,4,1,1,1,1,full_screen
2026-07-27 01:26:29,4046,84.4,15.4,108750,4,1,1,1,1,full_screen
2026-07-27 01:26:34,4051,86.9,15.3,108836,4,1,1,1,1,full_screen
2026-07-27 01:26:39,4056,85.3,15.2,108911,4,1,1,1,1,full_screen
2026-07-27 01:26:44,4061,86.1,15.4,108721,4,1,1,1,1,full_screen
2026-07-27 01:26:49,4066,83.5,15.0,109176,4,1,1,1,1,full_screen
2026-07-27 01:26:50,4067,83.5,15.0,109176,4,1,1,1,1,full_screen
2026-07-27 01:26:51,4068,83.5,15.0,109176,4,1,1,1,1,full_screen
2026-07-27 01:26:54,4071,85.1,15.3,108895,4,1,1,1,1,full_screen
2026-07-27 01:26:59,4076,85.2,15.3,108777,4,1,1,1,1,full_screen
2026-07-27 01:27:04,4081,85.2,15.3,108826,4,1,1,1,1,full_screen
2026-07-27 01:27:09,4086,86.1,15.3,108803,4,1,1,1,1,full_screen
2026-07-27 01:27:14,4091,86.1,15.3,108803,4,1,1,1,1,full_screen
2026-07-27 01:27:14,4091,82.6,15.2,108927,4,1,1,1,1,full_screen
2026-07-27 01:27:15,4092,82.6,15.2,108927,4,1,1,1,1,full_screen
2026-07-27 01:27:19,4096,86.5,15.2,109023,4,1,1,1,1,full_screen
2026-07-27 01:27:24,4101,85.8,15.3,108789,4,1,1,1,1,full_screen
2026-07-27 01:27:29,4106,86.3,15.3,108795,4,1,1,1,1,full_screen
2026-07-27 01:27:34,4111,85.0,15.2,109018,4,1,1,1,1,full_screen
2026-07-27 01:27:37,4114,85.0,15.2,109018,4,1,1,1,1,full_screen
2026-07-27 01:27:38,4115,85.0,15.2,109018,4,1,1,1,1,full_screen
2026-07-27 01:27:39,4116,83.6,15.3,108881,4,1,1,1,1,full_screen
2026-07-27 01:27:44,4121,87.2,15.3,108881,4,1,1,1,1,full_screen
2026-07-27 01:27:49,4126,87.4,15.3,108832,4,1,1,1,1,full_screen
2026-07-27 01:27:54,4131,87.8,15.2,108928,4,1,1,1,1,full_screen
2026-07-27 01:27:59,4136,86.5,15.4,108692,4,1,1,1,1,full_screen
2026-07-27 01:28:01,4138,86.5,15.4,108692,4,1,1,1,1,full_screen
2026-07-27 01:28:02,4139,86.5,15.4,108692,4,1,1,1,1,full_screen
2026-07-27 01:28:04,4141,87.3,15.2,108917,4,1,1,1,1,full_screen
2026-07-27 01:28:09,4146,88.0,15.3,108813,4,1,1,1,1,full_screen
2026-07-27 01:28:14,4151,87.8,15.3,108881,4,1,1,1,1,full_screen
2026-07-27 01:28:19,4156,89.7,15.2,108925,4,1,1,1,1,full_screen
2026-07-27 01:28:24,4161,89.7,15.2,108925,4,1,1,1,1,full_screen
2026-07-27 01:28:24,4161,86.1,15.1,109100,4,1,1,1,1,full_screen
2026-07-27 01:28:25,4162,86.1,15.1,109100,4,1,1,1,1,full_screen
2026-07-27 01:28:29,4166,87.9,15.2,108981,4,1,1,1,1,full_screen
2026-07-27 01:28:34,4171,86.9,15.3,108777,4,1,1,1,1,full_screen
2026-07-27 01:28:40,4177,86.9,15.2,108934,4,1,1,1,1,full_screen
2026-07-27 01:28:45,4182,86.7,15.2,108934,4,1,1,1,1,full_screen
2026-07-27 01:28:48,4185,86.7,15.2,108934,4,1,1,1,1,full_screen
2026-07-27 01:28:49,4186,86.7,15.2,108934,4,1,1,1,1,full_screen
2026-07-27 01:28:50,4187,84.1,15.4,108750,4,1,1,1,1,full_screen
2026-07-27 01:28:55,4192,87.9,15.3,108877,4,1,1,1,1,full_screen
2026-07-27 01:29:00,4197,86.6,15.2,108917,4,1,1,1,1,full_screen
2026-07-27 01:29:05,4202,88.3,15.3,108863,4,1,1,1,1,full_screen
2026-07-27 01:29:10,4207,86.3,15.3,108836,4,1,1,1,1,full_screen
2026-07-27 01:29:12,4209,86.3,15.3,108836,4,1,1,1,1,full_screen
2026-07-27 01:29:13,4210,86.3,15.3,108836,4,1,1,1,1,full_screen
2026-07-27 01:29:15,4212,84.9,15.1,109060,4,1,1,1,1,full_screen
2026-07-27 01:29:20,4217,88.5,15.2,108912,4,1,1,1,1,full_screen
2026-07-27 01:29:25,4222,88.2,15.3,108872,4,1,1,1,1,full_screen
2026-07-27 01:29:30,4227,89.3,15.3,108845,4,1,1,1,1,full_screen
2026-07-27 01:29:35,4232,87.1,15.1,109050,4,1,1,1,1,full_screen
2026-07-27 01:29:35,4232,87.1,15.1,109050,4,1,1,1,1,full_screen
2026-07-27 01:29:36,4233,87.1,15.1,109050,4,1,1,1,1,full_screen
2026-07-27 01:29:40,4237,87.8,15.3,108794,4,1,1,1,1,full_screen
2026-07-27 01:29:45,4242,89.1,15.3,108777,4,1,1,1,1,full_screen
2026-07-27 01:29:50,4247,86.6,15.2,109005,4,1,1,1,1,full_screen
2026-07-27 01:29:55,4252,90.2,15.2,108994,4,1,1,1,1,full_screen
2026-07-27 01:29:59,4256,90.2,15.2,108994,4,1,1,1,1,full_screen
2026-07-27 01:30:00,4257,88.2,15.2,109021,4,1,1,1,1,full_screen
2026-07-27 01:30:00,4257,88.2,15.2,109021,4,1,1,1,1,full_screen
2026-07-27 01:30:05,4262,89.5,15.5,108614,4,1,1,1,1,full_screen
2026-07-27 01:30:10,4267,88.0,15.2,108996,4,1,1,1,1,full_screen
2026-07-27 01:30:15,4272,88.5,15.2,109021,4,1,1,1,1,full_screen
2026-07-27 01:30:20,4277,88.2,15.3,108845,4,1,1,1,1,full_screen
2026-07-27 01:30:23,4280,88.2,15.3,108845,4,1,1,1,1,full_screen
2026-07-27 01:30:24,4281,88.2,15.3,108845,4,1,1,1,1,full_screen
2026-07-27 01:30:25,4282,84.9,15.3,108885,4,1,1,1,1,full_screen
2026-07-27 01:30:30,4287,88.8,15.2,108944,4,1,1,1,1,full_screen
2026-07-27 01:30:35,4292,87.8,15.2,108946,4,1,1,1,1,full_screen
2026-07-27 01:30:40,4297,88.7,15.5,108630,4,1,1,1,1,full_screen
2026-07-27 01:30:45,4302,86.9,15.2,108961,4,1,1,1,1,full_screen
2026-07-27 01:30:47,4304,86.9,15.2,108961,4,1,1,1,1,full_screen
2026-07-27 01:30:48,4305,86.9,15.2,108961,4,1,1,1,1,full_screen
2026-07-27 01:30:50,4307,85.0,15.3,108886,4,1,1,1,1,full_screen
2026-07-27 01:30:55,4312,88.0,15.5,108639,4,1,1,1,1,full_screen
2026-07-27 01:31:00,4317,86.1,15.3,108863,4,1,1,1,1,full_screen
2026-07-27 01:31:05,4322,88.8,15.2,108974,4,1,1,1,1,full_screen
2026-07-27 01:31:10,4327,85.5,15.5,108589,4,1,1,1,1,full_screen
2026-07-27 01:31:10,4327,85.5,15.5,108589,4,1,1,1,1,full_screen
2026-07-27 01:31:11,4328,85.5,15.5,108589,4,1,1,1,1,full_screen
2026-07-27 01:31:15,4332,85.1,15.4,108662,4,1,1,1,1,full_screen
2026-07-27 01:31:20,4337,86.7,15.2,108915,4,1,1,1,1,full_screen
2026-07-27 01:31:25,4342,87.0,15.4,108709,4,1,1,1,1,full_screen
2026-07-27 01:31:30,4347,86.7,15.3,108775,4,1,1,1,1,full_screen
2026-07-27 01:31:34,4351,86.7,15.3,108775,4,1,1,1,1,full_screen
2026-07-27 01:31:35,4352,84.7,15.1,109047,4,1,1,1,1,full_screen
2026-07-27 01:31:35,4352,84.7,15.1,109047,4,1,1,1,1,full_screen
2026-07-27 01:31:40,4357,88.4,15.3,108802,4,1,1,1,1,full_screen
2026-07-27 01:31:45,4362,88.5,15.3,108851,4,1,1,1,1,full_screen
2026-07-27 01:31:50,4367,90.0,15.3,108807,4,1,1,1,1,full_screen
2026-07-27 01:31:55,4372,90.0,15.4,108696,4,1,1,1,1,full_screen
2026-07-27 01:31:58,4375,90.0,15.4,108696,4,1,1,1,1,full_screen
2026-07-27 01:31:59,4376,90.0,15.4,108696,4,1,1,1,1,full_screen
2026-07-27 01:32:00,4377,87.8,15.3,108800,4,1,1,1,1,full_screen
2026-07-27 01:32:05,4382,89.4,15.3,108805,4,1,1,1,1,full_screen
2026-07-27 01:32:10,4387,87.9,15.4,108709,4,1,1,1,1,full_screen
2026-07-27 01:32:15,4392,88.9,15.4,108723,4,1,1,1,1,full_screen
2026-07-27 01:32:20,4397,86.6,15.3,108842,4,1,1,1,1,full_screen
2026-07-27 01:32:23,4400,86.6,15.3,108842,4,1,1,1,1,full_screen
2026-07-27 01:32:24,4401,86.6,15.3,108842,4,1,1,1,1,full_screen
2026-07-27 01:32:25,4402,86.4,15.3,108841,4,1,1,1,1,full_screen
2026-07-27 01:32:30,4407,88.6,15.3,108812,4,1,1,1,1,full_screen
2026-07-27 01:32:35,4412,87.2,15.3,108902,4,1,1,1,1,full_screen
2026-07-27 01:32:40,4417,88.3,15.3,108783,4,1,1,1,1,full_screen
2026-07-27 01:32:45,4422,86.0,15.3,108843,4,1,1,1,1,full_screen
2026-07-27 01:32:46,4423,86.0,15.3,108843,4,1,1,1,1,full_screen
2026-07-27 01:32:48,4425,86.0,15.3,108843,4,1,1,1,1,full_screen
2026-07-27 01:32:50,4427,86.6,15.4,108750,4,1,1,1,1,full_screen
2026-07-27 01:32:55,4432,86.7,15.4,108756,4,1,1,1,1,full_screen
2026-07-27 01:33:00,4437,86.1,15.3,108817,4,1,1,1,1,full_screen
2026-07-27 01:33:05,4442,86.9,15.3,108806,4,1,1,1,1,full_screen
2026-07-27 01:33:10,4447,86.9,15.3,108806,4,1,1,1,1,full_screen
2026-07-27 01:33:10,4447,83.4,15.2,108919,4,1,1,1,1,full_screen
2026-07-27 01:33:11,4448,83.4,15.2,108919,4,1,1,1,1,full_screen
2026-07-27 01:33:15,4452,84.8,15.3,108863,4,1,1,1,1,full_screen
2026-07-27 01:33:20,4457,84.7,15.3,108822,4,1,1,1,1,full_screen
2026-07-27 01:33:25,4462,86.3,15.4,108726,4,1,1,1,1,full_screen
2026-07-27 01:33:30,4467,85.5,15.4,108724,4,1,1,1,1,full_screen
2026-07-27 01:33:34,4471,85.5,15.4,108724,4,1,1,1,1,full_screen
2026-07-27 01:33:35,4472,85.5,15.4,108724,4,1,1,1,1,full_screen
2026-07-27 01:33:35,4472,84.5,15.4,108728,4,1,1,1,1,full_screen
2026-07-27 01:33:40,4477,87.6,15.4,108718,4,1,1,1,1,full_screen
2026-07-27 01:33:45,4482,86.4,15.3,108810,4,1,1,1,1,full_screen
2026-07-27 01:33:50,4487,87.8,15.2,108935,4,1,1,1,1,full_screen
2026-07-27 01:33:55,4492,85.9,15.4,108714,4,1,1,1,1,full_screen
2026-07-27 01:33:57,4494,85.9,15.4,108714,4,1,1,1,1,full_screen
2026-07-27 01:33:58,4495,85.9,15.4,108714,4,1,1,1,1,full_screen
2026-07-27 01:34:00,4497,85.9,15.3,108789,4,1,1,1,1,full_screen
2026-07-27 01:34:05,4502,88.6,15.3,108877,4,1,1,1,1,full_screen
2026-07-27 01:34:10,4507,87.2,15.5,108627,4,1,1,1,1,full_screen
2026-07-27 01:34:15,4512,88.4,15.3,108819,4,1,1,1,1,full_screen
2026-07-27 01:34:20,4517,85.8,15.1,109133,4,1,1,1,1,full_screen
2026-07-27 01:34:21,4518,85.8,15.1,109133,4,1,1,1,1,full_screen
2026-07-27 01:34:22,4519,85.8,15.1,109133,4,1,1,1,1,full_screen
2026-07-27 01:34:25,4522,90.9,15.4,108716,4,1,1,1,1,full_screen
2026-07-27 01:34:30,4527,96.4,15.5,108639,4,1,1,1,1,full_screen
2026-07-27 01:34:35,4532,96.4,15.4,108677,4,1,1,1,1,full_screen
2026-07-27 01:34:40,4537,97.4,15.4,108745,4,1,1,1,1,full_screen
2026-07-27 01:34:45,4542,97.0,15.4,108741,4,1,1,1,1,full_screen
2026-07-27 01:34:46,4543,97.0,15.4,108741,4,1,1,1,1,full_screen
2026-07-27 01:34:47,4544,97.0,15.4,108741,4,1,1,1,1,full_screen
2026-07-27 01:34:50,4547,96.9,15.4,108659,4,1,1,1,1,full_screen
2026-07-27 01:34:55,4552,97.1,15.4,108721,4,1,1,1,1,full_screen
2026-07-27 01:35:00,4557,97.3,15.6,108510,4,1,1,1,1,full_screen
2026-07-27 01:35:05,4562,97.3,15.4,108662,4,1,1,1,1,full_screen
2026-07-27 01:35:10,4567,97.0,15.4,108711,4,1,1,1,1,full_screen
2026-07-27 01:35:12,4569,97.0,15.4,108711,4,1,1,1,1,full_screen
2026-07-27 01:35:13,4570,97.0,15.4,108711,4,1,1,1,1,full_screen
2026-07-27 01:35:15,4572,96.9,15.4,108740,4,1,1,1,1,full_screen
2026-07-27 01:35:20,4577,97.0,15.4,108670,4,1,1,1,1,full_screen
2026-07-27 01:35:25,4582,97.2,15.5,108587,4,1,1,1,1,full_screen
2026-07-27 01:35:30,4587,96.9,15.4,108705,4,1,1,1,1,full_screen
2026-07-27 01:35:35,4592,97.2,15.4,108769,4,1,1,1,1,full_screen
2026-07-27 01:35:38,4595,97.2,15.4,108769,4,1,1,1,1,full_screen
2026-07-27 01:35:40,4597,97.2,15.4,108769,4,1,1,1,1,full_screen
2026-07-27 01:35:40,4597,96.4,15.4,108770,4,1,1,1,1,full_screen
2026-07-27 01:35:45,4602,97.1,15.4,108666,4,1,1,1,1,full_screen
2026-07-27 01:35:50,4607,96.7,15.5,108562,4,1,1,1,1,full_screen
2026-07-27 01:35:55,4612,96.7,15.4,108690,4,1,1,1,1,full_screen
2026-07-27 01:36:00,4617,97.3,15.4,108755,4,1,1,1,1,full_screen
2026-07-27 01:36:05,4622,97.3,15.4,108755,4,1,1,1,1,full_screen
2026-07-27 01:36:05,4622,97.3,15.3,108777,4,1,1,1,1,full_screen
2026-07-27 01:36:06,4623,97.3,15.3,108777,4,1,1,1,1,full_screen
2026-07-27 01:36:10,4627,88.4,15.3,108842,4,1,1,1,1,full_screen
2026-07-27 01:36:15,4632,88.4,15.5,108643,4,1,1,1,1,full_screen
2026-07-27 01:36:20,4637,87.5,15.3,108808,4,1,1,1,1,full_screen
2026-07-27 01:36:25,4642,87.9,15.5,108605,4,1,1,1,1,full_screen
2026-07-27 01:36:28,4645,87.9,15.5,108605,4,1,1,1,1,full_screen
2026-07-27 01:36:29,4646,87.9,15.5,108605,4,1,1,1,1,full_screen
2026-07-27 01:36:30,4647,87.6,15.3,108790,4,1,1,1,1,full_screen
2026-07-27 01:36:35,4652,87.7,15.4,108742,4,1,1,1,1,full_screen
2026-07-27 01:36:40,4657,89.0,15.4,108692,4,1,1,1,1,full_screen
2026-07-27 01:36:45,4662,88.3,15.4,108655,4,1,1,1,1,full_screen
2026-07-27 01:36:50,4667,88.9,15.4,108714,4,1,1,1,1,full_screen
2026-07-27 01:36:52,4669,88.9,15.4,108714,4,1,1,1,1,full_screen
2026-07-27 01:36:53,4670,88.9,15.4,108714,4,1,1,1,1,full_screen
2026-07-27 01:36:55,4672,87.1,15.4,108742,4,1,1,1,1,full_screen
2026-07-27 01:37:00,4677,87.2,15.5,108630,4,1,1,1,1,full_screen
2026-07-27 01:37:05,4682,88.8,15.3,108790,4,1,1,1,1,full_screen
2026-07-27 01:37:10,4687,88.0,15.4,108772,4,1,1,1,1,full_screen
2026-07-27 01:37:15,4692,88.1,15.4,108681,4,1,1,1,1,full_screen
2026-07-27 01:37:16,4693,88.1,15.4,108681,4,1,1,1,1,full_screen
2026-07-27 01:37:17,4694,88.1,15.4,108681,4,1,1,1,1,full_screen
2026-07-27 01:37:20,4697,85.8,15.5,108638,4,1,1,1,1,full_screen
2026-07-27 01:37:25,4702,87.6,15.3,108829,4,1,1,1,1,full_screen
2026-07-27 01:37:30,4707,86.5,15.4,108682,4,1,1,1,1,full_screen
2026-07-27 01:37:35,4712,85.8,15.6,108490,4,1,1,1,1,full_screen
2026-07-27 01:37:40,4717,85.8,15.6,108490,4,1,1,1,1,full_screen
2026-07-27 01:37:40,4717,85.5,15.2,109020,4,1,1,1,1,full_screen
2026-07-27 01:37:41,4718,85.5,15.2,109020,4,1,1,1,1,full_screen
2026-07-27 01:37:45,4722,85.4,15.6,108494,4,1,1,1,1,full_screen
2026-07-27 01:37:50,4727,87.6,15.4,108701,4,1,1,1,1,full_screen
2026-07-27 01:37:55,4732,85.9,15.3,108894,4,1,1,1,1,full_screen
2026-07-27 01:38:00,4737,86.2,15.5,108586,4,1,1,1,1,full_screen
2026-07-27 01:38:03,4740,86.2,15.5,108586,4,1,1,1,1,full_screen
2026-07-27 01:38:04,4741,86.2,15.5,108586,4,1,1,1,1,full_screen
2026-07-27 01:38:05,4742,85.5,15.4,108747,4,1,1,1,1,full_screen
2026-07-27 01:38:10,4747,87.5,15.3,108882,4,1,1,1,1,full_screen
2026-07-27 01:38:15,4752,88.4,15.4,108656,4,1,1,1,1,full_screen
2026-07-27 01:38:20,4757,86.7,15.4,108652,4,1,1,1,1,full_screen
2026-07-27 01:38:25,4762,87.6,15.4,108697,4,1,1,1,1,full_screen
2026-07-27 01:38:27,4764,87.6,15.4,108697,4,1,1,1,1,full_screen
2026-07-27 01:38:28,4765,87.6,15.4,108697,4,1,1,1,1,full_screen
2026-07-27 01:38:30,4767,85.2,15.4,108766,4,1,1,1,1,full_screen
2026-07-27 01:38:35,4772,87.4,15.4,108675,4,1,1,1,1,full_screen
2026-07-27 01:38:40,4777,87.1,15.3,108788,4,1,1,1,1,full_screen
2026-07-27 01:38:45,4782,86.2,15.5,108634,4,1,1,1,1,full_screen
2026-07-27 01:38:50,4787,86.2,15.5,108634,4,1,1,1,1,full_screen
2026-07-27 01:38:50,4787,86.9,15.3,108897,4,1,1,1,1,full_screen
2026-07-27 01:38:52,4789,86.9,15.3,108897,4,1,1,1,1,full_screen
2026-07-27 01:38:55,4792,91.3,15.6,108490,4,1,1,1,1,full_screen
2026-07-27 01:39:00,4797,96.5,15.6,108509,4,1,1,1,1,full_screen
2026-07-27 01:39:05,4802,96.2,15.6,108501,4,1,1,1,1,full_screen
2026-07-27 01:39:10,4807,97.0,15.5,108551,4,1,1,1,1,full_screen
2026-07-27 01:39:15,4812,97.2,15.5,108581,4,1,1,1,1,full_screen
2026-07-27 01:39:16,4813,97.2,15.5,108581,4,1,1,1,1,full_screen
2026-07-27 01:39:18,4815,97.2,15.5,108581,4,1,1,1,1,full_screen
2026-07-27 01:39:20,4817,96.6,15.5,108601,4,1,1,1,1,full_screen
2026-07-27 01:39:25,4822,97.0,15.5,108578,4,1,1,1,1,full_screen
2026-07-27 01:39:30,4827,96.6,15.5,108642,4,1,1,1,1,full_screen
2026-07-27 01:39:35,4832,96.9,15.5,108613,4,1,1,1,1,full_screen
2026-07-27 01:39:40,4837,96.8,15.4,108729,4,1,1,1,1,full_screen
2026-07-27 01:39:43,4840,96.8,15.4,108729,4,1,1,1,1,full_screen
2026-07-27 01:39:44,4841,96.8,15.4,108729,4,1,1,1,1,full_screen
2026-07-27 01:39:45,4842,96.3,15.4,108722,4,1,1,1,1,full_screen
2026-07-27 01:39:50,4847,96.4,15.4,108712,4,1,1,1,1,full_screen
2026-07-27 01:39:55,4852,96.8,15.5,108563,4,1,1,1,1,full_screen
2026-07-27 01:40:00,4857,97.1,15.6,108408,4,1,1,1,1,full_screen
2026-07-27 01:40:06,4863,96.9,15.7,108310,4,1,1,1,1,full_screen
2026-07-27 01:40:09,4866,96.9,15.7,108310,4,1,1,1,1,full_screen
2026-07-27 01:40:10,4867,96.9,15.7,108310,4,1,1,1,1,full_screen
2026-07-27 01:40:11,4868,96.6,15.7,108337,4,1,1,1,1,full_screen
2026-07-27 01:40:16,4873,96.4,15.6,108401,4,1,1,1,1,full_screen
2026-07-27 01:40:21,4878,96.7,15.6,108445,4,1,1,1,1,full_screen
2026-07-27 01:40:26,4883,96.7,15.5,108570,4,1,1,1,1,full_screen
2026-07-27 01:40:31,4888,96.9,15.5,108636,4,1,1,1,1,full_screen
2026-07-27 01:40:35,4892,96.9,15.5,108636,4,1,1,1,1,full_screen
2026-07-27 01:40:36,4893,96.9,15.3,108860,4,1,1,1,1,full_screen
2026-07-27 01:40:36,4893,96.9,15.3,108860,4,1,1,1,1,full_screen
2026-07-27 01:40:41,4898,97.0,15.4,108707,4,1,1,1,1,full_screen
2026-07-27 01:40:46,4903,96.5,15.4,108720,4,1,1,1,1,full_screen
2026-07-27 01:40:51,4908,97.3,15.6,108506,4,1,1,1,1,full_screen
2026-07-27 01:40:56,4913,98.6,15.6,108511,4,1,1,1,1,full_screen
2026-07-27 01:41:01,4918,98.6,15.8,108149,4,1,1,1,1,full_screen
2026-07-27 01:41:02,4919,98.6,15.8,108149,4,1,1,1,1,full_screen
2026-07-27 01:41:03,4920,98.6,15.8,108149,4,1,1,1,1,full_screen
2026-07-27 01:41:06,4923,98.4,15.7,108302,4,1,1,1,1,full_screen
2026-07-27 01:41:11,4928,98.6,15.6,108436,4,1,1,1,1,full_screen
2026-07-27 01:41:16,4933,98.7,15.6,108504,4,1,1,1,1,full_screen
2026-07-27 01:41:21,4938,98.7,15.6,108500,4,1,1,1,1,full_screen
2026-07-27 01:41:26,4943,98.5,15.7,108341,4,1,1,1,1,full_screen
2026-07-27 01:41:28,4945,98.5,15.7,108341,4,1,1,1,1,full_screen
2026-07-27 01:41:29,4946,98.5,15.7,108341,4,1,1,1,1,full_screen
2026-07-27 01:41:31,4948,98.6,15.8,108245,4,1,1,1,1,full_screen
2026-07-27 01:41:36,4953,98.8,15.7,108321,4,1,1,1,1,full_screen
2026-07-27 01:41:41,4958,98.6,15.6,108474,4,1,1,1,1,full_screen
2026-07-27 01:41:46,4963,98.0,15.4,108689,4,1,1,1,1,full_screen
2026-07-27 01:41:51,4968,97.3,15.5,108582,4,1,1,1,1,full_screen
2026-07-27 01:41:54,4971,97.3,15.5,108582,4,1,1,1,1,full_screen
2026-07-27 01:41:55,4972,97.3,15.5,108582,4,1,1,1,1,full_screen
2026-07-27 01:41:56,4973,96.6,15.4,108697,4,1,1,1,1,full_screen
2026-07-27 01:42:01,4978,96.5,15.4,108664,4,1,1,1,1,full_screen
2026-07-27 01:42:06,4983,96.9,15.5,108556,4,1,1,1,1,full_screen
2026-07-27 01:42:11,4988,97.1,15.6,108448,4,1,1,1,1,full_screen
2026-07-27 01:42:16,4993,96.9,15.7,108388,4,1,1,1,1,full_screen
2026-07-27 01:42:21,4998,96.9,15.7,108388,4,1,1,1,1,full_screen
2026-07-27 01:42:21,4998,96.5,15.4,108657,4,1,1,1,1,full_screen
2026-07-27 01:42:22,4999,96.5,15.4,108657,4,1,1,1,1,full_screen
2026-07-27 01:42:26,5003,91.6,15.6,108516,4,1,1,1,1,full_screen
2026-07-27 01:42:31,5008,87.5,15.5,108644,4,1,1,1,1,full_screen
2026-07-27 01:42:36,5013,85.0,15.4,108727,4,1,1,1,1,full_screen
2026-07-27 01:42:41,5018,87.2,15.5,108573,4,1,1,1,1,full_screen
2026-07-27 01:42:45,5022,87.2,15.5,108573,4,1,1,1,1,full_screen
2026-07-27 01:42:46,5023,83.4,15.3,108812,4,1,1,1,1,full_screen
2026-07-27 01:42:46,5023,83.4,15.3,108812,4,1,1,1,1,full_screen
2026-07-27 01:42:51,5028,88.1,15.4,108691,4,1,1,1,1,full_screen
2026-07-27 01:42:56,5033,87.2,15.5,108545,4,1,1,1,1,full_screen
2026-07-27 01:43:01,5038,86.6,15.4,108716,4,1,1,1,1,full_screen
2026-07-27 01:43:06,5043,87.5,15.4,108655,4,1,1,1,1,full_screen
2026-07-27 01:43:09,5046,87.5,15.4,108655,4,1,1,1,1,full_screen
2026-07-27 01:43:10,5047,87.5,15.4,108655,4,1,1,1,1,full_screen
2026-07-27 01:43:11,5048,84.1,15.6,108500,4,1,1,1,1,full_screen
2026-07-27 01:43:16,5053,86.7,15.4,108692,4,1,1,1,1,full_screen
2026-07-27 01:43:21,5058,85.9,15.4,108758,4,1,1,1,1,full_screen
2026-07-27 01:43:26,5063,86.5,15.6,108502,4,1,1,1,1,full_screen
2026-07-27 01:43:31,5068,86.3,15.4,108707,4,1,1,1,1,full_screen
2026-07-27 01:43:32,5069,86.3,15.4,108707,4,1,1,1,1,full_screen
2026-07-27 01:43:33,5070,86.3,15.4,108707,4,1,1,1,1,full_screen
2026-07-27 01:43:36,5073,84.9,15.4,108693,4,1,1,1,1,full_screen
2026-07-27 01:43:41,5078,87.5,15.5,108566,4,1,1,1,1,full_screen
2026-07-27 01:43:46,5083,85.9,15.6,108472,4,1,1,1,1,full_screen
2026-07-27 01:43:51,5088,88.0,15.4,108664,4,1,1,1,1,full_screen
2026-07-27 01:43:56,5093,84.7,15.3,108820,4,1,1,1,1,full_screen
2026-07-27 01:43:56,5093,84.7,15.3,108820,4,1,1,1,1,full_screen
2026-07-27 01:43:57,5094,84.7,15.3,108820,4,1,1,1,1,full_screen
2026-07-27 01:44:01,5098,84.8,15.6,108474,4,1,1,1,1,full_screen
2026-07-27 01:44:06,5103,86.0,15.6,108514,4,1,1,1,1,full_screen
2026-07-27 01:44:11,5108,86.4,15.5,108584,4,1,1,1,1,full_screen
2026-07-27 01:44:16,5113,88.4,15.6,108391,4,1,1,1,1,full_screen
2026-07-27 01:44:20,5117,88.4,15.6,108391,4,1,1,1,1,full_screen
2026-07-27 01:44:21,5118,85.5,15.6,108515,4,1,1,1,1,full_screen
2026-07-27 01:44:21,5118,85.5,15.6,108515,4,1,1,1,1,full_screen
2026-07-27 01:44:26,5123,87.6,15.5,108636,4,1,1,1,1,full_screen
2026-07-27 01:44:31,5128,86.6,15.6,108454,4,1,1,1,1,full_screen
2026-07-27 01:44:36,5133,86.6,15.6,108428,4,1,1,1,1,full_screen
2026-07-27 01:44:41,5138,88.2,15.5,108538,4,1,1,1,1,full_screen
2026-07-27 01:44:43,5140,88.2,15.5,108538,4,1,1,1,1,full_screen
2026-07-27 01:44:44,5141,88.2,15.5,108538,4,1,1,1,1,full_screen
2026-07-27 01:44:46,5143,84.5,15.6,108476,4,1,1,1,1,full_screen
2026-07-27 01:44:51,5148,87.0,15.5,108536,4,1,1,1,1,full_screen
2026-07-27 01:44:56,5153,87.2,15.5,108614,4,1,1,1,1,full_screen
2026-07-27 01:45:01,5158,89.0,15.6,108511,4,1,1,1,1,full_screen
2026-07-27 01:45:06,5163,88.4,15.6,108433,4,1,1,1,1,full_screen
2026-07-27 01:45:07,5164,88.4,15.6,108433,4,1,1,1,1,full_screen
2026-07-27 01:45:08,5165,88.4,15.6,108433,4,1,1,1,1,full_screen
2026-07-27 01:45:11,5168,87.6,15.5,108580,4,1,1,1,1,full_screen
2026-07-27 01:45:16,5173,89.2,15.4,108657,4,1,1,1,1,full_screen
2026-07-27 01:45:21,5178,86.1,15.6,108414,4,1,1,1,1,full_screen
2026-07-27 01:45:26,5183,89.2,15.7,108335,4,1,1,1,1,full_screen
2026-07-27 01:45:31,5188,85.9,15.3,108857,4,1,1,1,1,full_screen
2026-07-27 01:45:31,5188,85.9,15.3,108857,4,1,1,1,1,full_screen
2026-07-27 01:45:32,5189,85.9,15.3,108857,4,1,1,1,1,full_screen
2026-07-27 01:45:36,5193,87.6,15.6,108457,4,1,1,1,1,full_screen
2026-07-27 01:45:41,5198,87.3,15.7,108283,4,1,1,1,1,full_screen
2026-07-27 01:45:46,5203,86.0,15.5,108633,4,1,1,1,1,full_screen
2026-07-27 01:45:51,5208,87.8,15.5,108589,4,1,1,1,1,full_screen
2026-07-27 01:45:54,5211,87.8,15.5,108589,4,1,1,1,1,full_screen
2026-07-27 01:45:55,5212,87.8,15.5,108589,4,1,1,1,1,full_screen
2026-07-27 01:45:56,5213,85.2,15.8,108169,4,1,1,1,1,full_screen
2026-07-27 01:46:01,5218,88.3,15.5,108572,4,1,1,1,1,full_screen
2026-07-27 01:46:06,5223,85.9,15.5,108566,4,1,1,1,1,full_screen
2026-07-27 01:46:11,5228,85.5,15.8,108185,4,1,1,1,1,full_screen
2026-07-27 01:46:16,5233,86.8,15.6,108395,4,1,1,1,1,full_screen
2026-07-27 01:46:18,5235,86.8,15.6,108395,4,1,1,1,1,full_screen
2026-07-27 01:46:19,5236,86.8,15.6,108395,4,1,1,1,1,full_screen
2026-07-27 01:46:21,5238,84.9,15.5,108562,4,1,1,1,1,full_screen
2026-07-27 01:46:26,5243,88.2,15.8,108176,4,1,1,1,1,full_screen
2026-07-27 01:46:31,5248,85.9,15.6,108498,4,1,1,1,1,full_screen
2026-07-27 01:46:36,5253,87.3,15.5,108584,4,1,1,1,1,full_screen
2026-07-27 01:46:41,5258,85.1,15.7,108332,4,1,1,1,1,full_screen
2026-07-27 01:46:41,5258,85.1,15.7,108332,4,1,1,1,1,full_screen
2026-07-27 01:46:43,5260,85.1,15.7,108332,4,1,1,1,1,full_screen
2026-07-27 01:46:46,5263,84.6,15.4,108695,4,1,1,1,1,full_screen
2026-07-27 01:46:51,5268,87.2,15.5,108567,4,1,1,1,1,full_screen
2026-07-27 01:46:56,5273,85.5,15.7,108276,4,1,1,1,1,full_screen
2026-07-27 01:47:01,5278,86.8,15.4,108691,4,1,1,1,1,full_screen
2026-07-27 01:47:05,5282,86.8,15.4,108691,4,1,1,1,1,full_screen
2026-07-27 01:47:06,5283,83.9,15.4,108755,4,1,1,1,1,full_screen
2026-07-27 01:47:07,5284,83.9,15.4,108755,4,1,1,1,1,full_screen
2026-07-27 01:47:11,5288,86.8,15.7,108352,4,1,1,1,1,full_screen
2026-07-27 01:47:16,5293,87.4,15.5,108550,4,1,1,1,1,full_screen
2026-07-27 01:47:21,5298,86.1,15.5,108607,4,1,1,1,1,full_screen
2026-07-27 01:47:26,5303,86.2,15.7,108310,4,1,1,1,1,full_screen
2026-07-27 01:47:30,5307,86.2,15.7,108310,4,1,1,1,1,full_screen
2026-07-27 01:47:31,5308,86.2,15.7,108310,4,1,1,1,1,full_screen
2026-07-27 01:47:31,5308,84.0,15.4,108658,4,1,1,1,1,full_screen
2026-07-27 01:47:36,5313,88.3,15.6,108517,4,1,1,1,1,full_screen
2026-07-27 01:47:41,5318,87.3,15.7,108377,4,1,1,1,1,full_screen
2026-07-27 01:47:46,5323,87.4,15.6,108472,4,1,1,1,1,full_screen
2026-07-27 01:47:51,5328,86.7,15.6,108466,4,1,1,1,1,full_screen
2026-07-27 01:47:54,5331,86.7,15.6,108466,4,1,1,1,1,full_screen
2026-07-27 01:47:55,5332,86.7,15.6,108466,4,1,1,1,1,full_screen
2026-07-27 01:47:56,5333,84.2,15.7,108307,4,1,1,1,1,full_screen
2026-07-27 01:48:01,5338,87.1,15.7,108292,4,1,1,1,1,full_screen
2026-07-27 01:48:06,5343,86.0,15.5,108579,4,1,1,1,1,full_screen
2026-07-27 01:48:11,5348,86.3,15.7,108309,4,1,1,1,1,full_screen
2026-07-27 01:48:16,5353,84.1,15.6,108501,4,1,1,1,1,full_screen
2026-07-27 01:48:17,5354,84.1,15.6,108501,4,1,1,1,1,full_screen
2026-07-27 01:48:18,5355,84.1,15.6,108501,4,1,1,1,1,full_screen
2026-07-27 01:48:21,5358,84.8,15.7,108273,4,1,1,1,1,full_screen
2026-07-27 01:48:26,5363,88.7,15.8,108167,4,1,1,1,1,full_screen
2026-07-27 01:48:31,5368,86.8,15.7,108337,4,1,1,1,1,full_screen
2026-07-27 01:48:36,5373,87.6,15.7,108363,4,1,1,1,1,full_screen
2026-07-27 01:48:41,5378,87.6,15.7,108363,4,1,1,1,1,full_screen
2026-07-27 01:48:41,5378,85.4,15.6,108439,4,1,1,1,1,full_screen
2026-07-27 01:48:42,5379,85.4,15.6,108439,4,1,1,1,1,full_screen
2026-07-27 01:48:46,5383,86.8,15.7,108299,4,1,1,1,1,full_screen
2026-07-27 01:48:51,5388,86.6,15.6,108432,4,1,1,1,1,full_screen
2026-07-27 01:48:56,5393,86.9,15.8,108154,4,1,1,1,1,full_screen
2026-07-27 01:49:01,5398,86.9,15.8,108252,4,1,1,1,1,full_screen
2026-07-27 01:49:04,5401,86.9,15.8,108252,4,1,1,1,1,full_screen
2026-07-27 01:49:06,5403,86.9,15.8,108252,4,1,1,1,1,full_screen
2026-07-27 01:49:06,5403,85.1,15.7,108328,4,1,1,1,1,full_screen
2026-07-27 01:49:11,5408,88.3,15.7,108365,4,1,1,1,1,full_screen
2026-07-27 01:49:16,5413,87.1,15.9,108097,4,1,1,1,1,full_screen
2026-07-27 01:49:21,5418,86.7,15.6,108412,4,1,1,1,1,full_screen
2026-07-27 01:49:26,5423,86.7,15.6,108439,4,1,1,1,1,full_screen
2026-07-27 01:49:28,5425,86.7,15.6,108439,4,1,1,1,1,full_screen
2026-07-27 01:49:29,5426,86.7,15.6,108439,4,1,1,1,1,full_screen
2026-07-27 01:49:31,5428,85.8,15.9,108103,4,1,1,1,1,full_screen
2026-07-27 01:49:36,5433,87.9,15.6,108476,4,1,1,1,1,full_screen
2026-07-27 01:49:41,5438,87.4,15.7,108385,4,1,1,1,1,full_screen
2026-07-27 01:49:46,5443,89.1,15.7,108318,4,1,1,1,1,full_screen
2026-07-27 01:49:51,5448,84.1,15.6,108401,4,1,1,1,1,full_screen
2026-07-27 01:49:52,5449,84.1,15.6,108401,4,1,1,1,1,full_screen
2026-07-27 01:49:53,5450,84.1,15.6,108401,4,1,1,1,1,full_screen
2026-07-27 01:49:56,5453,84.9,15.6,108407,4,1,1,1,1,full_screen
2026-07-27 01:50:01,5458,86.4,15.8,108204,4,1,1,1,1,full_screen
2026-07-27 01:50:06,5463,85.4,15.7,108266,4,1,1,1,1,full_screen
2026-07-27 01:50:11,5468,86.5,15.7,108329,4,1,1,1,1,full_screen
2026-07-27 01:50:15,5472,86.5,15.7,108329,4,1,1,1,1,full_screen
2026-07-27 01:50:16,5473,84.4,15.7,108348,4,1,1,1,1,full_screen
2026-07-27 01:50:17,5474,84.4,15.7,108348,4,1,1,1,1,full_screen
2026-07-27 01:50:21,5478,87.2,15.9,108085,4,1,1,1,1,full_screen
2026-07-27 01:50:26,5483,86.1,15.7,108333,4,1,1,1,1,full_screen
2026-07-27 01:50:31,5488,88.6,15.7,108276,4,1,1,1,1,full_screen
2026-07-27 01:50:36,5493,88.1,15.8,108138,4,1,1,1,1,full_screen
2026-07-27 01:50:39,5496,88.1,15.8,108138,4,1,1,1,1,full_screen
2026-07-27 01:50:40,5497,88.1,15.8,108138,4,1,1,1,1,full_screen
2026-07-27 01:50:41,5498,85.5,15.6,108437,4,1,1,1,1,full_screen
2026-07-27 01:50:46,5503,90.0,15.6,108394,4,1,1,1,1,full_screen
2026-07-27 01:50:51,5508,88.1,15.7,108364,4,1,1,1,1,full_screen
2026-07-27 01:50:56,5513,87.8,15.9,108096,4,1,1,1,1,full_screen
2026-07-27 01:51:01,5518,86.8,15.6,108398,4,1,1,1,1,full_screen
2026-07-27 01:51:03,5520,86.8,15.6,108398,4,1,1,1,1,full_screen
2026-07-27 01:51:04,5521,86.8,15.6,108398,4,1,1,1,1,full_screen
2026-07-27 01:51:06,5523,85.8,15.7,108373,4,1,1,1,1,full_screen
2026-07-27 01:51:11,5528,87.6,15.9,108081,4,1,1,1,1,full_screen
2026-07-27 01:51:16,5533,85.7,15.7,108361,4,1,1,1,1,full_screen
2026-07-27 01:51:21,5538,89.6,15.7,108386,4,1,1,1,1,full_screen
2026-07-27 01:51:26,5543,89.6,15.7,108386,4,1,1,1,1,full_screen
2026-07-27 01:51:26,5543,86.9,15.7,108370,4,1,1,1,1,full_screen
2026-07-27 01:51:28,5545,86.9,15.7,108370,4,1,1,1,1,full_screen
2026-07-27 01:51:31,5548,86.9,15.8,108219,4,1,1,1,1,full_screen
2026-07-27 01:51:37,5554,87.5,15.6,108450,4,1,1,1,1,full_screen
2026-07-27 01:51:42,5559,88.5,15.7,108292,4,1,1,1,1,full_screen
2026-07-27 01:51:47,5564,87.5,15.8,108144,4,1,1,1,1,full_screen
2026-07-27 01:51:50,5567,87.5,15.8,108144,4,1,1,1,1,full_screen
2026-07-27 01:51:51,5568,87.5,15.8,108144,4,1,1,1,1,full_screen
2026-07-27 01:51:52,5569,82.9,15.6,108400,4,1,1,1,1,full_screen
2026-07-27 01:51:57,5574,86.8,15.8,108251,4,1,1,1,1,full_screen
2026-07-27 01:52:02,5579,86.1,15.8,108198,4,1,1,1,1,full_screen
2026-07-27 01:52:07,5584,87.5,15.7,108292,4,1,1,1,1,full_screen
2026-07-27 01:52:12,5589,85.3,15.8,108150,4,1,1,1,1,full_screen
2026-07-27 01:52:14,5591,85.3,15.8,108150,4,1,1,1,1,full_screen
2026-07-27 01:52:15,5592,85.3,15.8,108150,4,1,1,1,1,full_screen
2026-07-27 01:52:17,5594,83.9,15.8,108192,4,1,1,1,1,full_screen
2026-07-27 01:52:22,5599,87.7,15.7,108352,4,1,1,1,1,full_screen
2026-07-27 01:52:27,5604,86.9,15.7,108351,4,1,1,1,1,full_screen
2026-07-27 01:52:32,5609,87.5,15.8,108217,4,1,1,1,1,full_screen
2026-07-27 01:52:37,5614,86.0,15.6,108391,4,1,1,1,1,full_screen
2026-07-27 01:52:37,5614,86.0,15.6,108391,4,1,1,1,1,full_screen
2026-07-27 01:52:39,5616,86.0,15.6,108391,4,1,1,1,1,full_screen
2026-07-27 01:52:42,5619,86.6,15.7,108308,4,1,1,1,1,full_screen
2026-07-27 01:52:47,5624,87.7,15.8,108215,4,1,1,1,1,full_screen
2026-07-27 01:52:52,5629,87.6,15.7,108326,4,1,1,1,1,full_screen
2026-07-27 01:52:57,5634,89.3,15.8,108186,4,1,1,1,1,full_screen
2026-07-27 01:53:01,5638,89.3,15.8,108186,4,1,1,1,1,full_screen
2026-07-27 01:53:02,5639,85.7,15.7,108377,4,1,1,1,1,full_screen
2026-07-27 01:53:03,5640,85.7,15.7,108377,4,1,1,1,1,full_screen
2026-07-27 01:53:07,5644,87.4,15.8,108140,4,1,1,1,1,full_screen
2026-07-27 01:53:12,5649,87.5,15.8,108235,4,1,1,1,1,full_screen
2026-07-27 01:53:17,5654,88.0,15.7,108357,4,1,1,1,1,full_screen
2026-07-27 01:53:22,5659,88.2,15.7,108291,4,1,1,1,1,full_screen
2026-07-27 01:53:26,5663,88.2,15.7,108291,4,1,1,1,1,full_screen
2026-07-27 01:53:27,5664,88.2,15.7,108291,4,1,1,1,1,full_screen
2026-07-27 01:53:27,5664,85.6,15.9,108103,4,1,1,1,1,full_screen
2026-07-27 01:53:32,5669,88.9,15.6,108398,4,1,1,1,1,full_screen
2026-07-27 01:53:37,5674,88.0,15.7,108332,4,1,1,1,1,full_screen
2026-07-27 01:53:42,5679,88.9,15.9,108042,4,1,1,1,1,full_screen
2026-07-27 01:53:47,5684,88.3,15.8,108195,4,1,1,1,1,full_screen
2026-07-27 01:53:50,5687,88.3,15.8,108195,4,1,1,1,1,full_screen
2026-07-27 01:53:51,5688,88.3,15.8,108195,4,1,1,1,1,full_screen
2026-07-27 01:53:52,5689,85.1,15.8,108251,4,1,1,1,1,full_screen
2026-07-27 01:53:57,5694,88.3,15.9,108124,4,1,1,1,1,full_screen
2026-07-27 01:54:02,5699,87.3,15.8,108153,4,1,1,1,1,full_screen
2026-07-27 01:54:07,5704,88.7,15.9,108111,4,1,1,1,1,full_screen
2026-07-27 01:54:12,5709,86.4,15.8,108205,4,1,1,1,1,full_screen
2026-07-27 01:54:13,5710,86.4,15.8,108205,4,1,1,1,1,full_screen
2026-07-27 01:54:14,5711,86.4,15.8,108205,4,1,1,1,1,full_screen
2026-07-27 01:54:17,5714,85.9,15.8,108141,4,1,1,1,1,full_screen
2026-07-27 01:54:22,5719,86.3,15.8,108141,4,1,1,1,1,full_screen
2026-07-27 01:54:27,5724,87.1,15.8,108164,4,1,1,1,1,full_screen
2026-07-27 01:54:32,5729,88.6,15.8,108172,4,1,1,1,1,full_screen
2026-07-27 01:54:37,5734,86.0,15.7,108282,4,1,1,1,1,full_screen
2026-07-27 01:54:37,5734,86.0,15.7,108282,4,1,1,1,1,full_screen
2026-07-27 01:54:38,5735,86.0,15.7,108282,4,1,1,1,1,full_screen
2026-07-27 01:54:42,5739,88.2,15.8,108202,4,1,1,1,1,full_screen
2026-07-27 01:54:47,5744,87.3,15.8,108225,4,1,1,1,1,full_screen
2026-07-27 01:54:52,5749,87.8,16.0,107904,4,1,1,1,1,full_screen
2026-07-27 01:54:57,5754,88.1,15.8,108204,4,1,1,1,1,full_screen
2026-07-27 01:55:01,5758,88.1,15.8,108204,4,1,1,1,1,full_screen
2026-07-27 01:55:02,5759,85.3,15.8,108257,4,1,1,1,1,full_screen
2026-07-27 01:55:02,5759,85.3,15.8,108257,4,1,1,1,1,full_screen
2026-07-27 01:55:07,5764,89.0,16.0,107973,4,1,1,1,1,full_screen
2026-07-27 01:55:12,5769,87.1,15.7,108273,4,1,1,1,1,full_screen
2026-07-27 01:55:17,5774,88.7,15.8,108147,4,1,1,1,1,full_screen
2026-07-27 01:55:22,5779,87.1,15.9,108075,4,1,1,1,1,full_screen
2026-07-27 01:55:24,5781,87.1,15.9,108075,4,1,1,1,1,full_screen
2026-07-27 01:55:25,5782,87.1,15.9,108075,4,1,1,1,1,full_screen
2026-07-27 01:55:27,5784,85.8,15.9,108124,4,1,1,1,1,full_screen
2026-07-27 01:55:32,5789,88.8,15.8,108193,4,1,1,1,1,full_screen
2026-07-27 01:55:37,5794,87.8,15.7,108330,4,1,1,1,1,full_screen
2026-07-27 01:55:42,5799,89.5,15.9,108074,4,1,1,1,1,full_screen
2026-07-27 01:55:47,5804,87.6,16.0,108003,4,1,1,1,1,full_screen
2026-07-27 01:55:48,5805,87.6,16.0,108003,4,1,1,1,1,full_screen
2026-07-27 01:55:49,5806,87.6,16.0,108003,4,1,1,1,1,full_screen
2026-07-27 01:55:52,5809,87.7,15.8,108148,4,1,1,1,1,full_screen
2026-07-27 01:55:57,5814,88.8,15.8,108229,4,1,1,1,1,full_screen
2026-07-27 01:56:02,5819,88.1,16.0,107939,4,1,1,1,1,full_screen
2026-07-27 01:56:07,5824,88.8,16.0,107966,4,1,1,1,1,full_screen
2026-07-27 01:56:12,5829,85.9,15.7,108377,4,1,1,1,1,full_screen
2026-07-27 01:56:12,5829,85.9,15.7,108377,4,1,1,1,1,full_screen
2026-07-27 01:56:13,5830,85.9,15.7,108377,4,1,1,1,1,full_screen
2026-07-27 01:56:17,5834,87.6,15.8,108141,4,1,1,1,1,full_screen
2026-07-27 01:56:22,5839,88.3,15.9,108057,4,1,1,1,1,full_screen
2026-07-27 01:56:27,5844,88.7,15.9,108017,4,1,1,1,1,full_screen
2026-07-27 01:56:32,5849,89.0,15.8,108250,4,1,1,1,1,full_screen
2026-07-27 01:56:36,5853,89.0,15.8,108250,4,1,1,1,1,full_screen
2026-07-27 01:56:37,5854,87.4,15.8,108225,4,1,1,1,1,full_screen
2026-07-27 01:56:37,5854,87.4,15.8,108225,4,1,1,1,1,full_screen
2026-07-27 01:56:42,5859,90.6,15.9,108110,4,1,1,1,1,full_screen
2026-07-27 01:56:47,5864,88.8,15.9,108045,4,1,1,1,1,full_screen
2026-07-27 01:56:52,5869,89.5,15.8,108160,4,1,1,1,1,full_screen
2026-07-27 01:56:57,5874,88.4,15.9,108088,4,1,1,1,1,full_screen
2026-07-27 01:56:59,5876,88.4,15.9,108088,4,1,1,1,1,full_screen
2026-07-27 01:57:00,5877,88.4,15.9,108088,4,1,1,1,1,full_screen
2026-07-27 01:57:02,5879,87.1,15.9,108004,4,1,1,1,1,full_screen
2026-07-27 01:57:07,5884,90.7,16.0,107935,4,1,1,1,1,full_screen
2026-07-27 01:57:12,5889,88.8,15.8,108258,4,1,1,1,1,full_screen
2026-07-27 01:57:17,5894,89.9,15.9,108095,4,1,1,1,1,full_screen
2026-07-27 01:57:22,5899,89.3,15.9,108014,4,1,1,1,1,full_screen
2026-07-27 01:57:23,5900,89.3,15.9,108014,4,1,1,1,1,full_screen
2026-07-27 01:57:24,5901,89.3,15.9,108014,4,1,1,1,1,full_screen
2026-07-27 01:57:27,5904,88.2,16.0,107914,4,1,1,1,1,full_screen
2026-07-27 01:57:32,5909,90.2,16.1,107835,4,1,1,1,1,full_screen
2026-07-27 01:57:37,5914,90.2,15.8,108137,4,1,1,1,1,full_screen
2026-07-27 01:57:42,5919,91.1,15.8,108150,4,1,1,1,1,full_screen
2026-07-27 01:57:47,5924,87.9,15.7,108265,4,1,1,1,1,full_screen
2026-07-27 01:57:48,5925,87.9,15.7,108265,4,1,1,1,1,full_screen
2026-07-27 01:57:49,5926,87.9,15.7,108265,4,1,1,1,1,full_screen
2026-07-27 01:57:52,5929,88.9,16.0,107962,4,1,1,1,1,full_screen
2026-07-27 01:57:57,5934,88.1,16.0,107970,4,1,1,1,1,full_screen
2026-07-27 01:58:02,5939,87.3,15.9,108096,4,1,1,1,1,full_screen
2026-07-27 01:58:07,5944,87.8,16.0,107988,4,1,1,1,1,full_screen
2026-07-27 01:58:12,5949,87.8,16.0,107988,4,1,1,1,1,full_screen
2026-07-27 01:58:12,5949,86.1,15.9,108102,4,1,1,1,1,full_screen
2026-07-27 01:58:13,5950,86.1,15.9,108102,4,1,1,1,1,full_screen
2026-07-27 01:58:17,5954,87.7,15.9,108038,4,1,1,1,1,full_screen
2026-07-27 01:58:22,5959,85.8,15.9,108007,4,1,1,1,1,full_screen
2026-07-27 01:58:27,5964,87.5,16.0,107915,4,1,1,1,1,full_screen
2026-07-27 01:58:32,5969,86.4,16.1,107825,4,1,1,1,1,full_screen
2026-07-27 01:58:35,5972,86.4,16.1,107825,4,1,1,1,1,full_screen
2026-07-27 01:58:36,5973,86.4,16.1,107825,4,1,1,1,1,full_screen
2026-07-27 01:58:37,5974,85.3,16.0,107935,4,1,1,1,1,full_screen
2026-07-27 01:58:42,5979,88.9,16.0,107984,4,1,1,1,1,full_screen
2026-07-27 01:58:47,5984,86.5,16.0,107914,4,1,1,1,1,full_screen
2026-07-27 01:58:52,5989,88.0,16.1,107874,4,1,1,1,1,full_screen
2026-07-27 01:58:57,5994,85.9,16.0,107957,4,1,1,1,1,full_screen
2026-07-27 01:58:59,5996,85.9,16.0,107957,4,1,1,1,1,full_screen
2026-07-27 01:59:00,5997,85.9,16.0,107957,4,1,1,1,1,full_screen
2026-07-27 01:59:02,5999,86.1,16.1,107857,4,1,1,1,1,full_screen
2026-07-27 01:59:07,6004,86.3,16.0,107951,4,1,1,1,1,full_screen
2026-07-27 01:59:12,6009,87.0,15.9,108004,4,1,1,1,1,full_screen
2026-07-27 01:59:17,6014,89.2,16.1,107819,4,1,1,1,1,full_screen
2026-07-27 01:59:22,6019,95.3,16.1,107865,4,1,1,1,1,full_screen
2026-07-27 01:59:23,6020,95.3,16.1,107865,4,1,1,1,1,full_screen
2026-07-27 01:59:24,6021,95.3,16.1,107865,4,1,1,1,1,full_screen
2026-07-27 01:59:27,6024,96.5,16.2,107667,4,1,1,1,1,full_screen
2026-07-27 01:59:32,6029,96.8,16.2,107679,4,1,1,1,1,full_screen
2026-07-27 01:59:37,6034,97.1,16.3,107501,4,1,1,1,1,full_screen
2026-07-27 01:59:42,6039,97.5,16.2,107662,4,1,1,1,1,full_screen
2026-07-27 01:59:47,6044,96.4,16.3,107604,4,1,1,1,1,full_screen
2026-07-27 01:59:48,6045,96.4,16.3,107604,4,1,1,1,1,full_screen
2026-07-27 01:59:49,6046,96.4,16.3,107604,4,1,1,1,1,full_screen
2026-07-27 01:59:52,6049,96.9,16.3,107553,4,1,1,1,1,full_screen
2026-07-27 01:59:57,6054,97.2,16.2,107623,4,1,1,1,1,full_screen
2026-07-27 02:00:02,6059,97.2,16.2,107628,4,1,1,1,1,full_screen
2026-07-27 02:00:07,6064,97.6,16.1,107788,4,1,1,1,1,full_screen
2026-07-27 02:00:12,6069,96.7,16.1,107835,4,1,1,1,1,full_screen
2026-07-27 02:00:14,6071,96.7,16.1,107835,4,1,1,1,1,full_screen
2026-07-27 02:00:15,6072,96.7,16.1,107835,4,1,1,1,1,full_screen
2026-07-27 02:00:17,6074,96.2,16.2,107635,4,1,1,1,1,full_screen
2026-07-27 02:00:22,6079,98.2,16.2,107621,4,1,1,1,1,full_screen
2026-07-27 02:00:27,6084,98.5,16.4,107433,4,1,1,1,1,full_screen
2026-07-27 02:00:32,6089,98.4,16.4,107397,4,1,1,1,1,full_screen
2026-07-27 02:00:37,6094,98.3,16.4,107458,4,1,1,1,1,full_screen
2026-07-27 02:00:42,6099,98.3,16.4,107458,4,1,1,1,1,full_screen
2026-07-27 02:00:42,6099,98.5,16.2,107644,4,1,1,1,1,full_screen
2026-07-27 02:00:43,6100,98.5,16.2,107644,4,1,1,1,1,full_screen
2026-07-27 02:00:47,6104,98.5,16.3,107538,4,1,1,1,1,full_screen
2026-07-27 02:00:52,6109,98.7,16.4,107473,4,1,1,1,1,full_screen
2026-07-27 02:00:57,6114,98.4,16.3,107606,4,1,1,1,1,full_screen
2026-07-27 02:01:02,6119,98.7,16.4,107479,4,1,1,1,1,full_screen
2026-07-27 02:01:07,6124,98.5,16.4,107488,4,1,1,1,1,full_screen
2026-07-27 02:01:08,6125,98.5,16.4,107488,4,1,1,1,1,full_screen
2026-07-27 02:01:09,6126,98.5,16.4,107488,4,1,1,1,1,full_screen
2026-07-27 02:01:12,6129,98.4,16.3,107551,4,1,1,1,1,full_screen
2026-07-27 02:01:17,6134,98.8,16.3,107493,4,1,1,1,1,full_screen
2026-07-27 02:01:22,6139,98.9,16.2,107633,4,1,1,1,1,full_screen
2026-07-27 02:01:27,6144,98.5,16.4,107375,4,1,1,1,1,full_screen
2026-07-27 02:01:32,6149,98.5,16.4,107484,4,1,1,1,1,full_screen
2026-07-27 02:01:35,6152,98.5,16.4,107484,4,1,1,1,1,full_screen
2026-07-27 02:01:37,6154,98.5,16.4,107484,4,1,1,1,1,full_screen
2026-07-27 02:01:37,6154,98.3,16.3,107599,4,1,1,1,1,full_screen
2026-07-27 02:01:42,6159,98.7,16.3,107568,4,1,1,1,1,full_screen
2026-07-27 02:01:47,6164,98.6,16.4,107431,4,1,1,1,1,full_screen
2026-07-27 02:01:52,6169,98.6,16.4,107463,4,1,1,1,1,full_screen
2026-07-27 02:01:57,6174,98.6,16.3,107596,4,1,1,1,1,full_screen
2026-07-27 02:02:02,6179,98.6,16.3,107596,4,1,1,1,1,full_screen
2026-07-27 02:02:02,6179,98.4,16.1,107821,4,1,1,1,1,full_screen
2026-07-27 02:02:03,6180,98.4,16.1,107821,4,1,1,1,1,full_screen
2026-07-27 02:02:07,6184,98.4,16.2,107634,4,1,1,1,1,full_screen
2026-07-27 02:02:12,6189,98.5,16.3,107508,4,1,1,1,1,full_screen
2026-07-27 02:02:17,6194,98.6,16.4,107435,4,1,1,1,1,full_screen
2026-07-27 02:02:22,6199,98.7,16.3,107584,4,1,1,1,1,full_screen
2026-07-27 02:02:27,6204,98.4,16.2,107647,4,1,1,1,1,full_screen
2026-07-27 02:02:29,6206,98.4,16.2,107647,4,1,1,1,1,full_screen
2026-07-27 02:02:31,6208,98.4,16.2,107647,4,1,1,1,1,full_screen
2026-07-27 02:02:32,6209,94.8,16.1,107818,4,1,1,1,1,full_screen
2026-07-27 02:02:37,6214,87.3,16.3,107609,4,1,1,1,1,full_screen
2026-07-27 02:02:42,6219,87.8,16.0,107937,4,1,1,1,1,full_screen
2026-07-27 02:02:47,6224,87.6,16.1,107864,4,1,1,1,1,full_screen
2026-07-27 02:02:52,6229,87.0,16.0,107902,4,1,1,1,1,full_screen
2026-07-27 02:02:53,6230,87.0,16.0,107902,4,1,1,1,1,full_screen
2026-07-27 02:02:54,6231,87.0,16.0,107902,4,1,1,1,1,full_screen
2026-07-27 02:02:57,6234,87.0,16.1,107816,4,1,1,1,1,full_screen
2026-07-27 02:03:02,6239,85.9,16.1,107870,4,1,1,1,1,full_screen
2026-07-27 02:03:07,6244,87.9,16.2,107627,4,1,1,1,1,full_screen
2026-07-27 02:03:13,6250,86.3,16.1,107839,4,1,1,1,1,full_screen
2026-07-27 02:03:17,6254,86.3,16.1,107839,4,1,1,1,1,full_screen
2026-07-27 02:03:18,6255,85.9,16.0,107887,4,1,1,1,1,full_screen
2026-07-27 02:03:18,6255,85.9,16.0,107887,4,1,1,1,1,full_screen
2026-07-27 02:03:23,6260,87.8,16.2,107633,4,1,1,1,1,full_screen
2026-07-27 02:03:28,6265,87.8,16.1,107759,4,1,1,1,1,full_screen
2026-07-27 02:03:33,6270,89.4,16.0,107980,4,1,1,1,1,full_screen
2026-07-27 02:03:38,6275,88.1,16.1,107821,4,1,1,1,1,full_screen
2026-07-27 02:03:40,6277,88.1,16.1,107821,4,1,1,1,1,full_screen
2026-07-27 02:03:41,6278,88.1,16.1,107821,4,1,1,1,1,full_screen
2026-07-27 02:03:43,6280,87.4,16.2,107627,4,1,1,1,1,full_screen
2026-07-27 02:03:48,6285,88.4,16.0,108002,4,1,1,1,1,full_screen
2026-07-27 02:03:53,6290,89.2,16.0,107890,4,1,1,1,1,full_screen
2026-07-27 02:03:58,6295,87.8,16.2,107741,4,1,1,1,1,full_screen
2026-07-27 02:04:03,6300,86.7,16.2,107683,4,1,1,1,1,full_screen
2026-07-27 02:04:04,6301,86.7,16.2,107683,4,1,1,1,1,full_screen
2026-07-27 02:04:05,6302,86.7,16.2,107683,4,1,1,1,1,full_screen
2026-07-27 02:04:08,6305,87.7,16.0,107946,4,1,1,1,1,full_screen
2026-07-27 02:04:13,6310,88.4,16.1,107798,4,1,1,1,1,full_screen
2026-07-27 02:04:18,6315,88.7,16.2,107681,4,1,1,1,1,full_screen
2026-07-27 02:04:23,6320,86.8,16.1,107812,4,1,1,1,1,full_screen
2026-07-27 02:04:28,6325,86.5,16.0,107947,4,1,1,1,1,full_screen
2026-07-27 02:04:28,6325,86.5,16.0,107947,4,1,1,1,1,full_screen
2026-07-27 02:04:29,6326,86.5,16.0,107947,4,1,1,1,1,full_screen
2026-07-27 02:04:33,6330,87.0,16.2,107698,4,1,1,1,1,full_screen
2026-07-27 02:04:38,6335,87.6,16.1,107817,4,1,1,1,1,full_screen
2026-07-27 02:04:43,6340,88.7,16.1,107756,4,1,1,1,1,full_screen
2026-07-27 02:04:48,6345,86.6,16.2,107710,4,1,1,1,1,full_screen
2026-07-27 02:04:51,6348,86.6,16.2,107710,4,1,1,1,1,full_screen
2026-07-27 02:04:52,6349,86.6,16.2,107710,4,1,1,1,1,full_screen
2026-07-27 02:04:53,6350,86.2,16.0,107935,4,1,1,1,1,full_screen
2026-07-27 02:04:58,6355,87.9,16.2,107637,4,1,1,1,1,full_screen
2026-07-27 02:05:03,6360,87.9,16.2,107740,4,1,1,1,1,full_screen
2026-07-27 02:05:08,6365,88.0,16.0,107990,4,1,1,1,1,full_screen
2026-07-27 02:05:13,6370,87.5,16.0,107974,4,1,1,1,1,full_screen
2026-07-27 02:05:15,6372,87.5,16.0,107974,4,1,1,1,1,full_screen
2026-07-27 02:05:16,6373,87.5,16.0,107974,4,1,1,1,1,full_screen
2026-07-27 02:05:18,6375,87.0,16.3,107610,4,1,1,1,1,full_screen
2026-07-27 02:05:23,6380,86.7,16.0,107888,4,1,1,1,1,full_screen
2026-07-27 02:05:28,6385,88.5,16.0,107947,4,1,1,1,1,full_screen
2026-07-27 02:05:33,6390,87.0,16.2,107621,4,1,1,1,1,full_screen
2026-07-27 02:05:38,6395,86.1,16.0,107963,4,1,1,1,1,full_screen
2026-07-27 02:05:39,6396,86.1,16.0,107963,4,1,1,1,1,full_screen
2026-07-27 02:05:40,6397,86.1,16.0,107963,4,1,1,1,1,full_screen
2026-07-27 02:05:43,6400,87.6,16.0,107975,4,1,1,1,1,full_screen
2026-07-27 02:05:48,6405,88.5,16.1,107825,4,1,1,1,1,full_screen
2026-07-27 02:05:53,6410,89.8,16.3,107521,4,1,1,1,1,full_screen
2026-07-27 02:05:58,6415,88.7,16.1,107830,4,1,1,1,1,full_screen
2026-07-27 02:06:03,6420,88.2,15.9,108129,4,1,1,1,1,full_screen
2026-07-27 02:06:03,6420,88.2,15.9,108129,4,1,1,1,1,full_screen
2026-07-27 02:06:04,6421,88.2,15.9,108129,4,1,1,1,1,full_screen
2026-07-27 02:06:08,6425,88.0,16.2,107745,4,1,1,1,1,full_screen
2026-07-27 02:06:13,6430,89.4,16.1,107750,4,1,1,1,1,full_screen
2026-07-27 02:06:18,6435,90.0,16.0,107895,4,1,1,1,1,full_screen
2026-07-27 02:06:23,6440,88.5,16.1,107819,4,1,1,1,1,full_screen
2026-07-27 02:06:26,6443,88.5,16.1,107819,4,1,1,1,1,full_screen
2026-07-27 02:06:28,6445,86.3,16.2,107743,4,1,1,1,1,full_screen
2026-07-27 02:06:28,6445,86.3,16.2,107743,4,1,1,1,1,full_screen
2026-07-27 02:06:33,6450,86.5,16.0,107990,4,1,1,1,1,full_screen
2026-07-27 02:06:38,6455,87.3,16.1,107784,4,1,1,1,1,full_screen
2026-07-27 02:06:43,6460,87.0,16.2,107647,4,1,1,1,1,full_screen
2026-07-27 02:06:48,6465,86.0,16.1,107867,4,1,1,1,1,full_screen
2026-07-27 02:06:50,6467,86.0,16.1,107867,4,1,1,1,1,full_screen
2026-07-27 02:06:52,6469,86.0,16.1,107867,4,1,1,1,1,full_screen
2026-07-27 02:06:53,6470,86.4,16.1,107776,4,1,1,1,1,full_screen
2026-07-27 02:06:58,6475,85.8,16.2,107665,4,1,1,1,1,full_screen
2026-07-27 02:07:03,6480,87.4,16.0,107927,4,1,1,1,1,full_screen
2026-07-27 02:07:08,6485,86.0,16.2,107707,4,1,1,1,1,full_screen
2026-07-27 02:07:13,6490,85.0,16.2,107727,4,1,1,1,1,full_screen
2026-07-27 02:07:14,6491,85.0,16.2,107727,4,1,1,1,1,full_screen
2026-07-27 02:07:16,6493,85.0,16.2,107727,4,1,1,1,1,full_screen
2026-07-27 02:07:18,6495,83.2,16.0,107937,4,1,1,1,1,full_screen
2026-07-27 02:07:23,6500,84.4,16.3,107560,4,1,1,1,1,full_screen
2026-07-27 02:07:28,6505,85.7,16.0,107942,4,1,1,1,1,full_screen
2026-07-27 02:07:33,6510,84.2,16.1,107782,4,1,1,1,1,full_screen
2026-07-27 02:07:38,6515,84.2,16.1,107782,4,1,1,1,1,full_screen
2026-07-27 02:07:38,6515,84.1,16.0,107987,4,1,1,1,1,full_screen
2026-07-27 02:07:39,6516,84.1,16.0,107987,4,1,1,1,1,full_screen
2026-07-27 02:07:43,6520,84.5,16.1,107865,4,1,1,1,1,full_screen
2026-07-27 02:07:48,6525,86.7,16.3,107601,4,1,1,1,1,full_screen
2026-07-27 02:07:53,6530,86.4,16.1,107758,4,1,1,1,1,full_screen
2026-07-27 02:07:58,6535,84.8,16.1,107806,4,1,1,1,1,full_screen
2026-07-27 02:08:01,6538,84.8,16.1,107806,4,1,1,1,1,full_screen
2026-07-27 02:08:03,6540,84.8,16.1,107806,4,1,1,1,1,full_screen
2026-07-27 02:08:03,6540,84.3,16.2,107694,4,1,1,1,1,full_screen
2026-07-27 02:08:08,6545,85.0,16.2,107739,4,1,1,1,1,full_screen
2026-07-27 02:08:13,6550,86.8,16.2,107635,4,1,1,1,1,full_screen
2026-07-27 02:08:18,6555,86.2,16.1,107759,4,1,1,1,1,full_screen
2026-07-27 02:08:23,6560,86.5,16.2,107724,4,1,1,1,1,full_screen
2026-07-27 02:08:25,6562,86.5,16.2,107724,4,1,1,1,1,full_screen
2026-07-27 02:08:26,6563,86.5,16.2,107724,4,1,1,1,1,full_screen
2026-07-27 02:08:28,6565,85.1,16.3,107575,4,1,1,1,1,full_screen
2026-07-27 02:08:33,6570,91.3,16.3,107600,4,1,1,1,1,full_screen
2026-07-27 02:08:38,6575,95.9,16.3,107598,4,1,1,1,1,full_screen
2026-07-27 02:08:43,6580,96.0,16.4,107483,4,1,1,1,1,full_screen
2026-07-27 02:08:48,6585,97.2,16.5,107321,4,1,1,1,1,full_screen
2026-07-27 02:08:50,6587,97.2,16.5,107321,4,1,1,1,1,full_screen
2026-07-27 02:08:51,6588,97.2,16.5,107321,4,1,1,1,1,full_screen
2026-07-27 02:08:53,6590,97.2,16.4,107478,4,1,1,1,1,full_screen
2026-07-27 02:08:58,6595,96.8,16.3,107517,4,1,1,1,1,full_screen
2026-07-27 02:09:03,6600,96.9,16.2,107654,4,1,1,1,1,full_screen
2026-07-27 02:09:08,6605,96.8,16.4,107458,4,1,1,1,1,full_screen
2026-07-27 02:09:13,6610,97.2,16.4,107476,4,1,1,1,1,full_screen
2026-07-27 02:09:16,6613,97.2,16.4,107476,4,1,1,1,1,full_screen
2026-07-27 02:09:17,6614,97.2,16.4,107476,4,1,1,1,1,full_screen
2026-07-27 02:09:18,6615,96.8,16.3,107521,4,1,1,1,1,full_screen
2026-07-27 02:09:23,6620,97.1,16.3,107514,4,1,1,1,1,full_screen
2026-07-27 02:09:28,6625,96.8,16.2,107678,4,1,1,1,1,full_screen
2026-07-27 02:09:33,6630,97.2,16.2,107701,4,1,1,1,1,full_screen
2026-07-27 02:09:38,6635,97.3,16.2,107728,4,1,1,1,1,full_screen
2026-07-27 02:09:43,6640,97.3,16.2,107728,4,1,1,1,1,full_screen
2026-07-27 02:09:43,6640,97.1,16.1,107855,4,1,1,1,1,full_screen
2026-07-27 02:09:44,6641,97.1,16.1,107855,4,1,1,1,1,full_screen
2026-07-27 02:09:48,6645,97.2,16.3,107513,4,1,1,1,1,full_screen
2026-07-27 02:09:53,6650,97.5,16.4,107471,4,1,1,1,1,full_screen
2026-07-27 02:09:58,6655,87.1,16.1,107840,4,1,1,1,1,full_screen
2026-07-27 02:10:03,6660,86.6,16.1,107783,4,1,1,1,1,full_screen
2026-07-27 02:10:07,6664,86.6,16.1,107783,4,1,1,1,1,full_screen
2026-07-27 02:10:08,6665,83.2,16.2,107721,4,1,1,1,1,full_screen
2026-07-27 02:10:09,6666,83.2,16.2,107721,4,1,1,1,1,full_screen
2026-07-27 02:10:13,6670,87.0,16.2,107739,4,1,1,1,1,full_screen
2026-07-27 02:10:18,6675,86.1,16.2,107733,4,1,1,1,1,full_screen
2026-07-27 02:10:23,6680,86.9,16.2,107656,4,1,1,1,1,full_screen
2026-07-27 02:10:28,6685,86.9,16.1,107800,4,1,1,1,1,full_screen
2026-07-27 02:10:31,6688,86.9,16.1,107800,4,1,1,1,1,full_screen
2026-07-27 02:10:32,6689,86.9,16.1,107800,4,1,1,1,1,full_screen
2026-07-27 02:10:33,6690,83.3,16.3,107605,4,1,1,1,1,full_screen
2026-07-27 02:10:38,6695,86.5,16.2,107686,4,1,1,1,1,full_screen
2026-07-27 02:10:43,6700,85.8,16.0,107901,4,1,1,1,1,full_screen
2026-07-27 02:10:48,6705,86.6,16.3,107538,4,1,1,1,1,full_screen
2026-07-27 02:10:53,6710,84.8,16.2,107633,4,1,1,1,1,full_screen
2026-07-27 02:10:55,6712,84.8,16.2,107633,4,1,1,1,1,full_screen
2026-07-27 02:10:56,6713,84.8,16.2,107633,4,1,1,1,1,full_screen
2026-07-27 02:10:58,6715,83.8,16.1,107826,4,1,1,1,1,full_screen
2026-07-27 02:11:03,6720,86.8,16.4,107488,4,1,1,1,1,full_screen
2026-07-27 02:11:08,6725,86.4,16.0,107902,4,1,1,1,1,full_screen
2026-07-27 02:11:13,6730,88.1,16.0,107885,4,1,1,1,1,full_screen
2026-07-27 02:11:18,6735,88.1,16.0,107885,4,1,1,1,1,full_screen
2026-07-27 02:11:18,6735,84.9,16.2,107707,4,1,1,1,1,full_screen
2026-07-27 02:11:20,6737,84.9,16.2,107707,4,1,1,1,1,full_screen
2026-07-27 02:11:23,6740,86.5,16.1,107840,4,1,1,1,1,full_screen
2026-07-27 02:11:28,6745,88.2,16.0,107897,4,1,1,1,1,full_screen
2026-07-27 02:11:33,6750,87.7,16.3,107582,4,1,1,1,1,full_screen
2026-07-27 02:11:38,6755,88.2,16.3,107596,4,1,1,1,1,full_screen
2026-07-27 02:11:42,6759,88.2,16.3,107596,4,1,1,1,1,full_screen
2026-07-27 02:11:43,6760,88.2,16.3,107596,4,1,1,1,1,full_screen
2026-07-27 02:11:43,6760,84.6,16.0,107897,4,1,1,1,1,full_screen
2026-07-27 02:11:48,6765,88.0,16.3,107602,4,1,1,1,1,full_screen
2026-07-27 02:11:53,6770,86.9,16.4,107467,4,1,1,1,1,full_screen
2026-07-27 02:11:58,6775,87.7,16.1,107776,4,1,1,1,1,full_screen
2026-07-27 02:12:03,6780,87.4,16.1,107787,4,1,1,1,1,full_screen
2026-07-27 02:12:06,6783,87.4,16.1,107787,4,1,1,1,1,full_screen
2026-07-27 02:12:07,6784,87.4,16.1,107787,4,1,1,1,1,full_screen
2026-07-27 02:12:08,6785,83.6,16.2,107643,4,1,1,1,1,full_screen
2026-07-27 02:12:13,6790,88.0,16.1,107796,4,1,1,1,1,full_screen
2026-07-27 02:12:18,6795,88.0,16.2,107680,4,1,1,1,1,full_screen
2026-07-27 02:12:23,6800,88.1,16.3,107545,4,1,1,1,1,full_screen
2026-07-27 02:12:28,6805,87.2,16.3,107555,4,1,1,1,1,full_screen
2026-07-27 02:12:29,6806,87.2,16.3,107555,4,1,1,1,1,full_screen
2026-07-27 02:12:31,6808,87.2,16.3,107555,4,1,1,1,1,full_screen
2026-07-27 02:12:33,6810,84.7,16.2,107659,4,1,1,1,1,full_screen
2026-07-27 02:12:38,6815,87.5,16.2,107698,4,1,1,1,1,full_screen
2026-07-27 02:12:43,6820,85.5,16.2,107702,4,1,1,1,1,full_screen
2026-07-27 02:12:48,6825,86.8,16.3,107617,4,1,1,1,1,full_screen
2026-07-27 02:12:53,6830,86.8,16.3,107617,4,1,1,1,1,full_screen
2026-07-27 02:12:53,6830,83.4,16.1,107840,4,1,1,1,1,full_screen
2026-07-27 02:12:54,6831,83.4,16.1,107840,4,1,1,1,1,full_screen
2026-07-27 02:12:58,6835,86.2,16.1,107777,4,1,1,1,1,full_screen
2026-07-27 02:13:03,6840,84.5,16.1,107777,4,1,1,1,1,full_screen
2026-07-27 02:13:08,6845,85.3,16.2,107699,4,1,1,1,1,full_screen
2026-07-27 02:13:13,6850,87.1,16.2,107722,4,1,1,1,1,full_screen
2026-07-27 02:13:16,6853,87.1,16.2,107722,4,1,1,1,1,full_screen
2026-07-27 02:13:18,6855,87.1,16.2,107722,4,1,1,1,1,full_screen
2026-07-27 02:13:18,6855,84.4,16.2,107707,4,1,1,1,1,full_screen
2026-07-27 02:13:23,6860,87.9,16.3,107512,4,1,1,1,1,full_screen
2026-07-27 02:13:28,6865,86.5,16.3,107610,4,1,1,1,1,full_screen
2026-07-27 02:13:33,6870,87.3,16.1,107768,4,1,1,1,1,full_screen
2026-07-27 02:13:38,6875,85.9,16.3,107514,4,1,1,1,1,full_screen
2026-07-27 02:13:40,6877,85.9,16.3,107514,4,1,1,1,1,full_screen
2026-07-27 02:13:41,6878,85.9,16.3,107514,4,1,1,1,1,full_screen
2026-07-27 02:13:43,6880,84.1,16.3,107594,4,1,1,1,1,full_screen
2026-07-27 02:13:48,6885,87.1,16.1,107813,4,1,1,1,1,full_screen
2026-07-27 02:13:53,6890,85.9,16.3,107549,4,1,1,1,1,full_screen
2026-07-27 02:13:58,6895,87.3,16.3,107616,4,1,1,1,1,full_screen
2026-07-27 02:14:03,6900,84.7,16.0,107894,4,1,1,1,1,full_screen
2026-07-27 02:14:04,6901,84.7,16.0,107894,4,1,1,1,1,full_screen
2026-07-27 02:14:05,6902,84.7,16.0,107894,4,1,1,1,1,full_screen
2026-07-27 02:14:08,6905,86.2,16.4,107482,4,1,1,1,1,full_screen
2026-07-27 02:14:13,6910,87.1,16.3,107598,4,1,1,1,1,full_screen
2026-07-27 02:14:18,6915,86.5,16.1,107760,4,1,1,1,1,full_screen
2026-07-27 02:14:23,6920,88.1,16.3,107605,4,1,1,1,1,full_screen
2026-07-27 02:14:27,6924,88.1,16.3,107605,4,1,1,1,1,full_screen
2026-07-27 02:14:28,6925,84.1,16.1,107771,4,1,1,1,1,full_screen
2026-07-27 02:14:30,6927,84.1,16.1,107771,4,1,1,1,1,full_screen
2026-07-27 02:14:33,6930,87.8,16.2,107744,4,1,1,1,1,full_screen
2026-07-27 02:14:38,6935,86.8,16.3,107599,4,1,1,1,1,full_screen
2026-07-27 02:14:43,6940,87.0,16.4,107426,4,1,1,1,1,full_screen
2026-07-27 02:14:48,6945,87.4,16.1,107765,4,1,1,1,1,full_screen
2026-07-27 02:14:52,6949,87.4,16.1,107765,4,1,1,1,1,full_screen
2026-07-27 02:14:53,6950,87.4,16.1,107765,4,1,1,1,1,full_screen
2026-07-27 02:14:53,6950,85.5,16.3,107607,4,1,1,1,1,full_screen
2026-07-27 02:14:58,6955,88.1,16.4,107436,4,1,1,1,1,full_screen
2026-07-27 02:15:03,6960,86.6,16.2,107728,4,1,1,1,1,full_screen
2026-07-27 02:15:09,6966,89.3,16.3,107527,4,1,1,1,1,full_screen
2026-07-27 02:15:14,6971,87.8,16.2,107624,4,1,1,1,1,full_screen
2026-07-27 02:15:16,6973,87.8,16.2,107624,4,1,1,1,1,full_screen
2026-07-27 02:15:17,6974,87.8,16.2,107624,4,1,1,1,1,full_screen
2026-07-27 02:15:19,6976,86.8,16.2,107677,4,1,1,1,1,full_screen
2026-07-27 02:15:24,6981,89.4,16.2,107712,4,1,1,1,1,full_screen
2026-07-27 02:15:29,6986,87.6,16.2,107636,4,1,1,1,1,full_screen
2026-07-27 02:15:34,6991,88.7,16.4,107377,4,1,1,1,1,full_screen
2026-07-27 02:15:39,6996,86.2,16.1,107769,4,1,1,1,1,full_screen
2026-07-27 02:15:40,6997,86.2,16.1,107769,4,1,1,1,1,full_screen
2026-07-27 02:15:41,6998,86.2,16.1,107769,4,1,1,1,1,full_screen
2026-07-27 02:15:44,7001,87.4,16.3,107601,4,1,1,1,1,full_screen
2026-07-27 02:15:49,7006,88.8,16.4,107383,4,1,1,1,1,full_screen
2026-07-27 02:15:54,7011,87.4,16.2,107684,4,1,1,1,1,full_screen
2026-07-27 02:15:59,7016,88.9,16.2,107724,4,1,1,1,1,full_screen
2026-07-27 02:16:03,7020,88.9,16.2,107724,4,1,1,1,1,full_screen
2026-07-27 02:16:04,7021,84.8,16.2,107722,4,1,1,1,1,full_screen
2026-07-27 02:16:05,7022,84.8,16.2,107722,4,1,1,1,1,full_screen
2026-07-27 02:16:09,7026,87.2,16.5,107348,4,1,1,1,1,full_screen
2026-07-27 02:16:14,7031,86.3,16.2,107715,4,1,1,1,1,full_screen
2026-07-27 02:16:19,7036,87.2,16.2,107649,4,1,1,1,1,full_screen
2026-07-27 02:16:24,7041,88.5,16.4,107427,4,1,1,1,1,full_screen
2026-07-27 02:16:27,7044,88.5,16.4,107427,4,1,1,1,1,full_screen
2026-07-27 02:16:28,7045,88.5,16.4,107427,4,1,1,1,1,full_screen
2026-07-27 02:16:29,7046,85.7,16.2,107664,4,1,1,1,1,full_screen
2026-07-27 02:16:34,7051,88.3,16.3,107592,4,1,1,1,1,full_screen
2026-07-27 02:16:39,7056,87.2,16.3,107506,4,1,1,1,1,full_screen
2026-07-27 02:16:44,7061,88.3,16.5,107339,4,1,1,1,1,full_screen
2026-07-27 02:16:49,7066,86.0,16.3,107502,4,1,1,1,1,full_screen
2026-07-27 02:16:51,7068,86.0,16.3,107502,4,1,1,1,1,full_screen
2026-07-27 02:16:52,7069,86.0,16.3,107502,4,1,1,1,1,full_screen
2026-07-27 02:16:54,7071,85.4,16.3,107582,4,1,1,1,1,full_screen
2026-07-27 02:16:59,7076,88.1,16.5,107354,4,1,1,1,1,full_screen
2026-07-27 02:17:04,7081,86.4,16.3,107525,4,1,1,1,1,full_screen
2026-07-27 02:17:09,7086,87.8,16.2,107731,4,1,1,1,1,full_screen
2026-07-27 02:17:14,7091,86.1,16.5,107302,4,1,1,1,1,full_screen
2026-07-27 02:17:14,7091,86.1,16.5,107302,4,1,1,1,1,full_screen
2026-07-27 02:17:16,7093,86.1,16.5,107302,4,1,1,1,1,full_screen
2026-07-27 02:17:19,7096,85.1,16.2,107689,4,1,1,1,1,full_screen
2026-07-27 02:17:24,7101,87.4,16.1,107752,4,1,1,1,1,full_screen
2026-07-27 02:17:29,7106,87.7,16.4,107376,4,1,1,1,1,full_screen
2026-07-27 02:17:34,7111,89.2,16.3,107561,4,1,1,1,1,full_screen
2026-07-27 02:17:38,7115,89.2,16.3,107561,4,1,1,1,1,full_screen
2026-07-27 02:17:39,7116,86.0,16.0,107940,4,1,1,1,1,full_screen
2026-07-27 02:17:39,7116,86.0,16.0,107940,4,1,1,1,1,full_screen
2026-07-27 02:17:44,7121,89.5,16.3,107616,4,1,1,1,1,full_screen
2026-07-27 02:17:49,7126,88.3,16.5,107326,4,1,1,1,1,full_screen
2026-07-27 02:17:54,7131,87.1,16.3,107542,4,1,1,1,1,full_screen
2026-07-27 02:17:59,7136,88.1,16.2,107730,4,1,1,1,1,full_screen
2026-07-27 02:18:02,7139,88.1,16.2,107730,4,1,1,1,1,full_screen
2026-07-27 02:18:03,7140,88.1,16.2,107730,4,1,1,1,1,full_screen
2026-07-27 02:18:04,7141,85.8,16.5,107257,4,1,1,1,1,full_screen
2026-07-27 02:18:09,7146,88.4,16.3,107580,4,1,1,1,1,full_screen
2026-07-27 02:18:14,7151,87.8,16.1,107768,4,1,1,1,1,full_screen
2026-07-27 02:18:19,7156,89.1,16.2,107719,4,1,1,1,1,full_screen
2026-07-27 02:18:24,7161,85.8,16.5,107357,4,1,1,1,1,full_screen
2026-07-27 02:18:25,7162,85.8,16.5,107357,4,1,1,1,1,full_screen
2026-07-27 02:18:27,7164,85.8,16.5,107357,4,1,1,1,1,full_screen
2026-07-27 02:18:29,7166,85.4,16.3,107591,4,1,1,1,1,full_screen
2026-07-27 02:18:34,7171,87.4,16.3,107579,4,1,1,1,1,full_screen
2026-07-27 02:18:39,7176,87.1,16.4,107381,4,1,1,1,1,full_screen
2026-07-27 02:18:44,7181,88.8,16.2,107661,4,1,1,1,1,full_screen
2026-07-27 02:18:49,7186,85.8,16.2,107656,4,1,1,1,1,full_screen
2026-07-27 02:18:49,7186,85.8,16.2,107656,4,1,1,1,1,full_screen
2026-07-27 02:18:51,7188,85.8,16.2,107656,4,1,1,1,1,full_screen
2026-07-27 02:18:54,7191,86.5,16.5,107358,4,1,1,1,1,full_screen
2026-07-27 02:18:59,7196,86.5,16.3,107551,4,1,1,1,1,full_screen
2026-07-27 02:19:04,7201,84.8,16.3,107595,4,1,1,1,1,full_screen
2026-07-27 02:19:09,7206,86.5,16.3,107536,4,1,1,1,1,full_screen
2026-07-27 02:19:14,7211,86.5,16.3,107536,4,1,1,1,1,full_screen
2026-07-27 02:19:14,7211,84.3,16.0,107917,4,1,1,1,1,full_screen
2026-07-27 02:19:15,7212,84.3,16.0,107917,4,1,1,1,1,full_screen
2026-07-27 02:19:19,7216,87.2,16.4,107421,4,1,1,1,1,full_screen
2026-07-27 02:19:24,7221,86.8,16.5,107308,4,1,1,1,1,full_screen
