timestamp,elapsed_s,cpu_pct,ram_pct,ram_available_mb,n_cameras_active,cam1,cam2,cam3,cam4,composite
2026-07-25 23:59:25,0,0.0,0.0,0,0,0,0,0,0,unknown
2026-07-25 23:59:27,2,0.0,0.0,0,0,0,0,0,0,unknown
2026-07-25 23:59:27,2,0.0,0.0,0,0,0,0,0,0,unknown
2026-07-25 23:59:27,2,0.0,0.0,0,0,0,0,0,0,full_screen
2026-07-25 23:59:27,2,0.0,0.0,0,0,0,0,0,0,full_screen
2026-07-25 23:59:27,2,0.0,0.0,0,0,0,0,0,0,full_screen
2026-07-25 23:59:30,5,37.2,7.3,119057,0,0,0,0,0,full_screen
2026-07-25 23:59:35,10,37.2,7.3,119057,4,1,1,1,1,full_screen
2026-07-25 23:59:35,10,54.9,9.5,116346,4,1,1,1,1,full_screen
2026-07-25 23:59:40,15,91.6,9.9,115817,4,1,1,1,1,full_screen
2026-07-25 23:59:45,20,90.1,10.0,115674,4,1,1,1,1,full_screen
2026-07-25 23:59:47,22,90.1,10.0,115674,4,1,1,1,1,full_screen
2026-07-25 23:59:48,23,90.1,10.0,115674,4,1,1,1,1,full_screen
2026-07-25 23:59:50,25,93.3,10.1,115582,4,1,1,1,1,full_screen
2026-07-25 23:59:55,30,92.8,10.0,115595,4,1,1,1,1,full_screen
2026-07-26 00:00:00,35,92.9,10.0,115597,4,1,1,1,1,full_screen
2026-07-26 00:00:05,40,93.2,10.0,115604,4,1,1,1,1,full_screen
2026-07-26 00:00:10,45,93.2,10.0,115604,4,1,1,1,1,full_screen
2026-07-26 00:00:10,45,93.3,9.8,115846,4,1,1,1,1,full_screen
2026-07-26 00:00:12,47,93.3,9.8,115846,4,1,1,1,1,full_screen
2026-07-26 00:00:15,50,94.6,10.1,115534,4,1,1,1,1,full_screen
2026-07-26 00:00:20,55,93.8,10.1,115528,4,1,1,1,1,full_screen
2026-07-26 00:00:25,60,93.7,10.1,115496,4,1,1,1,1,full_screen
2026-07-26 00:00:30,65,92.3,10.1,115517,4,1,1,1,1,full_screen
2026-07-26 00:00:33,68,92.3,10.1,115517,4,1,1,1,1,full_screen
2026-07-26 00:00:35,70,92.3,10.1,115517,4,1,1,1,1,full_screen
2026-07-26 00:00:35,70,92.7,10.2,115362,4,1,1,1,1,full_screen
2026-07-26 00:00:40,75,94.4,10.2,115416,4,1,1,1,1,full_screen
2026-07-26 00:00:45,80,93.8,10.2,115437,4,1,1,1,1,full_screen
2026-07-26 00:00:50,85,93.5,10.2,115452,4,1,1,1,1,full_screen
2026-07-26 00:00:55,90,92.8,10.2,115396,4,1,1,1,1,full_screen
2026-07-26 00:00:56,91,92.8,10.2,115396,4,1,1,1,1,full_screen
2026-07-26 00:00:58,93,92.8,10.2,115396,4,1,1,1,1,full_screen
2026-07-26 00:01:00,95,91.2,10.3,115283,4,1,1,1,1,full_screen
2026-07-26 00:01:05,100,93.0,10.3,115258,4,1,1,1,1,full_screen
2026-07-26 00:01:10,105,93.0,10.2,115398,4,1,1,1,1,full_screen
2026-07-26 00:01:15,110,94.1,10.2,115350,4,1,1,1,1,full_screen
2026-07-26 00:01:19,114,94.1,10.2,115350,4,1,1,1,1,full_screen
2026-07-26 00:01:20,115,93.4,10.3,115298,4,1,1,1,1,full_screen
2026-07-26 00:01:21,116,93.4,10.3,115298,4,1,1,1,1,full_screen
2026-07-26 00:01:25,120,93.9,10.4,115120,4,1,1,1,1,full_screen
2026-07-26 00:01:30,125,93.3,10.4,115130,4,1,1,1,1,full_screen
2026-07-26 00:01:35,130,92.7,10.3,115217,4,1,1,1,1,full_screen
2026-07-26 00:01:40,135,94.1,10.4,115175,4,1,1,1,1,full_screen
2026-07-26 00:01:42,137,94.1,10.4,115175,4,1,1,1,1,full_screen
2026-07-26 00:01:44,139,94.1,10.4,115175,4,1,1,1,1,full_screen
2026-07-26 00:01:45,140,93.1,10.5,114995,4,1,1,1,1,full_screen
2026-07-26 00:01:50,145,93.6,10.5,114959,4,1,1,1,1,full_screen
2026-07-26 00:01:55,150,94.4,10.5,114976,4,1,1,1,1,full_screen
2026-07-26 00:02:00,155,93.3,10.4,115126,4,1,1,1,1,full_screen
2026-07-26 00:02:05,160,93.3,10.4,115126,4,1,1,1,1,full_screen
2026-07-26 00:02:05,160,91.7,10.3,115260,4,1,1,1,1,full_screen
2026-07-26 00:02:07,162,91.7,10.3,115260,4,1,1,1,1,full_screen
2026-07-26 00:02:10,165,92.8,10.5,114951,4,1,1,1,1,full_screen
2026-07-26 00:02:15,170,94.2,10.6,114928,4,1,1,1,1,full_screen
2026-07-26 00:02:21,176,93.4,10.5,115023,4,1,1,1,1,full_screen
2026-07-26 00:02:26,181,92.8,10.5,114975,4,1,1,1,1,full_screen
2026-07-26 00:02:29,184,92.8,10.5,114975,4,1,1,1,1,full_screen
2026-07-26 00:02:30,185,92.8,10.5,114975,4,1,1,1,1,full_screen
2026-07-26 00:02:31,186,91.2,10.6,114830,4,1,1,1,1,full_screen
2026-07-26 00:02:36,191,91.9,10.6,114841,4,1,1,1,1,full_screen
2026-07-26 00:02:41,196,93.4,10.6,114835,4,1,1,1,1,full_screen
2026-07-26 00:02:46,201,93.2,10.6,114887,4,1,1,1,1,full_screen
2026-07-26 00:02:51,206,92.7,10.7,114799,4,1,1,1,1,full_screen
2026-07-26 00:02:52,207,92.7,10.7,114799,4,1,1,1,1,full_screen
2026-07-26 00:02:53,208,92.7,10.7,114799,4,1,1,1,1,full_screen
2026-07-26 00:02:56,211,92.9,10.7,114745,4,1,1,1,1,full_screen
2026-07-26 00:03:01,216,93.2,10.7,114743,4,1,1,1,1,full_screen
2026-07-26 00:03:06,221,93.6,10.7,114741,4,1,1,1,1,full_screen
2026-07-26 00:03:11,226,93.2,10.7,114722,4,1,1,1,1,full_screen
2026-07-26 00:03:15,230,93.2,10.7,114722,4,1,1,1,1,full_screen
2026-07-26 00:03:16,231,92.7,10.7,114767,4,1,1,1,1,full_screen
2026-07-26 00:03:16,231,92.7,10.7,114767,4,1,1,1,1,full_screen
2026-07-26 00:03:21,236,94.0,10.9,114517,4,1,1,1,1,full_screen
2026-07-26 00:03:26,241,93.4,10.7,114692,4,1,1,1,1,full_screen
2026-07-26 00:03:31,246,94.1,10.8,114665,4,1,1,1,1,full_screen
2026-07-26 00:03:36,251,93.7,10.8,114638,4,1,1,1,1,full_screen
2026-07-26 00:03:38,253,93.7,10.8,114638,4,1,1,1,1,full_screen
2026-07-26 00:03:39,254,93.7,10.8,114638,4,1,1,1,1,full_screen
2026-07-26 00:03:41,256,93.4,10.9,114486,4,1,1,1,1,full_screen
2026-07-26 00:03:46,261,93.9,10.8,114603,4,1,1,1,1,full_screen
2026-07-26 00:03:51,266,94.1,10.9,114497,4,1,1,1,1,full_screen
2026-07-26 00:03:56,271,94.4,10.8,114671,4,1,1,1,1,full_screen
2026-07-26 00:04:01,276,94.9,10.7,114744,4,1,1,1,1,full_screen
2026-07-26 00:04:01,276,94.9,10.7,114744,4,1,1,1,1,full_screen
2026-07-26 00:04:02,277,94.9,10.7,114744,4,1,1,1,1,full_screen
2026-07-26 00:04:06,281,93.8,10.9,114452,4,1,1,1,1,full_screen
2026-07-26 00:04:11,286,93.9,10.9,114472,4,1,1,1,1,full_screen
2026-07-26 00:04:16,291,93.1,11.0,114424,4,1,1,1,1,full_screen
2026-07-26 00:04:21,296,94.0,10.9,114513,4,1,1,1,1,full_screen
2026-07-26 00:04:24,299,94.0,10.9,114513,4,1,1,1,1,full_screen
2026-07-26 00:04:25,300,94.0,10.9,114513,4,1,1,1,1,full_screen
2026-07-26 00:04:26,301,92.2,11.0,114359,4,1,1,1,1,full_screen
2026-07-26 00:04:31,306,93.1,11.0,114424,4,1,1,1,1,full_screen
2026-07-26 00:04:36,311,93.0,11.1,114282,4,1,1,1,1,full_screen
2026-07-26 00:04:41,316,93.8,11.1,114286,4,1,1,1,1,full_screen
2026-07-26 00:04:46,321,92.5,11.1,114277,4,1,1,1,1,full_screen
2026-07-26 00:04:47,322,92.5,11.1,114277,4,1,1,1,1,full_screen
2026-07-26 00:04:48,323,92.5,11.1,114277,4,1,1,1,1,full_screen
2026-07-26 00:04:51,326,90.5,11.1,114252,4,1,1,1,1,full_screen
2026-07-26 00:04:56,331,92.1,11.1,114219,4,1,1,1,1,full_screen
2026-07-26 00:05:01,336,93.3,11.0,114356,4,1,1,1,1,full_screen
2026-07-26 00:05:06,341,93.3,11.1,114208,4,1,1,1,1,full_screen
2026-07-26 00:05:10,345,93.3,11.1,114208,4,1,1,1,1,full_screen
2026-07-26 00:05:11,346,93.1,10.9,114456,4,1,1,1,1,full_screen
2026-07-26 00:05:11,346,93.1,10.9,114456,4,1,1,1,1,full_screen
2026-07-26 00:05:16,351,92.8,11.1,114217,4,1,1,1,1,full_screen
2026-07-26 00:05:21,356,92.5,11.2,114134,4,1,1,1,1,full_screen
2026-07-26 00:05:26,361,93.0,11.1,114180,4,1,1,1,1,full_screen
2026-07-26 00:05:31,366,92.7,11.3,114003,4,1,1,1,1,full_screen
2026-07-26 00:05:33,368,92.7,11.3,114003,4,1,1,1,1,full_screen
2026-07-26 00:05:34,369,92.7,11.3,114003,4,1,1,1,1,full_screen
2026-07-26 00:05:36,371,90.8,11.2,114103,4,1,1,1,1,full_screen
2026-07-26 00:05:41,376,95.6,11.2,114062,4,1,1,1,1,full_screen
2026-07-26 00:05:46,381,96.7,11.2,114055,4,1,1,1,1,full_screen
2026-07-26 00:05:51,386,97.1,11.3,114016,4,1,1,1,1,full_screen
2026-07-26 00:05:56,391,97.4,11.3,113919,4,1,1,1,1,full_screen
2026-07-26 00:05:57,392,97.4,11.3,113919,4,1,1,1,1,full_screen
2026-07-26 00:05:58,393,97.4,11.3,113919,4,1,1,1,1,full_screen
2026-07-26 00:06:01,396,97.7,11.3,113929,4,1,1,1,1,full_screen
2026-07-26 00:06:06,401,97.8,11.3,113918,4,1,1,1,1,full_screen
2026-07-26 00:06:11,406,97.8,11.3,113942,4,1,1,1,1,full_screen
2026-07-26 00:06:16,411,98.0,11.3,113916,4,1,1,1,1,full_screen
2026-07-26 00:06:20,415,98.0,11.3,113916,4,1,1,1,1,full_screen
2026-07-26 00:06:21,416,97.2,11.3,114001,4,1,1,1,1,full_screen
2026-07-26 00:06:21,416,97.2,11.3,114001,4,1,1,1,1,full_screen
2026-07-26 00:06:26,421,97.9,11.4,113884,4,1,1,1,1,full_screen
2026-07-26 00:06:31,426,98.3,11.4,113900,4,1,1,1,1,full_screen
2026-07-26 00:06:36,431,97.8,11.4,113868,4,1,1,1,1,full_screen
2026-07-26 00:06:41,436,97.7,11.4,113861,4,1,1,1,1,full_screen
2026-07-26 00:06:44,439,97.7,11.4,113861,4,1,1,1,1,full_screen
2026-07-26 00:06:45,440,97.7,11.4,113861,4,1,1,1,1,full_screen
2026-07-26 00:06:46,441,97.4,11.3,113932,4,1,1,1,1,full_screen
2026-07-26 00:06:51,446,97.9,11.4,113910,4,1,1,1,1,full_screen
2026-07-26 00:06:56,451,97.6,11.4,113842,4,1,1,1,1,full_screen
2026-07-26 00:07:01,456,97.4,11.4,113875,4,1,1,1,1,full_screen
2026-07-26 00:07:06,461,97.3,11.4,113885,4,1,1,1,1,full_screen
2026-07-26 00:07:08,463,97.3,11.4,113885,4,1,1,1,1,full_screen
2026-07-26 00:07:09,464,97.3,11.4,113885,4,1,1,1,1,full_screen
2026-07-26 00:07:11,466,97.4,11.5,113777,4,1,1,1,1,full_screen
2026-07-26 00:07:16,471,97.8,11.5,113776,4,1,1,1,1,full_screen
2026-07-26 00:07:21,476,97.7,11.5,113784,4,1,1,1,1,full_screen
2026-07-26 00:07:26,481,97.6,11.4,113797,4,1,1,1,1,full_screen
2026-07-26 00:07:31,486,97.5,11.5,113730,4,1,1,1,1,full_screen
2026-07-26 00:07:32,487,97.5,11.5,113730,4,1,1,1,1,full_screen
2026-07-26 00:07:33,488,97.5,11.5,113730,4,1,1,1,1,full_screen
2026-07-26 00:07:36,491,97.5,11.6,113614,4,1,1,1,1,full_screen
2026-07-26 00:07:41,496,97.7,11.6,113648,4,1,1,1,1,full_screen
2026-07-26 00:07:46,501,97.8,11.7,113503,4,1,1,1,1,full_screen
2026-07-26 00:07:51,506,97.7,11.6,113657,4,1,1,1,1,full_screen
2026-07-26 00:07:56,511,97.8,11.4,113788,4,1,1,1,1,full_screen
2026-07-26 00:07:56,511,97.8,11.4,113788,4,1,1,1,1,full_screen
2026-07-26 00:07:58,513,97.8,11.4,113788,4,1,1,1,1,full_screen
2026-07-26 00:08:01,516,97.7,11.6,113632,4,1,1,1,1,full_screen
2026-07-26 00:08:06,521,97.9,11.6,113643,4,1,1,1,1,full_screen
2026-07-26 00:08:11,526,98.0,11.6,113557,4,1,1,1,1,full_screen
2026-07-26 00:08:16,531,98.0,11.6,113601,4,1,1,1,1,full_screen
2026-07-26 00:08:21,536,98.0,11.6,113601,4,1,1,1,1,full_screen
2026-07-26 00:08:21,536,97.8,11.5,113775,4,1,1,1,1,full_screen
2026-07-26 00:08:22,537,97.8,11.5,113775,4,1,1,1,1,full_screen
2026-07-26 00:08:26,541,97.9,11.7,113502,4,1,1,1,1,full_screen
2026-07-26 00:08:31,546,97.7,11.6,113545,4,1,1,1,1,full_screen
2026-07-26 00:08:36,551,97.8,11.7,113417,4,1,1,1,1,full_screen
2026-07-26 00:08:41,556,98.2,11.7,113496,4,1,1,1,1,full_screen
2026-07-26 00:08:45,560,98.2,11.7,113496,4,1,1,1,1,full_screen
2026-07-26 00:08:46,561,97.8,11.6,113655,4,1,1,1,1,full_screen
2026-07-26 00:08:47,562,97.8,11.6,113655,4,1,1,1,1,full_screen
2026-07-26 00:08:51,566,97.9,11.6,113563,4,1,1,1,1,full_screen
2026-07-26 00:08:56,571,97.9,11.6,113607,4,1,1,1,1,full_screen
2026-07-26 00:09:01,576,98.2,11.7,113484,4,1,1,1,1,full_screen
2026-07-26 00:09:06,581,98.3,11.6,113542,4,1,1,1,1,full_screen
2026-07-26 00:09:10,585,98.3,11.6,113542,4,1,1,1,1,full_screen
2026-07-26 00:09:11,586,98.3,11.6,113542,4,1,1,1,1,full_screen
2026-07-26 00:09:11,586,98.0,11.7,113504,4,1,1,1,1,full_screen
2026-07-26 00:09:16,591,98.0,11.7,113501,4,1,1,1,1,full_screen
2026-07-26 00:09:21,596,97.8,11.7,113436,4,1,1,1,1,full_screen
2026-07-26 00:09:26,601,97.4,11.8,113396,4,1,1,1,1,full_screen
2026-07-26 00:09:31,606,97.7,11.7,113478,4,1,1,1,1,full_screen
2026-07-26 00:09:34,609,97.7,11.7,113478,4,1,1,1,1,full_screen
2026-07-26 00:09:35,610,97.7,11.7,113478,4,1,1,1,1,full_screen
2026-07-26 00:09:36,611,97.6,11.7,113451,4,1,1,1,1,full_screen
2026-07-26 00:09:41,616,97.7,11.7,113512,4,1,1,1,1,full_screen
2026-07-26 00:09:46,621,97.8,11.7,113472,4,1,1,1,1,full_screen
2026-07-26 00:09:51,626,98.1,11.8,113367,4,1,1,1,1,full_screen
2026-07-26 00:09:56,631,97.8,11.8,113376,4,1,1,1,1,full_screen
2026-07-26 00:09:58,633,97.8,11.8,113376,4,1,1,1,1,full_screen
2026-07-26 00:09:59,634,97.8,11.8,113376,4,1,1,1,1,full_screen
2026-07-26 00:10:01,636,97.9,11.8,113380,4,1,1,1,1,full_screen
2026-07-26 00:10:06,641,97.2,11.8,113394,4,1,1,1,1,full_screen
2026-07-26 00:10:11,646,92.5,11.7,113509,4,1,1,1,1,full_screen
2026-07-26 00:10:16,651,93.6,11.7,113492,4,1,1,1,1,full_screen
2026-07-26 00:10:21,656,93.6,11.7,113492,4,1,1,1,1,full_screen
2026-07-26 00:10:21,656,92.5,11.6,113657,4,1,1,1,1,full_screen
2026-07-26 00:10:22,657,92.5,11.6,113657,4,1,1,1,1,full_screen
2026-07-26 00:10:26,661,93.0,11.6,113547,4,1,1,1,1,full_screen
2026-07-26 00:10:31,666,92.7,11.8,113360,4,1,1,1,1,full_screen
2026-07-26 00:10:36,671,92.9,11.7,113438,4,1,1,1,1,full_screen
2026-07-26 00:10:41,676,93.5,11.7,113418,4,1,1,1,1,full_screen
2026-07-26 00:10:44,679,93.5,11.7,113418,4,1,1,1,1,full_screen
2026-07-26 00:10:45,680,93.5,11.7,113418,4,1,1,1,1,full_screen
2026-07-26 00:10:46,681,93.3,11.7,113468,4,1,1,1,1,full_screen
2026-07-26 00:10:51,686,92.9,11.7,113459,4,1,1,1,1,full_screen
2026-07-26 00:10:56,691,95.0,11.7,113439,4,1,1,1,1,full_screen
2026-07-26 00:11:01,696,96.6,11.7,113409,4,1,1,1,1,full_screen
2026-07-26 00:11:06,701,96.5,11.8,113330,4,1,1,1,1,full_screen
2026-07-26 00:11:08,703,96.5,11.8,113330,4,1,1,1,1,full_screen
2026-07-26 00:11:09,704,96.5,11.8,113330,4,1,1,1,1,full_screen
2026-07-26 00:11:11,706,97.2,11.7,113459,4,1,1,1,1,full_screen
2026-07-26 00:11:16,711,97.8,11.7,113465,4,1,1,1,1,full_screen
2026-07-26 00:11:21,716,97.7,11.7,113468,4,1,1,1,1,full_screen
2026-07-26 00:11:26,721,98.0,11.7,113422,4,1,1,1,1,full_screen
2026-07-26 00:11:31,726,98.0,11.7,113422,4,1,1,1,1,full_screen
2026-07-26 00:11:31,726,97.4,11.6,113543,4,1,1,1,1,full_screen
2026-07-26 00:11:33,728,97.4,11.6,113543,4,1,1,1,1,full_screen
2026-07-26 00:11:36,731,97.8,11.7,113404,4,1,1,1,1,full_screen
2026-07-26 00:11:41,736,97.8,11.7,113440,4,1,1,1,1,full_screen
2026-07-26 00:11:46,741,97.9,11.7,113424,4,1,1,1,1,full_screen
2026-07-26 00:11:51,746,97.9,11.8,113363,4,1,1,1,1,full_screen
2026-07-26 00:11:56,751,97.9,11.8,113363,4,1,1,1,1,full_screen
2026-07-26 00:11:56,751,97.6,11.6,113540,4,1,1,1,1,full_screen
2026-07-26 00:11:57,752,97.6,11.6,113540,4,1,1,1,1,full_screen
2026-07-26 00:12:01,756,98.0,11.7,113408,4,1,1,1,1,full_screen
2026-07-26 00:12:06,761,98.0,11.7,113404,4,1,1,1,1,full_screen
2026-07-26 00:12:11,766,97.6,11.7,113438,4,1,1,1,1,full_screen
2026-07-26 00:12:16,771,98.3,11.8,113333,4,1,1,1,1,full_screen
2026-07-26 00:12:20,775,98.3,11.8,113333,4,1,1,1,1,full_screen
2026-07-26 00:12:21,776,97.6,11.7,113432,4,1,1,1,1,full_screen
2026-07-26 00:12:22,777,97.6,11.7,113432,4,1,1,1,1,full_screen
2026-07-26 00:12:26,781,97.7,11.7,113443,4,1,1,1,1,full_screen
2026-07-26 00:12:31,786,97.9,11.8,113286,4,1,1,1,1,full_screen
2026-07-26 00:12:36,791,97.4,11.8,113304,4,1,1,1,1,full_screen
2026-07-26 00:12:41,796,97.6,11.8,113302,4,1,1,1,1,full_screen
2026-07-26 00:12:45,800,97.6,11.8,113302,4,1,1,1,1,full_screen
2026-07-26 00:12:46,801,97.6,11.8,113302,4,1,1,1,1,full_screen
2026-07-26 00:12:46,801,97.3,11.9,113173,4,1,1,1,1,full_screen
2026-07-26 00:12:51,806,97.8,11.9,113262,4,1,1,1,1,full_screen
2026-07-26 00:12:56,811,97.7,11.8,113289,4,1,1,1,1,full_screen
2026-07-26 00:13:01,816,98.0,11.9,113169,4,1,1,1,1,full_screen
2026-07-26 00:13:06,821,97.8,11.8,113305,4,1,1,1,1,full_screen
2026-07-26 00:13:10,825,97.8,11.8,113305,4,1,1,1,1,full_screen
2026-07-26 00:13:11,826,97.8,11.8,113305,4,1,1,1,1,full_screen
2026-07-26 00:13:11,826,97.4,11.9,113160,4,1,1,1,1,full_screen
2026-07-26 00:13:17,832,98.0,11.9,113218,4,1,1,1,1,full_screen
2026-07-26 00:13:22,837,97.7,11.8,113281,4,1,1,1,1,full_screen
2026-07-26 00:13:27,842,97.5,11.8,113307,4,1,1,1,1,full_screen
2026-07-26 00:13:32,847,97.9,11.8,113300,4,1,1,1,1,full_screen
2026-07-26 00:13:34,849,97.9,11.8,113300,4,1,1,1,1,full_screen
2026-07-26 00:13:35,850,97.9,11.8,113300,4,1,1,1,1,full_screen
2026-07-26 00:13:37,852,97.9,11.9,113161,4,1,1,1,1,full_screen
2026-07-26 00:13:42,857,98.0,11.9,113186,4,1,1,1,1,full_screen
2026-07-26 00:13:47,862,98.3,11.9,113161,4,1,1,1,1,full_screen
2026-07-26 00:13:52,867,97.8,11.9,113206,4,1,1,1,1,full_screen
2026-07-26 00:13:57,872,98.0,11.9,113212,4,1,1,1,1,full_screen
2026-07-26 00:13:58,873,98.0,11.9,113212,4,1,1,1,1,full_screen
2026-07-26 00:13:59,874,98.0,11.9,113212,4,1,1,1,1,full_screen
2026-07-26 00:14:02,877,98.0,11.9,113195,4,1,1,1,1,full_screen
2026-07-26 00:14:07,882,97.9,12.0,113141,4,1,1,1,1,full_screen
2026-07-26 00:14:12,887,95.7,11.9,113249,4,1,1,1,1,full_screen
2026-07-26 00:14:17,892,95.4,11.9,113251,4,1,1,1,1,full_screen
2026-07-26 00:14:21,896,95.4,11.9,113251,4,1,1,1,1,full_screen
2026-07-26 00:14:22,897,95.3,11.7,113483,4,1,1,1,1,full_screen
2026-07-26 00:14:22,897,95.3,11.7,113483,4,1,1,1,1,full_screen
2026-07-26 00:14:27,902,95.3,11.8,113278,4,1,1,1,1,full_screen
2026-07-26 00:14:32,907,94.7,11.9,113214,4,1,1,1,1,full_screen
2026-07-26 00:14:37,912,93.8,11.9,113209,4,1,1,1,1,full_screen
2026-07-26 00:14:42,917,94.4,11.9,113220,4,1,1,1,1,full_screen
2026-07-26 00:14:44,919,94.4,11.9,113220,4,1,1,1,1,full_screen
2026-07-26 00:14:45,920,94.4,11.9,113220,4,1,1,1,1,full_screen
2026-07-26 00:14:47,922,94.7,12.0,113115,4,1,1,1,1,full_screen
2026-07-26 00:14:52,927,95.0,12.0,113018,4,1,1,1,1,full_screen
2026-07-26 00:14:57,932,94.7,12.0,113052,4,1,1,1,1,full_screen
2026-07-26 00:15:02,937,94.7,11.9,113228,4,1,1,1,1,full_screen
2026-07-26 00:15:07,942,94.3,11.9,113169,4,1,1,1,1,full_screen
2026-07-26 00:15:07,942,94.3,11.9,113169,4,1,1,1,1,full_screen
2026-07-26 00:15:08,943,94.3,11.9,113169,4,1,1,1,1,full_screen
2026-07-26 00:15:12,947,93.8,12.0,113127,4,1,1,1,1,full_screen
2026-07-26 00:15:17,952,94.0,11.9,113168,4,1,1,1,1,full_screen
2026-07-26 00:15:22,957,93.0,12.0,113140,4,1,1,1,1,full_screen
2026-07-26 00:15:27,962,94.2,11.9,113153,4,1,1,1,1,full_screen
2026-07-26 00:15:30,965,94.2,11.9,113153,4,1,1,1,1,full_screen
2026-07-26 00:15:32,967,93.0,11.9,113168,4,1,1,1,1,full_screen
2026-07-26 00:15:32,967,93.0,11.9,113168,4,1,1,1,1,full_screen
2026-07-26 00:15:37,972,94.0,11.9,113196,4,1,1,1,1,full_screen
2026-07-26 00:15:42,977,93.4,11.9,113170,4,1,1,1,1,full_screen
2026-07-26 00:15:47,982,92.9,11.9,113155,4,1,1,1,1,full_screen
2026-07-26 00:15:52,987,91.9,12.0,113064,4,1,1,1,1,full_screen
2026-07-26 00:15:53,988,91.9,12.0,113064,4,1,1,1,1,full_screen
2026-07-26 00:15:54,989,91.9,12.0,113064,4,1,1,1,1,full_screen
2026-07-26 00:15:57,992,91.6,12.0,113099,4,1,1,1,1,full_screen
2026-07-26 00:16:02,997,94.1,12.0,113116,4,1,1,1,1,full_screen
2026-07-26 00:16:07,1002,96.8,12.0,113094,4,1,1,1,1,full_screen
2026-07-26 00:16:12,1007,97.3,12.0,113052,4,1,1,1,1,full_screen
2026-07-26 00:16:17,1012,97.6,12.1,113000,4,1,1,1,1,full_screen
2026-07-26 00:16:17,1012,97.6,12.1,113000,4,1,1,1,1,full_screen
2026-07-26 00:16:18,1013,97.6,12.1,113000,4,1,1,1,1,full_screen
2026-07-26 00:16:22,1017,97.7,12.0,113025,4,1,1,1,1,full_screen
2026-07-26 00:16:27,1022,97.7,12.1,113007,4,1,1,1,1,full_screen
2026-07-26 00:16:32,1027,97.6,12.0,113029,4,1,1,1,1,full_screen
2026-07-26 00:16:37,1032,98.0,12.1,112939,4,1,1,1,1,full_screen
2026-07-26 00:16:41,1036,98.0,12.1,112939,4,1,1,1,1,full_screen
2026-07-26 00:16:42,1037,98.2,12.0,113027,4,1,1,1,1,full_screen
2026-07-26 00:16:42,1037,98.2,12.0,113027,4,1,1,1,1,full_screen
2026-07-26 00:16:47,1042,98.5,12.1,112944,4,1,1,1,1,full_screen
2026-07-26 00:16:52,1047,98.5,12.2,112873,4,1,1,1,1,full_screen
2026-07-26 00:16:57,1052,98.7,12.1,112904,4,1,1,1,1,full_screen
2026-07-26 00:17:02,1057,98.8,12.2,112853,4,1,1,1,1,full_screen
2026-07-26 00:17:06,1061,98.8,12.2,112853,4,1,1,1,1,full_screen
2026-07-26 00:17:07,1062,98.5,12.0,113024,4,1,1,1,1,full_screen
2026-07-26 00:17:07,1062,98.5,12.0,113024,4,1,1,1,1,full_screen
2026-07-26 00:17:12,1067,98.6,12.2,112873,4,1,1,1,1,full_screen
2026-07-26 00:17:17,1072,98.5,12.1,112912,4,1,1,1,1,full_screen
2026-07-26 00:17:22,1077,98.5,12.2,112881,4,1,1,1,1,full_screen
2026-07-26 00:17:27,1082,98.8,12.1,112911,4,1,1,1,1,full_screen
2026-07-26 00:17:32,1087,98.8,12.1,112911,4,1,1,1,1,full_screen
2026-07-26 00:17:32,1087,98.5,12.1,112935,4,1,1,1,1,full_screen
2026-07-26 00:17:33,1088,98.5,12.1,112935,4,1,1,1,1,full_screen
2026-07-26 00:17:37,1092,98.5,12.2,112851,4,1,1,1,1,full_screen
2026-07-26 00:17:42,1097,98.7,12.1,112921,4,1,1,1,1,full_screen
2026-07-26 00:17:47,1102,98.4,12.1,112961,4,1,1,1,1,full_screen
2026-07-26 00:17:52,1107,98.0,12.1,112980,4,1,1,1,1,full_screen
2026-07-26 00:17:56,1111,98.0,12.1,112980,4,1,1,1,1,full_screen
2026-07-26 00:17:57,1112,98.0,12.1,112980,4,1,1,1,1,full_screen
2026-07-26 00:17:57,1112,97.1,12.0,113029,4,1,1,1,1,full_screen
2026-07-26 00:18:02,1117,97.8,12.1,112993,4,1,1,1,1,full_screen
2026-07-26 00:18:07,1122,97.7,12.1,112965,4,1,1,1,1,full_screen
2026-07-26 00:18:12,1127,97.8,12.1,112912,4,1,1,1,1,full_screen
2026-07-26 00:18:17,1132,98.1,12.1,112925,4,1,1,1,1,full_screen
2026-07-26 00:18:21,1136,98.1,12.1,112925,4,1,1,1,1,full_screen
2026-07-26 00:18:22,1137,98.1,12.1,112925,4,1,1,1,1,full_screen
2026-07-26 00:18:22,1137,97.4,12.1,112957,4,1,1,1,1,full_screen
2026-07-26 00:18:27,1142,97.6,12.1,113015,4,1,1,1,1,full_screen
2026-07-26 00:18:32,1147,98.1,12.1,112980,4,1,1,1,1,full_screen
2026-07-26 00:18:37,1152,97.9,12.0,113049,4,1,1,1,1,full_screen
2026-07-26 00:18:42,1157,98.0,12.1,112933,4,1,1,1,1,full_screen
2026-07-26 00:18:45,1160,98.0,12.1,112933,4,1,1,1,1,full_screen
2026-07-26 00:18:46,1161,98.0,12.1,112933,4,1,1,1,1,full_screen
2026-07-26 00:18:47,1162,96.9,12.0,113072,4,1,1,1,1,full_screen
2026-07-26 00:18:52,1167,95.6,12.0,113021,4,1,1,1,1,full_screen
2026-07-26 00:18:57,1172,94.3,12.0,113023,4,1,1,1,1,full_screen
2026-07-26 00:19:02,1177,94.4,12.0,113082,4,1,1,1,1,full_screen
2026-07-26 00:19:07,1182,92.4,12.0,113045,4,1,1,1,1,full_screen
2026-07-26 00:19:08,1183,92.4,12.0,113045,4,1,1,1,1,full_screen
2026-07-26 00:19:09,1184,92.4,12.0,113045,4,1,1,1,1,full_screen
2026-07-26 00:19:12,1187,93.0,12.1,112894,4,1,1,1,1,full_screen
2026-07-26 00:19:17,1192,93.7,12.0,113100,4,1,1,1,1,full_screen
2026-07-26 00:19:22,1197,92.4,12.2,112880,4,1,1,1,1,full_screen
2026-07-26 00:19:27,1202,93.7,12.0,113092,4,1,1,1,1,full_screen
2026-07-26 00:19:31,1206,93.7,12.0,113092,4,1,1,1,1,full_screen
2026-07-26 00:19:32,1207,93.7,12.0,113092,4,1,1,1,1,full_screen
2026-07-26 00:19:32,1207,93.0,11.9,113147,4,1,1,1,1,full_screen
2026-07-26 00:19:37,1212,93.8,12.0,113037,4,1,1,1,1,full_screen
2026-07-26 00:19:42,1217,94.5,12.1,112994,4,1,1,1,1,full_screen
2026-07-26 00:19:47,1222,94.0,12.1,112912,4,1,1,1,1,full_screen
2026-07-26 00:19:52,1227,94.0,12.1,112981,4,1,1,1,1,full_screen
2026-07-26 00:19:54,1229,94.0,12.1,112981,4,1,1,1,1,full_screen
2026-07-26 00:19:55,1230,94.0,12.1,112981,4,1,1,1,1,full_screen
2026-07-26 00:19:57,1232,93.6,12.0,113090,4,1,1,1,1,full_screen
2026-07-26 00:20:02,1237,95.1,12.1,113001,4,1,1,1,1,full_screen
2026-07-26 00:20:07,1242,94.1,12.1,113012,4,1,1,1,1,full_screen
2026-07-26 00:20:12,1247,93.1,12.1,112966,4,1,1,1,1,full_screen
2026-07-26 00:20:17,1252,93.1,12.1,112966,4,1,1,1,1,full_screen
2026-07-26 00:20:17,1252,92.3,11.9,113230,4,1,1,1,1,full_screen
2026-07-26 00:20:18,1253,92.3,11.9,113230,4,1,1,1,1,full_screen
2026-07-26 00:20:22,1257,91.4,12.0,113054,4,1,1,1,1,full_screen
2026-07-26 00:20:27,1262,91.8,12.1,112910,4,1,1,1,1,full_screen
2026-07-26 00:20:32,1267,91.2,12.1,112940,4,1,1,1,1,full_screen
2026-07-26 00:20:37,1272,91.5,12.2,112886,4,1,1,1,1,full_screen
2026-07-26 00:20:40,1275,91.5,12.2,112886,4,1,1,1,1,full_screen
2026-07-26 00:20:41,1276,91.5,12.2,112886,4,1,1,1,1,full_screen
2026-07-26 00:20:42,1277,90.0,12.1,112923,4,1,1,1,1,full_screen
2026-07-26 00:20:47,1282,92.2,12.1,112900,4,1,1,1,1,full_screen
2026-07-26 00:20:52,1287,92.7,12.1,112976,4,1,1,1,1,full_screen
2026-07-26 00:20:57,1292,92.9,12.2,112872,4,1,1,1,1,full_screen
2026-07-26 00:21:02,1297,93.1,12.0,113046,4,1,1,1,1,full_screen
2026-07-26 00:21:03,1298,93.1,12.0,113046,4,1,1,1,1,full_screen
2026-07-26 00:21:04,1299,93.1,12.0,113046,4,1,1,1,1,full_screen
2026-07-26 00:21:07,1302,93.2,12.1,112910,4,1,1,1,1,full_screen
2026-07-26 00:21:12,1307,93.2,12.2,112807,4,1,1,1,1,full_screen
2026-07-26 00:21:17,1312,93.6,12.1,112890,4,1,1,1,1,full_screen
2026-07-26 00:21:22,1317,94.1,12.1,112970,4,1,1,1,1,full_screen
2026-07-26 00:21:26,1321,94.1,12.1,112970,4,1,1,1,1,full_screen
2026-07-26 00:21:27,1322,94.1,12.1,112970,4,1,1,1,1,full_screen
2026-07-26 00:21:27,1322,92.9,12.1,112981,4,1,1,1,1,full_screen
2026-07-26 00:21:32,1327,93.4,12.1,112940,4,1,1,1,1,full_screen
2026-07-26 00:21:37,1332,94.0,12.1,112905,4,1,1,1,1,full_screen
2026-07-26 00:21:42,1337,94.5,12.1,112987,4,1,1,1,1,full_screen
2026-07-26 00:21:47,1342,93.3,12.1,112909,4,1,1,1,1,full_screen
2026-07-26 00:21:49,1344,93.3,12.1,112909,4,1,1,1,1,full_screen
2026-07-26 00:21:50,1345,93.3,12.1,112909,4,1,1,1,1,full_screen
2026-07-26 00:21:52,1347,92.5,12.1,112970,4,1,1,1,1,full_screen
2026-07-26 00:21:57,1352,93.1,12.0,113051,4,1,1,1,1,full_screen
2026-07-26 00:22:02,1357,93.7,12.3,112758,4,1,1,1,1,full_screen
2026-07-26 00:22:07,1362,94.2,12.1,112990,4,1,1,1,1,full_screen
2026-07-26 00:22:12,1367,94.2,12.1,112990,4,1,1,1,1,full_screen
2026-07-26 00:22:12,1367,92.5,12.0,113079,4,1,1,1,1,full_screen
2026-07-26 00:22:13,1368,92.5,12.0,113079,4,1,1,1,1,full_screen
2026-07-26 00:22:17,1372,93.9,12.1,112932,4,1,1,1,1,full_screen
2026-07-26 00:22:22,1377,94.5,12.1,112999,4,1,1,1,1,full_screen
2026-07-26 00:22:27,1382,94.3,12.1,112907,4,1,1,1,1,full_screen
2026-07-26 00:22:32,1387,93.2,12.1,113008,4,1,1,1,1,full_screen
2026-07-26 00:22:35,1390,93.2,12.1,113008,4,1,1,1,1,full_screen
2026-07-26 00:22:36,1391,93.2,12.1,113008,4,1,1,1,1,full_screen
2026-07-26 00:22:37,1392,91.8,12.2,112883,4,1,1,1,1,full_screen
2026-07-26 00:22:42,1397,94.9,12.1,112892,4,1,1,1,1,full_screen
2026-07-26 00:22:47,1402,93.9,12.1,112890,4,1,1,1,1,full_screen
2026-07-26 00:22:52,1407,93.9,12.1,112961,4,1,1,1,1,full_screen
2026-07-26 00:22:57,1412,94.4,12.1,112916,4,1,1,1,1,full_screen
2026-07-26 00:22:58,1413,94.4,12.1,112916,4,1,1,1,1,full_screen
2026-07-26 00:22:59,1414,94.4,12.1,112916,4,1,1,1,1,full_screen
2026-07-26 00:23:02,1417,93.5,12.1,112974,4,1,1,1,1,full_screen
2026-07-26 00:23:07,1422,95.0,12.1,112915,4,1,1,1,1,full_screen
2026-07-26 00:23:12,1427,93.3,12.2,112860,4,1,1,1,1,full_screen
2026-07-26 00:23:17,1432,94.0,12.2,112831,4,1,1,1,1,full_screen
2026-07-26 00:23:21,1436,94.0,12.2,112831,4,1,1,1,1,full_screen
2026-07-26 00:23:22,1437,94.0,12.2,112831,4,1,1,1,1,full_screen
2026-07-26 00:23:22,1437,92.3,12.0,113068,4,1,1,1,1,full_screen
2026-07-26 00:23:27,1442,93.8,12.2,112764,4,1,1,1,1,full_screen
2026-07-26 00:23:32,1447,95.3,12.2,112875,4,1,1,1,1,full_screen
2026-07-26 00:23:37,1452,93.4,12.1,112986,4,1,1,1,1,full_screen
2026-07-26 00:23:42,1457,94.3,12.1,112900,4,1,1,1,1,full_screen
2026-07-26 00:23:44,1459,94.3,12.1,112900,4,1,1,1,1,full_screen
2026-07-26 00:23:45,1460,94.3,12.1,112900,4,1,1,1,1,full_screen
2026-07-26 00:23:47,1462,94.4,12.1,112963,4,1,1,1,1,full_screen
2026-07-26 00:23:52,1467,94.4,12.1,112936,4,1,1,1,1,full_screen
2026-07-26 00:23:57,1472,94.4,12.1,112934,4,1,1,1,1,full_screen
2026-07-26 00:24:03,1478,94.3,12.1,112914,4,1,1,1,1,full_screen
2026-07-26 00:24:07,1482,94.3,12.1,112914,4,1,1,1,1,full_screen
2026-07-26 00:24:08,1483,93.6,12.0,113132,4,1,1,1,1,full_screen
2026-07-26 00:24:08,1483,93.6,12.0,113132,4,1,1,1,1,full_screen
2026-07-26 00:24:13,1488,93.1,12.1,112962,4,1,1,1,1,full_screen
2026-07-26 00:24:18,1493,94.4,12.2,112881,4,1,1,1,1,full_screen
2026-07-26 00:24:23,1498,94.4,12.1,112897,4,1,1,1,1,full_screen
2026-07-26 00:24:28,1503,93.3,12.1,112908,4,1,1,1,1,full_screen
2026-07-26 00:24:30,1505,93.3,12.1,112908,4,1,1,1,1,full_screen
2026-07-26 00:24:31,1506,93.3,12.1,112908,4,1,1,1,1,full_screen
2026-07-26 00:24:33,1508,92.9,12.1,112941,4,1,1,1,1,full_screen
2026-07-26 00:24:38,1513,92.3,12.1,112940,4,1,1,1,1,full_screen
2026-07-26 00:24:43,1518,91.9,12.2,112881,4,1,1,1,1,full_screen
2026-07-26 00:24:48,1523,94.2,12.1,112940,4,1,1,1,1,full_screen
2026-07-26 00:24:53,1528,93.3,12.2,112882,4,1,1,1,1,full_screen
2026-07-26 00:24:53,1528,93.3,12.2,112882,4,1,1,1,1,full_screen
2026-07-26 00:24:55,1530,93.3,12.2,112882,4,1,1,1,1,full_screen
2026-07-26 00:24:58,1533,92.1,12.2,112850,4,1,1,1,1,full_screen
2026-07-26 00:25:03,1538,92.8,12.1,112998,4,1,1,1,1,full_screen
2026-07-26 00:25:08,1543,93.9,12.2,112862,4,1,1,1,1,full_screen
2026-07-26 00:25:13,1548,92.4,12.1,112933,4,1,1,1,1,full_screen
2026-07-26 00:25:17,1552,92.4,12.1,112933,4,1,1,1,1,full_screen
2026-07-26 00:25:18,1553,92.4,12.1,112933,4,1,1,1,1,full_screen
2026-07-26 00:25:18,1553,94.1,12.1,112930,4,1,1,1,1,full_screen
2026-07-26 00:25:23,1558,96.7,12.2,112847,4,1,1,1,1,full_screen
2026-07-26 00:25:28,1563,96.6,12.2,112811,4,1,1,1,1,full_screen
2026-07-26 00:25:33,1568,97.3,12.2,112771,4,1,1,1,1,full_screen
2026-07-26 00:25:38,1573,97.6,12.2,112763,4,1,1,1,1,full_screen
2026-07-26 00:25:41,1576,97.6,12.2,112763,4,1,1,1,1,full_screen
2026-07-26 00:25:42,1577,97.6,12.2,112763,4,1,1,1,1,full_screen
2026-07-26 00:25:43,1578,97.1,12.2,112831,4,1,1,1,1,full_screen
2026-07-26 00:25:48,1583,97.4,12.2,112794,4,1,1,1,1,full_screen
2026-07-26 00:25:53,1588,97.3,12.2,112834,4,1,1,1,1,full_screen
2026-07-26 00:25:58,1593,97.3,12.2,112787,4,1,1,1,1,full_screen
2026-07-26 00:26:03,1598,97.7,12.2,112787,4,1,1,1,1,full_screen
2026-07-26 00:26:05,1600,97.7,12.2,112787,4,1,1,1,1,full_screen
2026-07-26 00:26:07,1602,97.7,12.2,112787,4,1,1,1,1,full_screen
2026-07-26 00:26:08,1603,97.6,12.2,112818,4,1,1,1,1,full_screen
2026-07-26 00:26:13,1608,97.4,12.2,112839,4,1,1,1,1,full_screen
2026-07-26 00:26:18,1613,97.7,12.2,112829,4,1,1,1,1,full_screen
2026-07-26 00:26:23,1618,97.3,12.1,112928,4,1,1,1,1,full_screen
2026-07-26 00:26:28,1623,97.5,12.2,112828,4,1,1,1,1,full_screen
2026-07-26 00:26:30,1625,97.5,12.2,112828,4,1,1,1,1,full_screen
2026-07-26 00:26:31,1626,97.5,12.2,112828,4,1,1,1,1,full_screen
2026-07-26 00:26:33,1628,97.2,12.2,112815,4,1,1,1,1,full_screen
2026-07-26 00:26:38,1633,97.4,12.2,112819,4,1,1,1,1,full_screen
2026-07-26 00:26:43,1638,97.8,12.2,112818,4,1,1,1,1,full_screen
2026-07-26 00:26:48,1643,97.9,12.2,112844,4,1,1,1,1,full_screen
2026-07-26 00:26:53,1648,97.1,12.2,112775,4,1,1,1,1,full_screen
2026-07-26 00:26:54,1649,97.1,12.2,112775,4,1,1,1,1,full_screen
2026-07-26 00:26:55,1650,97.1,12.2,112775,4,1,1,1,1,full_screen
2026-07-26 00:26:58,1653,97.5,12.2,112780,4,1,1,1,1,full_screen
2026-07-26 00:27:03,1658,98.0,12.2,112874,4,1,1,1,1,full_screen
2026-07-26 00:27:08,1663,98.2,12.2,112829,4,1,1,1,1,full_screen
2026-07-26 00:27:13,1668,97.6,12.2,112822,4,1,1,1,1,full_screen
2026-07-26 00:27:18,1673,97.9,12.2,112854,4,1,1,1,1,full_screen
2026-07-26 00:27:19,1674,97.9,12.2,112854,4,1,1,1,1,full_screen
2026-07-26 00:27:20,1675,97.9,12.2,112854,4,1,1,1,1,full_screen
2026-07-26 00:27:23,1678,97.7,12.2,112801,4,1,1,1,1,full_screen
2026-07-26 00:27:28,1683,97.8,12.2,112766,4,1,1,1,1,full_screen
2026-07-26 00:27:33,1688,97.9,12.2,112831,4,1,1,1,1,full_screen
2026-07-26 00:27:38,1693,97.3,12.2,112869,4,1,1,1,1,full_screen
2026-07-26 00:27:43,1698,97.3,12.1,113001,4,1,1,1,1,full_screen
2026-07-26 00:27:43,1698,97.3,12.1,113001,4,1,1,1,1,full_screen
2026-07-26 00:27:44,1699,97.3,12.1,113001,4,1,1,1,1,full_screen
2026-07-26 00:27:48,1703,97.8,12.2,112773,4,1,1,1,1,full_screen
2026-07-26 00:27:53,1708,97.5,12.2,112841,4,1,1,1,1,full_screen
2026-07-26 00:27:58,1713,97.5,12.1,112896,4,1,1,1,1,full_screen
2026-07-26 00:28:03,1718,97.4,12.2,112854,4,1,1,1,1,full_screen
2026-07-26 00:28:07,1722,97.4,12.2,112854,4,1,1,1,1,full_screen
2026-07-26 00:28:08,1723,97.6,12.0,113051,4,1,1,1,1,full_screen
2026-07-26 00:28:08,1723,97.6,12.0,113051,4,1,1,1,1,full_screen
2026-07-26 00:28:13,1728,97.8,12.2,112789,4,1,1,1,1,full_screen
2026-07-26 00:28:18,1733,97.9,12.2,112814,4,1,1,1,1,full_screen
2026-07-26 00:28:23,1738,95.6,12.2,112880,4,1,1,1,1,full_screen
2026-07-26 00:28:28,1743,94.1,12.2,112872,4,1,1,1,1,full_screen
2026-07-26 00:28:32,1747,94.1,12.2,112872,4,1,1,1,1,full_screen
2026-07-26 00:28:33,1748,94.1,12.2,112872,4,1,1,1,1,full_screen
2026-07-26 00:28:33,1748,92.8,12.2,112853,4,1,1,1,1,full_screen
2026-07-26 00:28:38,1753,94.3,12.1,112912,4,1,1,1,1,full_screen
2026-07-26 00:28:43,1758,93.5,12.2,112821,4,1,1,1,1,full_screen
2026-07-26 00:28:48,1763,92.2,12.2,112847,4,1,1,1,1,full_screen
2026-07-26 00:28:53,1768,92.8,12.2,112852,4,1,1,1,1,full_screen
2026-07-26 00:28:55,1770,92.8,12.2,112852,4,1,1,1,1,full_screen
2026-07-26 00:28:56,1771,92.8,12.2,112852,4,1,1,1,1,full_screen
2026-07-26 00:28:58,1773,92.5,12.2,112878,4,1,1,1,1,full_screen
2026-07-26 00:29:03,1778,92.8,12.2,112867,4,1,1,1,1,full_screen
2026-07-26 00:29:08,1783,93.5,12.1,112923,4,1,1,1,1,full_screen
2026-07-26 00:29:13,1788,91.5,12.1,113002,4,1,1,1,1,full_screen
2026-07-26 00:29:18,1793,91.5,12.1,113002,4,1,1,1,1,full_screen
2026-07-26 00:29:18,1793,92.0,12.1,113006,4,1,1,1,1,full_screen
2026-07-26 00:29:19,1794,92.0,12.1,113006,4,1,1,1,1,full_screen
2026-07-26 00:29:23,1798,93.7,12.2,112878,4,1,1,1,1,full_screen
2026-07-26 00:29:28,1803,93.1,12.2,112873,4,1,1,1,1,full_screen
2026-07-26 00:29:33,1808,93.7,12.1,112905,4,1,1,1,1,full_screen
2026-07-26 00:29:38,1813,93.4,12.1,112937,4,1,1,1,1,full_screen
2026-07-26 00:29:41,1816,93.4,12.1,112937,4,1,1,1,1,full_screen
2026-07-26 00:29:42,1817,93.4,12.1,112937,4,1,1,1,1,full_screen
2026-07-26 00:29:43,1818,93.0,12.1,112966,4,1,1,1,1,full_screen
2026-07-26 00:29:48,1823,93.3,12.1,112925,4,1,1,1,1,full_screen
2026-07-26 00:29:53,1828,94.5,12.2,112855,4,1,1,1,1,full_screen
2026-07-26 00:29:58,1833,94.5,12.2,112808,4,1,1,1,1,full_screen
2026-07-26 00:30:03,1838,94.2,11.9,113172,4,1,1,1,1,full_screen
2026-07-26 00:30:04,1839,94.2,11.9,113172,4,1,1,1,1,full_screen
2026-07-26 00:30:05,1840,94.2,11.9,113172,4,1,1,1,1,full_screen
2026-07-26 00:30:08,1843,94.3,12.1,112928,4,1,1,1,1,full_screen
2026-07-26 00:30:13,1848,94.4,12.1,112895,4,1,1,1,1,full_screen
2026-07-26 00:30:18,1853,94.6,12.1,112918,4,1,1,1,1,full_screen
2026-07-26 00:30:23,1858,94.4,12.1,112937,4,1,1,1,1,full_screen
2026-07-26 00:30:27,1862,94.4,12.1,112937,4,1,1,1,1,full_screen
2026-07-26 00:30:28,1863,94.4,12.1,112937,4,1,1,1,1,full_screen
2026-07-26 00:30:28,1863,93.7,12.2,112879,4,1,1,1,1,full_screen
2026-07-26 00:30:33,1868,93.7,12.2,112864,4,1,1,1,1,full_screen
2026-07-26 00:30:38,1873,94.7,12.1,112921,4,1,1,1,1,full_screen
2026-07-26 00:30:43,1878,95.0,12.2,112880,4,1,1,1,1,full_screen
2026-07-26 00:30:48,1883,92.9,12.1,112939,4,1,1,1,1,full_screen
2026-07-26 00:30:50,1885,92.9,12.1,112939,4,1,1,1,1,full_screen
2026-07-26 00:30:51,1886,92.9,12.1,112939,4,1,1,1,1,full_screen
2026-07-26 00:30:53,1888,92.2,12.1,112910,4,1,1,1,1,full_screen
2026-07-26 00:30:58,1893,94.1,12.1,112935,4,1,1,1,1,full_screen
2026-07-26 00:31:03,1898,94.4,12.2,112825,4,1,1,1,1,full_screen
2026-07-26 00:31:08,1903,94.1,12.1,112902,4,1,1,1,1,full_screen
2026-07-26 00:31:13,1908,94.1,12.1,112902,4,1,1,1,1,full_screen
2026-07-26 00:31:13,1908,92.9,12.1,112983,4,1,1,1,1,full_screen
2026-07-26 00:31:14,1909,92.9,12.1,112983,4,1,1,1,1,full_screen
2026-07-26 00:31:18,1913,94.2,12.1,112890,4,1,1,1,1,full_screen
2026-07-26 00:31:23,1918,94.3,12.1,112908,4,1,1,1,1,full_screen
2026-07-26 00:31:28,1923,94.1,12.2,112883,4,1,1,1,1,full_screen
2026-07-26 00:31:33,1928,94.3,12.1,112928,4,1,1,1,1,full_screen
2026-07-26 00:31:36,1931,94.3,12.1,112928,4,1,1,1,1,full_screen
2026-07-26 00:31:37,1932,94.3,12.1,112928,4,1,1,1,1,full_screen
2026-07-26 00:31:38,1933,93.7,12.1,112929,4,1,1,1,1,full_screen
2026-07-26 00:31:43,1938,95.0,12.1,112890,4,1,1,1,1,full_screen
2026-07-26 00:31:48,1943,94.7,12.0,113035,4,1,1,1,1,full_screen
2026-07-26 00:31:53,1948,94.6,12.1,112921,4,1,1,1,1,full_screen
2026-07-26 00:31:58,1953,93.5,12.0,113046,4,1,1,1,1,full_screen
2026-07-26 00:31:59,1954,93.5,12.0,113046,4,1,1,1,1,full_screen
2026-07-26 00:32:00,1955,93.5,12.0,113046,4,1,1,1,1,full_screen
2026-07-26 00:32:03,1958,93.4,12.2,112809,4,1,1,1,1,full_screen
2026-07-26 00:32:08,1963,94.9,12.2,112778,4,1,1,1,1,full_screen
2026-07-26 00:32:13,1968,95.3,12.2,112845,4,1,1,1,1,full_screen
2026-07-26 00:32:18,1973,94.6,12.2,112887,4,1,1,1,1,full_screen
2026-07-26 00:32:22,1977,94.6,12.2,112887,4,1,1,1,1,full_screen
2026-07-26 00:32:23,1978,94.6,12.2,112887,4,1,1,1,1,full_screen
2026-07-26 00:32:23,1978,94.3,12.2,112880,4,1,1,1,1,full_screen
2026-07-26 00:32:28,1983,95.2,12.2,112838,4,1,1,1,1,full_screen
2026-07-26 00:32:33,1988,95.3,12.2,112763,4,1,1,1,1,full_screen
2026-07-26 00:32:38,1993,95.8,12.2,112843,4,1,1,1,1,full_screen
2026-07-26 00:32:43,1998,95.5,12.2,112788,4,1,1,1,1,full_screen
2026-07-26 00:32:45,2000,95.5,12.2,112788,4,1,1,1,1,full_screen
2026-07-26 00:32:46,2001,95.5,12.2,112788,4,1,1,1,1,full_screen
2026-07-26 00:32:48,2003,95.7,12.2,112795,4,1,1,1,1,full_screen
2026-07-26 00:32:53,2008,95.5,12.2,112769,4,1,1,1,1,full_screen
2026-07-26 00:32:58,2013,93.8,12.2,112869,4,1,1,1,1,full_screen
2026-07-26 00:33:03,2018,92.2,12.2,112764,4,1,1,1,1,full_screen
2026-07-26 00:33:08,2023,92.2,12.2,112764,4,1,1,1,1,full_screen
2026-07-26 00:33:08,2023,91.9,12.2,112853,4,1,1,1,1,full_screen
2026-07-26 00:33:09,2024,91.9,12.2,112853,4,1,1,1,1,full_screen
2026-07-26 00:33:13,2028,91.9,12.2,112869,4,1,1,1,1,full_screen
2026-07-26 00:33:18,2033,91.0,12.2,112803,4,1,1,1,1,full_screen
2026-07-26 00:33:23,2038,92.4,12.2,112782,4,1,1,1,1,full_screen
2026-07-26 00:33:28,2043,92.0,12.3,112735,4,1,1,1,1,full_screen
2026-07-26 00:33:30,2045,92.0,12.3,112735,4,1,1,1,1,full_screen
2026-07-26 00:33:32,2047,92.0,12.3,112735,4,1,1,1,1,full_screen
2026-07-26 00:33:33,2048,90.6,12.3,112694,4,1,1,1,1,full_screen
2026-07-26 00:33:38,2053,92.2,12.1,112898,4,1,1,1,1,full_screen
2026-07-26 00:33:43,2058,93.9,12.2,112832,4,1,1,1,1,full_screen
2026-07-26 00:33:48,2063,96.9,12.3,112732,4,1,1,1,1,full_screen
2026-07-26 00:33:53,2068,97.0,12.3,112728,4,1,1,1,1,full_screen
2026-07-26 00:33:54,2069,97.0,12.3,112728,4,1,1,1,1,full_screen
2026-07-26 00:33:55,2070,97.0,12.3,112728,4,1,1,1,1,full_screen
2026-07-26 00:33:58,2073,97.7,12.3,112641,4,1,1,1,1,full_screen
2026-07-26 00:34:03,2078,98.6,12.3,112692,4,1,1,1,1,full_screen
2026-07-26 00:34:08,2083,98.6,12.3,112742,4,1,1,1,1,full_screen
2026-07-26 00:34:13,2088,98.3,12.4,112617,4,1,1,1,1,full_screen
2026-07-26 00:34:18,2093,98.2,12.2,112830,4,1,1,1,1,full_screen
2026-07-26 00:34:19,2094,98.2,12.2,112830,4,1,1,1,1,full_screen
2026-07-26 00:34:20,2095,98.2,12.2,112830,4,1,1,1,1,full_screen
2026-07-26 00:34:23,2098,98.5,12.4,112546,4,1,1,1,1,full_screen
2026-07-26 00:34:28,2103,98.7,12.3,112638,4,1,1,1,1,full_screen
2026-07-26 00:34:33,2108,98.5,12.3,112724,4,1,1,1,1,full_screen
2026-07-26 00:34:38,2113,98.6,12.3,112713,4,1,1,1,1,full_screen
2026-07-26 00:34:43,2118,98.6,12.2,112806,4,1,1,1,1,full_screen
2026-07-26 00:34:44,2119,98.6,12.2,112806,4,1,1,1,1,full_screen
2026-07-26 00:34:45,2120,98.6,12.2,112806,4,1,1,1,1,full_screen
2026-07-26 00:34:49,2124,98.4,12.4,112620,4,1,1,1,1,full_screen
2026-07-26 00:34:54,2129,98.7,12.3,112709,4,1,1,1,1,full_screen
2026-07-26 00:34:59,2134,98.6,12.3,112716,4,1,1,1,1,full_screen
2026-07-26 00:35:04,2139,98.6,12.4,112630,4,1,1,1,1,full_screen
2026-07-26 00:35:09,2144,98.8,12.2,112841,4,1,1,1,1,full_screen
2026-07-26 00:35:09,2144,98.8,12.2,112841,4,1,1,1,1,full_screen
2026-07-26 00:35:10,2145,98.8,12.2,112841,4,1,1,1,1,full_screen
2026-07-26 00:35:14,2149,98.5,12.3,112667,4,1,1,1,1,full_screen
2026-07-26 00:35:19,2154,98.8,12.3,112717,4,1,1,1,1,full_screen
2026-07-26 00:35:24,2159,98.8,12.3,112709,4,1,1,1,1,full_screen
2026-07-26 00:35:29,2164,98.4,12.3,112698,4,1,1,1,1,full_screen
2026-07-26 00:35:34,2169,98.7,12.2,112789,4,1,1,1,1,full_screen
2026-07-26 00:35:34,2169,98.7,12.2,112789,4,1,1,1,1,full_screen
2026-07-26 00:35:35,2170,98.7,12.2,112789,4,1,1,1,1,full_screen
2026-07-26 00:35:39,2174,98.5,12.4,112596,4,1,1,1,1,full_screen
2026-07-26 00:35:44,2179,98.4,12.3,112645,4,1,1,1,1,full_screen
2026-07-26 00:35:49,2184,98.7,12.4,112620,4,1,1,1,1,full_screen
2026-07-26 00:35:54,2189,98.4,12.3,112671,4,1,1,1,1,full_screen
2026-07-26 00:35:59,2194,97.3,12.1,112955,4,1,1,1,1,full_screen
2026-07-26 00:35:59,2194,97.3,12.1,112955,4,1,1,1,1,full_screen
2026-07-26 00:36:00,2195,97.3,12.1,112955,4,1,1,1,1,full_screen
2026-07-26 00:36:04,2199,92.3,12.3,112696,4,1,1,1,1,full_screen
2026-07-26 00:36:09,2204,93.5,12.3,112675,4,1,1,1,1,full_screen
2026-07-26 00:36:14,2209,93.6,12.2,112781,4,1,1,1,1,full_screen
2026-07-26 00:36:19,2214,92.6,12.3,112757,4,1,1,1,1,full_screen
2026-07-26 00:36:22,2217,92.6,12.3,112757,4,1,1,1,1,full_screen
2026-07-26 00:36:23,2218,92.6,12.3,112757,4,1,1,1,1,full_screen
2026-07-26 00:36:24,2219,91.5,12.3,112758,4,1,1,1,1,full_screen
2026-07-26 00:36:29,2224,93.6,12.3,112677,4,1,1,1,1,full_screen
2026-07-26 00:36:34,2229,93.4,12.3,112670,4,1,1,1,1,full_screen
2026-07-26 00:36:39,2234,93.8,12.3,112694,4,1,1,1,1,full_screen
2026-07-26 00:36:44,2239,93.1,12.3,112634,4,1,1,1,1,full_screen
2026-07-26 00:36:45,2240,93.1,12.3,112634,4,1,1,1,1,full_screen
2026-07-26 00:36:46,2241,93.1,12.3,112634,4,1,1,1,1,full_screen
2026-07-26 00:36:49,2244,93.1,12.3,112662,4,1,1,1,1,full_screen
2026-07-26 00:36:54,2249,94.5,12.3,112717,4,1,1,1,1,full_screen
2026-07-26 00:36:59,2254,94.7,12.3,112704,4,1,1,1,1,full_screen
2026-07-26 00:37:04,2259,93.7,12.4,112574,4,1,1,1,1,full_screen
2026-07-26 00:37:07,2262,93.7,12.4,112574,4,1,1,1,1,full_screen
2026-07-26 00:37:08,2263,93.7,12.4,112574,4,1,1,1,1,full_screen
2026-07-26 00:37:09,2264,92.3,12.3,112653,4,1,1,1,1,full_screen
2026-07-26 00:37:14,2269,93.1,12.3,112658,4,1,1,1,1,full_screen
2026-07-26 00:37:19,2274,94.4,12.4,112561,4,1,1,1,1,full_screen
2026-07-26 00:37:24,2279,93.7,12.3,112651,4,1,1,1,1,full_screen
2026-07-26 00:37:29,2284,93.4,12.4,112560,4,1,1,1,1,full_screen
2026-07-26 00:37:30,2285,93.4,12.4,112560,4,1,1,1,1,full_screen
2026-07-26 00:37:32,2287,93.4,12.4,112560,4,1,1,1,1,full_screen
2026-07-26 00:37:34,2289,93.0,12.4,112607,4,1,1,1,1,full_screen
2026-07-26 00:37:39,2294,92.5,12.5,112456,4,1,1,1,1,full_screen
2026-07-26 00:37:44,2299,93.1,12.4,112554,4,1,1,1,1,full_screen
2026-07-26 00:37:49,2304,92.6,12.4,112505,4,1,1,1,1,full_screen
2026-07-26 00:37:54,2309,93.0,12.4,112619,4,1,1,1,1,full_screen
2026-07-26 00:37:54,2309,93.0,12.4,112619,4,1,1,1,1,full_screen
2026-07-26 00:37:55,2310,93.0,12.4,112619,4,1,1,1,1,full_screen
2026-07-26 00:37:59,2314,94.8,12.5,112450,4,1,1,1,1,full_screen
2026-07-26 00:38:04,2319,95.1,12.5,112443,4,1,1,1,1,full_screen
2026-07-26 00:38:09,2324,95.5,12.5,112454,4,1,1,1,1,full_screen
2026-07-26 00:38:14,2329,94.7,12.4,112517,4,1,1,1,1,full_screen
2026-07-26 00:38:17,2332,94.7,12.4,112517,4,1,1,1,1,full_screen
2026-07-26 00:38:18,2333,94.7,12.4,112517,4,1,1,1,1,full_screen
2026-07-26 00:38:19,2334,94.2,12.6,112284,4,1,1,1,1,full_screen
2026-07-26 00:38:24,2339,93.9,12.5,112476,4,1,1,1,1,full_screen
2026-07-26 00:38:29,2344,93.9,12.5,112403,4,1,1,1,1,full_screen
2026-07-26 00:38:34,2349,94.6,12.5,112386,4,1,1,1,1,full_screen
2026-07-26 00:38:39,2354,94.0,12.5,112410,4,1,1,1,1,full_screen
2026-07-26 00:38:40,2355,94.0,12.5,112410,4,1,1,1,1,full_screen
2026-07-26 00:38:41,2356,94.0,12.5,112410,4,1,1,1,1,full_screen
2026-07-26 00:38:44,2359,92.5,12.6,112354,4,1,1,1,1,full_screen
2026-07-26 00:38:49,2364,93.1,12.6,112352,4,1,1,1,1,full_screen
2026-07-26 00:38:54,2369,92.4,12.5,112393,4,1,1,1,1,full_screen
2026-07-26 00:38:59,2374,92.9,12.6,112352,4,1,1,1,1,full_screen
2026-07-26 00:39:03,2378,92.9,12.6,112352,4,1,1,1,1,full_screen
2026-07-26 00:39:04,2379,91.1,12.4,112505,4,1,1,1,1,full_screen
2026-07-26 00:39:05,2380,91.1,12.4,112505,4,1,1,1,1,full_screen
2026-07-26 00:39:09,2384,93.8,12.6,112347,4,1,1,1,1,full_screen
2026-07-26 00:39:14,2389,93.8,12.5,112402,4,1,1,1,1,full_screen
2026-07-26 00:39:19,2394,93.7,12.5,112410,4,1,1,1,1,full_screen
2026-07-26 00:39:24,2399,93.2,12.6,112317,4,1,1,1,1,full_screen
2026-07-26 00:39:26,2401,93.2,12.6,112317,4,1,1,1,1,full_screen
2026-07-26 00:39:28,2403,93.2,12.6,112317,4,1,1,1,1,full_screen
2026-07-26 00:39:29,2404,91.5,12.6,112348,4,1,1,1,1,full_screen
2026-07-26 00:39:34,2409,94.2,12.6,112330,4,1,1,1,1,full_screen
2026-07-26 00:39:39,2414,97.0,12.6,112254,4,1,1,1,1,full_screen
2026-07-26 00:39:44,2419,97.3,12.7,112227,4,1,1,1,1,full_screen
2026-07-26 00:39:49,2424,97.1,12.6,112289,4,1,1,1,1,full_screen
2026-07-26 00:39:50,2425,97.1,12.6,112289,4,1,1,1,1,full_screen
2026-07-26 00:39:51,2426,97.1,12.6,112289,4,1,1,1,1,full_screen
2026-07-26 00:39:54,2429,97.6,12.6,112270,4,1,1,1,1,full_screen
2026-07-26 00:39:59,2434,98.3,12.6,112341,4,1,1,1,1,full_screen
2026-07-26 00:40:04,2439,98.1,12.6,112346,4,1,1,1,1,full_screen
2026-07-26 00:40:09,2444,97.8,12.6,112310,4,1,1,1,1,full_screen
2026-07-26 00:40:14,2449,97.8,12.6,112310,4,1,1,1,1,full_screen
2026-07-26 00:40:14,2449,97.5,12.4,112556,4,1,1,1,1,full_screen
2026-07-26 00:40:15,2450,97.5,12.4,112556,4,1,1,1,1,full_screen
2026-07-26 00:40:19,2454,97.9,12.6,112321,4,1,1,1,1,full_screen
2026-07-26 00:40:24,2459,98.0,12.6,112293,4,1,1,1,1,full_screen
2026-07-26 00:40:29,2464,97.9,12.5,112378,4,1,1,1,1,full_screen
2026-07-26 00:40:34,2469,97.9,12.6,112283,4,1,1,1,1,full_screen
2026-07-26 00:40:38,2473,97.9,12.6,112283,4,1,1,1,1,full_screen
2026-07-26 00:40:39,2474,97.9,12.6,112283,4,1,1,1,1,full_screen
2026-07-26 00:40:39,2474,97.6,12.5,112400,4,1,1,1,1,full_screen
2026-07-26 00:40:44,2479,97.6,12.6,112368,4,1,1,1,1,full_screen
2026-07-26 00:40:49,2484,98.0,12.5,112383,4,1,1,1,1,full_screen
2026-07-26 00:40:54,2489,98.3,12.7,112225,4,1,1,1,1,full_screen
2026-07-26 00:40:59,2494,97.9,12.6,112277,4,1,1,1,1,full_screen
2026-07-26 00:41:02,2497,97.9,12.6,112277,4,1,1,1,1,full_screen
2026-07-26 00:41:03,2498,97.9,12.6,112277,4,1,1,1,1,full_screen
2026-07-26 00:41:04,2499,97.5,12.6,112284,4,1,1,1,1,full_screen
2026-07-26 00:41:09,2504,98.1,12.6,112281,4,1,1,1,1,full_screen
2026-07-26 00:41:14,2509,97.7,12.6,112294,4,1,1,1,1,full_screen
2026-07-26 00:41:19,2514,97.5,12.6,112346,4,1,1,1,1,full_screen
2026-07-26 00:41:24,2519,97.7,12.6,112325,4,1,1,1,1,full_screen
2026-07-26 00:41:26,2521,97.7,12.6,112325,4,1,1,1,1,full_screen
2026-07-26 00:41:28,2523,97.7,12.6,112325,4,1,1,1,1,full_screen
2026-07-26 00:41:29,2524,97.7,12.6,112297,4,1,1,1,1,full_screen
2026-07-26 00:41:34,2529,98.2,12.6,112358,4,1,1,1,1,full_screen
2026-07-26 00:41:39,2534,97.8,12.6,112361,4,1,1,1,1,full_screen
2026-07-26 00:41:44,2539,98.0,12.6,112286,4,1,1,1,1,full_screen
2026-07-26 00:41:49,2544,97.4,12.7,112241,4,1,1,1,1,full_screen
2026-07-26 00:41:51,2546,97.4,12.7,112241,4,1,1,1,1,full_screen
2026-07-26 00:41:52,2547,97.4,12.7,112241,4,1,1,1,1,full_screen
2026-07-26 00:41:54,2549,97.2,12.6,112283,4,1,1,1,1,full_screen
2026-07-26 00:41:59,2554,97.9,12.5,112397,4,1,1,1,1,full_screen
2026-07-26 00:42:04,2559,97.5,12.6,112334,4,1,1,1,1,full_screen
2026-07-26 00:42:09,2564,97.4,12.6,112258,4,1,1,1,1,full_screen
2026-07-26 00:42:14,2569,97.6,12.6,112269,4,1,1,1,1,full_screen
2026-07-26 00:42:16,2571,97.6,12.6,112269,4,1,1,1,1,full_screen
2026-07-26 00:42:17,2572,97.6,12.6,112269,4,1,1,1,1,full_screen
2026-07-26 00:42:19,2574,97.6,12.6,112302,4,1,1,1,1,full_screen
2026-07-26 00:42:24,2579,97.8,12.6,112338,4,1,1,1,1,full_screen
2026-07-26 00:42:29,2584,97.4,12.6,112344,4,1,1,1,1,full_screen
2026-07-26 00:42:34,2589,97.8,12.6,112358,4,1,1,1,1,full_screen
2026-07-26 00:42:39,2594,97.5,12.5,112453,4,1,1,1,1,full_screen
2026-07-26 00:42:40,2595,97.5,12.5,112453,4,1,1,1,1,full_screen
2026-07-26 00:42:41,2596,97.5,12.5,112453,4,1,1,1,1,full_screen
2026-07-26 00:42:44,2599,97.5,12.6,112259,4,1,1,1,1,full_screen
2026-07-26 00:42:49,2604,94.3,12.6,112370,4,1,1,1,1,full_screen
2026-07-26 00:42:54,2609,94.0,12.6,112307,4,1,1,1,1,full_screen
2026-07-26 00:42:59,2614,93.6,12.7,112210,4,1,1,1,1,full_screen
2026-07-26 00:43:03,2618,93.6,12.7,112210,4,1,1,1,1,full_screen
2026-07-26 00:43:04,2619,93.6,12.7,112210,4,1,1,1,1,full_screen
2026-07-26 00:43:04,2619,93.4,12.6,112284,4,1,1,1,1,full_screen
2026-07-26 00:43:09,2624,94.0,12.6,112344,4,1,1,1,1,full_screen
2026-07-26 00:43:14,2629,92.1,12.6,112306,4,1,1,1,1,full_screen
2026-07-26 00:43:19,2634,93.6,12.5,112381,4,1,1,1,1,full_screen
2026-07-26 00:43:24,2639,93.6,12.6,112319,4,1,1,1,1,full_screen
2026-07-26 00:43:26,2641,93.6,12.6,112319,4,1,1,1,1,full_screen
2026-07-26 00:43:27,2642,93.6,12.6,112319,4,1,1,1,1,full_screen
2026-07-26 00:43:29,2644,93.4,12.6,112346,4,1,1,1,1,full_screen
2026-07-26 00:43:34,2649,94.3,12.6,112292,4,1,1,1,1,full_screen
2026-07-26 00:43:39,2654,93.3,12.6,112314,4,1,1,1,1,full_screen
2026-07-26 00:43:44,2659,94.4,12.6,112305,4,1,1,1,1,full_screen
2026-07-26 00:43:49,2664,94.4,12.6,112305,4,1,1,1,1,full_screen
2026-07-26 00:43:49,2664,93.4,12.4,112536,4,1,1,1,1,full_screen
2026-07-26 00:43:50,2665,93.4,12.4,112536,4,1,1,1,1,full_screen
2026-07-26 00:43:54,2669,92.9,12.7,112175,4,1,1,1,1,full_screen
2026-07-26 00:43:59,2674,92.2,12.6,112353,4,1,1,1,1,full_screen
2026-07-26 00:44:04,2679,93.5,12.6,112290,4,1,1,1,1,full_screen
2026-07-26 00:44:09,2684,93.5,12.6,112284,4,1,1,1,1,full_screen
2026-07-26 00:44:12,2687,93.5,12.6,112284,4,1,1,1,1,full_screen
2026-07-26 00:44:13,2688,93.5,12.6,112284,4,1,1,1,1,full_screen
2026-07-26 00:44:14,2689,92.1,12.6,112370,4,1,1,1,1,full_screen
2026-07-26 00:44:19,2694,94.7,12.6,112286,4,1,1,1,1,full_screen
2026-07-26 00:44:24,2699,94.9,12.6,112373,4,1,1,1,1,full_screen
2026-07-26 00:44:29,2704,94.5,12.6,112338,4,1,1,1,1,full_screen
2026-07-26 00:44:34,2709,93.5,12.7,112190,4,1,1,1,1,full_screen
2026-07-26 00:44:35,2710,93.5,12.7,112190,4,1,1,1,1,full_screen
2026-07-26 00:44:36,2711,93.5,12.7,112190,4,1,1,1,1,full_screen
2026-07-26 00:44:39,2714,91.9,12.6,112317,4,1,1,1,1,full_screen
2026-07-26 00:44:44,2719,93.7,12.6,112366,4,1,1,1,1,full_screen
2026-07-26 00:44:49,2724,94.4,12.6,112303,4,1,1,1,1,full_screen
2026-07-26 00:44:54,2729,93.6,12.7,112176,4,1,1,1,1,full_screen
2026-07-26 00:44:58,2733,93.6,12.7,112176,4,1,1,1,1,full_screen
2026-07-26 00:44:59,2734,93.6,12.7,112176,4,1,1,1,1,full_screen
2026-07-26 00:44:59,2734,90.6,12.6,112371,4,1,1,1,1,full_screen
2026-07-26 00:45:04,2739,94.1,12.7,112189,4,1,1,1,1,full_screen
2026-07-26 00:45:09,2744,94.9,12.6,112262,4,1,1,1,1,full_screen
2026-07-26 00:45:14,2749,94.2,12.6,112337,4,1,1,1,1,full_screen
2026-07-26 00:45:19,2754,93.6,12.6,112301,4,1,1,1,1,full_screen
2026-07-26 00:45:21,2756,93.6,12.6,112301,4,1,1,1,1,full_screen
2026-07-26 00:45:22,2757,93.6,12.6,112301,4,1,1,1,1,full_screen
2026-07-26 00:45:24,2759,91.9,12.6,112370,4,1,1,1,1,full_screen
2026-07-26 00:45:29,2764,94.1,12.6,112363,4,1,1,1,1,full_screen
2026-07-26 00:45:34,2769,93.6,12.6,112333,4,1,1,1,1,full_screen
2026-07-26 00:45:39,2774,93.2,12.6,112305,4,1,1,1,1,full_screen
2026-07-26 00:45:44,2779,93.2,12.6,112305,4,1,1,1,1,full_screen
2026-07-26 00:45:44,2779,90.7,12.4,112525,4,1,1,1,1,full_screen
2026-07-26 00:45:45,2780,90.7,12.4,112525,4,1,1,1,1,full_screen
2026-07-26 00:45:50,2785,91.8,12.7,112242,4,1,1,1,1,full_screen
2026-07-26 00:45:55,2790,91.9,12.6,112270,4,1,1,1,1,full_screen
2026-07-26 00:46:00,2795,92.8,12.6,112339,4,1,1,1,1,full_screen
2026-07-26 00:46:05,2800,91.7,12.7,112231,4,1,1,1,1,full_screen
2026-07-26 00:46:07,2802,91.7,12.7,112231,4,1,1,1,1,full_screen
2026-07-26 00:46:08,2803,91.7,12.7,112231,4,1,1,1,1,full_screen
2026-07-26 00:46:10,2805,91.0,12.7,112179,4,1,1,1,1,full_screen
2026-07-26 00:46:15,2810,92.3,12.6,112294,4,1,1,1,1,full_screen
2026-07-26 00:46:20,2815,92.7,12.7,112243,4,1,1,1,1,full_screen
2026-07-26 00:46:25,2820,92.8,12.6,112350,4,1,1,1,1,full_screen
2026-07-26 00:46:30,2825,93.2,12.5,112459,4,1,1,1,1,full_screen
2026-07-26 00:46:30,2825,93.2,12.5,112459,4,1,1,1,1,full_screen
2026-07-26 00:46:31,2826,93.2,12.5,112459,4,1,1,1,1,full_screen
2026-07-26 00:46:35,2830,94.0,12.6,112314,4,1,1,1,1,full_screen
2026-07-26 00:46:40,2835,94.4,12.5,112431,4,1,1,1,1,full_screen
2026-07-26 00:46:45,2840,93.1,12.7,112242,4,1,1,1,1,full_screen
2026-07-26 00:46:50,2845,94.0,12.6,112279,4,1,1,1,1,full_screen
2026-07-26 00:46:53,2848,94.0,12.6,112279,4,1,1,1,1,full_screen
2026-07-26 00:46:54,2849,94.0,12.6,112279,4,1,1,1,1,full_screen
2026-07-26 00:46:55,2850,93.1,12.7,112143,4,1,1,1,1,full_screen
2026-07-26 00:47:00,2855,94.5,12.7,112233,4,1,1,1,1,full_screen
2026-07-26 00:47:05,2860,94.0,12.6,112254,4,1,1,1,1,full_screen
2026-07-26 00:47:10,2865,94.5,12.8,112046,4,1,1,1,1,full_screen
2026-07-26 00:47:15,2870,93.7,12.6,112284,4,1,1,1,1,full_screen
2026-07-26 00:47:16,2871,93.7,12.6,112284,4,1,1,1,1,full_screen
2026-07-26 00:47:17,2872,93.7,12.6,112284,4,1,1,1,1,full_screen
2026-07-26 00:47:20,2875,92.5,12.7,112233,4,1,1,1,1,full_screen
2026-07-26 00:47:25,2880,92.4,12.6,112249,4,1,1,1,1,full_screen
2026-07-26 00:47:30,2885,92.5,12.7,112215,4,1,1,1,1,full_screen
2026-07-26 00:47:35,2890,94.2,12.6,112288,4,1,1,1,1,full_screen
2026-07-26 00:47:39,2894,94.2,12.6,112288,4,1,1,1,1,full_screen
2026-07-26 00:47:40,2895,92.1,12.5,112408,4,1,1,1,1,full_screen
2026-07-26 00:47:41,2896,92.1,12.5,112408,4,1,1,1,1,full_screen
2026-07-26 00:47:45,2900,92.9,12.7,112232,4,1,1,1,1,full_screen
2026-07-26 00:47:50,2905,93.8,12.7,112171,4,1,1,1,1,full_screen
2026-07-26 00:47:55,2910,93.6,12.7,112235,4,1,1,1,1,full_screen
2026-07-26 00:48:00,2915,94.2,12.7,112234,4,1,1,1,1,full_screen
2026-07-26 00:48:02,2917,94.2,12.7,112234,4,1,1,1,1,full_screen
2026-07-26 00:48:04,2919,94.2,12.7,112234,4,1,1,1,1,full_screen
2026-07-26 00:48:05,2920,93.2,12.7,112189,4,1,1,1,1,full_screen
2026-07-26 00:48:10,2925,94.3,12.8,112114,4,1,1,1,1,full_screen
2026-07-26 00:48:15,2930,95.1,12.7,112146,4,1,1,1,1,full_screen
2026-07-26 00:48:20,2935,94.8,12.7,112158,4,1,1,1,1,full_screen
2026-07-26 00:48:25,2940,95.1,12.7,112152,4,1,1,1,1,full_screen
2026-07-26 00:48:26,2941,95.1,12.7,112152,4,1,1,1,1,full_screen
2026-07-26 00:48:27,2942,95.1,12.7,112152,4,1,1,1,1,full_screen
2026-07-26 00:48:30,2945,93.4,12.7,112144,4,1,1,1,1,full_screen
2026-07-26 00:48:35,2950,94.6,12.7,112151,4,1,1,1,1,full_screen
2026-07-26 00:48:40,2955,95.0,12.7,112188,4,1,1,1,1,full_screen
2026-07-26 00:48:45,2960,94.2,12.8,112007,4,1,1,1,1,full_screen
2026-07-26 00:48:49,2964,94.2,12.8,112007,4,1,1,1,1,full_screen
2026-07-26 00:48:50,2965,94.2,12.8,112007,4,1,1,1,1,full_screen
2026-07-26 00:48:50,2965,93.2,12.7,112230,4,1,1,1,1,full_screen
2026-07-26 00:48:55,2970,94.4,12.7,112152,4,1,1,1,1,full_screen
2026-07-26 00:49:00,2975,94.2,12.8,112073,4,1,1,1,1,full_screen
2026-07-26 00:49:05,2980,94.0,12.8,112113,4,1,1,1,1,full_screen
2026-07-26 00:49:10,2985,93.1,12.8,112115,4,1,1,1,1,full_screen
2026-07-26 00:49:12,2987,93.1,12.8,112115,4,1,1,1,1,full_screen
2026-07-26 00:49:13,2988,93.1,12.8,112115,4,1,1,1,1,full_screen
2026-07-26 00:49:15,2990,93.8,12.8,112011,4,1,1,1,1,full_screen
2026-07-26 00:49:20,2995,95.0,12.8,112072,4,1,1,1,1,full_screen
2026-07-26 00:49:25,3000,95.7,12.7,112118,4,1,1,1,1,full_screen
2026-07-26 00:49:30,3005,95.9,12.8,112064,4,1,1,1,1,full_screen
2026-07-26 00:49:35,3010,95.9,12.8,112064,4,1,1,1,1,full_screen
2026-07-26 00:49:35,3010,94.6,12.6,112300,4,1,1,1,1,full_screen
2026-07-26 00:49:36,3011,94.6,12.6,112300,4,1,1,1,1,full_screen
2026-07-26 00:49:40,3015,95.2,12.8,112102,4,1,1,1,1,full_screen
2026-07-26 00:49:45,3020,95.3,12.8,112060,4,1,1,1,1,full_screen
2026-07-26 00:49:50,3025,94.8,12.8,112079,4,1,1,1,1,full_screen
2026-07-26 00:49:55,3030,94.4,12.8,112064,4,1,1,1,1,full_screen
2026-07-26 00:49:58,3033,94.4,12.8,112064,4,1,1,1,1,full_screen
2026-07-26 00:49:59,3034,94.4,12.8,112064,4,1,1,1,1,full_screen
2026-07-26 00:50:00,3035,93.1,12.8,112007,4,1,1,1,1,full_screen
2026-07-26 00:50:05,3040,93.5,12.8,111999,4,1,1,1,1,full_screen
2026-07-26 00:50:10,3045,93.4,12.8,112060,4,1,1,1,1,full_screen
2026-07-26 00:50:15,3050,94.1,12.9,111956,4,1,1,1,1,full_screen
2026-07-26 00:50:20,3055,93.2,12.8,112105,4,1,1,1,1,full_screen
2026-07-26 00:50:21,3056,93.2,12.8,112105,4,1,1,1,1,full_screen
2026-07-26 00:50:22,3057,93.2,12.8,112105,4,1,1,1,1,full_screen
2026-07-26 00:50:25,3060,93.0,12.9,111976,4,1,1,1,1,full_screen
2026-07-26 00:50:30,3065,94.9,12.8,112076,4,1,1,1,1,full_screen
2026-07-26 00:50:35,3070,94.5,12.8,112029,4,1,1,1,1,full_screen
2026-07-26 00:50:40,3075,94.5,12.7,112135,4,1,1,1,1,full_screen
2026-07-26 00:50:44,3079,94.5,12.7,112135,4,1,1,1,1,full_screen
2026-07-26 00:50:45,3080,93.7,12.8,112080,4,1,1,1,1,full_screen
2026-07-26 00:50:45,3080,93.7,12.8,112080,4,1,1,1,1,full_screen
2026-07-26 00:50:50,3085,94.4,13.0,111858,4,1,1,1,1,full_screen
2026-07-26 00:50:55,3090,94.3,12.9,111872,4,1,1,1,1,full_screen
2026-07-26 00:51:00,3095,97.3,12.9,111979,4,1,1,1,1,full_screen
2026-07-26 00:51:05,3100,97.2,12.9,111922,4,1,1,1,1,full_screen
2026-07-26 00:51:07,3102,97.2,12.9,111922,4,1,1,1,1,full_screen
2026-07-26 00:51:09,3104,97.2,12.9,111922,4,1,1,1,1,full_screen
2026-07-26 00:51:10,3105,96.8,13.0,111732,4,1,1,1,1,full_screen
2026-07-26 00:51:15,3110,97.4,13.1,111717,4,1,1,1,1,full_screen
2026-07-26 00:51:20,3115,97.9,13.0,111840,4,1,1,1,1,full_screen
2026-07-26 00:51:25,3120,97.9,13.0,111795,4,1,1,1,1,full_screen
2026-07-26 00:51:30,3125,97.9,13.0,111853,4,1,1,1,1,full_screen
2026-07-26 00:51:31,3126,97.9,13.0,111853,4,1,1,1,1,full_screen
2026-07-26 00:51:33,3128,97.9,13.0,111853,4,1,1,1,1,full_screen
2026-07-26 00:51:35,3130,97.8,13.0,111758,4,1,1,1,1,full_screen
2026-07-26 00:51:40,3135,97.6,13.0,111776,4,1,1,1,1,full_screen
2026-07-26 00:51:45,3140,97.7,13.0,111765,4,1,1,1,1,full_screen
2026-07-26 00:51:50,3145,97.7,13.0,111790,4,1,1,1,1,full_screen
2026-07-26 00:51:55,3150,97.8,13.0,111848,4,1,1,1,1,full_screen
2026-07-26 00:51:56,3151,97.8,13.0,111848,4,1,1,1,1,full_screen
2026-07-26 00:51:57,3152,97.8,13.0,111848,4,1,1,1,1,full_screen
2026-07-26 00:52:00,3155,98.2,13.2,111586,4,1,1,1,1,full_screen
2026-07-26 00:52:05,3160,98.4,13.2,111513,4,1,1,1,1,full_screen
2026-07-26 00:52:10,3165,98.8,13.1,111636,4,1,1,1,1,full_screen
2026-07-26 00:52:15,3170,98.6,13.1,111638,4,1,1,1,1,full_screen
2026-07-26 00:52:20,3175,98.7,13.1,111605,4,1,1,1,1,full_screen
2026-07-26 00:52:21,3176,98.7,13.1,111605,4,1,1,1,1,full_screen
2026-07-26 00:52:22,3177,98.7,13.1,111605,4,1,1,1,1,full_screen
2026-07-26 00:52:25,3180,98.8,13.1,111674,4,1,1,1,1,full_screen
2026-07-26 00:52:30,3185,98.5,13.2,111588,4,1,1,1,1,full_screen
2026-07-26 00:52:35,3190,98.9,13.1,111626,4,1,1,1,1,full_screen
2026-07-26 00:52:40,3195,98.6,13.1,111613,4,1,1,1,1,full_screen
2026-07-26 00:52:45,3200,98.6,13.1,111613,4,1,1,1,1,full_screen
2026-07-26 00:52:45,3200,98.4,12.9,111886,4,1,1,1,1,full_screen
2026-07-26 00:52:47,3202,98.4,12.9,111886,4,1,1,1,1,full_screen
2026-07-26 00:52:50,3205,98.7,13.1,111664,4,1,1,1,1,full_screen
2026-07-26 00:52:55,3210,98.6,13.2,111590,4,1,1,1,1,full_screen
2026-07-26 00:53:00,3215,98.7,13.1,111639,4,1,1,1,1,full_screen
2026-07-26 00:53:05,3220,98.4,13.0,111775,4,1,1,1,1,full_screen
2026-07-26 00:53:10,3225,98.4,13.0,111775,4,1,1,1,1,full_screen
2026-07-26 00:53:10,3225,97.7,12.9,111923,4,1,1,1,1,full_screen
2026-07-26 00:53:11,3226,97.7,12.9,111923,4,1,1,1,1,full_screen
2026-07-26 00:53:15,3230,97.6,13.0,111765,4,1,1,1,1,full_screen
2026-07-26 00:53:20,3235,97.7,13.1,111708,4,1,1,1,1,full_screen
2026-07-26 00:53:25,3240,97.5,13.0,111735,4,1,1,1,1,full_screen
2026-07-26 00:53:30,3245,97.9,13.1,111683,4,1,1,1,1,full_screen
2026-07-26 00:53:34,3249,97.9,13.1,111683,4,1,1,1,1,full_screen
2026-07-26 00:53:35,3250,97.9,13.1,111683,4,1,1,1,1,full_screen
2026-07-26 00:53:35,3250,97.8,13.0,111746,4,1,1,1,1,full_screen
2026-07-26 00:53:40,3255,97.3,13.2,111598,4,1,1,1,1,full_screen
2026-07-26 00:53:45,3260,97.5,13.2,111514,4,1,1,1,1,full_screen
2026-07-26 00:53:50,3265,92.3,13.2,111558,4,1,1,1,1,full_screen
2026-07-26 00:53:55,3270,91.0,13.1,111617,4,1,1,1,1,full_screen
2026-07-26 00:53:58,3273,91.0,13.1,111617,4,1,1,1,1,full_screen
2026-07-26 00:53:59,3274,91.0,13.1,111617,4,1,1,1,1,full_screen
2026-07-26 00:54:00,3275,92.1,13.2,111563,4,1,1,1,1,full_screen
2026-07-26 00:54:05,3280,96.0,13.3,111425,4,1,1,1,1,full_screen
2026-07-26 00:54:10,3285,97.0,13.3,111412,4,1,1,1,1,full_screen
2026-07-26 00:54:15,3290,97.2,13.2,111533,4,1,1,1,1,full_screen
2026-07-26 00:54:20,3295,97.2,13.2,111544,4,1,1,1,1,full_screen
2026-07-26 00:54:21,3296,97.2,13.2,111544,4,1,1,1,1,full_screen
2026-07-26 00:54:22,3297,97.2,13.2,111544,4,1,1,1,1,full_screen
2026-07-26 00:54:25,3300,97.7,13.2,111479,4,1,1,1,1,full_screen
2026-07-26 00:54:30,3305,97.6,13.3,111470,4,1,1,1,1,full_screen
2026-07-26 00:54:35,3310,97.8,13.3,111448,4,1,1,1,1,full_screen
2026-07-26 00:54:40,3315,97.7,13.2,111511,4,1,1,1,1,full_screen
2026-07-26 00:54:45,3320,97.7,13.0,111735,4,1,1,1,1,full_screen
2026-07-26 00:54:45,3320,97.7,13.0,111735,4,1,1,1,1,full_screen
2026-07-26 00:54:46,3321,97.7,13.0,111735,4,1,1,1,1,full_screen
2026-07-26 00:54:50,3325,97.7,13.2,111523,4,1,1,1,1,full_screen
2026-07-26 00:54:55,3330,97.8,13.3,111472,4,1,1,1,1,full_screen
2026-07-26 00:55:00,3335,97.9,13.3,111464,4,1,1,1,1,full_screen
2026-07-26 00:55:05,3340,97.5,13.2,111514,4,1,1,1,1,full_screen
2026-07-26 00:55:10,3345,97.1,13.0,111730,4,1,1,1,1,full_screen
2026-07-26 00:55:11,3346,97.1,13.0,111730,4,1,1,1,1,full_screen
2026-07-26 00:55:12,3347,97.1,13.0,111730,4,1,1,1,1,full_screen
2026-07-26 00:55:15,3350,97.7,13.3,111433,4,1,1,1,1,full_screen
2026-07-26 00:55:20,3355,97.5,13.3,111451,4,1,1,1,1,full_screen
2026-07-26 00:55:25,3360,98.0,13.3,111460,4,1,1,1,1,full_screen
2026-07-26 00:55:30,3365,97.9,13.3,111410,4,1,1,1,1,full_screen
2026-07-26 00:55:35,3370,97.9,13.3,111410,4,1,1,1,1,full_screen
2026-07-26 00:55:35,3370,97.5,13.2,111541,4,1,1,1,1,full_screen
2026-07-26 00:55:36,3371,97.5,13.2,111541,4,1,1,1,1,full_screen
2026-07-26 00:55:40,3375,97.4,13.3,111402,4,1,1,1,1,full_screen
2026-07-26 00:55:45,3380,97.4,13.3,111384,4,1,1,1,1,full_screen
2026-07-26 00:55:50,3385,97.7,13.3,111441,4,1,1,1,1,full_screen
2026-07-26 00:55:55,3390,97.6,13.3,111451,4,1,1,1,1,full_screen
2026-07-26 00:56:00,3395,97.6,13.3,111451,4,1,1,1,1,full_screen
2026-07-26 00:56:00,3395,97.4,13.2,111521,4,1,1,1,1,full_screen
2026-07-26 00:56:01,3396,97.4,13.2,111521,4,1,1,1,1,full_screen
2026-07-26 00:56:05,3400,97.5,13.4,111324,4,1,1,1,1,full_screen
2026-07-26 00:56:10,3405,97.8,13.4,111259,4,1,1,1,1,full_screen
2026-07-26 00:56:15,3410,97.7,13.4,111273,4,1,1,1,1,full_screen
2026-07-26 00:56:20,3415,97.9,13.4,111309,4,1,1,1,1,full_screen
2026-07-26 00:56:24,3419,97.9,13.4,111309,4,1,1,1,1,full_screen
2026-07-26 00:56:25,3420,97.9,13.4,111309,4,1,1,1,1,full_screen
2026-07-26 00:56:25,3420,97.4,13.4,111327,4,1,1,1,1,full_screen
2026-07-26 00:56:30,3425,97.6,13.4,111246,4,1,1,1,1,full_screen
2026-07-26 00:56:35,3430,97.5,13.4,111247,4,1,1,1,1,full_screen
2026-07-26 00:56:40,3435,97.7,13.5,111162,4,1,1,1,1,full_screen
2026-07-26 00:56:45,3440,97.8,13.5,111166,4,1,1,1,1,full_screen
2026-07-26 00:56:48,3443,97.8,13.5,111166,4,1,1,1,1,full_screen
2026-07-26 00:56:49,3444,97.8,13.5,111166,4,1,1,1,1,full_screen
2026-07-26 00:56:50,3445,97.6,13.6,110961,4,1,1,1,1,full_screen
2026-07-26 00:56:56,3451,97.7,13.6,111016,4,1,1,1,1,full_screen
2026-07-26 00:57:01,3456,97.8,13.6,111022,4,1,1,1,1,full_screen
2026-07-26 00:57:06,3461,97.8,13.6,111040,4,1,1,1,1,full_screen
2026-07-26 00:57:11,3466,96.0,13.6,111002,4,1,1,1,1,full_screen
2026-07-26 00:57:12,3467,96.0,13.6,111002,4,1,1,1,1,full_screen
2026-07-26 00:57:14,3469,96.0,13.6,111002,4,1,1,1,1,full_screen
2026-07-26 00:57:16,3471,92.4,13.6,111072,4,1,1,1,1,full_screen
2026-07-26 00:57:21,3476,93.9,13.6,111044,4,1,1,1,1,full_screen
2026-07-26 00:57:26,3481,94.1,13.6,111082,4,1,1,1,1,full_screen
2026-07-26 00:57:31,3486,93.3,13.6,111078,4,1,1,1,1,full_screen
2026-07-26 00:57:36,3491,93.3,13.6,111078,4,1,1,1,1,full_screen
2026-07-26 00:57:36,3491,91.2,13.4,111225,4,1,1,1,1,full_screen
2026-07-26 00:57:37,3492,91.2,13.4,111225,4,1,1,1,1,full_screen
2026-07-26 00:57:41,3496,91.7,13.6,110998,4,1,1,1,1,full_screen
2026-07-26 00:57:46,3501,94.2,13.6,111004,4,1,1,1,1,full_screen
2026-07-26 00:57:51,3506,94.2,13.6,110999,4,1,1,1,1,full_screen
2026-07-26 00:57:56,3511,93.8,13.6,111042,4,1,1,1,1,full_screen
2026-07-26 00:57:59,3514,93.8,13.6,111042,4,1,1,1,1,full_screen
2026-07-26 00:58:00,3515,93.8,13.6,111042,4,1,1,1,1,full_screen
2026-07-26 00:58:01,3516,93.4,13.7,110940,4,1,1,1,1,full_screen
2026-07-26 00:58:06,3521,92.9,13.6,111017,4,1,1,1,1,full_screen
2026-07-26 00:58:11,3526,95.4,13.6,111032,4,1,1,1,1,full_screen
2026-07-26 00:58:16,3531,94.1,13.6,111037,4,1,1,1,1,full_screen
2026-07-26 00:58:21,3536,93.7,13.6,110989,4,1,1,1,1,full_screen
2026-07-26 00:58:22,3537,93.7,13.6,110989,4,1,1,1,1,full_screen
2026-07-26 00:58:23,3538,93.7,13.6,110989,4,1,1,1,1,full_screen
2026-07-26 00:58:26,3541,91.7,13.7,110952,4,1,1,1,1,full_screen
2026-07-26 00:58:31,3546,93.1,13.7,110836,4,1,1,1,1,full_screen
2026-07-26 00:58:36,3551,91.8,13.7,110942,4,1,1,1,1,full_screen
2026-07-26 00:58:41,3556,92.9,13.7,110943,4,1,1,1,1,full_screen
2026-07-26 00:58:45,3560,92.9,13.7,110943,4,1,1,1,1,full_screen
2026-07-26 00:58:46,3561,93.7,13.6,111055,4,1,1,1,1,full_screen
2026-07-26 00:58:46,3561,93.7,13.6,111055,4,1,1,1,1,full_screen
2026-07-26 00:58:51,3566,94.3,13.7,110841,4,1,1,1,1,full_screen
2026-07-26 00:58:56,3571,94.6,13.7,110892,4,1,1,1,1,full_screen
2026-07-26 00:59:01,3576,93.6,13.7,110859,4,1,1,1,1,full_screen
2026-07-26 00:59:06,3581,92.4,13.7,110882,4,1,1,1,1,full_screen
2026-07-26 00:59:08,3583,92.4,13.7,110882,4,1,1,1,1,full_screen
2026-07-26 00:59:09,3584,92.4,13.7,110882,4,1,1,1,1,full_screen
2026-07-26 00:59:11,3586,94.0,13.8,110811,4,1,1,1,1,full_screen
2026-07-26 00:59:16,3591,95.3,13.7,110840,4,1,1,1,1,full_screen
2026-07-26 00:59:21,3596,93.7,13.8,110768,4,1,1,1,1,full_screen
2026-07-26 00:59:26,3601,94.7,13.8,110798,4,1,1,1,1,full_screen
2026-07-26 00:59:31,3606,94.7,13.6,111004,4,1,1,1,1,full_screen
2026-07-26 00:59:31,3606,94.7,13.6,111004,4,1,1,1,1,full_screen
2026-07-26 00:59:32,3607,94.7,13.6,111004,4,1,1,1,1,full_screen
2026-07-26 00:59:36,3611,94.2,13.8,110763,4,1,1,1,1,full_screen
2026-07-26 00:59:41,3616,93.6,13.9,110655,4,1,1,1,1,full_screen
2026-07-26 00:59:46,3621,93.6,13.9,110657,4,1,1,1,1,full_screen
2026-07-26 00:59:51,3626,93.1,13.9,110582,4,1,1,1,1,full_screen
2026-07-26 00:59:54,3629,93.1,13.9,110582,4,1,1,1,1,full_screen
2026-07-26 00:59:55,3630,93.1,13.9,110582,4,1,1,1,1,full_screen
2026-07-26 00:59:56,3631,92.1,13.8,110717,4,1,1,1,1,full_screen
2026-07-26 01:00:01,3636,93.1,13.9,110662,4,1,1,1,1,full_screen
2026-07-26 01:00:06,3641,92.7,13.8,110760,4,1,1,1,1,full_screen
2026-07-26 01:00:11,3646,93.3,13.8,110742,4,1,1,1,1,full_screen
2026-07-26 01:00:16,3651,91.4,13.8,110715,4,1,1,1,1,full_screen
2026-07-26 01:00:17,3652,91.4,13.8,110715,4,1,1,1,1,full_screen
2026-07-26 01:00:18,3653,91.4,13.8,110715,4,1,1,1,1,full_screen
2026-07-26 01:00:21,3656,91.2,13.9,110697,4,1,1,1,1,full_screen
2026-07-26 01:00:26,3661,94.0,13.9,110638,4,1,1,1,1,full_screen
2026-07-26 01:00:31,3666,93.8,13.8,110749,4,1,1,1,1,full_screen
2026-07-26 01:00:36,3671,94.3,13.8,110721,4,1,1,1,1,full_screen
2026-07-26 01:00:40,3675,94.3,13.8,110721,4,1,1,1,1,full_screen
2026-07-26 01:00:41,3676,93.5,13.7,110860,4,1,1,1,1,full_screen
2026-07-26 01:00:41,3676,93.5,13.7,110860,4,1,1,1,1,full_screen
2026-07-26 01:00:46,3681,93.4,13.9,110683,4,1,1,1,1,full_screen
2026-07-26 01:00:51,3686,94.5,13.9,110691,4,1,1,1,1,full_screen
2026-07-26 01:00:56,3691,94.8,13.9,110669,4,1,1,1,1,full_screen
2026-07-26 01:01:01,3696,94.9,13.8,110759,4,1,1,1,1,full_screen
2026-07-26 01:01:03,3698,94.9,13.8,110759,4,1,1,1,1,full_screen
2026-07-26 01:01:04,3699,94.9,13.8,110759,4,1,1,1,1,full_screen
2026-07-26 01:01:06,3701,91.6,13.9,110581,4,1,1,1,1,full_screen
2026-07-26 01:01:11,3706,94.6,13.9,110612,4,1,1,1,1,full_screen
2026-07-26 01:01:16,3711,96.3,13.9,110622,4,1,1,1,1,full_screen
2026-07-26 01:01:21,3716,95.6,13.9,110611,4,1,1,1,1,full_screen
2026-07-26 01:01:26,3721,95.3,13.8,110763,4,1,1,1,1,full_screen
2026-07-26 01:01:26,3721,95.3,13.8,110763,4,1,1,1,1,full_screen
2026-07-26 01:01:27,3722,95.3,13.8,110763,4,1,1,1,1,full_screen
2026-07-26 01:01:31,3726,94.3,13.9,110592,4,1,1,1,1,full_screen
2026-07-26 01:01:36,3731,95.7,14.0,110517,4,1,1,1,1,full_screen
2026-07-26 01:01:41,3736,94.2,14.0,110534,4,1,1,1,1,full_screen
2026-07-26 01:01:46,3741,92.9,14.0,110545,4,1,1,1,1,full_screen
2026-07-26 01:01:49,3744,92.9,14.0,110545,4,1,1,1,1,full_screen
2026-07-26 01:01:50,3745,92.9,14.0,110545,4,1,1,1,1,full_screen
2026-07-26 01:01:51,3746,92.1,14.0,110501,4,1,1,1,1,full_screen
2026-07-26 01:01:56,3751,93.6,13.9,110584,4,1,1,1,1,full_screen
2026-07-26 01:02:01,3756,94.1,14.0,110551,4,1,1,1,1,full_screen
2026-07-26 01:02:06,3761,93.5,13.9,110599,4,1,1,1,1,full_screen
2026-07-26 01:02:11,3766,92.8,14.0,110503,4,1,1,1,1,full_screen
2026-07-26 01:02:12,3767,92.8,14.0,110503,4,1,1,1,1,full_screen
2026-07-26 01:02:13,3768,92.8,14.0,110503,4,1,1,1,1,full_screen
2026-07-26 01:02:16,3771,93.5,13.9,110605,4,1,1,1,1,full_screen
2026-07-26 01:02:21,3776,93.4,13.9,110631,4,1,1,1,1,full_screen
2026-07-26 01:02:26,3781,94.7,13.9,110575,4,1,1,1,1,full_screen
2026-07-26 01:02:31,3786,93.8,13.9,110679,4,1,1,1,1,full_screen
2026-07-26 01:02:35,3790,93.8,13.9,110679,4,1,1,1,1,full_screen
2026-07-26 01:02:36,3791,94.7,13.8,110799,4,1,1,1,1,full_screen
2026-07-26 01:02:37,3792,94.7,13.8,110799,4,1,1,1,1,full_screen
2026-07-26 01:02:41,3796,95.1,13.9,110666,4,1,1,1,1,full_screen
2026-07-26 01:02:46,3801,94.5,13.9,110651,4,1,1,1,1,full_screen
2026-07-26 01:02:51,3806,93.3,13.9,110624,4,1,1,1,1,full_screen
2026-07-26 01:02:56,3811,91.2,13.9,110615,4,1,1,1,1,full_screen
2026-07-26 01:02:59,3814,91.2,13.9,110615,4,1,1,1,1,full_screen
2026-07-26 01:03:00,3815,91.2,13.9,110615,4,1,1,1,1,full_screen
2026-07-26 01:03:01,3816,91.9,14.0,110550,4,1,1,1,1,full_screen
2026-07-26 01:03:06,3821,93.9,13.9,110656,4,1,1,1,1,full_screen
2026-07-26 01:03:11,3826,93.5,13.9,110628,4,1,1,1,1,full_screen
2026-07-26 01:03:16,3831,93.6,13.9,110660,4,1,1,1,1,full_screen
2026-07-26 01:03:21,3836,92.4,13.9,110657,4,1,1,1,1,full_screen
2026-07-26 01:03:22,3837,92.4,13.9,110657,4,1,1,1,1,full_screen
2026-07-26 01:03:23,3838,92.4,13.9,110657,4,1,1,1,1,full_screen
2026-07-26 01:03:26,3841,91.7,14.0,110531,4,1,1,1,1,full_screen
2026-07-26 01:03:31,3846,91.5,13.8,110703,4,1,1,1,1,full_screen
2026-07-26 01:03:36,3851,90.2,13.9,110670,4,1,1,1,1,full_screen
2026-07-26 01:03:41,3856,92.8,13.8,110735,4,1,1,1,1,full_screen
2026-07-26 01:03:45,3860,92.8,13.8,110735,4,1,1,1,1,full_screen
2026-07-26 01:03:46,3861,92.8,13.8,110735,4,1,1,1,1,full_screen
2026-07-26 01:03:46,3861,92.7,14.0,110562,4,1,1,1,1,full_screen
2026-07-26 01:03:51,3866,94.1,13.8,110711,4,1,1,1,1,full_screen
2026-07-26 01:03:56,3871,94.9,13.9,110645,4,1,1,1,1,full_screen
2026-07-26 01:04:01,3876,94.4,14.0,110558,4,1,1,1,1,full_screen
2026-07-26 01:04:06,3881,94.9,13.9,110631,4,1,1,1,1,full_screen
2026-07-26 01:04:08,3883,94.9,13.9,110631,4,1,1,1,1,full_screen
2026-07-26 01:04:09,3884,94.9,13.9,110631,4,1,1,1,1,full_screen
2026-07-26 01:04:11,3886,93.2,13.9,110620,4,1,1,1,1,full_screen
2026-07-26 01:04:16,3891,94.4,13.9,110676,4,1,1,1,1,full_screen
2026-07-26 01:04:21,3896,94.7,13.9,110660,4,1,1,1,1,full_screen
2026-07-26 01:04:26,3901,95.5,13.9,110631,4,1,1,1,1,full_screen
2026-07-26 01:04:31,3906,95.5,13.9,110631,4,1,1,1,1,full_screen
2026-07-26 01:04:31,3906,95.3,13.7,110836,4,1,1,1,1,full_screen
2026-07-26 01:04:32,3907,95.3,13.7,110836,4,1,1,1,1,full_screen
2026-07-26 01:04:36,3911,94.7,13.9,110693,4,1,1,1,1,full_screen
2026-07-26 01:04:41,3916,95.0,13.9,110685,4,1,1,1,1,full_screen
2026-07-26 01:04:46,3921,95.1,13.8,110734,4,1,1,1,1,full_screen
2026-07-26 01:04:51,3926,94.8,13.9,110644,4,1,1,1,1,full_screen
2026-07-26 01:04:54,3929,94.8,13.9,110644,4,1,1,1,1,full_screen
2026-07-26 01:04:55,3930,94.8,13.9,110644,4,1,1,1,1,full_screen
2026-07-26 01:04:56,3931,92.9,13.9,110655,4,1,1,1,1,full_screen
2026-07-26 01:05:01,3936,94.0,13.9,110643,4,1,1,1,1,full_screen
2026-07-26 01:05:06,3941,94.9,13.9,110652,4,1,1,1,1,full_screen
2026-07-26 01:05:11,3946,94.8,13.9,110652,4,1,1,1,1,full_screen
2026-07-26 01:05:16,3951,94.4,14.0,110528,4,1,1,1,1,full_screen
2026-07-26 01:05:17,3952,94.4,14.0,110528,4,1,1,1,1,full_screen
2026-07-26 01:05:18,3953,94.4,14.0,110528,4,1,1,1,1,full_screen
2026-07-26 01:05:21,3956,94.1,14.0,110473,4,1,1,1,1,full_screen
2026-07-26 01:05:26,3961,95.1,13.9,110622,4,1,1,1,1,full_screen
2026-07-26 01:05:31,3966,95.3,13.9,110628,4,1,1,1,1,full_screen
2026-07-26 01:05:36,3971,94.9,14.0,110498,4,1,1,1,1,full_screen
2026-07-26 01:05:40,3975,94.9,14.0,110498,4,1,1,1,1,full_screen
2026-07-26 01:05:41,3976,94.9,14.0,110498,4,1,1,1,1,full_screen
2026-07-26 01:05:41,3976,94.7,14.1,110425,4,1,1,1,1,full_screen
2026-07-26 01:05:46,3981,95.4,14.1,110430,4,1,1,1,1,full_screen
2026-07-26 01:05:51,3986,95.5,14.1,110419,4,1,1,1,1,full_screen
2026-07-26 01:05:56,3991,95.5,14.0,110522,4,1,1,1,1,full_screen
2026-07-26 01:06:01,3996,94.9,14.0,110503,4,1,1,1,1,full_screen
2026-07-26 01:06:03,3998,94.9,14.0,110503,4,1,1,1,1,full_screen
2026-07-26 01:06:04,3999,94.9,14.0,110503,4,1,1,1,1,full_screen
2026-07-26 01:06:06,4001,94.2,14.1,110381,4,1,1,1,1,full_screen
2026-07-26 01:06:11,4006,94.8,14.0,110487,4,1,1,1,1,full_screen
2026-07-26 01:06:16,4011,95.4,14.1,110417,4,1,1,1,1,full_screen
2026-07-26 01:06:21,4016,95.7,14.0,110474,4,1,1,1,1,full_screen
2026-07-26 01:06:26,4021,95.7,14.0,110474,4,1,1,1,1,full_screen
2026-07-26 01:06:26,4021,94.6,13.9,110664,4,1,1,1,1,full_screen
2026-07-26 01:06:27,4022,94.6,13.9,110664,4,1,1,1,1,full_screen
2026-07-26 01:06:31,4026,94.9,14.1,110436,4,1,1,1,1,full_screen
2026-07-26 01:06:36,4031,95.7,14.0,110450,4,1,1,1,1,full_screen
2026-07-26 01:06:41,4036,95.5,14.0,110475,4,1,1,1,1,full_screen
2026-07-26 01:06:46,4041,95.5,14.1,110433,4,1,1,1,1,full_screen
2026-07-26 01:06:49,4044,95.5,14.1,110433,4,1,1,1,1,full_screen
2026-07-26 01:06:50,4045,95.5,14.1,110433,4,1,1,1,1,full_screen
2026-07-26 01:06:51,4046,94.4,14.0,110511,4,1,1,1,1,full_screen
2026-07-26 01:06:56,4051,95.5,14.0,110473,4,1,1,1,1,full_screen
2026-07-26 01:07:01,4056,95.0,14.0,110459,4,1,1,1,1,full_screen
2026-07-26 01:07:06,4061,95.1,14.0,110463,4,1,1,1,1,full_screen
2026-07-26 01:07:11,4066,94.3,14.0,110503,4,1,1,1,1,full_screen
2026-07-26 01:07:13,4068,94.3,14.0,110503,4,1,1,1,1,full_screen
2026-07-26 01:07:14,4069,94.3,14.0,110503,4,1,1,1,1,full_screen
2026-07-26 01:07:16,4071,92.3,14.0,110447,4,1,1,1,1,full_screen
2026-07-26 01:07:21,4076,92.8,14.1,110419,4,1,1,1,1,full_screen
2026-07-26 01:07:26,4081,91.8,14.0,110462,4,1,1,1,1,full_screen
2026-07-26 01:07:31,4086,92.6,14.2,110249,4,1,1,1,1,full_screen
2026-07-26 01:07:36,4091,92.6,14.2,110249,4,1,1,1,1,full_screen
2026-07-26 01:07:36,4091,92.1,14.0,110569,4,1,1,1,1,full_screen
2026-07-26 01:07:37,4092,92.1,14.0,110569,4,1,1,1,1,full_screen
2026-07-26 01:07:42,4097,93.1,14.1,110429,4,1,1,1,1,full_screen
2026-07-26 01:07:47,4102,93.3,14.0,110501,4,1,1,1,1,full_screen
2026-07-26 01:07:52,4107,92.3,14.0,110497,4,1,1,1,1,full_screen
2026-07-26 01:07:57,4112,92.7,14.1,110365,4,1,1,1,1,full_screen
2026-07-26 01:07:59,4114,92.7,14.1,110365,4,1,1,1,1,full_screen
2026-07-26 01:08:00,4115,92.7,14.1,110365,4,1,1,1,1,full_screen
2026-07-26 01:08:02,4117,92.0,14.1,110332,4,1,1,1,1,full_screen
2026-07-26 01:08:07,4122,96.3,14.1,110391,4,1,1,1,1,full_screen
2026-07-26 01:08:12,4127,98.1,14.2,110307,4,1,1,1,1,full_screen
2026-07-26 01:08:17,4132,98.5,14.1,110323,4,1,1,1,1,full_screen
2026-07-26 01:08:22,4137,98.4,14.2,110188,4,1,1,1,1,full_screen
2026-07-26 01:08:23,4138,98.4,14.2,110188,4,1,1,1,1,full_screen
2026-07-26 01:08:24,4139,98.4,14.2,110188,4,1,1,1,1,full_screen
2026-07-26 01:08:27,4142,98.5,14.2,110306,4,1,1,1,1,full_screen
2026-07-26 01:08:32,4147,98.7,14.2,110269,4,1,1,1,1,full_screen
2026-07-26 01:08:37,4152,98.5,14.2,110270,4,1,1,1,1,full_screen
2026-07-26 01:08:42,4157,98.8,14.2,110259,4,1,1,1,1,full_screen
2026-07-26 01:08:47,4162,98.3,14.1,110427,4,1,1,1,1,full_screen
2026-07-26 01:08:47,4162,98.3,14.1,110427,4,1,1,1,1,full_screen
2026-07-26 01:08:48,4163,98.3,14.1,110427,4,1,1,1,1,full_screen
2026-07-26 01:08:52,4167,98.5,14.2,110274,4,1,1,1,1,full_screen
2026-07-26 01:08:57,4172,98.7,14.1,110352,4,1,1,1,1,full_screen
2026-07-26 01:09:02,4177,98.5,14.2,110303,4,1,1,1,1,full_screen
2026-07-26 01:09:07,4182,98.6,14.2,110241,4,1,1,1,1,full_screen
2026-07-26 01:09:11,4186,98.6,14.2,110241,4,1,1,1,1,full_screen
2026-07-26 01:09:12,4187,98.5,14.1,110442,4,1,1,1,1,full_screen
2026-07-26 01:09:14,4189,98.5,14.1,110442,4,1,1,1,1,full_screen
2026-07-26 01:09:17,4192,98.4,14.2,110237,4,1,1,1,1,full_screen
2026-07-26 01:09:22,4197,98.4,14.2,110260,4,1,1,1,1,full_screen
2026-07-26 01:09:27,4202,98.3,14.2,110274,4,1,1,1,1,full_screen
2026-07-26 01:09:32,4207,98.4,14.2,110287,4,1,1,1,1,full_screen
2026-07-26 01:09:37,4212,98.3,14.1,110372,4,1,1,1,1,full_screen
2026-07-26 01:09:37,4212,98.3,14.1,110372,4,1,1,1,1,full_screen
2026-07-26 01:09:38,4213,98.3,14.1,110372,4,1,1,1,1,full_screen
2026-07-26 01:09:42,4217,98.6,14.1,110345,4,1,1,1,1,full_screen
2026-07-26 01:09:47,4222,98.5,14.1,110346,4,1,1,1,1,full_screen
2026-07-26 01:09:52,4227,98.3,14.1,110351,4,1,1,1,1,full_screen
2026-07-26 01:09:57,4232,98.5,14.2,110302,4,1,1,1,1,full_screen
2026-07-26 01:10:02,4237,98.4,14.1,110405,4,1,1,1,1,full_screen
2026-07-26 01:10:02,4237,98.4,14.1,110405,4,1,1,1,1,full_screen
2026-07-26 01:10:03,4238,98.4,14.1,110405,4,1,1,1,1,full_screen
2026-07-26 01:10:07,4242,99.0,14.2,110228,4,1,1,1,1,full_screen
2026-07-26 01:10:12,4247,98.9,14.2,110265,4,1,1,1,1,full_screen
2026-07-26 01:10:17,4252,98.9,14.2,110283,4,1,1,1,1,full_screen
2026-07-26 01:10:22,4257,99.1,14.2,110197,4,1,1,1,1,full_screen
2026-07-26 01:10:27,4262,98.8,14.1,110367,4,1,1,1,1,full_screen
2026-07-26 01:10:27,4262,98.8,14.1,110367,4,1,1,1,1,full_screen
2026-07-26 01:10:28,4263,98.8,14.1,110367,4,1,1,1,1,full_screen
2026-07-26 01:10:32,4267,99.0,14.2,110263,4,1,1,1,1,full_screen
2026-07-26 01:10:37,4272,98.9,14.1,110333,4,1,1,1,1,full_screen
2026-07-26 01:10:42,4277,98.7,14.1,110327,4,1,1,1,1,full_screen
2026-07-26 01:10:47,4282,98.7,14.1,110344,4,1,1,1,1,full_screen
2026-07-26 01:10:52,4287,98.7,14.1,110344,4,1,1,1,1,full_screen
2026-07-26 01:10:52,4287,98.5,14.0,110467,4,1,1,1,1,full_screen
2026-07-26 01:10:53,4288,98.5,14.0,110467,4,1,1,1,1,full_screen
2026-07-26 01:10:57,4292,98.6,14.2,110262,4,1,1,1,1,full_screen
2026-07-26 01:11:02,4297,98.5,14.1,110340,4,1,1,1,1,full_screen
2026-07-26 01:11:07,4302,98.7,14.2,110233,4,1,1,1,1,full_screen
2026-07-26 01:11:12,4307,98.8,14.1,110322,4,1,1,1,1,full_screen
2026-07-26 01:11:17,4312,98.4,14.0,110460,4,1,1,1,1,full_screen
2026-07-26 01:11:17,4312,98.4,14.0,110460,4,1,1,1,1,full_screen
2026-07-26 01:11:18,4313,98.4,14.0,110460,4,1,1,1,1,full_screen
2026-07-26 01:11:22,4317,98.6,14.2,110286,4,1,1,1,1,full_screen
2026-07-26 01:11:27,4322,98.6,14.2,110273,4,1,1,1,1,full_screen
2026-07-26 01:11:32,4327,98.6,14.1,110336,4,1,1,1,1,full_screen
2026-07-26 01:11:37,4332,98.5,14.1,110325,4,1,1,1,1,full_screen
2026-07-26 01:11:42,4337,98.6,14.0,110459,4,1,1,1,1,full_screen
2026-07-26 01:11:42,4337,98.6,14.0,110459,4,1,1,1,1,full_screen
2026-07-26 01:11:43,4338,98.6,14.0,110459,4,1,1,1,1,full_screen
2026-07-26 01:11:47,4342,98.6,14.2,110304,4,1,1,1,1,full_screen
2026-07-26 01:11:52,4347,98.6,14.1,110338,4,1,1,1,1,full_screen
2026-07-26 01:11:57,4352,98.0,14.1,110365,4,1,1,1,1,full_screen
2026-07-26 01:12:02,4357,93.8,14.0,110461,4,1,1,1,1,full_screen
2026-07-26 01:12:06,4361,93.8,14.0,110461,4,1,1,1,1,full_screen
2026-07-26 01:12:07,4362,92.0,14.0,110563,4,1,1,1,1,full_screen
2026-07-26 01:12:07,4362,92.0,14.0,110563,4,1,1,1,1,full_screen
2026-07-26 01:12:12,4367,93.3,14.1,110365,4,1,1,1,1,full_screen
2026-07-26 01:12:17,4372,92.7,14.0,110527,4,1,1,1,1,full_screen
2026-07-26 01:12:22,4377,92.7,14.0,110451,4,1,1,1,1,full_screen
2026-07-26 01:12:27,4382,92.0,14.1,110436,4,1,1,1,1,full_screen
2026-07-26 01:12:29,4384,92.0,14.1,110436,4,1,1,1,1,full_screen
2026-07-26 01:12:30,4385,92.0,14.1,110436,4,1,1,1,1,full_screen
2026-07-26 01:12:32,4387,92.5,14.1,110374,4,1,1,1,1,full_screen
2026-07-26 01:12:37,4392,93.5,14.1,110357,4,1,1,1,1,full_screen
2026-07-26 01:12:42,4397,92.2,14.0,110520,4,1,1,1,1,full_screen
2026-07-26 01:12:47,4402,93.8,14.1,110399,4,1,1,1,1,full_screen
2026-07-26 01:12:52,4407,92.3,13.9,110653,4,1,1,1,1,full_screen
2026-07-26 01:12:52,4407,92.3,13.9,110653,4,1,1,1,1,full_screen
2026-07-26 01:12:54,4409,92.3,13.9,110653,4,1,1,1,1,full_screen
2026-07-26 01:12:57,4412,93.5,14.1,110444,4,1,1,1,1,full_screen
2026-07-26 01:13:02,4417,93.2,14.0,110463,4,1,1,1,1,full_screen
2026-07-26 01:13:07,4422,92.5,14.0,110469,4,1,1,1,1,full_screen
2026-07-26 01:13:12,4427,92.8,14.0,110506,4,1,1,1,1,full_screen
2026-07-26 01:13:16,4431,92.8,14.0,110506,4,1,1,1,1,full_screen
2026-07-26 01:13:17,4432,92.8,14.0,110506,4,1,1,1,1,full_screen
2026-07-26 01:13:17,4432,91.5,14.1,110403,4,1,1,1,1,full_screen
2026-07-26 01:13:22,4437,93.1,14.0,110481,4,1,1,1,1,full_screen
2026-07-26 01:13:27,4442,92.3,14.0,110489,4,1,1,1,1,full_screen
2026-07-26 01:13:32,4447,93.6,14.1,110414,4,1,1,1,1,full_screen
2026-07-26 01:13:37,4452,94.7,14.0,110462,4,1,1,1,1,full_screen
2026-07-26 01:13:39,4454,94.7,14.0,110462,4,1,1,1,1,full_screen
2026-07-26 01:13:40,4455,94.7,14.0,110462,4,1,1,1,1,full_screen
2026-07-26 01:13:42,4457,92.7,14.1,110431,4,1,1,1,1,full_screen
2026-07-26 01:13:47,4462,93.3,14.1,110404,4,1,1,1,1,full_screen
2026-07-26 01:13:52,4467,92.9,14.0,110455,4,1,1,1,1,full_screen
2026-07-26 01:13:57,4472,94.4,14.1,110426,4,1,1,1,1,full_screen
2026-07-26 01:14:02,4477,94.4,14.1,110426,4,1,1,1,1,full_screen
2026-07-26 01:14:02,4477,92.7,14.0,110469,4,1,1,1,1,full_screen
2026-07-26 01:14:03,4478,92.7,14.0,110469,4,1,1,1,1,full_screen
2026-07-26 01:14:07,4482,92.1,14.0,110460,4,1,1,1,1,full_screen
2026-07-26 01:14:12,4487,94.0,14.0,110445,4,1,1,1,1,full_screen
2026-07-26 01:14:17,4492,93.9,14.1,110416,4,1,1,1,1,full_screen
2026-07-26 01:14:22,4497,93.6,14.1,110421,4,1,1,1,1,full_screen
2026-07-26 01:14:25,4500,93.6,14.1,110421,4,1,1,1,1,full_screen
2026-07-26 01:14:26,4501,93.6,14.1,110421,4,1,1,1,1,full_screen
2026-07-26 01:14:27,4502,91.5,14.1,110407,4,1,1,1,1,full_screen
2026-07-26 01:14:32,4507,92.5,14.1,110386,4,1,1,1,1,full_screen
2026-07-26 01:14:37,4512,92.9,14.0,110450,4,1,1,1,1,full_screen
2026-07-26 01:14:42,4517,94.0,14.0,110500,4,1,1,1,1,full_screen
2026-07-26 01:14:47,4522,92.0,14.0,110571,4,1,1,1,1,full_screen
2026-07-26 01:14:48,4523,92.0,14.0,110571,4,1,1,1,1,full_screen
2026-07-26 01:14:49,4524,92.0,14.0,110571,4,1,1,1,1,full_screen
2026-07-26 01:14:52,4527,91.0,14.1,110441,4,1,1,1,1,full_screen
2026-07-26 01:14:57,4532,92.7,14.1,110386,4,1,1,1,1,full_screen
2026-07-26 01:15:02,4537,92.9,14.0,110446,4,1,1,1,1,full_screen
2026-07-26 01:15:07,4542,93.7,14.0,110486,4,1,1,1,1,full_screen
2026-07-26 01:15:11,4546,93.7,14.0,110486,4,1,1,1,1,full_screen
2026-07-26 01:15:12,4547,93.7,14.0,110486,4,1,1,1,1,full_screen
2026-07-26 01:15:12,4547,93.7,14.1,110387,4,1,1,1,1,full_screen
2026-07-26 01:15:17,4552,94.7,14.1,110360,4,1,1,1,1,full_screen
2026-07-26 01:15:22,4557,93.5,14.1,110398,4,1,1,1,1,full_screen
2026-07-26 01:15:27,4562,94.2,14.0,110473,4,1,1,1,1,full_screen
2026-07-26 01:15:32,4567,92.7,14.1,110341,4,1,1,1,1,full_screen
2026-07-26 01:15:34,4569,92.7,14.1,110341,4,1,1,1,1,full_screen
2026-07-26 01:15:35,4570,92.7,14.1,110341,4,1,1,1,1,full_screen
2026-07-26 01:15:37,4572,93.1,14.1,110367,4,1,1,1,1,full_screen
2026-07-26 01:15:42,4577,94.3,14.0,110468,4,1,1,1,1,full_screen
2026-07-26 01:15:47,4582,94.3,14.1,110398,4,1,1,1,1,full_screen
2026-07-26 01:15:52,4587,91.9,14.1,110395,4,1,1,1,1,full_screen
2026-07-26 01:15:57,4592,91.9,14.1,110395,4,1,1,1,1,full_screen
2026-07-26 01:15:57,4592,93.3,13.9,110579,4,1,1,1,1,full_screen
2026-07-26 01:15:58,4593,93.3,13.9,110579,4,1,1,1,1,full_screen
2026-07-26 01:16:02,4597,95.0,14.1,110405,4,1,1,1,1,full_screen
2026-07-26 01:16:07,4602,94.2,14.1,110412,4,1,1,1,1,full_screen
2026-07-26 01:16:12,4607,94.6,14.0,110473,4,1,1,1,1,full_screen
2026-07-26 01:16:17,4612,93.9,14.1,110443,4,1,1,1,1,full_screen
2026-07-26 01:16:20,4615,93.9,14.1,110443,4,1,1,1,1,full_screen
2026-07-26 01:16:21,4616,93.9,14.1,110443,4,1,1,1,1,full_screen
2026-07-26 01:16:22,4617,93.1,14.2,110285,4,1,1,1,1,full_screen
2026-07-26 01:16:27,4622,94.1,14.1,110353,4,1,1,1,1,full_screen
2026-07-26 01:16:32,4627,93.1,14.0,110448,4,1,1,1,1,full_screen
2026-07-26 01:16:37,4632,92.4,14.1,110433,4,1,1,1,1,full_screen
2026-07-26 01:16:42,4637,92.5,13.9,110614,4,1,1,1,1,full_screen
2026-07-26 01:16:43,4638,92.5,13.9,110614,4,1,1,1,1,full_screen
2026-07-26 01:16:44,4639,92.5,13.9,110614,4,1,1,1,1,full_screen
2026-07-26 01:16:47,4642,92.9,14.1,110439,4,1,1,1,1,full_screen
2026-07-26 01:16:52,4647,93.1,14.1,110385,4,1,1,1,1,full_screen
2026-07-26 01:16:57,4652,91.6,14.0,110492,4,1,1,1,1,full_screen
2026-07-26 01:17:02,4657,93.1,14.1,110431,4,1,1,1,1,full_screen
2026-07-26 01:17:06,4661,93.1,14.1,110431,4,1,1,1,1,full_screen
2026-07-26 01:17:07,4662,90.6,14.0,110446,4,1,1,1,1,full_screen
2026-07-26 01:17:07,4662,90.6,14.0,110446,4,1,1,1,1,full_screen
2026-07-26 01:17:12,4667,92.9,14.2,110278,4,1,1,1,1,full_screen
2026-07-26 01:17:17,4672,92.8,14.0,110455,4,1,1,1,1,full_screen
2026-07-26 01:17:22,4677,93.8,14.1,110428,4,1,1,1,1,full_screen
2026-07-26 01:17:27,4682,94.4,14.1,110418,4,1,1,1,1,full_screen
2026-07-26 01:17:28,4683,94.4,14.1,110418,4,1,1,1,1,full_screen
2026-07-26 01:17:30,4685,94.4,14.1,110418,4,1,1,1,1,full_screen
2026-07-26 01:17:32,4687,92.4,14.1,110360,4,1,1,1,1,full_screen
2026-07-26 01:17:37,4692,93.2,14.1,110356,4,1,1,1,1,full_screen
2026-07-26 01:17:42,4697,93.3,14.0,110463,4,1,1,1,1,full_screen
2026-07-26 01:17:47,4702,93.8,14.0,110507,4,1,1,1,1,full_screen
2026-07-26 01:17:51,4706,93.8,14.0,110507,4,1,1,1,1,full_screen
2026-07-26 01:17:52,4707,94.1,13.8,110713,4,1,1,1,1,full_screen
2026-07-26 01:17:54,4709,94.1,13.8,110713,4,1,1,1,1,full_screen
2026-07-26 01:17:57,4712,92.9,14.0,110449,4,1,1,1,1,full_screen
2026-07-26 01:18:02,4717,93.8,14.0,110474,4,1,1,1,1,full_screen
2026-07-26 01:18:07,4722,93.6,14.1,110412,4,1,1,1,1,full_screen
2026-07-26 01:18:12,4727,91.7,14.1,110384,4,1,1,1,1,full_screen
2026-07-26 01:18:15,4730,91.7,14.1,110384,4,1,1,1,1,full_screen
2026-07-26 01:18:16,4731,91.7,14.1,110384,4,1,1,1,1,full_screen
2026-07-26 01:18:17,4732,91.8,14.1,110404,4,1,1,1,1,full_screen
2026-07-26 01:18:22,4737,93.2,14.0,110502,4,1,1,1,1,full_screen
2026-07-26 01:18:27,4742,94.4,14.0,110507,4,1,1,1,1,full_screen
2026-07-26 01:18:32,4747,95.2,14.0,110471,4,1,1,1,1,full_screen
2026-07-26 01:18:37,4752,93.7,13.9,110608,4,1,1,1,1,full_screen
2026-07-26 01:18:38,4753,93.7,13.9,110608,4,1,1,1,1,full_screen
2026-07-26 01:18:39,4754,93.7,13.9,110608,4,1,1,1,1,full_screen
2026-07-26 01:18:43,4758,94.1,14.1,110423,4,1,1,1,1,full_screen
2026-07-26 01:18:48,4763,94.2,14.0,110493,4,1,1,1,1,full_screen
2026-07-26 01:18:53,4768,95.8,14.0,110483,4,1,1,1,1,full_screen
2026-07-26 01:18:58,4773,94.3,14.0,110509,4,1,1,1,1,full_screen
2026-07-26 01:19:01,4776,94.3,14.0,110509,4,1,1,1,1,full_screen
2026-07-26 01:19:02,4777,94.3,14.0,110509,4,1,1,1,1,full_screen
2026-07-26 01:19:03,4778,93.7,14.2,110297,4,1,1,1,1,full_screen
2026-07-26 01:19:08,4783,95.0,14.1,110359,4,1,1,1,1,full_screen
2026-07-26 01:19:13,4788,94.6,14.0,110536,4,1,1,1,1,full_screen
2026-07-26 01:19:18,4793,94.4,14.0,110488,4,1,1,1,1,full_screen
2026-07-26 01:19:23,4798,92.4,14.1,110424,4,1,1,1,1,full_screen
2026-07-26 01:19:24,4799,92.4,14.1,110424,4,1,1,1,1,full_screen
2026-07-26 01:19:25,4800,92.4,14.1,110424,4,1,1,1,1,full_screen
2026-07-26 01:19:28,4803,91.7,14.1,110422,4,1,1,1,1,full_screen
2026-07-26 01:19:33,4808,93.9,14.0,110471,4,1,1,1,1,full_screen
2026-07-26 01:19:38,4813,92.9,14.0,110461,4,1,1,1,1,full_screen
2026-07-26 01:19:43,4818,93.3,14.0,110454,4,1,1,1,1,full_screen
2026-07-26 01:19:47,4822,93.3,14.0,110454,4,1,1,1,1,full_screen
2026-07-26 01:19:48,4823,92.1,14.0,110461,4,1,1,1,1,full_screen
2026-07-26 01:19:48,4823,92.1,14.0,110461,4,1,1,1,1,full_screen
2026-07-26 01:19:53,4828,92.8,14.0,110449,4,1,1,1,1,full_screen
2026-07-26 01:19:58,4833,94.3,14.1,110438,4,1,1,1,1,full_screen
2026-07-26 01:20:03,4838,93.7,14.1,110444,4,1,1,1,1,full_screen
2026-07-26 01:20:08,4843,94.3,14.2,110288,4,1,1,1,1,full_screen
2026-07-26 01:20:10,4845,94.3,14.2,110288,4,1,1,1,1,full_screen
2026-07-26 01:20:11,4846,94.3,14.2,110288,4,1,1,1,1,full_screen
2026-07-26 01:20:13,4848,93.0,14.1,110413,4,1,1,1,1,full_screen
2026-07-26 01:20:18,4853,94.0,14.1,110413,4,1,1,1,1,full_screen
2026-07-26 01:20:23,4858,94.8,14.0,110495,4,1,1,1,1,full_screen
2026-07-26 01:20:28,4863,94.9,14.1,110431,4,1,1,1,1,full_screen
2026-07-26 01:20:33,4868,94.3,14.1,110417,4,1,1,1,1,full_screen
2026-07-26 01:20:33,4868,94.3,14.1,110417,4,1,1,1,1,full_screen
2026-07-26 01:20:34,4869,94.3,14.1,110417,4,1,1,1,1,full_screen
2026-07-26 01:20:38,4873,93.7,14.0,110485,4,1,1,1,1,full_screen
2026-07-26 01:20:43,4878,94.3,14.1,110444,4,1,1,1,1,full_screen
2026-07-26 01:20:48,4883,93.8,14.0,110468,4,1,1,1,1,full_screen
2026-07-26 01:20:53,4888,93.8,14.1,110381,4,1,1,1,1,full_screen
2026-07-26 01:20:56,4891,93.8,14.1,110381,4,1,1,1,1,full_screen
2026-07-26 01:20:57,4892,93.8,14.1,110381,4,1,1,1,1,full_screen
2026-07-26 01:20:58,4893,93.4,14.0,110546,4,1,1,1,1,full_screen
2026-07-26 01:21:03,4898,95.1,14.0,110528,4,1,1,1,1,full_screen
2026-07-26 01:21:08,4903,95.6,14.1,110419,4,1,1,1,1,full_screen
2026-07-26 01:21:13,4908,96.4,14.1,110424,4,1,1,1,1,full_screen
2026-07-26 01:21:18,4913,95.8,14.0,110512,4,1,1,1,1,full_screen
2026-07-26 01:21:20,4915,95.8,14.0,110512,4,1,1,1,1,full_screen
2026-07-26 01:21:21,4916,95.8,14.0,110512,4,1,1,1,1,full_screen
2026-07-26 01:21:23,4918,95.1,14.0,110481,4,1,1,1,1,full_screen
2026-07-26 01:21:28,4923,94.8,14.1,110444,4,1,1,1,1,full_screen
2026-07-26 01:21:33,4928,95.4,14.1,110369,4,1,1,1,1,full_screen
2026-07-26 01:21:38,4933,95.3,14.0,110466,4,1,1,1,1,full_screen
2026-07-26 01:21:43,4938,94.7,13.9,110612,4,1,1,1,1,full_screen
2026-07-26 01:21:44,4939,94.7,13.9,110612,4,1,1,1,1,full_screen
2026-07-26 01:21:45,4940,94.7,13.9,110612,4,1,1,1,1,full_screen
2026-07-26 01:21:48,4943,94.9,14.0,110498,4,1,1,1,1,full_screen
2026-07-26 01:21:53,4948,94.9,14.1,110363,4,1,1,1,1,full_screen
2026-07-26 01:21:58,4953,94.5,14.1,110423,4,1,1,1,1,full_screen
2026-07-26 01:22:03,4958,93.7,14.0,110474,4,1,1,1,1,full_screen
2026-07-26 01:22:06,4961,93.7,14.0,110474,4,1,1,1,1,full_screen
2026-07-26 01:22:08,4963,93.7,14.0,110474,4,1,1,1,1,full_screen
2026-07-26 01:22:08,4963,92.8,14.1,110368,4,1,1,1,1,full_screen
2026-07-26 01:22:13,4968,94.2,14.0,110489,4,1,1,1,1,full_screen
2026-07-26 01:22:18,4973,94.6,14.0,110502,4,1,1,1,1,full_screen
2026-07-26 01:22:23,4978,95.2,14.0,110520,4,1,1,1,1,full_screen
2026-07-26 01:22:28,4983,94.5,14.1,110343,4,1,1,1,1,full_screen
2026-07-26 01:22:30,4985,94.5,14.1,110343,4,1,1,1,1,full_screen
2026-07-26 01:22:31,4986,94.5,14.1,110343,4,1,1,1,1,full_screen
2026-07-26 01:22:33,4988,92.3,14.1,110421,4,1,1,1,1,full_screen
2026-07-26 01:22:38,4993,94.1,14.1,110434,4,1,1,1,1,full_screen
2026-07-26 01:22:43,4998,94.4,14.1,110346,4,1,1,1,1,full_screen
2026-07-26 01:22:48,5003,95.2,14.2,110298,4,1,1,1,1,full_screen
2026-07-26 01:22:53,5008,95.2,14.2,110298,4,1,1,1,1,full_screen
2026-07-26 01:22:53,5008,96.8,13.9,110610,4,1,1,1,1,full_screen
2026-07-26 01:22:54,5009,96.8,13.9,110610,4,1,1,1,1,full_screen
2026-07-26 01:22:58,5013,97.2,14.2,110298,4,1,1,1,1,full_screen
2026-07-26 01:23:03,5018,98.0,14.1,110322,4,1,1,1,1,full_screen
2026-07-26 01:23:08,5023,98.2,14.1,110403,4,1,1,1,1,full_screen
2026-07-26 01:23:13,5028,98.1,14.1,110362,4,1,1,1,1,full_screen
2026-07-26 01:23:17,5032,98.1,14.1,110362,4,1,1,1,1,full_screen
2026-07-26 01:23:18,5033,98.0,14.1,110409,4,1,1,1,1,full_screen
2026-07-26 01:23:18,5033,98.0,14.1,110409,4,1,1,1,1,full_screen
2026-07-26 01:23:23,5038,98.1,14.2,110293,4,1,1,1,1,full_screen
2026-07-26 01:23:28,5043,98.0,14.1,110338,4,1,1,1,1,full_screen
2026-07-26 01:23:33,5048,98.1,14.2,110311,4,1,1,1,1,full_screen
2026-07-26 01:23:38,5053,97.8,14.1,110352,4,1,1,1,1,full_screen
2026-07-26 01:23:41,5056,97.8,14.1,110352,4,1,1,1,1,full_screen
2026-07-26 01:23:42,5057,97.8,14.1,110352,4,1,1,1,1,full_screen
2026-07-26 01:23:43,5058,98.0,14.1,110373,4,1,1,1,1,full_screen
2026-07-26 01:23:48,5063,98.2,14.2,110259,4,1,1,1,1,full_screen
2026-07-26 01:23:53,5068,97.7,14.1,110399,4,1,1,1,1,full_screen
2026-07-26 01:23:58,5073,98.2,14.1,110336,4,1,1,1,1,full_screen
2026-07-26 01:24:03,5078,97.6,14.1,110410,4,1,1,1,1,full_screen
2026-07-26 01:24:05,5080,97.6,14.1,110410,4,1,1,1,1,full_screen
2026-07-26 01:24:06,5081,97.6,14.1,110410,4,1,1,1,1,full_screen
2026-07-26 01:24:08,5083,97.9,14.1,110401,4,1,1,1,1,full_screen
2026-07-26 01:24:13,5088,98.1,14.2,110287,4,1,1,1,1,full_screen
2026-07-26 01:24:18,5093,98.1,14.1,110425,4,1,1,1,1,full_screen
2026-07-26 01:24:23,5098,98.1,14.1,110402,4,1,1,1,1,full_screen
2026-07-26 01:24:28,5103,97.9,14.1,110419,4,1,1,1,1,full_screen
2026-07-26 01:24:30,5105,97.9,14.1,110419,4,1,1,1,1,full_screen
2026-07-26 01:24:31,5106,97.9,14.1,110419,4,1,1,1,1,full_screen
2026-07-26 01:24:33,5108,97.5,14.1,110365,4,1,1,1,1,full_screen
2026-07-26 01:24:38,5113,97.6,14.1,110360,4,1,1,1,1,full_screen
2026-07-26 01:24:43,5118,97.7,14.1,110324,4,1,1,1,1,full_screen
2026-07-26 01:24:48,5123,97.9,14.2,110252,4,1,1,1,1,full_screen
2026-07-26 01:24:53,5128,97.3,14.1,110379,4,1,1,1,1,full_screen
2026-07-26 01:24:54,5129,97.3,14.1,110379,4,1,1,1,1,full_screen
2026-07-26 01:24:55,5130,97.3,14.1,110379,4,1,1,1,1,full_screen
2026-07-26 01:24:58,5133,97.7,14.1,110413,4,1,1,1,1,full_screen
2026-07-26 01:25:03,5138,97.6,14.1,110343,4,1,1,1,1,full_screen
2026-07-26 01:25:08,5143,97.7,14.1,110371,4,1,1,1,1,full_screen
2026-07-26 01:25:13,5148,98.0,14.1,110373,4,1,1,1,1,full_screen
2026-07-26 01:25:18,5153,97.6,14.1,110403,4,1,1,1,1,full_screen
2026-07-26 01:25:19,5154,97.6,14.1,110403,4,1,1,1,1,full_screen
2026-07-26 01:25:20,5155,97.6,14.1,110403,4,1,1,1,1,full_screen
2026-07-26 01:25:23,5158,97.7,14.1,110360,4,1,1,1,1,full_screen
2026-07-26 01:25:28,5163,97.6,14.1,110365,4,1,1,1,1,full_screen
2026-07-26 01:25:33,5168,97.8,14.1,110411,4,1,1,1,1,full_screen
2026-07-26 01:25:38,5173,97.8,14.2,110281,4,1,1,1,1,full_screen
2026-07-26 01:25:43,5178,98.0,14.0,110456,4,1,1,1,1,full_screen
2026-07-26 01:25:43,5178,98.0,14.0,110456,4,1,1,1,1,full_screen
2026-07-26 01:25:44,5179,98.0,14.0,110456,4,1,1,1,1,full_screen
2026-07-26 01:25:48,5183,98.5,14.1,110325,4,1,1,1,1,full_screen
2026-07-26 01:25:53,5188,98.9,14.2,110215,4,1,1,1,1,full_screen
2026-07-26 01:25:58,5193,98.9,14.2,110243,4,1,1,1,1,full_screen
2026-07-26 01:26:03,5198,98.8,14.1,110352,4,1,1,1,1,full_screen
2026-07-26 01:26:08,5203,98.8,14.1,110352,4,1,1,1,1,full_screen
2026-07-26 01:26:08,5203,98.3,14.0,110511,4,1,1,1,1,full_screen
2026-07-26 01:26:09,5204,98.3,14.0,110511,4,1,1,1,1,full_screen
2026-07-26 01:26:13,5208,98.2,14.1,110384,4,1,1,1,1,full_screen
2026-07-26 01:26:18,5213,98.0,14.2,110284,4,1,1,1,1,full_screen
2026-07-26 01:26:23,5218,98.0,14.1,110403,4,1,1,1,1,full_screen
2026-07-26 01:26:28,5223,98.2,14.1,110379,4,1,1,1,1,full_screen
2026-07-26 01:26:32,5227,98.2,14.1,110379,4,1,1,1,1,full_screen
2026-07-26 01:26:33,5228,98.2,14.1,110379,4,1,1,1,1,full_screen
2026-07-26 01:26:33,5228,97.7,14.2,110280,4,1,1,1,1,full_screen
2026-07-26 01:26:38,5233,98.2,14.1,110385,4,1,1,1,1,full_screen
2026-07-26 01:26:43,5238,97.9,14.1,110380,4,1,1,1,1,full_screen
2026-07-26 01:26:48,5243,98.2,14.1,110369,4,1,1,1,1,full_screen
2026-07-26 01:26:53,5248,97.9,14.0,110461,4,1,1,1,1,full_screen
2026-07-26 01:26:56,5251,97.9,14.0,110461,4,1,1,1,1,full_screen
2026-07-26 01:26:57,5252,97.9,14.0,110461,4,1,1,1,1,full_screen
2026-07-26 01:26:58,5253,97.4,14.1,110360,4,1,1,1,1,full_screen
2026-07-26 01:27:03,5258,98.3,14.2,110226,4,1,1,1,1,full_screen
2026-07-26 01:27:08,5263,97.8,14.2,110243,4,1,1,1,1,full_screen
2026-07-26 01:27:13,5268,98.0,14.1,110333,4,1,1,1,1,full_screen
2026-07-26 01:27:18,5273,97.9,14.2,110308,4,1,1,1,1,full_screen
2026-07-26 01:27:20,5275,97.9,14.2,110308,4,1,1,1,1,full_screen
2026-07-26 01:27:21,5276,97.9,14.2,110308,4,1,1,1,1,full_screen
2026-07-26 01:27:23,5278,97.5,14.2,110306,4,1,1,1,1,full_screen
2026-07-26 01:27:28,5283,97.0,14.1,110390,4,1,1,1,1,full_screen
2026-07-26 01:27:33,5288,97.2,14.2,110314,4,1,1,1,1,full_screen
2026-07-26 01:27:38,5293,97.5,14.1,110398,4,1,1,1,1,full_screen
2026-07-26 01:27:43,5298,97.4,14.2,110307,4,1,1,1,1,full_screen
2026-07-26 01:27:46,5301,97.4,14.2,110307,4,1,1,1,1,full_screen
2026-07-26 01:27:47,5302,97.4,14.2,110307,4,1,1,1,1,full_screen
2026-07-26 01:27:48,5303,96.2,14.2,110266,4,1,1,1,1,full_screen
2026-07-26 01:27:53,5308,93.4,14.1,110333,4,1,1,1,1,full_screen
2026-07-26 01:27:58,5313,93.6,14.2,110267,4,1,1,1,1,full_screen
2026-07-26 01:28:03,5318,93.2,14.0,110446,4,1,1,1,1,full_screen
2026-07-26 01:28:08,5323,91.9,14.0,110507,4,1,1,1,1,full_screen
2026-07-26 01:28:09,5324,91.9,14.0,110507,4,1,1,1,1,full_screen
2026-07-26 01:28:10,5325,91.9,14.0,110507,4,1,1,1,1,full_screen
2026-07-26 01:28:13,5328,94.0,14.2,110219,4,1,1,1,1,full_screen
2026-07-26 01:28:18,5333,96.9,14.2,110302,4,1,1,1,1,full_screen
2026-07-26 01:28:23,5338,97.2,14.2,110231,4,1,1,1,1,full_screen
2026-07-26 01:28:28,5343,97.5,14.2,110270,4,1,1,1,1,full_screen
2026-07-26 01:28:32,5347,97.5,14.2,110270,4,1,1,1,1,full_screen
2026-07-26 01:28:33,5348,97.3,14.1,110380,4,1,1,1,1,full_screen
2026-07-26 01:28:34,5349,97.3,14.1,110380,4,1,1,1,1,full_screen
2026-07-26 01:28:38,5353,97.6,14.1,110337,4,1,1,1,1,full_screen
2026-07-26 01:28:43,5358,98.0,14.1,110318,4,1,1,1,1,full_screen
2026-07-26 01:28:48,5363,97.6,14.3,110173,4,1,1,1,1,full_screen
2026-07-26 01:28:53,5368,97.6,14.2,110292,4,1,1,1,1,full_screen
2026-07-26 01:28:56,5371,97.6,14.2,110292,4,1,1,1,1,full_screen
2026-07-26 01:28:57,5372,97.6,14.2,110292,4,1,1,1,1,full_screen
2026-07-26 01:28:58,5373,97.5,14.2,110216,4,1,1,1,1,full_screen
2026-07-26 01:29:03,5378,97.6,14.2,110229,4,1,1,1,1,full_screen
2026-07-26 01:29:08,5383,97.8,14.2,110219,4,1,1,1,1,full_screen
2026-07-26 01:29:13,5388,97.5,14.3,110110,4,1,1,1,1,full_screen
2026-07-26 01:29:18,5393,97.3,14.2,110222,4,1,1,1,1,full_screen
2026-07-26 01:29:22,5397,97.3,14.2,110222,4,1,1,1,1,full_screen
2026-07-26 01:29:23,5398,97.3,14.2,110222,4,1,1,1,1,full_screen
2026-07-26 01:29:23,5398,97.1,14.3,110175,4,1,1,1,1,full_screen
2026-07-26 01:29:29,5404,97.3,14.2,110201,4,1,1,1,1,full_screen
2026-07-26 01:29:34,5409,97.8,14.2,110227,4,1,1,1,1,full_screen
2026-07-26 01:29:39,5414,97.6,14.3,110171,4,1,1,1,1,full_screen
2026-07-26 01:29:44,5419,97.7,14.3,110171,4,1,1,1,1,full_screen
2026-07-26 01:29:46,5421,97.7,14.3,110171,4,1,1,1,1,full_screen
2026-07-26 01:29:47,5422,97.7,14.3,110171,4,1,1,1,1,full_screen
2026-07-26 01:29:49,5424,95.7,14.2,110261,4,1,1,1,1,full_screen
2026-07-26 01:29:54,5429,93.4,14.3,110154,4,1,1,1,1,full_screen
2026-07-26 01:29:59,5434,92.9,14.3,110122,4,1,1,1,1,full_screen
2026-07-26 01:30:04,5439,93.2,14.3,110187,4,1,1,1,1,full_screen
2026-07-26 01:30:09,5444,92.4,14.1,110369,4,1,1,1,1,full_screen
2026-07-26 01:30:09,5444,92.4,14.1,110369,4,1,1,1,1,full_screen
2026-07-26 01:30:10,5445,92.4,14.1,110369,4,1,1,1,1,full_screen
2026-07-26 01:30:14,5449,92.2,14.3,110080,4,1,1,1,1,full_screen
2026-07-26 01:30:19,5454,92.8,14.3,110082,4,1,1,1,1,full_screen
2026-07-26 01:30:24,5459,91.6,14.3,110108,4,1,1,1,1,full_screen
2026-07-26 01:30:29,5464,93.2,14.4,110050,4,1,1,1,1,full_screen
2026-07-26 01:30:31,5466,93.2,14.4,110050,4,1,1,1,1,full_screen
2026-07-26 01:30:33,5468,93.2,14.4,110050,4,1,1,1,1,full_screen
2026-07-26 01:30:34,5469,92.7,14.3,110120,4,1,1,1,1,full_screen
2026-07-26 01:30:39,5474,92.3,14.4,110034,4,1,1,1,1,full_screen
2026-07-26 01:30:44,5479,93.9,14.3,110096,4,1,1,1,1,full_screen
2026-07-26 01:30:49,5484,93.2,14.3,110111,4,1,1,1,1,full_screen
2026-07-26 01:30:54,5489,94.1,14.3,110158,4,1,1,1,1,full_screen
2026-07-26 01:30:55,5490,94.1,14.3,110158,4,1,1,1,1,full_screen
2026-07-26 01:30:56,5491,94.1,14.3,110158,4,1,1,1,1,full_screen
2026-07-26 01:30:59,5494,92.2,14.4,109977,4,1,1,1,1,full_screen
2026-07-26 01:31:04,5499,92.7,14.3,110080,4,1,1,1,1,full_screen
2026-07-26 01:31:09,5504,92.5,14.4,109985,4,1,1,1,1,full_screen
2026-07-26 01:31:14,5509,93.6,14.3,110074,4,1,1,1,1,full_screen
2026-07-26 01:31:17,5512,93.6,14.3,110074,4,1,1,1,1,full_screen
2026-07-26 01:31:19,5514,92.1,14.3,110117,4,1,1,1,1,full_screen
2026-07-26 01:31:19,5514,92.1,14.3,110117,4,1,1,1,1,full_screen
2026-07-26 01:31:24,5519,92.1,14.3,110151,4,1,1,1,1,full_screen
2026-07-26 01:31:29,5524,93.3,14.4,110014,4,1,1,1,1,full_screen
2026-07-26 01:31:34,5529,94.0,14.3,110154,4,1,1,1,1,full_screen
2026-07-26 01:31:39,5534,92.1,14.4,110046,4,1,1,1,1,full_screen
2026-07-26 01:31:40,5535,92.1,14.4,110046,4,1,1,1,1,full_screen
2026-07-26 01:31:42,5537,92.1,14.4,110046,4,1,1,1,1,full_screen
2026-07-26 01:31:44,5539,92.3,14.3,110073,4,1,1,1,1,full_screen
2026-07-26 01:31:49,5544,93.0,14.3,110073,4,1,1,1,1,full_screen
2026-07-26 01:31:54,5549,94.9,14.4,110012,4,1,1,1,1,full_screen
2026-07-26 01:31:59,5554,94.1,14.3,110079,4,1,1,1,1,full_screen
2026-07-26 01:32:03,5558,94.1,14.3,110079,4,1,1,1,1,full_screen
2026-07-26 01:32:04,5559,92.9,14.3,110174,4,1,1,1,1,full_screen
2026-07-26 01:32:05,5560,92.9,14.3,110174,4,1,1,1,1,full_screen
2026-07-26 01:32:09,5564,93.1,14.3,110099,4,1,1,1,1,full_screen
2026-07-26 01:32:14,5569,93.0,14.3,110099,4,1,1,1,1,full_screen
2026-07-26 01:32:19,5574,93.6,14.3,110111,4,1,1,1,1,full_screen
2026-07-26 01:32:24,5579,93.4,14.4,109984,4,1,1,1,1,full_screen
2026-07-26 01:32:26,5581,93.4,14.4,109984,4,1,1,1,1,full_screen
2026-07-26 01:32:28,5583,93.4,14.4,109984,4,1,1,1,1,full_screen
2026-07-26 01:32:29,5584,91.7,14.3,110088,4,1,1,1,1,full_screen
2026-07-26 01:32:34,5589,92.8,14.3,110098,4,1,1,1,1,full_screen
2026-07-26 01:32:39,5594,93.2,14.3,110157,4,1,1,1,1,full_screen
2026-07-26 01:32:44,5599,93.5,14.3,110066,4,1,1,1,1,full_screen
2026-07-26 01:32:49,5604,91.7,14.4,110057,4,1,1,1,1,full_screen
2026-07-26 01:32:49,5604,91.7,14.4,110057,4,1,1,1,1,full_screen
2026-07-26 01:32:51,5606,91.7,14.4,110057,4,1,1,1,1,full_screen
2026-07-26 01:32:54,5609,91.2,14.4,110043,4,1,1,1,1,full_screen
2026-07-26 01:32:59,5614,93.7,14.3,110122,4,1,1,1,1,full_screen
2026-07-26 01:33:04,5619,94.5,14.3,110145,4,1,1,1,1,full_screen
2026-07-26 01:33:09,5624,94.8,14.3,110104,4,1,1,1,1,full_screen
2026-07-26 01:33:13,5628,94.8,14.3,110104,4,1,1,1,1,full_screen
2026-07-26 01:33:14,5629,94.8,14.3,110104,4,1,1,1,1,full_screen
2026-07-26 01:33:14,5629,94.2,14.3,110132,4,1,1,1,1,full_screen
2026-07-26 01:33:19,5634,94.2,14.4,110041,4,1,1,1,1,full_screen
2026-07-26 01:33:24,5639,94.3,14.3,110106,4,1,1,1,1,full_screen
2026-07-26 01:33:29,5644,93.9,14.4,110013,4,1,1,1,1,full_screen
2026-07-26 01:33:34,5649,94.2,14.4,110057,4,1,1,1,1,full_screen
2026-07-26 01:33:36,5651,94.2,14.4,110057,4,1,1,1,1,full_screen
2026-07-26 01:33:37,5652,94.2,14.4,110057,4,1,1,1,1,full_screen
2026-07-26 01:33:39,5654,93.2,14.3,110116,4,1,1,1,1,full_screen
2026-07-26 01:33:44,5659,95.0,14.3,110092,4,1,1,1,1,full_screen
2026-07-26 01:33:49,5664,93.5,14.3,110098,4,1,1,1,1,full_screen
2026-07-26 01:33:54,5669,94.7,14.4,110007,4,1,1,1,1,full_screen
2026-07-26 01:33:59,5674,94.7,14.4,110007,4,1,1,1,1,full_screen
2026-07-26 01:33:59,5674,93.7,14.2,110241,4,1,1,1,1,full_screen
2026-07-26 01:34:00,5675,93.7,14.2,110241,4,1,1,1,1,full_screen
2026-07-26 01:34:04,5679,93.4,14.3,110161,4,1,1,1,1,full_screen
2026-07-26 01:34:09,5684,93.4,14.3,110112,4,1,1,1,1,full_screen
2026-07-26 01:34:14,5689,93.3,14.3,110169,4,1,1,1,1,full_screen
2026-07-26 01:34:19,5694,92.6,14.3,110133,4,1,1,1,1,full_screen
2026-07-26 01:34:22,5697,92.6,14.3,110133,4,1,1,1,1,full_screen
2026-07-26 01:34:23,5698,92.6,14.3,110133,4,1,1,1,1,full_screen
2026-07-26 01:34:24,5699,92.1,14.3,110096,4,1,1,1,1,full_screen
2026-07-26 01:34:29,5704,92.9,14.3,110087,4,1,1,1,1,full_screen
2026-07-26 01:34:34,5709,93.8,14.3,110079,4,1,1,1,1,full_screen
2026-07-26 01:34:39,5714,93.4,14.3,110132,4,1,1,1,1,full_screen
2026-07-26 01:34:44,5719,92.5,14.3,110074,4,1,1,1,1,full_screen
2026-07-26 01:34:45,5720,92.5,14.3,110074,4,1,1,1,1,full_screen
2026-07-26 01:34:46,5721,92.5,14.3,110074,4,1,1,1,1,full_screen
2026-07-26 01:34:49,5724,93.8,14.3,110096,4,1,1,1,1,full_screen
2026-07-26 01:34:54,5729,94.0,14.4,110019,4,1,1,1,1,full_screen
2026-07-26 01:34:59,5734,94.6,14.3,110162,4,1,1,1,1,full_screen
2026-07-26 01:35:04,5739,94.1,14.3,110080,4,1,1,1,1,full_screen
2026-07-26 01:35:08,5743,94.1,14.3,110080,4,1,1,1,1,full_screen
2026-07-26 01:35:09,5744,93.4,14.3,110081,4,1,1,1,1,full_screen
2026-07-26 01:35:09,5744,93.4,14.3,110081,4,1,1,1,1,full_screen
2026-07-26 01:35:14,5749,95.0,14.3,110069,4,1,1,1,1,full_screen
2026-07-26 01:35:19,5754,94.5,14.3,110095,4,1,1,1,1,full_screen
2026-07-26 01:35:24,5759,95.2,14.4,110035,4,1,1,1,1,full_screen
2026-07-26 01:35:29,5764,93.7,14.3,110087,4,1,1,1,1,full_screen
2026-07-26 01:35:31,5766,93.7,14.3,110087,4,1,1,1,1,full_screen
2026-07-26 01:35:32,5767,93.7,14.3,110087,4,1,1,1,1,full_screen
2026-07-26 01:35:34,5769,93.4,14.4,110007,4,1,1,1,1,full_screen
2026-07-26 01:35:39,5774,94.5,14.3,110081,4,1,1,1,1,full_screen
2026-07-26 01:35:44,5779,95.2,14.3,110104,4,1,1,1,1,full_screen
2026-07-26 01:35:49,5784,95.7,14.4,110019,4,1,1,1,1,full_screen
2026-07-26 01:35:54,5789,94.6,14.2,110286,4,1,1,1,1,full_screen
2026-07-26 01:35:54,5789,94.6,14.2,110286,4,1,1,1,1,full_screen
2026-07-26 01:35:55,5790,94.6,14.2,110286,4,1,1,1,1,full_screen
2026-07-26 01:35:59,5794,93.9,14.3,110105,4,1,1,1,1,full_screen
2026-07-26 01:36:04,5799,95.5,14.4,110059,4,1,1,1,1,full_screen
2026-07-26 01:36:09,5804,94.8,14.3,110061,4,1,1,1,1,full_screen
2026-07-26 01:36:14,5809,95.0,14.4,110034,4,1,1,1,1,full_screen
2026-07-26 01:36:17,5812,95.0,14.4,110034,4,1,1,1,1,full_screen
2026-07-26 01:36:18,5813,95.0,14.4,110034,4,1,1,1,1,full_screen
2026-07-26 01:36:19,5814,94.2,14.4,110040,4,1,1,1,1,full_screen
2026-07-26 01:36:24,5819,95.2,14.4,109986,4,1,1,1,1,full_screen
2026-07-26 01:36:29,5824,94.7,14.3,110102,4,1,1,1,1,full_screen
2026-07-26 01:36:34,5829,92.7,14.3,110091,4,1,1,1,1,full_screen
2026-07-26 01:36:39,5834,93.2,14.3,110086,4,1,1,1,1,full_screen
2026-07-26 01:36:41,5836,93.2,14.3,110086,4,1,1,1,1,full_screen
2026-07-26 01:36:42,5837,93.2,14.3,110086,4,1,1,1,1,full_screen
2026-07-26 01:36:44,5839,92.2,14.4,110007,4,1,1,1,1,full_screen
2026-07-26 01:36:49,5844,93.8,14.4,110050,4,1,1,1,1,full_screen
2026-07-26 01:36:54,5849,94.0,14.3,110106,4,1,1,1,1,full_screen
2026-07-26 01:36:59,5854,94.1,14.4,110037,4,1,1,1,1,full_screen
2026-07-26 01:37:04,5859,94.1,14.4,110037,4,1,1,1,1,full_screen
2026-07-26 01:37:04,5859,93.6,14.2,110197,4,1,1,1,1,full_screen
2026-07-26 01:37:05,5860,93.6,14.2,110197,4,1,1,1,1,full_screen
2026-07-26 01:37:09,5864,93.1,14.3,110127,4,1,1,1,1,full_screen
2026-07-26 01:37:14,5869,93.7,14.3,110114,4,1,1,1,1,full_screen
2026-07-26 01:37:19,5874,93.7,14.4,110054,4,1,1,1,1,full_screen
2026-07-26 01:37:24,5879,95.9,14.4,110023,4,1,1,1,1,full_screen
2026-07-26 01:37:27,5882,95.9,14.4,110023,4,1,1,1,1,full_screen
2026-07-26 01:37:28,5883,95.9,14.4,110023,4,1,1,1,1,full_screen
2026-07-26 01:37:29,5884,96.6,14.3,110081,4,1,1,1,1,full_screen
2026-07-26 01:37:34,5889,97.2,14.4,110021,4,1,1,1,1,full_screen
2026-07-26 01:37:39,5894,97.7,14.4,110022,4,1,1,1,1,full_screen
2026-07-26 01:37:44,5899,97.7,14.4,110019,4,1,1,1,1,full_screen
2026-07-26 01:37:49,5904,97.2,14.4,109950,4,1,1,1,1,full_screen
2026-07-26 01:37:51,5906,97.2,14.4,109950,4,1,1,1,1,full_screen
2026-07-26 01:37:52,5907,97.2,14.4,109950,4,1,1,1,1,full_screen
2026-07-26 01:37:54,5909,97.1,14.3,110061,4,1,1,1,1,full_screen
2026-07-26 01:37:59,5914,97.5,14.3,110074,4,1,1,1,1,full_screen
2026-07-26 01:38:04,5919,97.4,14.3,110068,4,1,1,1,1,full_screen
2026-07-26 01:38:09,5924,97.4,14.4,110054,4,1,1,1,1,full_screen
2026-07-26 01:38:14,5929,97.6,14.4,110013,4,1,1,1,1,full_screen
2026-07-26 01:38:15,5930,97.6,14.4,110013,4,1,1,1,1,full_screen
2026-07-26 01:38:16,5931,97.6,14.4,110013,4,1,1,1,1,full_screen
2026-07-26 01:38:19,5934,97.3,14.4,109943,4,1,1,1,1,full_screen
2026-07-26 01:38:24,5939,97.7,14.4,110057,4,1,1,1,1,full_screen
2026-07-26 01:38:29,5944,97.7,14.4,109997,4,1,1,1,1,full_screen
2026-07-26 01:38:34,5949,97.8,14.4,110025,4,1,1,1,1,full_screen
2026-07-26 01:38:39,5954,97.8,14.3,110151,4,1,1,1,1,full_screen
2026-07-26 01:38:39,5954,97.8,14.3,110151,4,1,1,1,1,full_screen
2026-07-26 01:38:42,5957,97.8,14.3,110151,4,1,1,1,1,full_screen
2026-07-26 01:38:44,5959,97.7,14.3,110061,4,1,1,1,1,full_screen
2026-07-26 01:38:49,5964,97.8,14.4,110035,4,1,1,1,1,full_screen
2026-07-26 01:38:54,5969,98.0,14.4,110011,4,1,1,1,1,full_screen
2026-07-26 01:38:59,5974,98.1,14.4,110021,4,1,1,1,1,full_screen
2026-07-26 01:39:04,5979,98.1,14.4,110021,4,1,1,1,1,full_screen
2026-07-26 01:39:04,5979,97.6,14.2,110195,4,1,1,1,1,full_screen
2026-07-26 01:39:06,5981,97.6,14.2,110195,4,1,1,1,1,full_screen
2026-07-26 01:39:09,5984,98.0,14.4,109943,4,1,1,1,1,full_screen
2026-07-26 01:39:14,5989,98.2,14.3,110064,4,1,1,1,1,full_screen
2026-07-26 01:39:19,5994,98.2,14.4,109975,4,1,1,1,1,full_screen
2026-07-26 01:39:24,5999,98.1,14.4,110047,4,1,1,1,1,full_screen
2026-07-26 01:39:28,6003,98.1,14.4,110047,4,1,1,1,1,full_screen
2026-07-26 01:39:29,6004,97.5,14.3,110095,4,1,1,1,1,full_screen
2026-07-26 01:39:30,6005,97.5,14.3,110095,4,1,1,1,1,full_screen
2026-07-26 01:39:34,6009,97.7,14.4,110038,4,1,1,1,1,full_screen
2026-07-26 01:39:39,6014,97.9,14.4,109965,4,1,1,1,1,full_screen
2026-07-26 01:39:44,6019,97.4,14.3,110067,4,1,1,1,1,full_screen
2026-07-26 01:39:49,6024,97.6,14.3,110083,4,1,1,1,1,full_screen
2026-07-26 01:39:53,6028,97.6,14.3,110083,4,1,1,1,1,full_screen
2026-07-26 01:39:54,6029,97.6,14.3,110083,4,1,1,1,1,full_screen
2026-07-26 01:39:54,6029,97.5,14.4,109951,4,1,1,1,1,full_screen
2026-07-26 01:39:59,6034,97.7,14.4,109997,4,1,1,1,1,full_screen
2026-07-26 01:40:04,6039,97.9,14.3,110065,4,1,1,1,1,full_screen
2026-07-26 01:40:10,6045,97.6,14.4,109980,4,1,1,1,1,full_screen
2026-07-26 01:40:15,6050,97.8,14.4,110032,4,1,1,1,1,full_screen
2026-07-26 01:40:18,6053,97.8,14.4,110032,4,1,1,1,1,full_screen
2026-07-26 01:40:19,6054,97.8,14.4,110032,4,1,1,1,1,full_screen
2026-07-26 01:40:20,6055,97.5,14.4,109999,4,1,1,1,1,full_screen
2026-07-26 01:40:25,6060,98.2,14.4,109963,4,1,1,1,1,full_screen
2026-07-26 01:40:30,6065,98.0,14.3,110071,4,1,1,1,1,full_screen
2026-07-26 01:40:35,6070,96.6,14.3,110063,4,1,1,1,1,full_screen
2026-07-26 01:40:40,6075,94.7,14.3,110082,4,1,1,1,1,full_screen
2026-07-26 01:40:41,6076,94.7,14.3,110082,4,1,1,1,1,full_screen
2026-07-26 01:40:42,6077,94.7,14.3,110082,4,1,1,1,1,full_screen
2026-07-26 01:40:45,6080,93.6,14.3,110102,4,1,1,1,1,full_screen
2026-07-26 01:40:50,6085,94.8,14.3,110117,4,1,1,1,1,full_screen
2026-07-26 01:40:55,6090,93.6,14.4,110023,4,1,1,1,1,full_screen
2026-07-26 01:41:00,6095,93.7,14.3,110114,4,1,1,1,1,full_screen
2026-07-26 01:41:04,6099,93.7,14.3,110114,4,1,1,1,1,full_screen
2026-07-26 01:41:05,6100,92.0,14.2,110235,4,1,1,1,1,full_screen
2026-07-26 01:41:05,6100,92.0,14.2,110235,4,1,1,1,1,full_screen
2026-07-26 01:41:10,6105,94.0,14.4,109983,4,1,1,1,1,full_screen
2026-07-26 01:41:15,6110,94.5,14.3,110082,4,1,1,1,1,full_screen
2026-07-26 01:41:20,6115,94.0,14.4,110020,4,1,1,1,1,full_screen
2026-07-26 01:41:25,6120,93.9,14.3,110140,4,1,1,1,1,full_screen
2026-07-26 01:41:27,6122,93.9,14.3,110140,4,1,1,1,1,full_screen
2026-07-26 01:41:28,6123,93.9,14.3,110140,4,1,1,1,1,full_screen
2026-07-26 01:41:30,6125,93.2,14.3,110146,4,1,1,1,1,full_screen
2026-07-26 01:41:35,6130,95.5,14.4,110040,4,1,1,1,1,full_screen
2026-07-26 01:41:40,6135,95.1,14.3,110097,4,1,1,1,1,full_screen
2026-07-26 01:41:45,6140,94.9,14.3,110103,4,1,1,1,1,full_screen
2026-07-26 01:41:50,6145,94.7,14.1,110337,4,1,1,1,1,full_screen
2026-07-26 01:41:50,6145,94.7,14.1,110337,4,1,1,1,1,full_screen
2026-07-26 01:41:51,6146,94.7,14.1,110337,4,1,1,1,1,full_screen
2026-07-26 01:41:55,6150,94.3,14.3,110066,4,1,1,1,1,full_screen
2026-07-26 01:42:00,6155,94.1,14.5,109905,4,1,1,1,1,full_screen
2026-07-26 01:42:05,6160,94.2,14.3,110152,4,1,1,1,1,full_screen
2026-07-26 01:42:10,6165,93.5,14.3,110093,4,1,1,1,1,full_screen
2026-07-26 01:42:12,6167,93.5,14.3,110093,4,1,1,1,1,full_screen
2026-07-26 01:42:14,6169,93.5,14.3,110093,4,1,1,1,1,full_screen
2026-07-26 01:42:15,6170,93.6,14.4,110042,4,1,1,1,1,full_screen
2026-07-26 01:42:20,6175,93.9,14.4,110030,4,1,1,1,1,full_screen
2026-07-26 01:42:25,6180,94.3,14.3,110158,4,1,1,1,1,full_screen
2026-07-26 01:42:30,6185,94.1,14.3,110134,4,1,1,1,1,full_screen
2026-07-26 01:42:35,6190,93.8,14.4,109949,4,1,1,1,1,full_screen
2026-07-26 01:42:35,6190,93.8,14.4,109949,4,1,1,1,1,full_screen
2026-07-26 01:42:37,6192,93.8,14.4,109949,4,1,1,1,1,full_screen
2026-07-26 01:42:40,6195,94.0,14.3,110132,4,1,1,1,1,full_screen
2026-07-26 01:42:45,6200,93.7,14.4,109999,4,1,1,1,1,full_screen
2026-07-26 01:42:50,6205,94.8,14.3,110101,4,1,1,1,1,full_screen
2026-07-26 01:42:55,6210,95.3,14.4,110058,4,1,1,1,1,full_screen
2026-07-26 01:42:59,6214,95.3,14.4,110058,4,1,1,1,1,full_screen
2026-07-26 01:43:00,6215,97.1,14.3,110150,4,1,1,1,1,full_screen
2026-07-26 01:43:00,6215,97.1,14.3,110150,4,1,1,1,1,full_screen
2026-07-26 01:43:05,6220,97.5,14.4,110003,4,1,1,1,1,full_screen
2026-07-26 01:43:10,6225,97.8,14.4,110041,4,1,1,1,1,full_screen
2026-07-26 01:43:15,6230,98.1,14.4,110033,4,1,1,1,1,full_screen
2026-07-26 01:43:20,6235,98.0,14.4,109977,4,1,1,1,1,full_screen
2026-07-26 01:43:23,6238,98.0,14.4,109977,4,1,1,1,1,full_screen
2026-07-26 01:43:25,6240,98.0,14.4,109977,4,1,1,1,1,full_screen
2026-07-26 01:43:25,6240,97.9,14.5,109817,4,1,1,1,1,full_screen
2026-07-26 01:43:30,6245,98.1,14.4,110026,4,1,1,1,1,full_screen
2026-07-26 01:43:35,6250,98.3,14.4,110029,4,1,1,1,1,full_screen
2026-07-26 01:43:40,6255,98.1,14.4,110033,4,1,1,1,1,full_screen
2026-07-26 01:43:45,6260,98.0,14.4,110027,4,1,1,1,1,full_screen
2026-07-26 01:43:47,6262,98.0,14.4,110027,4,1,1,1,1,full_screen
2026-07-26 01:43:48,6263,98.0,14.4,110027,4,1,1,1,1,full_screen
2026-07-26 01:43:50,6265,97.7,14.5,109872,4,1,1,1,1,full_screen
2026-07-26 01:43:55,6270,98.1,14.4,110034,4,1,1,1,1,full_screen
2026-07-26 01:44:00,6275,97.9,14.4,110015,4,1,1,1,1,full_screen
2026-07-26 01:44:05,6280,97.8,14.5,109926,4,1,1,1,1,full_screen
2026-07-26 01:44:10,6285,97.8,14.4,109969,4,1,1,1,1,full_screen
2026-07-26 01:44:11,6286,97.8,14.4,109969,4,1,1,1,1,full_screen
2026-07-26 01:44:12,6287,97.8,14.4,109969,4,1,1,1,1,full_screen
2026-07-26 01:44:15,6290,97.9,14.4,109952,4,1,1,1,1,full_screen
2026-07-26 01:44:20,6295,98.0,14.5,109888,4,1,1,1,1,full_screen
2026-07-26 01:44:25,6300,98.3,14.4,110007,4,1,1,1,1,full_screen
2026-07-26 01:44:30,6305,98.2,14.4,109985,4,1,1,1,1,full_screen
2026-07-26 01:44:35,6310,98.3,14.4,109962,4,1,1,1,1,full_screen
2026-07-26 01:44:35,6310,98.3,14.4,109962,4,1,1,1,1,full_screen
2026-07-26 01:44:36,6311,98.3,14.4,109962,4,1,1,1,1,full_screen
2026-07-26 01:44:40,6315,97.8,14.5,109876,4,1,1,1,1,full_screen
2026-07-26 01:44:45,6320,97.9,14.4,109995,4,1,1,1,1,full_screen
2026-07-26 01:44:50,6325,98.3,14.4,109982,4,1,1,1,1,full_screen
2026-07-26 01:44:55,6330,98.1,14.4,109945,4,1,1,1,1,full_screen
2026-07-26 01:45:00,6335,98.1,14.4,109945,4,1,1,1,1,full_screen
2026-07-26 01:45:00,6335,97.1,14.2,110284,4,1,1,1,1,full_screen
2026-07-26 01:45:01,6336,97.1,14.2,110284,4,1,1,1,1,full_screen
2026-07-26 01:45:05,6340,95.0,14.3,110077,4,1,1,1,1,full_screen
2026-07-26 01:45:10,6345,95.1,14.3,110115,4,1,1,1,1,full_screen
2026-07-26 01:45:15,6350,94.6,14.3,110081,4,1,1,1,1,full_screen
2026-07-26 01:45:20,6355,92.1,14.4,110040,4,1,1,1,1,full_screen
2026-07-26 01:45:23,6358,92.1,14.4,110040,4,1,1,1,1,full_screen
2026-07-26 01:45:24,6359,92.1,14.4,110040,4,1,1,1,1,full_screen
2026-07-26 01:45:25,6360,89.4,14.4,110002,4,1,1,1,1,full_screen
2026-07-26 01:45:30,6365,90.7,14.4,110027,4,1,1,1,1,full_screen
2026-07-26 01:45:35,6370,92.4,14.5,109914,4,1,1,1,1,full_screen
2026-07-26 01:45:40,6375,91.7,14.3,110091,4,1,1,1,1,full_screen
2026-07-26 01:45:45,6380,91.6,14.5,109859,4,1,1,1,1,full_screen
2026-07-26 01:45:46,6381,91.6,14.5,109859,4,1,1,1,1,full_screen
2026-07-26 01:45:47,6382,91.6,14.5,109859,4,1,1,1,1,full_screen
2026-07-26 01:45:50,6385,91.1,14.3,110091,4,1,1,1,1,full_screen
2026-07-26 01:45:55,6390,92.4,14.4,109989,4,1,1,1,1,full_screen
2026-07-26 01:46:00,6395,93.4,14.4,110023,4,1,1,1,1,full_screen
2026-07-26 01:46:05,6400,96.2,14.4,110030,4,1,1,1,1,full_screen
2026-07-26 01:46:09,6404,96.2,14.4,110030,4,1,1,1,1,full_screen
2026-07-26 01:46:10,6405,96.2,14.4,110030,4,1,1,1,1,full_screen
2026-07-26 01:46:10,6405,96.5,14.3,110151,4,1,1,1,1,full_screen
2026-07-26 01:46:15,6410,97.2,14.4,109981,4,1,1,1,1,full_screen
2026-07-26 01:46:20,6415,97.7,14.5,109869,4,1,1,1,1,full_screen
2026-07-26 01:46:25,6420,98.1,14.4,109949,4,1,1,1,1,full_screen
2026-07-26 01:46:30,6425,97.6,14.5,109906,4,1,1,1,1,full_screen
2026-07-26 01:46:33,6428,97.6,14.5,109906,4,1,1,1,1,full_screen
2026-07-26 01:46:34,6429,97.6,14.5,109906,4,1,1,1,1,full_screen
2026-07-26 01:46:35,6430,97.1,14.5,109925,4,1,1,1,1,full_screen
2026-07-26 01:46:40,6435,97.6,14.4,109952,4,1,1,1,1,full_screen
2026-07-26 01:46:45,6440,97.7,14.5,109835,4,1,1,1,1,full_screen
2026-07-26 01:46:50,6445,97.8,14.5,109848,4,1,1,1,1,full_screen
2026-07-26 01:46:55,6450,97.4,14.5,109876,4,1,1,1,1,full_screen
2026-07-26 01:46:57,6452,97.4,14.5,109876,4,1,1,1,1,full_screen
2026-07-26 01:46:58,6453,97.4,14.5,109876,4,1,1,1,1,full_screen
2026-07-26 01:47:00,6455,97.4,14.5,109819,4,1,1,1,1,full_screen
2026-07-26 01:47:05,6460,97.8,14.5,109867,4,1,1,1,1,full_screen
2026-07-26 01:47:10,6465,97.6,14.5,109809,4,1,1,1,1,full_screen
2026-07-26 01:47:15,6470,97.8,14.6,109791,4,1,1,1,1,full_screen
2026-07-26 01:47:20,6475,97.6,14.5,109813,4,1,1,1,1,full_screen
2026-07-26 01:47:22,6477,97.6,14.5,109813,4,1,1,1,1,full_screen
2026-07-26 01:47:23,6478,97.6,14.5,109813,4,1,1,1,1,full_screen
2026-07-26 01:47:25,6480,97.6,14.5,109886,4,1,1,1,1,full_screen
2026-07-26 01:47:30,6485,97.9,14.5,109859,4,1,1,1,1,full_screen
2026-07-26 01:47:35,6490,97.8,14.6,109774,4,1,1,1,1,full_screen
2026-07-26 01:47:40,6495,96.3,14.5,109921,4,1,1,1,1,full_screen
2026-07-26 01:47:45,6500,93.5,14.4,109962,4,1,1,1,1,full_screen
2026-07-26 01:47:46,6501,93.5,14.4,109962,4,1,1,1,1,full_screen
2026-07-26 01:47:47,6502,93.5,14.4,109962,4,1,1,1,1,full_screen
2026-07-26 01:47:50,6505,93.0,14.5,109878,4,1,1,1,1,full_screen
2026-07-26 01:47:55,6510,93.9,14.5,109835,4,1,1,1,1,full_screen
2026-07-26 01:48:00,6515,94.2,14.6,109755,4,1,1,1,1,full_screen
2026-07-26 01:48:05,6520,93.8,14.5,109836,4,1,1,1,1,full_screen
2026-07-26 01:48:09,6524,93.8,14.5,109836,4,1,1,1,1,full_screen
2026-07-26 01:48:10,6525,93.8,14.5,109836,4,1,1,1,1,full_screen
2026-07-26 01:48:10,6525,92.2,14.5,109828,4,1,1,1,1,full_screen
2026-07-26 01:48:15,6530,93.2,14.5,109928,4,1,1,1,1,full_screen
2026-07-26 01:48:20,6535,93.6,14.5,109814,4,1,1,1,1,full_screen
2026-07-26 01:48:25,6540,94.2,14.5,109854,4,1,1,1,1,full_screen
2026-07-26 01:48:30,6545,92.3,14.5,109885,4,1,1,1,1,full_screen
2026-07-26 01:48:32,6547,92.3,14.5,109885,4,1,1,1,1,full_screen
2026-07-26 01:48:33,6548,92.3,14.5,109885,4,1,1,1,1,full_screen
2026-07-26 01:48:35,6550,91.5,14.5,109804,4,1,1,1,1,full_screen
2026-07-26 01:48:40,6555,93.1,14.5,109900,4,1,1,1,1,full_screen
2026-07-26 01:48:45,6560,93.2,14.5,109872,4,1,1,1,1,full_screen
2026-07-26 01:48:50,6565,94.3,14.5,109862,4,1,1,1,1,full_screen
2026-07-26 01:48:55,6570,94.3,14.5,109862,4,1,1,1,1,full_screen
2026-07-26 01:48:55,6570,93.6,14.3,110075,4,1,1,1,1,full_screen
2026-07-26 01:48:56,6571,93.6,14.3,110075,4,1,1,1,1,full_screen
2026-07-26 01:49:00,6575,94.0,14.6,109781,4,1,1,1,1,full_screen
2026-07-26 01:49:05,6580,95.0,14.5,109853,4,1,1,1,1,full_screen
2026-07-26 01:49:10,6585,92.7,14.5,109915,4,1,1,1,1,full_screen
2026-07-26 01:49:15,6590,93.9,14.5,109838,4,1,1,1,1,full_screen
2026-07-26 01:49:18,6593,93.9,14.5,109838,4,1,1,1,1,full_screen
2026-07-26 01:49:19,6594,93.9,14.5,109838,4,1,1,1,1,full_screen
2026-07-26 01:49:20,6595,93.1,14.5,109882,4,1,1,1,1,full_screen
2026-07-26 01:49:25,6600,94.4,14.5,109865,4,1,1,1,1,full_screen
2026-07-26 01:49:30,6605,94.4,14.5,109816,4,1,1,1,1,full_screen
2026-07-26 01:49:35,6610,93.8,14.5,109909,4,1,1,1,1,full_screen
2026-07-26 01:49:40,6615,94.4,14.5,109868,4,1,1,1,1,full_screen
2026-07-26 01:49:41,6616,94.4,14.5,109868,4,1,1,1,1,full_screen
2026-07-26 01:49:42,6617,94.4,14.5,109868,4,1,1,1,1,full_screen
2026-07-26 01:49:45,6620,92.2,14.6,109780,4,1,1,1,1,full_screen
2026-07-26 01:49:50,6625,94.0,14.6,109748,4,1,1,1,1,full_screen
2026-07-26 01:49:55,6630,93.9,14.6,109783,4,1,1,1,1,full_screen
2026-07-26 01:50:00,6635,93.2,14.6,109723,4,1,1,1,1,full_screen
2026-07-26 01:50:04,6639,93.2,14.6,109723,4,1,1,1,1,full_screen
2026-07-26 01:50:05,6640,93.2,14.5,109878,4,1,1,1,1,full_screen
2026-07-26 01:50:05,6640,93.2,14.5,109878,4,1,1,1,1,full_screen
2026-07-26 01:50:10,6645,93.2,14.7,109603,4,1,1,1,1,full_screen
2026-07-26 01:50:15,6650,94.2,14.7,109673,4,1,1,1,1,full_screen
2026-07-26 01:50:20,6655,95.1,14.6,109756,4,1,1,1,1,full_screen
2026-07-26 01:50:25,6660,94.6,14.7,109660,4,1,1,1,1,full_screen
2026-07-26 01:50:28,6663,94.6,14.7,109660,4,1,1,1,1,full_screen
2026-07-26 01:50:29,6664,94.6,14.7,109660,4,1,1,1,1,full_screen
2026-07-26 01:50:30,6665,94.3,14.7,109585,4,1,1,1,1,full_screen
2026-07-26 01:50:35,6670,94.3,14.5,109807,4,1,1,1,1,full_screen
2026-07-26 01:50:40,6675,94.4,14.6,109741,4,1,1,1,1,full_screen
2026-07-26 01:50:45,6680,94.2,14.6,109765,4,1,1,1,1,full_screen
2026-07-26 01:50:50,6685,93.7,14.5,109837,4,1,1,1,1,full_screen
2026-07-26 01:50:51,6686,93.7,14.5,109837,4,1,1,1,1,full_screen
2026-07-26 01:50:52,6687,93.7,14.5,109837,4,1,1,1,1,full_screen
2026-07-26 01:50:55,6690,94.5,14.6,109732,4,1,1,1,1,full_screen
2026-07-26 01:51:01,6696,92.7,14.6,109780,4,1,1,1,1,full_screen
2026-07-26 01:51:06,6701,93.4,14.6,109721,4,1,1,1,1,full_screen
2026-07-26 01:51:11,6706,92.0,14.6,109796,4,1,1,1,1,full_screen
2026-07-26 01:51:14,6709,92.0,14.6,109796,4,1,1,1,1,full_screen
2026-07-26 01:51:15,6710,92.0,14.6,109796,4,1,1,1,1,full_screen
2026-07-26 01:51:16,6711,89.7,14.7,109673,4,1,1,1,1,full_screen
2026-07-26 01:51:21,6716,92.9,14.7,109670,4,1,1,1,1,full_screen
2026-07-26 01:51:26,6721,92.0,14.7,109619,4,1,1,1,1,full_screen
2026-07-26 01:51:31,6726,92.6,14.6,109685,4,1,1,1,1,full_screen
2026-07-26 01:51:36,6731,91.5,14.7,109617,4,1,1,1,1,full_screen
2026-07-26 01:51:36,6731,91.5,14.7,109617,4,1,1,1,1,full_screen
2026-07-26 01:51:38,6733,91.5,14.7,109617,4,1,1,1,1,full_screen
2026-07-26 01:51:41,6736,91.5,14.7,109663,4,1,1,1,1,full_screen
2026-07-26 01:51:46,6741,93.4,14.7,109557,4,1,1,1,1,full_screen
2026-07-26 01:51:51,6746,96.7,14.7,109587,4,1,1,1,1,full_screen
2026-07-26 01:51:56,6751,96.9,14.7,109614,4,1,1,1,1,full_screen
2026-07-26 01:52:00,6755,96.9,14.7,109614,4,1,1,1,1,full_screen
2026-07-26 01:52:01,6756,96.9,14.6,109789,4,1,1,1,1,full_screen
2026-07-26 01:52:01,6756,96.9,14.6,109789,4,1,1,1,1,full_screen
2026-07-26 01:52:06,6761,97.4,14.8,109538,4,1,1,1,1,full_screen
2026-07-26 01:52:11,6766,97.9,14.7,109613,4,1,1,1,1,full_screen
2026-07-26 01:52:16,6771,97.6,14.7,109566,4,1,1,1,1,full_screen
2026-07-26 01:52:21,6776,97.4,14.8,109527,4,1,1,1,1,full_screen
2026-07-26 01:52:24,6779,97.4,14.8,109527,4,1,1,1,1,full_screen
2026-07-26 01:52:25,6780,97.4,14.8,109527,4,1,1,1,1,full_screen
2026-07-26 01:52:26,6781,97.2,14.7,109549,4,1,1,1,1,full_screen
2026-07-26 01:52:31,6786,97.8,14.8,109424,4,1,1,1,1,full_screen
2026-07-26 01:52:36,6791,98.0,14.8,109511,4,1,1,1,1,full_screen
2026-07-26 01:52:41,6796,97.8,14.7,109606,4,1,1,1,1,full_screen
2026-07-26 01:52:46,6801,97.5,14.7,109588,4,1,1,1,1,full_screen
2026-07-26 01:52:48,6803,97.5,14.7,109588,4,1,1,1,1,full_screen
2026-07-26 01:52:50,6805,97.5,14.7,109588,4,1,1,1,1,full_screen
2026-07-26 01:52:51,6806,97.5,14.7,109599,4,1,1,1,1,full_screen
2026-07-26 01:52:56,6811,97.6,14.8,109501,4,1,1,1,1,full_screen
2026-07-26 01:53:01,6816,97.7,14.8,109463,4,1,1,1,1,full_screen
2026-07-26 01:53:06,6821,97.7,14.7,109599,4,1,1,1,1,full_screen
2026-07-26 01:53:11,6826,97.9,14.8,109421,4,1,1,1,1,full_screen
2026-07-26 01:53:13,6828,97.9,14.8,109421,4,1,1,1,1,full_screen
2026-07-26 01:53:14,6829,97.9,14.8,109421,4,1,1,1,1,full_screen
2026-07-26 01:53:16,6831,97.7,14.8,109480,4,1,1,1,1,full_screen
2026-07-26 01:53:21,6836,98.0,14.8,109429,4,1,1,1,1,full_screen
2026-07-26 01:53:26,6841,98.2,14.8,109505,4,1,1,1,1,full_screen
2026-07-26 01:53:31,6846,97.9,14.8,109524,4,1,1,1,1,full_screen
2026-07-26 01:53:36,6851,97.5,14.8,109471,4,1,1,1,1,full_screen
2026-07-26 01:53:37,6852,97.5,14.8,109471,4,1,1,1,1,full_screen
2026-07-26 01:53:38,6853,97.5,14.8,109471,4,1,1,1,1,full_screen
2026-07-26 01:53:41,6856,97.5,14.8,109534,4,1,1,1,1,full_screen
2026-07-26 01:53:46,6861,97.6,14.8,109465,4,1,1,1,1,full_screen
2026-07-26 01:53:51,6866,97.7,14.8,109430,4,1,1,1,1,full_screen
2026-07-26 01:53:56,6871,97.8,14.8,109492,4,1,1,1,1,full_screen
2026-07-26 01:54:01,6876,97.5,14.7,109585,4,1,1,1,1,full_screen
2026-07-26 01:54:01,6876,97.5,14.7,109585,4,1,1,1,1,full_screen
2026-07-26 01:54:02,6877,97.5,14.7,109585,4,1,1,1,1,full_screen
2026-07-26 01:54:06,6881,97.5,14.8,109504,4,1,1,1,1,full_screen
2026-07-26 01:54:11,6886,97.5,14.9,109406,4,1,1,1,1,full_screen
2026-07-26 01:54:16,6891,97.5,14.8,109508,4,1,1,1,1,full_screen
2026-07-26 01:54:21,6896,97.9,14.8,109524,4,1,1,1,1,full_screen
2026-07-26 01:54:26,6901,97.9,14.8,109524,4,1,1,1,1,full_screen
2026-07-26 01:54:26,6901,97.5,14.7,109662,4,1,1,1,1,full_screen
2026-07-26 01:54:27,6902,97.5,14.7,109662,4,1,1,1,1,full_screen
2026-07-26 01:54:31,6906,98.1,14.9,109416,4,1,1,1,1,full_screen
2026-07-26 01:54:36,6911,98.3,14.8,109446,4,1,1,1,1,full_screen
2026-07-26 01:54:41,6916,98.1,14.8,109423,4,1,1,1,1,full_screen
2026-07-26 01:54:46,6921,98.0,14.8,109509,4,1,1,1,1,full_screen
2026-07-26 01:54:49,6924,98.0,14.8,109509,4,1,1,1,1,full_screen
2026-07-26 01:54:51,6926,97.6,14.8,109485,4,1,1,1,1,full_screen
2026-07-26 01:54:51,6926,97.6,14.8,109485,4,1,1,1,1,full_screen
2026-07-26 01:54:56,6931,97.6,14.8,109534,4,1,1,1,1,full_screen
2026-07-26 01:55:01,6936,93.8,14.8,109540,4,1,1,1,1,full_screen
2026-07-26 01:55:06,6941,94.3,14.8,109425,4,1,1,1,1,full_screen
2026-07-26 01:55:11,6946,93.8,14.8,109513,4,1,1,1,1,full_screen
2026-07-26 01:55:13,6948,93.8,14.8,109513,4,1,1,1,1,full_screen
2026-07-26 01:55:14,6949,93.8,14.8,109513,4,1,1,1,1,full_screen
2026-07-26 01:55:16,6951,92.5,14.8,109482,4,1,1,1,1,full_screen
2026-07-26 01:55:21,6956,92.3,14.8,109500,4,1,1,1,1,full_screen
2026-07-26 01:55:26,6961,92.6,14.8,109456,4,1,1,1,1,full_screen
2026-07-26 01:55:31,6966,92.6,14.8,109460,4,1,1,1,1,full_screen
2026-07-26 01:55:36,6971,91.6,14.7,109670,4,1,1,1,1,full_screen
2026-07-26 01:55:36,6971,91.6,14.7,109670,4,1,1,1,1,full_screen
2026-07-26 01:55:37,6972,91.6,14.7,109670,4,1,1,1,1,full_screen
2026-07-26 01:55:41,6976,93.5,14.8,109528,4,1,1,1,1,full_screen
2026-07-26 01:55:46,6981,94.5,14.7,109589,4,1,1,1,1,full_screen
2026-07-26 01:55:51,6986,93.5,14.8,109461,4,1,1,1,1,full_screen
2026-07-26 01:55:56,6991,92.5,14.7,109550,4,1,1,1,1,full_screen
2026-07-26 01:55:58,6993,92.5,14.7,109550,4,1,1,1,1,full_screen
2026-07-26 01:55:59,6994,92.5,14.7,109550,4,1,1,1,1,full_screen
2026-07-26 01:56:01,6996,92.2,14.8,109500,4,1,1,1,1,full_screen
2026-07-26 01:56:06,7001,93.7,14.8,109471,4,1,1,1,1,full_screen
2026-07-26 01:56:11,7006,93.4,14.8,109470,4,1,1,1,1,full_screen
2026-07-26 01:56:16,7011,93.8,14.7,109581,4,1,1,1,1,full_screen
2026-07-26 01:56:21,7016,92.6,14.8,109474,4,1,1,1,1,full_screen
2026-07-26 01:56:21,7016,92.6,14.8,109474,4,1,1,1,1,full_screen
2026-07-26 01:56:23,7018,92.6,14.8,109474,4,1,1,1,1,full_screen
2026-07-26 01:56:26,7021,92.9,14.8,109545,4,1,1,1,1,full_screen
2026-07-26 01:56:31,7026,94.5,14.7,109566,4,1,1,1,1,full_screen
2026-07-26 01:56:36,7031,94.0,14.7,109594,4,1,1,1,1,full_screen
2026-07-26 01:56:41,7036,94.5,14.8,109506,4,1,1,1,1,full_screen
2026-07-26 01:56:44,7039,94.5,14.8,109506,4,1,1,1,1,full_screen
2026-07-26 01:56:46,7041,92.8,14.8,109542,4,1,1,1,1,full_screen
2026-07-26 01:56:47,7042,92.8,14.8,109542,4,1,1,1,1,full_screen
2026-07-26 01:56:51,7046,94.4,14.8,109464,4,1,1,1,1,full_screen
2026-07-26 01:56:56,7051,94.8,14.8,109516,4,1,1,1,1,full_screen
2026-07-26 01:57:01,7056,95.9,14.7,109614,4,1,1,1,1,full_screen
2026-07-26 01:57:06,7061,95.0,14.8,109482,4,1,1,1,1,full_screen
2026-07-26 01:57:08,7063,95.0,14.8,109482,4,1,1,1,1,full_screen
2026-07-26 01:57:10,7065,95.0,14.8,109482,4,1,1,1,1,full_screen
2026-07-26 01:57:11,7066,93.9,14.7,109591,4,1,1,1,1,full_screen
2026-07-26 01:57:16,7071,96.1,14.8,109476,4,1,1,1,1,full_screen
2026-07-26 01:57:21,7076,94.7,14.8,109545,4,1,1,1,1,full_screen
2026-07-26 01:57:26,7081,93.4,14.7,109562,4,1,1,1,1,full_screen
2026-07-26 01:57:31,7086,93.4,14.7,109562,4,1,1,1,1,full_screen
2026-07-26 01:57:31,7086,92.5,14.6,109766,4,1,1,1,1,full_screen
2026-07-26 01:57:32,7087,92.5,14.6,109766,4,1,1,1,1,full_screen
2026-07-26 01:57:36,7091,92.8,14.8,109477,4,1,1,1,1,full_screen
2026-07-26 01:57:41,7096,94.5,14.8,109466,4,1,1,1,1,full_screen
2026-07-26 01:57:46,7101,94.6,14.8,109499,4,1,1,1,1,full_screen
2026-07-26 01:57:51,7106,94.2,14.8,109489,4,1,1,1,1,full_screen
2026-07-26 01:57:54,7109,94.2,14.8,109489,4,1,1,1,1,full_screen
2026-07-26 01:57:55,7110,94.2,14.8,109489,4,1,1,1,1,full_screen
2026-07-26 01:57:56,7111,94.0,14.7,109557,4,1,1,1,1,full_screen
2026-07-26 01:58:01,7116,93.9,14.8,109540,4,1,1,1,1,full_screen
2026-07-26 01:58:06,7121,93.8,14.8,109530,4,1,1,1,1,full_screen
2026-07-26 01:58:11,7126,93.9,14.8,109522,4,1,1,1,1,full_screen
2026-07-26 01:58:16,7131,95.1,14.8,109530,4,1,1,1,1,full_screen
2026-07-26 01:58:17,7132,95.1,14.8,109530,4,1,1,1,1,full_screen
2026-07-26 01:58:18,7133,95.1,14.8,109530,4,1,1,1,1,full_screen
2026-07-26 01:58:21,7136,95.0,14.7,109577,4,1,1,1,1,full_screen
2026-07-26 01:58:26,7141,95.4,14.8,109444,4,1,1,1,1,full_screen
2026-07-26 01:58:31,7146,95.8,14.8,109471,4,1,1,1,1,full_screen
2026-07-26 01:58:36,7151,94.9,14.7,109565,4,1,1,1,1,full_screen
2026-07-26 01:58:40,7155,94.9,14.7,109565,4,1,1,1,1,full_screen
2026-07-26 01:58:41,7156,94.9,14.7,109565,4,1,1,1,1,full_screen
2026-07-26 01:58:41,7156,93.1,14.8,109490,4,1,1,1,1,full_screen
2026-07-26 01:58:46,7161,94.4,14.8,109525,4,1,1,1,1,full_screen
2026-07-26 01:58:51,7166,93.9,14.8,109518,4,1,1,1,1,full_screen
2026-07-26 01:58:56,7171,93.5,14.7,109594,4,1,1,1,1,full_screen
2026-07-26 01:59:01,7176,94.0,14.8,109539,4,1,1,1,1,full_screen
2026-07-26 01:59:03,7178,94.0,14.8,109539,4,1,1,1,1,full_screen
2026-07-26 01:59:04,7179,94.0,14.8,109539,4,1,1,1,1,full_screen
2026-07-26 01:59:06,7181,93.3,14.8,109470,4,1,1,1,1,full_screen
2026-07-26 01:59:11,7186,94.1,14.7,109585,4,1,1,1,1,full_screen
2026-07-26 01:59:16,7191,91.6,14.7,109548,4,1,1,1,1,full_screen
2026-07-26 01:59:21,7196,93.4,14.8,109501,4,1,1,1,1,full_screen
2026-07-26 01:59:26,7201,91.8,14.6,109694,4,1,1,1,1,full_screen
2026-07-26 01:59:26,7201,91.8,14.6,109694,4,1,1,1,1,full_screen
2026-07-26 01:59:27,7202,91.8,14.6,109694,4,1,1,1,1,full_screen
2026-07-26 01:59:31,7206,92.3,14.8,109473,4,1,1,1,1,full_screen
2026-07-26 01:59:36,7211,93.2,14.7,109572,4,1,1,1,1,full_screen
2026-07-26 01:59:41,7216,93.5,14.8,109486,4,1,1,1,1,full_screen
2026-07-26 01:59:46,7221,93.3,14.8,109504,4,1,1,1,1,full_screen
2026-07-26 01:59:48,7223,93.3,14.8,109504,4,1,1,1,1,full_screen
2026-07-26 01:59:50,7225,93.3,14.8,109504,4,1,1,1,1,full_screen
2026-07-26 01:59:51,7226,91.9,14.8,109529,4,1,1,1,1,full_screen
