{
  "timestamp": "2026-07-16T21:07:41.172696",
  "hardware": "Intel Core i9-10900X",
  "categories": {
    "cpu_percent": {
      "count": 21,
      "min": 0.8,
      "max": 33.1,
      "median": 3.6,
      "mean": 6.871428571428572,
      "std_dev": 7.587433219287196,
      "p95": 16.4,
      "p99": 29.760000000000012,
      "q25": 2.6,
      "q75": 10.9
    },
    "ram_percent": {
      "count": 21,
      "min": 5.8,
      "max": 16.9,
      "median": 6.6,
      "mean": 9.761904761904763,
      "std_dev": 4.735554475505079,
      "p95": 16.6,
      "p99": 16.84,
      "q25": 6.0,
      "q75": 14.7
    },
    "docker_mttr_ms": {
      "count": 10,
      "min": 517.0,
      "max": 533.0,
      "median": 527.0,
      "mean": 525.7,
      "std_dev": 5.034326612809746,
      "p95": 532.1,
      "p99": 532.82,
      "q25": 523.25,
      "q75": 528.0
    },
    "k8s_mttr_ms": {
      "count": 10,
      "min": 555.0,
      "max": 584.0,
      "median": 570.0,
      "mean": 569.5,
      "std_dev": 8.22259758902934,
      "p95": 580.4,
      "p99": 583.28,
      "q25": 563.75,
      "q75": 574.0
    }
  }
}