timestamp,elapsed_s,cpu_pct,ram_pct,ram_available_mb,n_cameras_active,cam1,cam2,cam3,cam4,composite
2026-07-26 20:16:54,0,0.0,0.0,0,0,0,0,0,0,unknown
2026-07-26 20:16:56,2,0.0,0.0,0,0,0,0,0,0,unknown
2026-07-26 20:16:56,2,0.0,0.0,0,0,0,0,0,0,unknown
2026-07-26 20:16:56,2,0.0,0.0,0,0,0,0,0,0,full_screen
2026-07-26 20:16:56,2,0.0,0.0,0,0,0,0,0,0,full_screen
2026-07-26 20:16:56,2,0.0,0.0,0,0,0,0,0,0,full_screen
2026-07-26 20:16:58,4,0.0,0.0,0,4,1,1,1,1,full_screen
2026-07-26 20:16:59,5,39.2,8.2,117949,4,1,1,1,1,full_screen
2026-07-26 20:17:04,10,74.8,8.3,117833,4,1,1,1,1,full_screen
2026-07-26 20:17:09,15,81.9,8.2,117967,4,1,1,1,1,full_screen
2026-07-26 20:17:14,20,79.2,8.3,117858,4,1,1,1,1,full_screen
2026-07-26 20:17:19,25,84.9,8.3,117892,4,1,1,1,1,full_screen
2026-07-26 20:17:24,30,82.7,8.3,117895,4,1,1,1,1,full_screen
2026-07-26 20:17:29,35,82.4,8.3,117808,4,1,1,1,1,full_screen
2026-07-26 20:17:34,40,82.7,8.3,117856,4,1,1,1,1,full_screen
2026-07-26 20:17:36,42,82.7,8.3,117856,4,1,1,1,1,full_screen
2026-07-26 20:17:37,43,82.7,8.3,117856,4,1,1,1,1,full_screen
2026-07-26 20:17:39,45,84.1,8.4,117726,4,1,1,1,1,full_screen
2026-07-26 20:17:44,50,80.5,8.4,117668,4,1,1,1,1,full_screen
2026-07-26 20:17:49,55,78.4,8.4,117700,4,1,1,1,1,full_screen
2026-07-26 20:17:54,60,83.5,8.4,117736,4,1,1,1,1,full_screen
2026-07-26 20:17:59,65,83.8,8.4,117743,4,1,1,1,1,full_screen
2026-07-26 20:18:04,70,83.2,8.4,117714,4,1,1,1,1,full_screen
2026-07-26 20:18:09,75,82.6,8.4,117687,4,1,1,1,1,full_screen
2026-07-26 20:18:14,80,83.9,8.5,117604,4,1,1,1,1,full_screen
2026-07-26 20:18:19,85,82.3,8.2,117899,4,1,1,1,1,full_screen
2026-07-26 20:18:19,85,82.3,8.2,117899,4,1,1,1,1,full_screen
2026-07-26 20:18:20,86,82.3,8.2,117899,4,1,1,1,1,full_screen
2026-07-26 20:18:24,90,80.4,8.4,117647,4,1,1,1,1,full_screen
2026-07-26 20:18:29,95,83.6,8.4,117701,4,1,1,1,1,full_screen
2026-07-26 20:18:34,100,79.7,8.5,117601,4,1,1,1,1,full_screen
2026-07-26 20:18:39,105,78.4,8.4,117666,4,1,1,1,1,full_screen
2026-07-26 20:18:41,107,78.4,8.4,117666,4,1,1,1,1,full_screen
2026-07-26 20:18:42,108,78.4,8.4,117666,4,1,1,1,1,full_screen
2026-07-26 20:18:44,110,77.9,8.4,117658,4,1,1,1,1,full_screen
2026-07-26 20:18:49,115,82.4,8.4,117653,4,1,1,1,1,full_screen
2026-07-26 20:18:54,120,80.2,8.5,117621,4,1,1,1,1,full_screen
2026-07-26 20:18:59,125,80.6,8.5,117555,4,1,1,1,1,full_screen
2026-07-26 20:19:02,128,80.6,8.5,117555,4,1,1,1,1,full_screen
2026-07-26 20:19:03,129,80.6,8.5,117555,4,1,1,1,1,full_screen
2026-07-26 20:19:04,130,82.2,8.5,117610,4,1,1,1,1,full_screen
2026-07-26 20:19:09,135,82.7,8.4,117644,4,1,1,1,1,full_screen
2026-07-26 20:19:14,140,83.9,8.5,117617,4,1,1,1,1,full_screen
2026-07-26 20:19:19,145,82.5,8.5,117604,4,1,1,1,1,full_screen
2026-07-26 20:19:23,149,82.5,8.5,117604,4,1,1,1,1,full_screen
2026-07-26 20:19:24,150,84.0,8.4,117728,4,1,1,1,1,full_screen
2026-07-26 20:19:25,151,84.0,8.4,117728,4,1,1,1,1,full_screen
2026-07-26 20:19:29,155,84.5,8.5,117577,4,1,1,1,1,full_screen
2026-07-26 20:19:34,160,86.3,8.5,117555,4,1,1,1,1,full_screen
2026-07-26 20:19:39,165,81.8,8.5,117566,4,1,1,1,1,full_screen
2026-07-26 20:19:44,170,80.7,8.5,117582,4,1,1,1,1,full_screen
2026-07-26 20:19:44,170,80.7,8.5,117582,4,1,1,1,1,full_screen
2026-07-26 20:19:45,171,80.7,8.5,117582,4,1,1,1,1,full_screen
2026-07-26 20:19:49,175,81.1,8.5,117539,4,1,1,1,1,full_screen
2026-07-26 20:19:54,180,80.5,8.5,117544,4,1,1,1,1,full_screen
2026-07-26 20:19:59,185,77.6,8.6,117472,4,1,1,1,1,full_screen
2026-07-26 20:20:04,190,75.8,8.6,117485,4,1,1,1,1,full_screen
2026-07-26 20:20:06,192,75.8,8.6,117485,4,1,1,1,1,full_screen
2026-07-26 20:20:07,193,75.8,8.6,117485,4,1,1,1,1,full_screen
2026-07-26 20:20:09,195,83.1,8.6,117449,4,1,1,1,1,full_screen
2026-07-26 20:20:14,200,80.5,8.6,117493,4,1,1,1,1,full_screen
2026-07-26 20:20:19,205,77.7,8.6,117492,4,1,1,1,1,full_screen
2026-07-26 20:20:24,210,85.6,8.6,117473,4,1,1,1,1,full_screen
2026-07-26 20:20:29,215,93.7,8.6,117492,4,1,1,1,1,full_screen
2026-07-26 20:20:34,220,95.1,8.6,117403,4,1,1,1,1,full_screen
2026-07-26 20:20:39,225,95.6,8.6,117411,4,1,1,1,1,full_screen
2026-07-26 20:20:44,230,95.5,8.7,117350,4,1,1,1,1,full_screen
2026-07-26 20:20:49,235,95.9,8.5,117619,4,1,1,1,1,full_screen
2026-07-26 20:20:49,235,95.9,8.5,117619,4,1,1,1,1,full_screen
2026-07-26 20:20:50,236,95.9,8.5,117619,4,1,1,1,1,full_screen
2026-07-26 20:20:54,240,96.3,8.6,117412,4,1,1,1,1,full_screen
2026-07-26 20:20:59,245,96.0,8.6,117385,4,1,1,1,1,full_screen
2026-07-26 20:21:04,250,96.4,8.6,117407,4,1,1,1,1,full_screen
2026-07-26 20:21:09,255,96.2,8.7,117354,4,1,1,1,1,full_screen
2026-07-26 20:21:14,260,95.9,8.6,117406,4,1,1,1,1,full_screen
2026-07-26 20:21:19,265,96.1,8.6,117422,4,1,1,1,1,full_screen
2026-07-26 20:21:24,270,95.9,8.7,117376,4,1,1,1,1,full_screen
2026-07-26 20:21:29,275,96.2,8.6,117426,4,1,1,1,1,full_screen
2026-07-26 20:21:32,278,96.2,8.6,117426,4,1,1,1,1,full_screen
2026-07-26 20:21:33,279,96.2,8.6,117426,4,1,1,1,1,full_screen
2026-07-26 20:21:34,280,95.8,8.7,117359,4,1,1,1,1,full_screen
2026-07-26 20:21:39,285,94.9,8.6,117433,4,1,1,1,1,full_screen
2026-07-26 20:21:44,290,95.5,8.7,117354,4,1,1,1,1,full_screen
2026-07-26 20:21:49,295,94.7,8.6,117390,4,1,1,1,1,full_screen
2026-07-26 20:21:54,300,90.7,8.6,117482,4,1,1,1,1,full_screen
2026-07-26 20:21:59,305,91.6,8.7,117358,4,1,1,1,1,full_screen
2026-07-26 20:22:04,310,89.4,8.7,117298,4,1,1,1,1,full_screen
2026-07-26 20:22:09,315,91.3,8.8,117211,4,1,1,1,1,full_screen
2026-07-26 20:22:14,320,91.7,8.8,117241,4,1,1,1,1,full_screen
2026-07-26 20:22:15,321,91.7,8.8,117241,4,1,1,1,1,full_screen
2026-07-26 20:22:16,322,91.7,8.8,117241,4,1,1,1,1,full_screen
2026-07-26 20:22:19,325,92.9,8.7,117334,4,1,1,1,1,full_screen
2026-07-26 20:22:24,330,91.9,8.7,117298,4,1,1,1,1,full_screen
2026-07-26 20:22:29,335,92.2,8.7,117287,4,1,1,1,1,full_screen
2026-07-26 20:22:34,340,94.5,8.7,117354,4,1,1,1,1,full_screen
2026-07-26 20:22:37,343,94.5,8.7,117354,4,1,1,1,1,full_screen
2026-07-26 20:22:38,344,94.5,8.7,117354,4,1,1,1,1,full_screen
2026-07-26 20:22:39,345,94.2,8.7,117284,4,1,1,1,1,full_screen
2026-07-26 20:22:44,350,92.9,8.7,117295,4,1,1,1,1,full_screen
2026-07-26 20:22:49,355,90.1,8.7,117357,4,1,1,1,1,full_screen
2026-07-26 20:22:54,360,89.3,8.7,117300,4,1,1,1,1,full_screen
2026-07-26 20:22:58,364,89.3,8.7,117300,4,1,1,1,1,full_screen
2026-07-26 20:22:59,365,89.3,8.7,117300,4,1,1,1,1,full_screen
2026-07-26 20:22:59,365,91.1,8.7,117289,4,1,1,1,1,full_screen
2026-07-26 20:23:04,370,90.6,8.7,117322,4,1,1,1,1,full_screen
2026-07-26 20:23:09,375,90.5,8.8,117203,4,1,1,1,1,full_screen
2026-07-26 20:23:14,380,92.9,8.8,117242,4,1,1,1,1,full_screen
2026-07-26 20:23:19,385,87.1,8.6,117458,4,1,1,1,1,full_screen
2026-07-26 20:23:20,386,87.1,8.6,117458,4,1,1,1,1,full_screen
2026-07-26 20:23:21,387,87.1,8.6,117458,4,1,1,1,1,full_screen
2026-07-26 20:23:24,390,82.6,8.7,117332,4,1,1,1,1,full_screen
2026-07-26 20:23:29,395,78.7,8.7,117325,4,1,1,1,1,full_screen
2026-07-26 20:23:34,400,81.6,8.7,117311,4,1,1,1,1,full_screen
2026-07-26 20:23:39,405,83.1,8.7,117274,4,1,1,1,1,full_screen
2026-07-26 20:23:41,407,83.1,8.7,117274,4,1,1,1,1,full_screen
2026-07-26 20:23:42,408,83.1,8.7,117274,4,1,1,1,1,full_screen
2026-07-26 20:23:44,410,93.4,8.8,117179,4,1,1,1,1,full_screen
2026-07-26 20:23:49,415,91.9,8.8,117255,4,1,1,1,1,full_screen
2026-07-26 20:23:54,420,93.0,8.7,117289,4,1,1,1,1,full_screen
2026-07-26 20:23:59,425,93.9,8.7,117294,4,1,1,1,1,full_screen
2026-07-26 20:24:02,428,93.9,8.7,117294,4,1,1,1,1,full_screen
2026-07-26 20:24:03,429,93.9,8.7,117294,4,1,1,1,1,full_screen
2026-07-26 20:24:04,430,93.7,8.7,117288,4,1,1,1,1,full_screen
2026-07-26 20:24:09,435,92.2,8.7,117262,4,1,1,1,1,full_screen
2026-07-26 20:24:14,440,91.6,8.8,117232,4,1,1,1,1,full_screen
2026-07-26 20:24:19,445,93.4,8.8,117172,4,1,1,1,1,full_screen
2026-07-26 20:24:24,450,88.7,8.7,117322,4,1,1,1,1,full_screen
2026-07-26 20:24:29,455,88.9,8.8,117179,4,1,1,1,1,full_screen
2026-07-26 20:24:34,460,91.3,8.8,117198,4,1,1,1,1,full_screen
2026-07-26 20:24:39,465,91.7,8.8,117197,4,1,1,1,1,full_screen
2026-07-26 20:24:44,470,90.4,8.8,117183,4,1,1,1,1,full_screen
2026-07-26 20:24:45,471,90.4,8.8,117183,4,1,1,1,1,full_screen
2026-07-26 20:24:46,472,90.4,8.8,117183,4,1,1,1,1,full_screen
2026-07-26 20:24:49,475,89.7,8.8,117159,4,1,1,1,1,full_screen
2026-07-26 20:24:54,480,90.1,8.9,117121,4,1,1,1,1,full_screen
2026-07-26 20:24:59,485,91.7,8.8,117224,4,1,1,1,1,full_screen
2026-07-26 20:25:04,490,90.3,8.8,117192,4,1,1,1,1,full_screen
2026-07-26 20:25:09,495,91.7,8.8,117221,4,1,1,1,1,full_screen
2026-07-26 20:25:14,500,93.5,8.8,117227,4,1,1,1,1,full_screen
2026-07-26 20:25:19,505,92.0,8.8,117146,4,1,1,1,1,full_screen
2026-07-26 20:25:24,510,93.7,8.8,117203,4,1,1,1,1,full_screen
2026-07-26 20:25:28,514,93.7,8.8,117203,4,1,1,1,1,full_screen
2026-07-26 20:25:29,515,93.7,8.8,117203,4,1,1,1,1,full_screen
2026-07-26 20:25:29,515,92.0,8.8,117227,4,1,1,1,1,full_screen
2026-07-26 20:25:34,520,92.7,8.8,117204,4,1,1,1,1,full_screen
2026-07-26 20:25:39,525,94.7,8.8,117220,4,1,1,1,1,full_screen
2026-07-26 20:25:44,530,93.4,8.8,117192,4,1,1,1,1,full_screen
2026-07-26 20:25:49,535,93.0,8.7,117369,4,1,1,1,1,full_screen
2026-07-26 20:25:50,536,93.0,8.7,117369,4,1,1,1,1,full_screen
2026-07-26 20:25:51,537,93.0,8.7,117369,4,1,1,1,1,full_screen
2026-07-26 20:25:54,540,93.8,8.8,117154,4,1,1,1,1,full_screen
2026-07-26 20:25:59,545,90.7,8.8,117180,4,1,1,1,1,full_screen
2026-07-26 20:26:04,550,87.5,8.7,117261,4,1,1,1,1,full_screen
2026-07-26 20:26:09,555,85.6,8.8,117241,4,1,1,1,1,full_screen
2026-07-26 20:26:11,557,85.6,8.8,117241,4,1,1,1,1,full_screen
2026-07-26 20:26:12,558,85.6,8.8,117241,4,1,1,1,1,full_screen
2026-07-26 20:26:14,560,85.1,8.8,117241,4,1,1,1,1,full_screen
2026-07-26 20:26:19,565,84.8,8.8,117251,4,1,1,1,1,full_screen
2026-07-26 20:26:24,570,82.2,8.8,117181,4,1,1,1,1,full_screen
2026-07-26 20:26:29,575,81.8,8.8,117191,4,1,1,1,1,full_screen
2026-07-26 20:26:33,579,81.8,8.8,117191,4,1,1,1,1,full_screen
2026-07-26 20:26:34,580,81.8,8.8,117191,4,1,1,1,1,full_screen
2026-07-26 20:26:34,580,81.7,8.8,117181,4,1,1,1,1,full_screen
2026-07-26 20:26:39,585,76.3,8.8,117188,4,1,1,1,1,full_screen
2026-07-26 20:26:44,590,79.5,8.8,117179,4,1,1,1,1,full_screen
2026-07-26 20:26:49,595,90.3,8.8,117162,4,1,1,1,1,full_screen
2026-07-26 20:26:54,600,90.3,8.8,117162,4,1,1,1,1,full_screen
2026-07-26 20:26:54,600,89.2,8.7,117272,4,1,1,1,1,full_screen
2026-07-26 20:26:55,601,89.2,8.7,117272,4,1,1,1,1,full_screen
2026-07-26 20:26:59,605,94.3,8.8,117190,4,1,1,1,1,full_screen
2026-07-26 20:27:04,610,94.1,8.9,117104,4,1,1,1,1,full_screen
2026-07-26 20:27:09,615,95.2,8.8,117130,4,1,1,1,1,full_screen
2026-07-26 20:27:14,620,95.7,8.8,117146,4,1,1,1,1,full_screen
2026-07-26 20:27:16,622,95.7,8.8,117146,4,1,1,1,1,full_screen
2026-07-26 20:27:17,623,95.7,8.8,117146,4,1,1,1,1,full_screen
2026-07-26 20:27:19,625,96.5,8.9,117089,4,1,1,1,1,full_screen
2026-07-26 20:27:24,630,96.2,8.9,117095,4,1,1,1,1,full_screen
2026-07-26 20:27:29,635,97.0,8.9,117047,4,1,1,1,1,full_screen
2026-07-26 20:27:34,640,96.6,8.8,117146,4,1,1,1,1,full_screen
2026-07-26 20:27:39,645,95.3,8.9,117118,4,1,1,1,1,full_screen
2026-07-26 20:27:44,650,95.1,8.9,117125,4,1,1,1,1,full_screen
2026-07-26 20:27:49,655,95.8,8.9,117082,4,1,1,1,1,full_screen
2026-07-26 20:27:55,661,95.8,8.8,117140,4,1,1,1,1,full_screen
2026-07-26 20:27:59,665,95.8,8.8,117140,4,1,1,1,1,full_screen
2026-07-26 20:28:00,666,95.9,8.9,117109,4,1,1,1,1,full_screen
2026-07-26 20:28:00,666,95.9,8.9,117109,4,1,1,1,1,full_screen
2026-07-26 20:28:05,671,94.9,9.0,116964,4,1,1,1,1,full_screen
2026-07-26 20:28:10,676,91.1,8.9,117099,4,1,1,1,1,full_screen
2026-07-26 20:28:15,681,91.5,8.9,117097,4,1,1,1,1,full_screen
2026-07-26 20:28:20,686,93.0,8.8,117246,4,1,1,1,1,full_screen
2026-07-26 20:28:25,691,93.0,8.9,117072,4,1,1,1,1,full_screen
2026-07-26 20:28:30,696,92.7,8.9,117021,4,1,1,1,1,full_screen
2026-07-26 20:28:35,701,90.2,8.9,117061,4,1,1,1,1,full_screen
2026-07-26 20:28:40,706,90.4,8.9,117078,4,1,1,1,1,full_screen
2026-07-26 20:28:41,707,90.4,8.9,117078,4,1,1,1,1,full_screen
2026-07-26 20:28:42,708,90.4,8.9,117078,4,1,1,1,1,full_screen
2026-07-26 20:28:45,711,93.5,8.9,117060,4,1,1,1,1,full_screen
2026-07-26 20:28:50,716,90.1,8.9,117077,4,1,1,1,1,full_screen
2026-07-26 20:28:55,721,88.9,8.9,117080,4,1,1,1,1,full_screen
2026-07-26 20:29:00,726,87.5,8.9,117072,4,1,1,1,1,full_screen
2026-07-26 20:29:05,731,86.6,8.9,117027,4,1,1,1,1,full_screen
2026-07-26 20:29:10,736,87.6,8.9,117081,4,1,1,1,1,full_screen
2026-07-26 20:29:15,741,80.2,8.9,117068,4,1,1,1,1,full_screen
2026-07-26 20:29:20,746,80.4,8.9,117109,4,1,1,1,1,full_screen
2026-07-26 20:29:24,750,80.4,8.9,117109,4,1,1,1,1,full_screen
2026-07-26 20:29:25,751,79.2,8.8,117213,4,1,1,1,1,full_screen
2026-07-26 20:29:25,751,79.2,8.8,117213,4,1,1,1,1,full_screen
2026-07-26 20:29:30,756,83.9,8.9,117060,4,1,1,1,1,full_screen
2026-07-26 20:29:35,761,83.7,8.9,117072,4,1,1,1,1,full_screen
2026-07-26 20:29:40,766,83.5,8.9,117012,4,1,1,1,1,full_screen
2026-07-26 20:29:45,771,78.9,8.9,117059,4,1,1,1,1,full_screen
2026-07-26 20:29:50,776,84.1,8.9,117005,4,1,1,1,1,full_screen
2026-07-26 20:29:55,781,85.7,8.9,117019,4,1,1,1,1,full_screen
2026-07-26 20:30:00,786,85.5,8.9,117063,4,1,1,1,1,full_screen
2026-07-26 20:30:05,791,86.5,8.9,117053,4,1,1,1,1,full_screen
2026-07-26 20:30:07,793,86.5,8.9,117053,4,1,1,1,1,full_screen
2026-07-26 20:30:08,794,86.5,8.9,117053,4,1,1,1,1,full_screen
2026-07-26 20:30:10,796,81.2,8.9,117108,4,1,1,1,1,full_screen
2026-07-26 20:30:15,801,86.0,9.0,116958,4,1,1,1,1,full_screen
2026-07-26 20:30:20,806,88.4,8.9,117016,4,1,1,1,1,full_screen
2026-07-26 20:30:25,811,87.5,8.9,117057,4,1,1,1,1,full_screen
2026-07-26 20:30:29,815,87.5,8.9,117057,4,1,1,1,1,full_screen
2026-07-26 20:30:30,816,87.1,8.9,117100,4,1,1,1,1,full_screen
2026-07-26 20:30:30,816,87.1,8.9,117100,4,1,1,1,1,full_screen
2026-07-26 20:30:35,821,86.7,8.9,117041,4,1,1,1,1,full_screen
2026-07-26 20:30:40,826,86.4,8.9,117058,4,1,1,1,1,full_screen
2026-07-26 20:30:45,831,86.1,8.9,117059,4,1,1,1,1,full_screen
2026-07-26 20:30:50,836,83.5,8.8,117171,4,1,1,1,1,full_screen
2026-07-26 20:30:50,836,83.5,8.8,117171,4,1,1,1,1,full_screen
2026-07-26 20:30:51,837,83.5,8.8,117171,4,1,1,1,1,full_screen
2026-07-26 20:30:55,841,81.2,8.9,117012,4,1,1,1,1,full_screen
2026-07-26 20:31:00,846,84.6,8.9,117066,4,1,1,1,1,full_screen
2026-07-26 20:31:05,851,86.9,8.9,117064,4,1,1,1,1,full_screen
2026-07-26 20:31:10,856,84.9,8.9,117026,4,1,1,1,1,full_screen
2026-07-26 20:31:12,858,84.9,8.9,117026,4,1,1,1,1,full_screen
2026-07-26 20:31:13,859,84.9,8.9,117026,4,1,1,1,1,full_screen
2026-07-26 20:31:15,861,88.5,8.9,117059,4,1,1,1,1,full_screen
2026-07-26 20:31:20,866,86.7,8.9,117050,4,1,1,1,1,full_screen
2026-07-26 20:31:25,871,87.2,8.9,117001,4,1,1,1,1,full_screen
2026-07-26 20:31:30,876,89.4,8.9,117051,4,1,1,1,1,full_screen
2026-07-26 20:31:33,879,89.4,8.9,117051,4,1,1,1,1,full_screen
2026-07-26 20:31:34,880,89.4,8.9,117051,4,1,1,1,1,full_screen
2026-07-26 20:31:35,881,83.5,8.9,117059,4,1,1,1,1,full_screen
2026-07-26 20:31:40,886,83.9,8.9,117024,4,1,1,1,1,full_screen
2026-07-26 20:31:45,891,83.8,8.9,117002,4,1,1,1,1,full_screen
2026-07-26 20:31:50,896,84.9,9.0,116996,4,1,1,1,1,full_screen
2026-07-26 20:31:55,901,84.9,9.0,116996,4,1,1,1,1,full_screen
2026-07-26 20:31:55,901,83.2,8.8,117137,4,1,1,1,1,full_screen
2026-07-26 20:31:56,902,83.2,8.8,117137,4,1,1,1,1,full_screen
2026-07-26 20:32:00,906,86.7,8.9,117034,4,1,1,1,1,full_screen
2026-07-26 20:32:05,911,90.0,8.9,117065,4,1,1,1,1,full_screen
2026-07-26 20:32:10,916,86.0,9.0,116994,4,1,1,1,1,full_screen
2026-07-26 20:32:15,921,85.7,8.9,117077,4,1,1,1,1,full_screen
2026-07-26 20:32:20,926,81.7,8.9,117079,4,1,1,1,1,full_screen
2026-07-26 20:32:25,931,83.8,8.9,117055,4,1,1,1,1,full_screen
2026-07-26 20:32:30,936,81.1,8.9,117066,4,1,1,1,1,full_screen
2026-07-26 20:32:35,941,76.0,8.9,117030,4,1,1,1,1,full_screen
2026-07-26 20:32:37,943,76.0,8.9,117030,4,1,1,1,1,full_screen
2026-07-26 20:32:38,944,76.0,8.9,117030,4,1,1,1,1,full_screen
2026-07-26 20:32:40,946,79.5,8.9,117020,4,1,1,1,1,full_screen
2026-07-26 20:32:45,951,79.3,9.0,116988,4,1,1,1,1,full_screen
2026-07-26 20:32:50,956,91.6,9.0,116981,4,1,1,1,1,full_screen
2026-07-26 20:32:55,961,89.4,9.0,116981,4,1,1,1,1,full_screen
2026-07-26 20:33:00,966,92.0,9.0,116947,4,1,1,1,1,full_screen
2026-07-26 20:33:05,971,92.7,8.9,117007,4,1,1,1,1,full_screen
2026-07-26 20:33:10,976,92.2,9.0,116987,4,1,1,1,1,full_screen
2026-07-26 20:33:15,981,90.4,8.9,117000,4,1,1,1,1,full_screen
2026-07-26 20:33:20,986,90.0,8.9,117092,4,1,1,1,1,full_screen
2026-07-26 20:33:20,986,90.0,8.9,117092,4,1,1,1,1,full_screen
2026-07-26 20:33:21,987,90.0,8.9,117092,4,1,1,1,1,full_screen
2026-07-26 20:33:25,991,93.2,9.0,116909,4,1,1,1,1,full_screen
2026-07-26 20:33:30,996,90.0,9.0,116969,4,1,1,1,1,full_screen
2026-07-26 20:33:35,1001,91.8,9.1,116864,4,1,1,1,1,full_screen
2026-07-26 20:33:40,1006,91.8,9.0,116901,4,1,1,1,1,full_screen
2026-07-26 20:33:45,1011,93.2,9.0,116947,4,1,1,1,1,full_screen
2026-07-26 20:33:50,1016,92.8,9.0,116908,4,1,1,1,1,full_screen
2026-07-26 20:33:55,1021,91.0,9.0,116907,4,1,1,1,1,full_screen
2026-07-26 20:34:00,1026,89.2,9.1,116780,4,1,1,1,1,full_screen
2026-07-26 20:34:03,1029,89.2,9.1,116780,4,1,1,1,1,full_screen
2026-07-26 20:34:04,1030,89.2,9.1,116780,4,1,1,1,1,full_screen
2026-07-26 20:34:05,1031,88.5,9.0,116901,4,1,1,1,1,full_screen
2026-07-26 20:34:10,1036,87.4,9.1,116851,4,1,1,1,1,full_screen
2026-07-26 20:34:15,1041,90.8,9.0,116888,4,1,1,1,1,full_screen
2026-07-26 20:34:20,1046,91.0,9.0,116887,4,1,1,1,1,full_screen
2026-07-26 20:34:25,1051,92.5,9.0,116934,4,1,1,1,1,full_screen
2026-07-26 20:34:30,1056,93.3,9.1,116844,4,1,1,1,1,full_screen
2026-07-26 20:34:35,1061,92.2,9.1,116799,4,1,1,1,1,full_screen
2026-07-26 20:34:40,1066,91.3,9.0,116901,4,1,1,1,1,full_screen
2026-07-26 20:34:45,1071,92.0,9.1,116864,4,1,1,1,1,full_screen
2026-07-26 20:34:46,1072,92.0,9.1,116864,4,1,1,1,1,full_screen
2026-07-26 20:34:47,1073,92.0,9.1,116864,4,1,1,1,1,full_screen
2026-07-26 20:34:50,1076,91.0,9.1,116848,4,1,1,1,1,full_screen
2026-07-26 20:34:55,1081,89.9,9.1,116833,4,1,1,1,1,full_screen
2026-07-26 20:35:00,1086,90.7,9.1,116857,4,1,1,1,1,full_screen
2026-07-26 20:35:05,1091,87.0,9.1,116863,4,1,1,1,1,full_screen
2026-07-26 20:35:08,1094,87.0,9.1,116863,4,1,1,1,1,full_screen
2026-07-26 20:35:09,1095,87.0,9.1,116863,4,1,1,1,1,full_screen
2026-07-26 20:35:10,1096,85.2,9.1,116857,4,1,1,1,1,full_screen
2026-07-26 20:35:15,1101,85.4,9.1,116867,4,1,1,1,1,full_screen
2026-07-26 20:35:20,1106,84.1,9.1,116843,4,1,1,1,1,full_screen
2026-07-26 20:35:25,1111,84.8,9.1,116858,4,1,1,1,1,full_screen
2026-07-26 20:35:29,1115,84.8,9.1,116858,4,1,1,1,1,full_screen
2026-07-26 20:35:30,1116,84.8,9.1,116858,4,1,1,1,1,full_screen
2026-07-26 20:35:30,1116,83.3,9.1,116857,4,1,1,1,1,full_screen
2026-07-26 20:35:35,1121,86.8,9.1,116849,4,1,1,1,1,full_screen
2026-07-26 20:35:40,1126,84.2,9.1,116805,4,1,1,1,1,full_screen
2026-07-26 20:35:45,1131,86.1,9.1,116826,4,1,1,1,1,full_screen
2026-07-26 20:35:50,1136,82.6,9.0,116939,4,1,1,1,1,full_screen
2026-07-26 20:35:51,1137,82.6,9.0,116939,4,1,1,1,1,full_screen
2026-07-26 20:35:52,1138,82.6,9.0,116939,4,1,1,1,1,full_screen
2026-07-26 20:35:55,1141,83.8,9.1,116829,4,1,1,1,1,full_screen
2026-07-26 20:36:00,1146,86.5,9.1,116855,4,1,1,1,1,full_screen
2026-07-26 20:36:05,1151,88.4,9.0,116880,4,1,1,1,1,full_screen
2026-07-26 20:36:10,1156,88.0,9.1,116807,4,1,1,1,1,full_screen
2026-07-26 20:36:12,1158,88.0,9.1,116807,4,1,1,1,1,full_screen
2026-07-26 20:36:13,1159,88.0,9.1,116807,4,1,1,1,1,full_screen
2026-07-26 20:36:15,1161,87.3,9.1,116849,4,1,1,1,1,full_screen
2026-07-26 20:36:20,1166,87.0,9.1,116823,4,1,1,1,1,full_screen
2026-07-26 20:36:25,1171,89.0,9.1,116866,4,1,1,1,1,full_screen
2026-07-26 20:36:30,1176,87.7,9.0,116889,4,1,1,1,1,full_screen
2026-07-26 20:36:34,1180,87.7,9.0,116889,4,1,1,1,1,full_screen
2026-07-26 20:36:35,1181,87.7,9.0,116889,4,1,1,1,1,full_screen
2026-07-26 20:36:35,1181,88.4,9.1,116808,4,1,1,1,1,full_screen
2026-07-26 20:36:40,1186,84.5,9.1,116793,4,1,1,1,1,full_screen
2026-07-26 20:36:45,1191,86.2,9.1,116783,4,1,1,1,1,full_screen
2026-07-26 20:36:50,1196,89.7,9.1,116845,4,1,1,1,1,full_screen
2026-07-26 20:36:54,1200,89.7,9.1,116845,4,1,1,1,1,full_screen
2026-07-26 20:36:55,1201,86.4,8.9,117026,4,1,1,1,1,full_screen
2026-07-26 20:36:56,1202,86.4,8.9,117026,4,1,1,1,1,full_screen
2026-07-26 20:37:00,1206,89.1,9.1,116825,4,1,1,1,1,full_screen
2026-07-26 20:37:05,1211,85.2,9.0,116877,4,1,1,1,1,full_screen
2026-07-26 20:37:10,1216,85.0,9.0,116887,4,1,1,1,1,full_screen
2026-07-26 20:37:15,1221,78.7,9.1,116849,4,1,1,1,1,full_screen
2026-07-26 20:37:16,1222,78.7,9.1,116849,4,1,1,1,1,full_screen
2026-07-26 20:37:17,1223,78.7,9.1,116849,4,1,1,1,1,full_screen
2026-07-26 20:37:20,1226,75.7,9.1,116795,4,1,1,1,1,full_screen
2026-07-26 20:37:25,1231,76.9,9.0,116880,4,1,1,1,1,full_screen
2026-07-26 20:37:30,1236,83.3,9.1,116792,4,1,1,1,1,full_screen
2026-07-26 20:37:35,1241,85.2,9.1,116766,4,1,1,1,1,full_screen
2026-07-26 20:37:40,1246,80.7,9.1,116800,4,1,1,1,1,full_screen
2026-07-26 20:37:45,1251,89.9,9.1,116770,4,1,1,1,1,full_screen
2026-07-26 20:37:50,1256,95.0,9.2,116691,4,1,1,1,1,full_screen
2026-07-26 20:37:55,1261,95.2,9.2,116640,4,1,1,1,1,full_screen
2026-07-26 20:37:59,1265,95.2,9.2,116640,4,1,1,1,1,full_screen
2026-07-26 20:38:00,1266,95.2,9.2,116640,4,1,1,1,1,full_screen
2026-07-26 20:38:00,1266,96.1,9.1,116770,4,1,1,1,1,full_screen
2026-07-26 20:38:05,1271,97.2,9.1,116750,4,1,1,1,1,full_screen
2026-07-26 20:38:10,1276,96.9,9.1,116774,4,1,1,1,1,full_screen
2026-07-26 20:38:15,1281,97.0,9.2,116733,4,1,1,1,1,full_screen
2026-07-26 20:38:20,1286,96.2,9.1,116859,4,1,1,1,1,full_screen
2026-07-26 20:38:25,1291,95.5,9.2,116725,4,1,1,1,1,full_screen
2026-07-26 20:38:30,1296,96.2,9.1,116755,4,1,1,1,1,full_screen
2026-07-26 20:38:35,1301,96.3,9.1,116760,4,1,1,1,1,full_screen
2026-07-26 20:38:40,1306,94.4,9.2,116722,4,1,1,1,1,full_screen
2026-07-26 20:38:42,1308,94.4,9.2,116722,4,1,1,1,1,full_screen
2026-07-26 20:38:43,1309,94.4,9.2,116722,4,1,1,1,1,full_screen
2026-07-26 20:38:45,1311,93.0,9.1,116758,4,1,1,1,1,full_screen
2026-07-26 20:38:50,1316,93.5,9.1,116764,4,1,1,1,1,full_screen
2026-07-26 20:38:55,1321,94.6,9.2,116684,4,1,1,1,1,full_screen
2026-07-26 20:39:00,1326,95.3,9.2,116733,4,1,1,1,1,full_screen
2026-07-26 20:39:05,1331,95.6,9.1,116756,4,1,1,1,1,full_screen
2026-07-26 20:39:10,1336,94.5,9.1,116784,4,1,1,1,1,full_screen
2026-07-26 20:39:15,1341,86.2,9.1,116801,4,1,1,1,1,full_screen
2026-07-26 20:39:20,1346,89.5,9.2,116702,4,1,1,1,1,full_screen
2026-07-26 20:39:25,1351,89.5,9.2,116702,4,1,1,1,1,full_screen
2026-07-26 20:39:25,1351,80.5,9.0,116920,4,1,1,1,1,full_screen
2026-07-26 20:39:26,1352,80.5,9.0,116920,4,1,1,1,1,full_screen
2026-07-26 20:39:30,1356,79.2,9.1,116744,4,1,1,1,1,full_screen
2026-07-26 20:39:35,1361,81.1,9.1,116838,4,1,1,1,1,full_screen
2026-07-26 20:39:40,1366,80.0,9.1,116782,4,1,1,1,1,full_screen
2026-07-26 20:39:45,1371,82.3,9.1,116816,4,1,1,1,1,full_screen
2026-07-26 20:39:50,1376,81.5,9.1,116792,4,1,1,1,1,full_screen
2026-07-26 20:39:55,1381,83.7,9.1,116766,4,1,1,1,1,full_screen
2026-07-26 20:40:00,1386,81.9,9.1,116760,4,1,1,1,1,full_screen
2026-07-26 20:40:06,1392,82.0,9.2,116727,4,1,1,1,1,full_screen
2026-07-26 20:40:08,1394,82.0,9.2,116727,4,1,1,1,1,full_screen
2026-07-26 20:40:09,1395,82.0,9.2,116727,4,1,1,1,1,full_screen
2026-07-26 20:40:11,1397,84.9,9.1,116770,4,1,1,1,1,full_screen
2026-07-26 20:40:16,1402,83.0,9.1,116799,4,1,1,1,1,full_screen
2026-07-26 20:40:21,1407,83.3,9.1,116772,4,1,1,1,1,full_screen
2026-07-26 20:40:26,1412,83.4,9.1,116779,4,1,1,1,1,full_screen
2026-07-26 20:40:30,1416,83.4,9.1,116779,4,1,1,1,1,full_screen
2026-07-26 20:40:31,1417,85.9,9.1,116824,4,1,1,1,1,full_screen
2026-07-26 20:40:31,1417,85.9,9.1,116824,4,1,1,1,1,full_screen
2026-07-26 20:40:36,1422,85.6,9.1,116822,4,1,1,1,1,full_screen
2026-07-26 20:40:41,1427,81.5,9.1,116777,4,1,1,1,1,full_screen
2026-07-26 20:40:46,1432,85.0,9.1,116787,4,1,1,1,1,full_screen
2026-07-26 20:40:51,1437,84.2,9.0,116924,4,1,1,1,1,full_screen
2026-07-26 20:40:51,1437,84.2,9.0,116924,4,1,1,1,1,full_screen
2026-07-26 20:40:52,1438,84.2,9.0,116924,4,1,1,1,1,full_screen
2026-07-26 20:40:56,1442,87.8,9.1,116790,4,1,1,1,1,full_screen
2026-07-26 20:41:01,1447,84.3,9.1,116799,4,1,1,1,1,full_screen
2026-07-26 20:41:06,1452,86.3,9.2,116733,4,1,1,1,1,full_screen
2026-07-26 20:41:11,1457,84.2,9.1,116788,4,1,1,1,1,full_screen
2026-07-26 20:41:13,1459,84.2,9.1,116788,4,1,1,1,1,full_screen
2026-07-26 20:41:14,1460,84.2,9.1,116788,4,1,1,1,1,full_screen
2026-07-26 20:41:16,1462,84.3,9.1,116794,4,1,1,1,1,full_screen
2026-07-26 20:41:21,1467,82.1,9.1,116759,4,1,1,1,1,full_screen
2026-07-26 20:41:26,1472,77.9,9.1,116818,4,1,1,1,1,full_screen
2026-07-26 20:41:31,1477,82.4,9.1,116824,4,1,1,1,1,full_screen
2026-07-26 20:41:33,1479,82.4,9.1,116824,4,1,1,1,1,full_screen
2026-07-26 20:41:34,1480,82.4,9.1,116824,4,1,1,1,1,full_screen
2026-07-26 20:41:36,1482,80.4,9.1,116749,4,1,1,1,1,full_screen
2026-07-26 20:41:41,1487,80.9,9.1,116769,4,1,1,1,1,full_screen
2026-07-26 20:41:46,1492,77.3,9.1,116761,4,1,1,1,1,full_screen
2026-07-26 20:41:51,1497,90.7,9.2,116697,4,1,1,1,1,full_screen
2026-07-26 20:41:55,1501,90.7,9.2,116697,4,1,1,1,1,full_screen
2026-07-26 20:41:56,1502,89.7,9.1,116848,4,1,1,1,1,full_screen
2026-07-26 20:41:56,1502,89.7,9.1,116848,4,1,1,1,1,full_screen
2026-07-26 20:42:01,1507,92.3,9.1,116777,4,1,1,1,1,full_screen
2026-07-26 20:42:06,1512,93.1,9.1,116769,4,1,1,1,1,full_screen
2026-07-26 20:42:11,1517,91.7,9.2,116700,4,1,1,1,1,full_screen
2026-07-26 20:42:16,1522,89.0,9.2,116634,4,1,1,1,1,full_screen
2026-07-26 20:42:16,1522,89.0,9.2,116634,4,1,1,1,1,full_screen
2026-07-26 20:42:17,1523,89.0,9.2,116634,4,1,1,1,1,full_screen
2026-07-26 20:42:21,1527,89.5,9.2,116716,4,1,1,1,1,full_screen
2026-07-26 20:42:26,1532,92.8,9.2,116721,4,1,1,1,1,full_screen
2026-07-26 20:42:31,1537,92.4,9.1,116754,4,1,1,1,1,full_screen
2026-07-26 20:42:36,1542,90.8,9.2,116742,4,1,1,1,1,full_screen
2026-07-26 20:42:38,1544,90.8,9.2,116742,4,1,1,1,1,full_screen
2026-07-26 20:42:39,1545,90.8,9.2,116742,4,1,1,1,1,full_screen
2026-07-26 20:42:41,1547,89.7,9.1,116760,4,1,1,1,1,full_screen
2026-07-26 20:42:46,1552,91.9,9.2,116714,4,1,1,1,1,full_screen
2026-07-26 20:42:51,1557,92.7,9.2,116685,4,1,1,1,1,full_screen
2026-07-26 20:42:56,1562,91.8,9.1,116756,4,1,1,1,1,full_screen
2026-07-26 20:42:59,1565,91.8,9.1,116756,4,1,1,1,1,full_screen
2026-07-26 20:43:00,1566,91.8,9.1,116756,4,1,1,1,1,full_screen
2026-07-26 20:43:01,1567,90.1,9.2,116726,4,1,1,1,1,full_screen
2026-07-26 20:43:06,1572,91.4,9.2,116681,4,1,1,1,1,full_screen
2026-07-26 20:43:11,1577,90.0,9.1,116747,4,1,1,1,1,full_screen
2026-07-26 20:43:16,1582,91.6,9.2,116714,4,1,1,1,1,full_screen
2026-07-26 20:43:21,1587,90.2,9.0,116923,4,1,1,1,1,full_screen
2026-07-26 20:43:21,1587,90.2,9.0,116923,4,1,1,1,1,full_screen
2026-07-26 20:43:22,1588,90.2,9.0,116923,4,1,1,1,1,full_screen
2026-07-26 20:43:26,1592,90.8,9.2,116654,4,1,1,1,1,full_screen
2026-07-26 20:43:31,1597,88.9,9.2,116715,4,1,1,1,1,full_screen
2026-07-26 20:43:36,1602,90.0,9.2,116737,4,1,1,1,1,full_screen
2026-07-26 20:43:41,1607,90.4,9.2,116730,4,1,1,1,1,full_screen
2026-07-26 20:43:46,1612,89.5,9.1,116743,4,1,1,1,1,full_screen
2026-07-26 20:43:51,1617,90.6,9.2,116656,4,1,1,1,1,full_screen
2026-07-26 20:43:56,1622,91.0,9.2,116691,4,1,1,1,1,full_screen
2026-07-26 20:44:01,1627,87.5,9.2,116730,4,1,1,1,1,full_screen
2026-07-26 20:44:04,1630,87.5,9.2,116730,4,1,1,1,1,full_screen
2026-07-26 20:44:05,1631,87.5,9.2,116730,4,1,1,1,1,full_screen
2026-07-26 20:44:06,1632,83.1,9.1,116778,4,1,1,1,1,full_screen
2026-07-26 20:44:11,1637,80.2,9.1,116767,4,1,1,1,1,full_screen
2026-07-26 20:44:16,1642,82.3,9.1,116783,4,1,1,1,1,full_screen
2026-07-26 20:44:21,1647,80.8,9.1,116808,4,1,1,1,1,full_screen
2026-07-26 20:44:26,1652,80.9,9.1,116801,4,1,1,1,1,full_screen
2026-07-26 20:44:31,1657,80.6,9.1,116841,4,1,1,1,1,full_screen
2026-07-26 20:44:36,1662,78.5,9.1,116846,4,1,1,1,1,full_screen
2026-07-26 20:44:41,1667,85.9,9.1,116814,4,1,1,1,1,full_screen
2026-07-26 20:44:46,1672,80.3,9.1,116801,4,1,1,1,1,full_screen
2026-07-26 20:44:47,1673,80.3,9.1,116801,4,1,1,1,1,full_screen
2026-07-26 20:44:48,1674,80.3,9.1,116801,4,1,1,1,1,full_screen
2026-07-26 20:44:51,1677,84.0,9.1,116799,4,1,1,1,1,full_screen
2026-07-26 20:44:56,1682,81.5,9.1,116808,4,1,1,1,1,full_screen
2026-07-26 20:45:01,1687,85.3,9.2,116729,4,1,1,1,1,full_screen
2026-07-26 20:45:06,1692,81.4,9.1,116843,4,1,1,1,1,full_screen
2026-07-26 20:45:11,1697,77.8,9.1,116828,4,1,1,1,1,full_screen
2026-07-26 20:45:16,1702,83.3,9.1,116798,4,1,1,1,1,full_screen
2026-07-26 20:45:21,1707,78.1,9.1,116816,4,1,1,1,1,full_screen
2026-07-26 20:45:26,1712,85.0,9.1,116826,4,1,1,1,1,full_screen
2026-07-26 20:45:30,1716,85.0,9.1,116826,4,1,1,1,1,full_screen
2026-07-26 20:45:31,1717,85.0,9.1,116826,4,1,1,1,1,full_screen
2026-07-26 20:45:31,1717,78.7,9.2,116709,4,1,1,1,1,full_screen
2026-07-26 20:45:36,1722,80.2,9.2,116675,4,1,1,1,1,full_screen
2026-07-26 20:45:41,1727,79.7,9.2,116730,4,1,1,1,1,full_screen
2026-07-26 20:45:46,1732,79.0,9.2,116648,4,1,1,1,1,full_screen
2026-07-26 20:45:51,1737,79.5,9.0,116923,4,1,1,1,1,full_screen
2026-07-26 20:45:51,1737,79.5,9.0,116923,4,1,1,1,1,full_screen
2026-07-26 20:45:53,1739,79.5,9.0,116923,4,1,1,1,1,full_screen
2026-07-26 20:45:56,1742,78.6,9.2,116722,4,1,1,1,1,full_screen
2026-07-26 20:46:01,1747,83.5,9.2,116717,4,1,1,1,1,full_screen
2026-07-26 20:46:06,1752,81.9,9.1,116752,4,1,1,1,1,full_screen
2026-07-26 20:46:11,1757,82.5,9.2,116732,4,1,1,1,1,full_screen
2026-07-26 20:46:12,1758,82.5,9.2,116732,4,1,1,1,1,full_screen
2026-07-26 20:46:13,1759,82.5,9.2,116732,4,1,1,1,1,full_screen
2026-07-26 20:46:16,1762,85.6,9.2,116631,4,1,1,1,1,full_screen
2026-07-26 20:46:21,1767,86.8,9.2,116639,4,1,1,1,1,full_screen
2026-07-26 20:46:26,1772,87.8,9.2,116685,4,1,1,1,1,full_screen
2026-07-26 20:46:31,1777,86.3,9.2,116687,4,1,1,1,1,full_screen
2026-07-26 20:46:34,1780,86.3,9.2,116687,4,1,1,1,1,full_screen
2026-07-26 20:46:35,1781,86.3,9.2,116687,4,1,1,1,1,full_screen
2026-07-26 20:46:36,1782,87.5,9.2,116693,4,1,1,1,1,full_screen
2026-07-26 20:46:41,1787,87.1,9.2,116712,4,1,1,1,1,full_screen
2026-07-26 20:46:46,1792,86.2,9.2,116689,4,1,1,1,1,full_screen
2026-07-26 20:46:51,1797,85.4,9.2,116720,4,1,1,1,1,full_screen
2026-07-26 20:46:55,1801,85.4,9.2,116720,4,1,1,1,1,full_screen
2026-07-26 20:46:56,1802,83.9,9.1,116780,4,1,1,1,1,full_screen
2026-07-26 20:46:56,1802,83.9,9.1,116780,4,1,1,1,1,full_screen
2026-07-26 20:47:01,1807,87.1,9.2,116733,4,1,1,1,1,full_screen
2026-07-26 20:47:06,1812,85.8,9.2,116691,4,1,1,1,1,full_screen
2026-07-26 20:47:11,1817,87.9,9.2,116700,4,1,1,1,1,full_screen
2026-07-26 20:47:16,1822,89.3,9.1,116775,4,1,1,1,1,full_screen
2026-07-26 20:47:17,1823,89.3,9.1,116775,4,1,1,1,1,full_screen
2026-07-26 20:47:18,1824,89.3,9.1,116775,4,1,1,1,1,full_screen
2026-07-26 20:47:21,1827,89.9,9.2,116635,4,1,1,1,1,full_screen
2026-07-26 20:47:26,1832,85.7,9.2,116724,4,1,1,1,1,full_screen
2026-07-26 20:47:31,1837,85.0,9.2,116697,4,1,1,1,1,full_screen
2026-07-26 20:47:36,1842,84.2,9.2,116705,4,1,1,1,1,full_screen
2026-07-26 20:47:38,1844,84.2,9.2,116705,4,1,1,1,1,full_screen
2026-07-26 20:47:39,1845,84.2,9.2,116705,4,1,1,1,1,full_screen
2026-07-26 20:47:41,1847,81.9,9.2,116707,4,1,1,1,1,full_screen
2026-07-26 20:47:46,1852,82.5,9.2,116687,4,1,1,1,1,full_screen
2026-07-26 20:47:51,1857,80.1,9.2,116724,4,1,1,1,1,full_screen
2026-07-26 20:47:56,1862,85.7,9.3,116552,4,1,1,1,1,full_screen
2026-07-26 20:48:00,1866,85.7,9.3,116552,4,1,1,1,1,full_screen
2026-07-26 20:48:01,1867,85.7,9.3,116552,4,1,1,1,1,full_screen
2026-07-26 20:48:01,1867,83.2,9.1,116746,4,1,1,1,1,full_screen
2026-07-26 20:48:06,1872,86.8,9.2,116648,4,1,1,1,1,full_screen
2026-07-26 20:48:11,1877,92.4,9.2,116670,4,1,1,1,1,full_screen
2026-07-26 20:48:16,1882,89.5,9.2,116617,4,1,1,1,1,full_screen
2026-07-26 20:48:21,1887,89.5,9.2,116617,4,1,1,1,1,full_screen
2026-07-26 20:48:21,1887,93.5,9.1,116834,4,1,1,1,1,full_screen
2026-07-26 20:48:22,1888,93.5,9.1,116834,4,1,1,1,1,full_screen
2026-07-26 20:48:26,1892,94.7,9.2,116651,4,1,1,1,1,full_screen
2026-07-26 20:48:31,1897,93.8,9.3,116553,4,1,1,1,1,full_screen
2026-07-26 20:48:36,1902,92.5,9.3,116613,4,1,1,1,1,full_screen
2026-07-26 20:48:41,1907,92.1,9.3,116603,4,1,1,1,1,full_screen
2026-07-26 20:48:43,1909,92.1,9.3,116603,4,1,1,1,1,full_screen
2026-07-26 20:48:44,1910,92.1,9.3,116603,4,1,1,1,1,full_screen
2026-07-26 20:48:46,1912,95.7,9.3,116605,4,1,1,1,1,full_screen
2026-07-26 20:48:51,1917,95.3,9.3,116601,4,1,1,1,1,full_screen
2026-07-26 20:48:56,1922,95.6,9.3,116573,4,1,1,1,1,full_screen
2026-07-26 20:49:01,1927,96.5,9.2,116641,4,1,1,1,1,full_screen
2026-07-26 20:49:06,1932,96.6,9.2,116626,4,1,1,1,1,full_screen
2026-07-26 20:49:11,1937,96.4,9.2,116638,4,1,1,1,1,full_screen
2026-07-26 20:49:16,1942,96.5,9.2,116631,4,1,1,1,1,full_screen
2026-07-26 20:49:21,1947,96.4,9.2,116640,4,1,1,1,1,full_screen
2026-07-26 20:49:26,1952,96.4,9.2,116640,4,1,1,1,1,full_screen
2026-07-26 20:49:26,1952,96.1,9.2,116726,4,1,1,1,1,full_screen
2026-07-26 20:49:27,1953,96.1,9.2,116726,4,1,1,1,1,full_screen
2026-07-26 20:49:31,1957,96.7,9.3,116588,4,1,1,1,1,full_screen
2026-07-26 20:49:36,1962,95.0,9.3,116584,4,1,1,1,1,full_screen
2026-07-26 20:49:41,1967,94.1,9.2,116619,4,1,1,1,1,full_screen
2026-07-26 20:49:46,1972,94.9,9.3,116606,4,1,1,1,1,full_screen
2026-07-26 20:49:51,1977,92.2,9.2,116690,4,1,1,1,1,full_screen
2026-07-26 20:49:56,1982,92.9,9.2,116629,4,1,1,1,1,full_screen
2026-07-26 20:50:01,1987,91.6,9.2,116637,4,1,1,1,1,full_screen
2026-07-26 20:50:06,1992,86.8,9.2,116669,4,1,1,1,1,full_screen
2026-07-26 20:50:09,1995,86.8,9.2,116669,4,1,1,1,1,full_screen
2026-07-26 20:50:10,1996,86.8,9.2,116669,4,1,1,1,1,full_screen
2026-07-26 20:50:11,1997,83.7,9.2,116673,4,1,1,1,1,full_screen
2026-07-26 20:50:16,2002,80.5,9.1,116747,4,1,1,1,1,full_screen
2026-07-26 20:50:21,2007,79.0,9.2,116687,4,1,1,1,1,full_screen
2026-07-26 20:50:26,2012,77.6,9.2,116709,4,1,1,1,1,full_screen
2026-07-26 20:50:31,2017,79.7,9.3,116609,4,1,1,1,1,full_screen
2026-07-26 20:50:36,2022,79.1,9.2,116718,4,1,1,1,1,full_screen
2026-07-26 20:50:41,2027,83.1,9.2,116662,4,1,1,1,1,full_screen
2026-07-26 20:50:46,2032,86.3,9.2,116676,4,1,1,1,1,full_screen
2026-07-26 20:50:51,2037,92.6,9.1,116773,4,1,1,1,1,full_screen
2026-07-26 20:50:51,2037,92.6,9.1,116773,4,1,1,1,1,full_screen
2026-07-26 20:50:52,2038,92.6,9.1,116773,4,1,1,1,1,full_screen
2026-07-26 20:50:56,2042,91.5,9.2,116616,4,1,1,1,1,full_screen
2026-07-26 20:51:01,2047,92.2,9.2,116647,4,1,1,1,1,full_screen
2026-07-26 20:51:06,2052,94.3,9.3,116574,4,1,1,1,1,full_screen
2026-07-26 20:51:11,2057,92.2,9.2,116647,4,1,1,1,1,full_screen
2026-07-26 20:51:16,2062,90.3,9.3,116590,4,1,1,1,1,full_screen
2026-07-26 20:51:21,2067,92.5,9.2,116615,4,1,1,1,1,full_screen
2026-07-26 20:51:26,2072,94.4,9.3,116548,4,1,1,1,1,full_screen
2026-07-26 20:51:31,2077,93.8,9.3,116591,4,1,1,1,1,full_screen
2026-07-26 20:51:34,2080,93.8,9.3,116591,4,1,1,1,1,full_screen
2026-07-26 20:51:35,2081,93.8,9.3,116591,4,1,1,1,1,full_screen
2026-07-26 20:51:36,2082,89.7,9.3,116599,4,1,1,1,1,full_screen
2026-07-26 20:51:41,2087,87.1,9.3,116511,4,1,1,1,1,full_screen
2026-07-26 20:51:46,2092,90.2,9.2,116624,4,1,1,1,1,full_screen
2026-07-26 20:51:51,2097,89.9,9.3,116596,4,1,1,1,1,full_screen
2026-07-26 20:51:56,2102,88.3,9.2,116712,4,1,1,1,1,full_screen
2026-07-26 20:52:01,2107,86.0,9.3,116573,4,1,1,1,1,full_screen
2026-07-26 20:52:06,2112,89.5,9.3,116604,4,1,1,1,1,full_screen
2026-07-26 20:52:11,2117,88.6,9.3,116562,4,1,1,1,1,full_screen
2026-07-26 20:52:16,2122,90.8,9.2,116698,4,1,1,1,1,full_screen
2026-07-26 20:52:17,2123,90.8,9.2,116698,4,1,1,1,1,full_screen
2026-07-26 20:52:18,2124,90.8,9.2,116698,4,1,1,1,1,full_screen
2026-07-26 20:52:21,2127,91.8,9.2,116628,4,1,1,1,1,full_screen
2026-07-26 20:52:26,2132,90.5,9.2,116615,4,1,1,1,1,full_screen
2026-07-26 20:52:31,2137,92.5,9.2,116629,4,1,1,1,1,full_screen
2026-07-26 20:52:36,2142,90.4,9.3,116602,4,1,1,1,1,full_screen
2026-07-26 20:52:39,2145,90.4,9.3,116602,4,1,1,1,1,full_screen
2026-07-26 20:52:40,2146,90.4,9.3,116602,4,1,1,1,1,full_screen
2026-07-26 20:52:41,2147,91.4,9.3,116547,4,1,1,1,1,full_screen
2026-07-26 20:52:47,2153,92.9,9.2,116621,4,1,1,1,1,full_screen
2026-07-26 20:52:52,2158,91.1,9.3,116608,4,1,1,1,1,full_screen
2026-07-26 20:52:57,2163,91.8,9.3,116595,4,1,1,1,1,full_screen
2026-07-26 20:53:00,2166,91.8,9.3,116595,4,1,1,1,1,full_screen
2026-07-26 20:53:01,2167,91.8,9.3,116595,4,1,1,1,1,full_screen
2026-07-26 20:53:02,2168,89.0,9.3,116596,4,1,1,1,1,full_screen
2026-07-26 20:53:07,2173,89.4,9.3,116603,4,1,1,1,1,full_screen
2026-07-26 20:53:12,2178,85.3,9.2,116648,4,1,1,1,1,full_screen
2026-07-26 20:53:17,2183,85.2,9.3,116589,4,1,1,1,1,full_screen
2026-07-26 20:53:22,2188,82.7,9.1,116800,4,1,1,1,1,full_screen
2026-07-26 20:53:22,2188,82.7,9.1,116800,4,1,1,1,1,full_screen
2026-07-26 20:53:23,2189,82.7,9.1,116800,4,1,1,1,1,full_screen
2026-07-26 20:53:27,2193,85.4,9.2,116631,4,1,1,1,1,full_screen
2026-07-26 20:53:32,2198,87.5,9.2,116643,4,1,1,1,1,full_screen
2026-07-26 20:53:37,2203,87.2,9.2,116671,4,1,1,1,1,full_screen
2026-07-26 20:53:42,2208,81.9,9.3,116581,4,1,1,1,1,full_screen
2026-07-26 20:53:43,2209,81.9,9.3,116581,4,1,1,1,1,full_screen
2026-07-26 20:53:44,2210,81.9,9.3,116581,4,1,1,1,1,full_screen
2026-07-26 20:53:47,2213,82.8,9.3,116555,4,1,1,1,1,full_screen
2026-07-26 20:53:52,2218,82.8,9.2,116613,4,1,1,1,1,full_screen
2026-07-26 20:53:57,2223,82.9,9.3,116594,4,1,1,1,1,full_screen
2026-07-26 20:54:02,2228,80.2,9.2,116650,4,1,1,1,1,full_screen
2026-07-26 20:54:05,2231,80.2,9.2,116650,4,1,1,1,1,full_screen
2026-07-26 20:54:06,2232,80.2,9.2,116650,4,1,1,1,1,full_screen
2026-07-26 20:54:07,2233,86.8,9.2,116636,4,1,1,1,1,full_screen
2026-07-26 20:54:12,2238,86.1,9.2,116616,4,1,1,1,1,full_screen
2026-07-26 20:54:17,2243,82.9,9.2,116643,4,1,1,1,1,full_screen
2026-07-26 20:54:22,2248,82.3,9.3,116597,4,1,1,1,1,full_screen
2026-07-26 20:54:26,2252,82.3,9.3,116597,4,1,1,1,1,full_screen
2026-07-26 20:54:27,2253,79.0,9.2,116645,4,1,1,1,1,full_screen
2026-07-26 20:54:27,2253,79.0,9.2,116645,4,1,1,1,1,full_screen
2026-07-26 20:54:32,2258,83.0,9.2,116625,4,1,1,1,1,full_screen
2026-07-26 20:54:37,2263,79.4,9.2,116637,4,1,1,1,1,full_screen
2026-07-26 20:54:42,2268,81.3,9.2,116619,4,1,1,1,1,full_screen
2026-07-26 20:54:47,2273,77.3,9.1,116783,4,1,1,1,1,full_screen
2026-07-26 20:54:48,2274,77.3,9.1,116783,4,1,1,1,1,full_screen
2026-07-26 20:54:49,2275,77.3,9.1,116783,4,1,1,1,1,full_screen
2026-07-26 20:54:52,2278,80.6,9.2,116614,4,1,1,1,1,full_screen
2026-07-26 20:54:57,2283,77.3,9.3,116588,4,1,1,1,1,full_screen
2026-07-26 20:55:02,2288,81.8,9.2,116624,4,1,1,1,1,full_screen
2026-07-26 20:55:07,2293,77.9,9.2,116645,4,1,1,1,1,full_screen
2026-07-26 20:55:09,2295,77.9,9.2,116645,4,1,1,1,1,full_screen
2026-07-26 20:55:10,2296,77.9,9.2,116645,4,1,1,1,1,full_screen
2026-07-26 20:55:12,2298,77.1,9.2,116616,4,1,1,1,1,full_screen
2026-07-26 20:55:17,2303,85.0,9.3,116571,4,1,1,1,1,full_screen
2026-07-26 20:55:22,2308,84.6,9.2,116617,4,1,1,1,1,full_screen
2026-07-26 20:55:27,2313,86.2,9.3,116570,4,1,1,1,1,full_screen
2026-07-26 20:55:30,2316,86.2,9.3,116570,4,1,1,1,1,full_screen
2026-07-26 20:55:31,2317,86.2,9.3,116570,4,1,1,1,1,full_screen
2026-07-26 20:55:32,2318,85.6,9.3,116597,4,1,1,1,1,full_screen
2026-07-26 20:55:37,2323,86.2,9.3,116514,4,1,1,1,1,full_screen
2026-07-26 20:55:42,2328,87.6,9.3,116562,4,1,1,1,1,full_screen
2026-07-26 20:55:47,2333,83.2,9.2,116618,4,1,1,1,1,full_screen
2026-07-26 20:55:52,2338,78.0,9.2,116712,4,1,1,1,1,full_screen
2026-07-26 20:55:57,2343,78.3,9.2,116656,4,1,1,1,1,full_screen
2026-07-26 20:56:02,2348,80.0,9.2,116649,4,1,1,1,1,full_screen
2026-07-26 20:56:07,2353,80.5,9.3,116610,4,1,1,1,1,full_screen
2026-07-26 20:56:12,2358,82.9,9.3,116566,4,1,1,1,1,full_screen
2026-07-26 20:56:13,2359,82.9,9.3,116566,4,1,1,1,1,full_screen
2026-07-26 20:56:14,2360,82.9,9.3,116566,4,1,1,1,1,full_screen
2026-07-26 20:56:17,2363,87.4,9.3,116573,4,1,1,1,1,full_screen
2026-07-26 20:56:22,2368,87.0,9.3,116565,4,1,1,1,1,full_screen
2026-07-26 20:56:27,2373,83.3,9.2,116641,4,1,1,1,1,full_screen
2026-07-26 20:56:32,2378,79.7,9.2,116644,4,1,1,1,1,full_screen
2026-07-26 20:56:37,2383,81.7,9.3,116600,4,1,1,1,1,full_screen
2026-07-26 20:56:42,2388,77.8,9.2,116614,4,1,1,1,1,full_screen
2026-07-26 20:56:47,2393,80.5,9.2,116681,4,1,1,1,1,full_screen
2026-07-26 20:56:52,2398,77.3,9.2,116638,4,1,1,1,1,full_screen
2026-07-26 20:56:56,2402,77.3,9.2,116638,4,1,1,1,1,full_screen
2026-07-26 20:56:57,2403,82.7,9.2,116646,4,1,1,1,1,full_screen
2026-07-26 20:56:57,2403,82.7,9.2,116646,4,1,1,1,1,full_screen
2026-07-26 20:57:02,2408,86.9,9.2,116653,4,1,1,1,1,full_screen
2026-07-26 20:57:07,2413,85.2,9.2,116636,4,1,1,1,1,full_screen
2026-07-26 20:57:12,2418,86.8,9.2,116632,4,1,1,1,1,full_screen
2026-07-26 20:57:17,2423,84.6,9.2,116735,4,1,1,1,1,full_screen
2026-07-26 20:57:22,2428,85.6,9.2,116619,4,1,1,1,1,full_screen
2026-07-26 20:57:27,2433,84.2,9.3,116611,4,1,1,1,1,full_screen
2026-07-26 20:57:32,2438,83.3,9.3,116578,4,1,1,1,1,full_screen
2026-07-26 20:57:37,2443,85.4,9.3,116577,4,1,1,1,1,full_screen
2026-07-26 20:57:39,2445,85.4,9.3,116577,4,1,1,1,1,full_screen
2026-07-26 20:57:40,2446,85.4,9.3,116577,4,1,1,1,1,full_screen
2026-07-26 20:57:42,2448,84.7,9.3,116592,4,1,1,1,1,full_screen
2026-07-26 20:57:47,2453,87.3,9.3,116578,4,1,1,1,1,full_screen
2026-07-26 20:57:52,2458,85.5,9.3,116572,4,1,1,1,1,full_screen
2026-07-26 20:57:57,2463,86.8,9.3,116597,4,1,1,1,1,full_screen
2026-07-26 20:58:02,2468,83.1,9.2,116666,4,1,1,1,1,full_screen
2026-07-26 20:58:07,2473,82.9,9.3,116579,4,1,1,1,1,full_screen
2026-07-26 20:58:12,2478,84.1,9.2,116624,4,1,1,1,1,full_screen
2026-07-26 20:58:17,2483,81.9,9.2,116681,4,1,1,1,1,full_screen
2026-07-26 20:58:22,2488,81.9,9.2,116681,4,1,1,1,1,full_screen
2026-07-26 20:58:22,2488,81.3,9.1,116776,4,1,1,1,1,full_screen
2026-07-26 20:58:23,2489,81.3,9.1,116776,4,1,1,1,1,full_screen
2026-07-26 20:58:27,2493,84.7,9.2,116645,4,1,1,1,1,full_screen
2026-07-26 20:58:32,2498,88.3,9.3,116584,4,1,1,1,1,full_screen
2026-07-26 20:58:37,2503,94.6,9.2,116621,4,1,1,1,1,full_screen
2026-07-26 20:58:42,2508,93.3,9.3,116591,4,1,1,1,1,full_screen
2026-07-26 20:58:47,2513,94.7,9.3,116566,4,1,1,1,1,full_screen
2026-07-26 20:58:52,2518,95.4,9.3,116584,4,1,1,1,1,full_screen
2026-07-26 20:58:57,2523,94.0,9.3,116570,4,1,1,1,1,full_screen
2026-07-26 20:59:02,2528,89.0,9.3,116544,4,1,1,1,1,full_screen
2026-07-26 20:59:05,2531,89.0,9.3,116544,4,1,1,1,1,full_screen
2026-07-26 20:59:06,2532,89.0,9.3,116544,4,1,1,1,1,full_screen
2026-07-26 20:59:07,2533,86.0,9.3,116532,4,1,1,1,1,full_screen
2026-07-26 20:59:12,2538,88.6,9.2,116645,4,1,1,1,1,full_screen
2026-07-26 20:59:17,2543,85.7,9.2,116616,4,1,1,1,1,full_screen
2026-07-26 20:59:22,2548,87.9,9.3,116594,4,1,1,1,1,full_screen
2026-07-26 20:59:27,2553,87.9,9.3,116594,4,1,1,1,1,full_screen
2026-07-26 20:59:27,2553,88.3,9.2,116689,4,1,1,1,1,full_screen
2026-07-26 20:59:28,2554,88.3,9.2,116689,4,1,1,1,1,full_screen
2026-07-26 20:59:32,2558,91.9,9.3,116574,4,1,1,1,1,full_screen
2026-07-26 20:59:37,2563,96.0,9.3,116547,4,1,1,1,1,full_screen
2026-07-26 20:59:42,2568,96.9,9.4,116459,4,1,1,1,1,full_screen
2026-07-26 20:59:47,2573,96.7,9.2,116657,4,1,1,1,1,full_screen
2026-07-26 20:59:48,2574,96.7,9.2,116657,4,1,1,1,1,full_screen
2026-07-26 20:59:49,2575,96.7,9.2,116657,4,1,1,1,1,full_screen
2026-07-26 20:59:52,2578,97.5,9.3,116515,4,1,1,1,1,full_screen
2026-07-26 20:59:57,2583,97.9,9.3,116537,4,1,1,1,1,full_screen
2026-07-26 21:00:02,2588,97.7,9.3,116536,4,1,1,1,1,full_screen
2026-07-26 21:00:07,2593,97.2,9.3,116503,4,1,1,1,1,full_screen
2026-07-26 21:00:10,2596,97.2,9.3,116503,4,1,1,1,1,full_screen
2026-07-26 21:00:11,2597,97.2,9.3,116503,4,1,1,1,1,full_screen
2026-07-26 21:00:12,2598,95.9,9.3,116521,4,1,1,1,1,full_screen
2026-07-26 21:00:17,2603,95.3,9.3,116558,4,1,1,1,1,full_screen
2026-07-26 21:00:22,2608,95.6,9.3,116567,4,1,1,1,1,full_screen
2026-07-26 21:00:27,2613,96.4,9.3,116581,4,1,1,1,1,full_screen
2026-07-26 21:00:30,2616,96.4,9.3,116581,4,1,1,1,1,full_screen
2026-07-26 21:00:31,2617,96.4,9.3,116581,4,1,1,1,1,full_screen
2026-07-26 21:00:32,2618,93.6,9.3,116536,4,1,1,1,1,full_screen
2026-07-26 21:00:37,2623,92.4,9.3,116519,4,1,1,1,1,full_screen
2026-07-26 21:00:42,2628,93.4,9.3,116493,4,1,1,1,1,full_screen
2026-07-26 21:00:47,2633,95.4,9.3,116529,4,1,1,1,1,full_screen
2026-07-26 21:00:52,2638,94.6,9.2,116709,4,1,1,1,1,full_screen
2026-07-26 21:00:52,2638,94.6,9.2,116709,4,1,1,1,1,full_screen
2026-07-26 21:00:53,2639,94.6,9.2,116709,4,1,1,1,1,full_screen
2026-07-26 21:00:57,2643,94.9,9.3,116524,4,1,1,1,1,full_screen
2026-07-26 21:01:02,2648,91.7,9.3,116537,4,1,1,1,1,full_screen
2026-07-26 21:01:07,2653,89.0,9.3,116510,4,1,1,1,1,full_screen
2026-07-26 21:01:12,2658,87.2,9.3,116542,4,1,1,1,1,full_screen
2026-07-26 21:01:13,2659,87.2,9.3,116542,4,1,1,1,1,full_screen
2026-07-26 21:01:14,2660,87.2,9.3,116542,4,1,1,1,1,full_screen
2026-07-26 21:01:17,2663,88.8,9.3,116573,4,1,1,1,1,full_screen
2026-07-26 21:01:22,2668,90.4,9.3,116535,4,1,1,1,1,full_screen
2026-07-26 21:01:27,2673,89.1,9.3,116583,4,1,1,1,1,full_screen
2026-07-26 21:01:32,2678,89.8,9.3,116547,4,1,1,1,1,full_screen
2026-07-26 21:01:35,2681,89.8,9.3,116547,4,1,1,1,1,full_screen
2026-07-26 21:01:36,2682,89.8,9.3,116547,4,1,1,1,1,full_screen
2026-07-26 21:01:37,2683,89.3,9.3,116550,4,1,1,1,1,full_screen
2026-07-26 21:01:42,2688,91.0,9.3,116522,4,1,1,1,1,full_screen
2026-07-26 21:01:47,2693,92.1,9.3,116580,4,1,1,1,1,full_screen
2026-07-26 21:01:52,2698,89.8,9.3,116582,4,1,1,1,1,full_screen
2026-07-26 21:01:56,2702,89.8,9.3,116582,4,1,1,1,1,full_screen
2026-07-26 21:01:57,2703,91.3,9.3,116603,4,1,1,1,1,full_screen
2026-07-26 21:01:57,2703,91.3,9.3,116603,4,1,1,1,1,full_screen
2026-07-26 21:02:02,2708,90.9,9.3,116591,4,1,1,1,1,full_screen
2026-07-26 21:02:07,2713,89.8,9.2,116656,4,1,1,1,1,full_screen
2026-07-26 21:02:12,2718,76.9,9.2,116659,4,1,1,1,1,full_screen
2026-07-26 21:02:17,2723,78.7,9.1,116772,4,1,1,1,1,full_screen
2026-07-26 21:02:18,2724,78.7,9.1,116772,4,1,1,1,1,full_screen
2026-07-26 21:02:19,2725,78.7,9.1,116772,4,1,1,1,1,full_screen
2026-07-26 21:02:22,2728,77.9,9.3,116598,4,1,1,1,1,full_screen
2026-07-26 21:02:27,2733,78.3,9.2,116665,4,1,1,1,1,full_screen
2026-07-26 21:02:32,2738,81.1,9.3,116572,4,1,1,1,1,full_screen
2026-07-26 21:02:37,2743,78.0,9.3,116601,4,1,1,1,1,full_screen
2026-07-26 21:02:39,2745,78.0,9.3,116601,4,1,1,1,1,full_screen
2026-07-26 21:02:40,2746,78.0,9.3,116601,4,1,1,1,1,full_screen
2026-07-26 21:02:42,2748,82.0,9.3,116608,4,1,1,1,1,full_screen
2026-07-26 21:02:47,2753,77.4,9.3,116555,4,1,1,1,1,full_screen
2026-07-26 21:02:52,2758,81.6,9.3,116559,4,1,1,1,1,full_screen
2026-07-26 21:02:57,2763,81.6,9.2,116615,4,1,1,1,1,full_screen
2026-07-26 21:03:01,2767,81.6,9.2,116615,4,1,1,1,1,full_screen
2026-07-26 21:03:02,2768,81.6,9.2,116615,4,1,1,1,1,full_screen
2026-07-26 21:03:02,2768,83.8,9.3,116592,4,1,1,1,1,full_screen
2026-07-26 21:03:07,2773,87.7,9.3,116613,4,1,1,1,1,full_screen
2026-07-26 21:03:12,2778,81.6,9.3,116507,4,1,1,1,1,full_screen
2026-07-26 21:03:17,2783,86.0,9.3,116545,4,1,1,1,1,full_screen
2026-07-26 21:03:22,2788,77.9,9.1,116775,4,1,1,1,1,full_screen
2026-07-26 21:03:27,2793,86.3,9.3,116544,4,1,1,1,1,full_screen
2026-07-26 21:03:32,2798,81.8,9.3,116592,4,1,1,1,1,full_screen
2026-07-26 21:03:37,2803,77.5,9.3,116604,4,1,1,1,1,full_screen
2026-07-26 21:03:42,2808,83.1,9.3,116536,4,1,1,1,1,full_screen
2026-07-26 21:03:44,2810,83.1,9.3,116536,4,1,1,1,1,full_screen
2026-07-26 21:03:45,2811,83.1,9.3,116536,4,1,1,1,1,full_screen
2026-07-26 21:03:47,2813,78.4,9.2,116620,4,1,1,1,1,full_screen
2026-07-26 21:03:52,2818,84.2,9.3,116581,4,1,1,1,1,full_screen
2026-07-26 21:03:57,2823,79.0,9.3,116591,4,1,1,1,1,full_screen
2026-07-26 21:04:02,2828,77.6,9.3,116548,4,1,1,1,1,full_screen
2026-07-26 21:04:07,2833,79.8,9.3,116569,4,1,1,1,1,full_screen
2026-07-26 21:04:12,2838,76.1,9.3,116565,4,1,1,1,1,full_screen
2026-07-26 21:04:17,2843,81.6,9.2,116628,4,1,1,1,1,full_screen
2026-07-26 21:04:22,2848,76.8,9.2,116629,4,1,1,1,1,full_screen
2026-07-26 21:04:27,2853,76.8,9.2,116629,4,1,1,1,1,full_screen
2026-07-26 21:04:27,2853,84.1,9.2,116716,4,1,1,1,1,full_screen
2026-07-26 21:04:28,2854,84.1,9.2,116716,4,1,1,1,1,full_screen
2026-07-26 21:04:32,2858,84.0,9.2,116632,4,1,1,1,1,full_screen
2026-07-26 21:04:37,2863,84.9,9.3,116516,4,1,1,1,1,full_screen
2026-07-26 21:04:42,2868,82.4,9.3,116566,4,1,1,1,1,full_screen
2026-07-26 21:04:47,2873,78.2,9.2,116729,4,1,1,1,1,full_screen
2026-07-26 21:04:52,2878,88.2,9.2,116659,4,1,1,1,1,full_screen
2026-07-26 21:04:57,2883,84.7,9.3,116584,4,1,1,1,1,full_screen
2026-07-26 21:05:02,2888,85.2,9.2,116658,4,1,1,1,1,full_screen
2026-07-26 21:05:07,2893,84.3,9.2,116623,4,1,1,1,1,full_screen
2026-07-26 21:05:10,2896,84.3,9.2,116623,4,1,1,1,1,full_screen
2026-07-26 21:05:11,2897,84.3,9.2,116623,4,1,1,1,1,full_screen
2026-07-26 21:05:12,2898,82.7,9.3,116495,4,1,1,1,1,full_screen
2026-07-26 21:05:17,2903,88.2,9.3,116592,4,1,1,1,1,full_screen
2026-07-26 21:05:22,2908,81.4,9.3,116612,4,1,1,1,1,full_screen
2026-07-26 21:05:27,2913,81.3,9.2,116629,4,1,1,1,1,full_screen
2026-07-26 21:05:32,2918,82.3,9.3,116601,4,1,1,1,1,full_screen
2026-07-26 21:05:37,2923,83.9,9.3,116576,4,1,1,1,1,full_screen
2026-07-26 21:05:43,2929,83.5,9.2,116644,4,1,1,1,1,full_screen
2026-07-26 21:05:48,2934,79.5,9.3,116553,4,1,1,1,1,full_screen
2026-07-26 21:05:52,2938,79.5,9.3,116553,4,1,1,1,1,full_screen
2026-07-26 21:05:53,2939,80.4,9.1,116755,4,1,1,1,1,full_screen
2026-07-26 21:05:53,2939,80.4,9.1,116755,4,1,1,1,1,full_screen
2026-07-26 21:05:58,2944,84.5,9.3,116581,4,1,1,1,1,full_screen
2026-07-26 21:06:03,2949,85.9,9.3,116593,4,1,1,1,1,full_screen
2026-07-26 21:06:08,2954,83.9,9.3,116581,4,1,1,1,1,full_screen
2026-07-26 21:06:13,2959,82.2,9.3,116596,4,1,1,1,1,full_screen
2026-07-26 21:06:18,2964,86.2,9.3,116583,4,1,1,1,1,full_screen
2026-07-26 21:06:23,2969,87.4,9.3,116521,4,1,1,1,1,full_screen
2026-07-26 21:06:28,2974,82.8,9.2,116616,4,1,1,1,1,full_screen
2026-07-26 21:06:33,2979,80.6,9.3,116604,4,1,1,1,1,full_screen
2026-07-26 21:06:35,2981,80.6,9.3,116604,4,1,1,1,1,full_screen
2026-07-26 21:06:36,2982,80.6,9.3,116604,4,1,1,1,1,full_screen
2026-07-26 21:06:38,2984,81.2,9.3,116599,4,1,1,1,1,full_screen
2026-07-26 21:06:43,2989,83.0,9.3,116606,4,1,1,1,1,full_screen
2026-07-26 21:06:48,2994,83.2,9.3,116567,4,1,1,1,1,full_screen
2026-07-26 21:06:53,2999,80.8,9.3,116586,4,1,1,1,1,full_screen
2026-07-26 21:06:58,3004,82.2,9.3,116589,4,1,1,1,1,full_screen
2026-07-26 21:07:03,3009,86.0,9.3,116601,4,1,1,1,1,full_screen
2026-07-26 21:07:08,3014,88.9,9.2,116636,4,1,1,1,1,full_screen
2026-07-26 21:07:13,3019,88.5,9.3,116599,4,1,1,1,1,full_screen
2026-07-26 21:07:18,3024,80.5,9.2,116735,4,1,1,1,1,full_screen
2026-07-26 21:07:18,3024,80.5,9.2,116735,4,1,1,1,1,full_screen
2026-07-26 21:07:19,3025,80.5,9.2,116735,4,1,1,1,1,full_screen
2026-07-26 21:07:23,3029,85.7,9.3,116584,4,1,1,1,1,full_screen
2026-07-26 21:07:28,3034,88.1,9.3,116593,4,1,1,1,1,full_screen
2026-07-26 21:07:33,3039,89.5,9.3,116569,4,1,1,1,1,full_screen
2026-07-26 21:07:38,3044,85.9,9.2,116655,4,1,1,1,1,full_screen
2026-07-26 21:07:43,3049,83.2,9.3,116612,4,1,1,1,1,full_screen
2026-07-26 21:07:48,3054,87.8,9.2,116645,4,1,1,1,1,full_screen
2026-07-26 21:07:53,3059,86.6,9.2,116630,4,1,1,1,1,full_screen
2026-07-26 21:07:58,3064,85.0,9.2,116648,4,1,1,1,1,full_screen
2026-07-26 21:08:01,3067,85.0,9.2,116648,4,1,1,1,1,full_screen
2026-07-26 21:08:02,3068,85.0,9.2,116648,4,1,1,1,1,full_screen
2026-07-26 21:08:03,3069,79.6,9.3,116601,4,1,1,1,1,full_screen
2026-07-26 21:08:08,3074,83.3,9.3,116538,4,1,1,1,1,full_screen
2026-07-26 21:08:13,3079,82.8,9.2,116623,4,1,1,1,1,full_screen
2026-07-26 21:08:18,3084,80.3,9.3,116581,4,1,1,1,1,full_screen
2026-07-26 21:08:23,3089,80.6,9.2,116742,4,1,1,1,1,full_screen
2026-07-26 21:08:23,3089,80.6,9.2,116742,4,1,1,1,1,full_screen
2026-07-26 21:08:24,3090,80.6,9.2,116742,4,1,1,1,1,full_screen
2026-07-26 21:08:28,3094,91.5,9.3,116526,4,1,1,1,1,full_screen
2026-07-26 21:08:33,3099,91.4,9.3,116544,4,1,1,1,1,full_screen
2026-07-26 21:08:38,3104,91.3,9.3,116539,4,1,1,1,1,full_screen
2026-07-26 21:08:43,3109,93.3,9.4,116477,4,1,1,1,1,full_screen
2026-07-26 21:08:44,3110,93.3,9.4,116477,4,1,1,1,1,full_screen
2026-07-26 21:08:45,3111,93.3,9.4,116477,4,1,1,1,1,full_screen
2026-07-26 21:08:48,3114,92.4,9.3,116539,4,1,1,1,1,full_screen
2026-07-26 21:08:53,3119,93.8,9.3,116546,4,1,1,1,1,full_screen
2026-07-26 21:08:58,3124,96.0,9.3,116506,4,1,1,1,1,full_screen
2026-07-26 21:09:03,3129,95.9,9.3,116520,4,1,1,1,1,full_screen
2026-07-26 21:09:06,3132,95.9,9.3,116520,4,1,1,1,1,full_screen
2026-07-26 21:09:07,3133,95.9,9.3,116520,4,1,1,1,1,full_screen
2026-07-26 21:09:08,3134,96.7,9.3,116536,4,1,1,1,1,full_screen
2026-07-26 21:09:13,3139,96.6,9.3,116534,4,1,1,1,1,full_screen
2026-07-26 21:09:18,3144,96.0,9.3,116513,4,1,1,1,1,full_screen
2026-07-26 21:09:23,3149,96.7,9.3,116553,4,1,1,1,1,full_screen
2026-07-26 21:09:27,3153,96.7,9.3,116553,4,1,1,1,1,full_screen
2026-07-26 21:09:28,3154,96.7,9.3,116553,4,1,1,1,1,full_screen
2026-07-26 21:09:28,3154,95.6,9.3,116570,4,1,1,1,1,full_screen
2026-07-26 21:09:33,3159,96.0,9.3,116542,4,1,1,1,1,full_screen
2026-07-26 21:09:38,3164,96.5,9.3,116525,4,1,1,1,1,full_screen
2026-07-26 21:09:43,3169,95.8,9.4,116424,4,1,1,1,1,full_screen
2026-07-26 21:09:48,3174,94.8,9.2,116673,4,1,1,1,1,full_screen
2026-07-26 21:09:49,3175,94.8,9.2,116673,4,1,1,1,1,full_screen
2026-07-26 21:09:50,3176,94.8,9.2,116673,4,1,1,1,1,full_screen
2026-07-26 21:09:53,3179,94.9,9.3,116502,4,1,1,1,1,full_screen
2026-07-26 21:09:58,3184,94.5,9.3,116521,4,1,1,1,1,full_screen
2026-07-26 21:10:03,3189,95.3,9.3,116511,4,1,1,1,1,full_screen
2026-07-26 21:10:08,3194,93.8,9.4,116428,4,1,1,1,1,full_screen
2026-07-26 21:10:10,3196,93.8,9.4,116428,4,1,1,1,1,full_screen
2026-07-26 21:10:11,3197,93.8,9.4,116428,4,1,1,1,1,full_screen
2026-07-26 21:10:13,3199,93.0,9.3,116497,4,1,1,1,1,full_screen
2026-07-26 21:10:18,3204,93.4,9.3,116488,4,1,1,1,1,full_screen
2026-07-26 21:10:23,3209,93.3,9.3,116507,4,1,1,1,1,full_screen
2026-07-26 21:10:28,3214,92.8,9.3,116521,4,1,1,1,1,full_screen
2026-07-26 21:10:32,3218,92.8,9.3,116521,4,1,1,1,1,full_screen
2026-07-26 21:10:33,3219,92.8,9.3,116521,4,1,1,1,1,full_screen
2026-07-26 21:10:33,3219,92.7,9.3,116538,4,1,1,1,1,full_screen
2026-07-26 21:10:38,3224,92.7,9.4,116479,4,1,1,1,1,full_screen
2026-07-26 21:10:43,3229,94.8,9.4,116401,4,1,1,1,1,full_screen
2026-07-26 21:10:48,3234,95.1,9.3,116493,4,1,1,1,1,full_screen
2026-07-26 21:10:52,3238,95.1,9.3,116493,4,1,1,1,1,full_screen
2026-07-26 21:10:53,3239,95.6,9.2,116681,4,1,1,1,1,full_screen
2026-07-26 21:10:53,3239,95.6,9.2,116681,4,1,1,1,1,full_screen
2026-07-26 21:10:58,3244,96.1,9.4,116464,4,1,1,1,1,full_screen
2026-07-26 21:11:03,3249,94.7,9.3,116492,4,1,1,1,1,full_screen
2026-07-26 21:11:08,3254,92.1,9.4,116453,4,1,1,1,1,full_screen
2026-07-26 21:11:13,3259,89.8,9.3,116535,4,1,1,1,1,full_screen
2026-07-26 21:11:14,3260,89.8,9.3,116535,4,1,1,1,1,full_screen
2026-07-26 21:11:15,3261,89.8,9.3,116535,4,1,1,1,1,full_screen
2026-07-26 21:11:18,3264,90.1,9.3,116511,4,1,1,1,1,full_screen
2026-07-26 21:11:23,3269,89.7,9.3,116571,4,1,1,1,1,full_screen
2026-07-26 21:11:28,3274,88.3,9.3,116513,4,1,1,1,1,full_screen
2026-07-26 21:11:33,3279,88.9,9.3,116568,4,1,1,1,1,full_screen
2026-07-26 21:11:35,3281,88.9,9.3,116568,4,1,1,1,1,full_screen
2026-07-26 21:11:36,3282,88.9,9.3,116568,4,1,1,1,1,full_screen
2026-07-26 21:11:38,3284,88.6,9.3,116538,4,1,1,1,1,full_screen
2026-07-26 21:11:43,3289,90.0,9.3,116508,4,1,1,1,1,full_screen
2026-07-26 21:11:48,3294,88.9,9.3,116562,4,1,1,1,1,full_screen
2026-07-26 21:11:53,3299,79.3,9.2,116620,4,1,1,1,1,full_screen
2026-07-26 21:11:57,3303,79.3,9.2,116620,4,1,1,1,1,full_screen
2026-07-26 21:11:58,3304,81.0,9.2,116633,4,1,1,1,1,full_screen
2026-07-26 21:11:58,3304,81.0,9.2,116633,4,1,1,1,1,full_screen
2026-07-26 21:12:03,3309,82.6,9.3,116569,4,1,1,1,1,full_screen
2026-07-26 21:12:08,3314,82.5,9.3,116600,4,1,1,1,1,full_screen
2026-07-26 21:12:13,3319,79.0,9.3,116578,4,1,1,1,1,full_screen
2026-07-26 21:12:18,3324,82.0,9.2,116652,4,1,1,1,1,full_screen
2026-07-26 21:12:18,3324,82.0,9.2,116652,4,1,1,1,1,full_screen
2026-07-26 21:12:19,3325,82.0,9.2,116652,4,1,1,1,1,full_screen
2026-07-26 21:12:23,3329,79.8,9.3,116589,4,1,1,1,1,full_screen
2026-07-26 21:12:28,3334,81.4,9.3,116568,4,1,1,1,1,full_screen
2026-07-26 21:12:33,3339,80.1,9.3,116579,4,1,1,1,1,full_screen
2026-07-26 21:12:38,3344,77.2,9.3,116558,4,1,1,1,1,full_screen
2026-07-26 21:12:40,3346,77.2,9.3,116558,4,1,1,1,1,full_screen
2026-07-26 21:12:41,3347,77.2,9.3,116558,4,1,1,1,1,full_screen
2026-07-26 21:12:43,3349,78.0,9.3,116593,4,1,1,1,1,full_screen
2026-07-26 21:12:48,3354,77.4,9.3,116584,4,1,1,1,1,full_screen
2026-07-26 21:12:53,3359,79.4,9.2,116613,4,1,1,1,1,full_screen
2026-07-26 21:12:58,3364,78.0,9.3,116569,4,1,1,1,1,full_screen
2026-07-26 21:13:03,3369,79.8,9.3,116572,4,1,1,1,1,full_screen
2026-07-26 21:13:08,3374,81.5,9.2,116633,4,1,1,1,1,full_screen
2026-07-26 21:13:13,3379,81.8,9.2,116645,4,1,1,1,1,full_screen
2026-07-26 21:13:18,3384,83.4,9.2,116628,4,1,1,1,1,full_screen
2026-07-26 21:13:23,3389,83.4,9.2,116628,4,1,1,1,1,full_screen
2026-07-26 21:13:23,3389,79.6,9.1,116757,4,1,1,1,1,full_screen
2026-07-26 21:13:24,3390,79.6,9.1,116757,4,1,1,1,1,full_screen
2026-07-26 21:13:28,3394,85.6,9.3,116601,4,1,1,1,1,full_screen
2026-07-26 21:13:33,3399,81.1,9.2,116655,4,1,1,1,1,full_screen
2026-07-26 21:13:38,3404,83.4,9.3,116539,4,1,1,1,1,full_screen
2026-07-26 21:13:43,3409,83.4,9.3,116580,4,1,1,1,1,full_screen
2026-07-26 21:13:48,3414,84.7,9.3,116599,4,1,1,1,1,full_screen
2026-07-26 21:13:53,3419,83.9,9.3,116555,4,1,1,1,1,full_screen
2026-07-26 21:13:58,3424,81.8,9.3,116594,4,1,1,1,1,full_screen
2026-07-26 21:14:03,3429,83.8,9.3,116534,4,1,1,1,1,full_screen
2026-07-26 21:14:06,3432,83.8,9.3,116534,4,1,1,1,1,full_screen
2026-07-26 21:14:07,3433,83.8,9.3,116534,4,1,1,1,1,full_screen
2026-07-26 21:14:08,3434,83.3,9.3,116591,4,1,1,1,1,full_screen
2026-07-26 21:14:13,3439,85.3,9.3,116556,4,1,1,1,1,full_screen
2026-07-26 21:14:18,3444,81.4,9.3,116568,4,1,1,1,1,full_screen
2026-07-26 21:14:23,3449,77.7,9.2,116622,4,1,1,1,1,full_screen
2026-07-26 21:14:28,3454,76.7,9.2,116654,4,1,1,1,1,full_screen
2026-07-26 21:14:33,3459,75.3,9.2,116637,4,1,1,1,1,full_screen
2026-07-26 21:14:38,3464,77.4,9.2,116651,4,1,1,1,1,full_screen
2026-07-26 21:14:43,3469,77.3,9.3,116571,4,1,1,1,1,full_screen
2026-07-26 21:14:48,3474,77.8,9.2,116660,4,1,1,1,1,full_screen
2026-07-26 21:14:49,3475,77.8,9.2,116660,4,1,1,1,1,full_screen
2026-07-26 21:14:50,3476,77.8,9.2,116660,4,1,1,1,1,full_screen
2026-07-26 21:14:53,3479,80.6,9.2,116659,4,1,1,1,1,full_screen
2026-07-26 21:14:58,3484,83.2,9.2,116671,4,1,1,1,1,full_screen
2026-07-26 21:15:03,3489,84.4,9.2,116652,4,1,1,1,1,full_screen
2026-07-26 21:15:08,3494,82.2,9.2,116626,4,1,1,1,1,full_screen
2026-07-26 21:15:13,3499,87.6,9.3,116604,4,1,1,1,1,full_screen
2026-07-26 21:15:18,3504,86.2,9.3,116595,4,1,1,1,1,full_screen
2026-07-26 21:15:23,3509,86.4,9.3,116556,4,1,1,1,1,full_screen
2026-07-26 21:15:28,3514,80.3,9.2,116614,4,1,1,1,1,full_screen
2026-07-26 21:15:31,3517,80.3,9.2,116614,4,1,1,1,1,full_screen
2026-07-26 21:15:33,3519,80.3,9.2,116614,4,1,1,1,1,full_screen
2026-07-26 21:15:33,3519,83.3,9.3,116601,4,1,1,1,1,full_screen
2026-07-26 21:15:38,3524,84.5,9.3,116602,4,1,1,1,1,full_screen
2026-07-26 21:15:43,3529,80.4,9.3,116596,4,1,1,1,1,full_screen
2026-07-26 21:15:48,3534,86.1,9.2,116633,4,1,1,1,1,full_screen
2026-07-26 21:15:53,3539,83.0,9.2,116730,4,1,1,1,1,full_screen
2026-07-26 21:15:53,3539,83.0,9.2,116730,4,1,1,1,1,full_screen
2026-07-26 21:15:54,3540,83.0,9.2,116730,4,1,1,1,1,full_screen
2026-07-26 21:15:58,3544,90.7,9.3,116553,4,1,1,1,1,full_screen
2026-07-26 21:16:03,3549,87.6,9.3,116535,4,1,1,1,1,full_screen
2026-07-26 21:16:08,3554,80.8,9.2,116622,4,1,1,1,1,full_screen
2026-07-26 21:16:13,3559,81.3,9.3,116544,4,1,1,1,1,full_screen
2026-07-26 21:16:14,3560,81.3,9.3,116544,4,1,1,1,1,full_screen
2026-07-26 21:16:15,3561,81.3,9.3,116544,4,1,1,1,1,full_screen
2026-07-26 21:16:18,3564,79.4,9.3,116602,4,1,1,1,1,full_screen
2026-07-26 21:16:23,3569,81.9,9.3,116549,4,1,1,1,1,full_screen
2026-07-26 21:16:28,3574,80.4,9.2,116642,4,1,1,1,1,full_screen
2026-07-26 21:16:33,3579,81.2,9.3,116486,4,1,1,1,1,full_screen
2026-07-26 21:16:36,3582,81.2,9.3,116486,4,1,1,1,1,full_screen
2026-07-26 21:16:37,3583,81.2,9.3,116486,4,1,1,1,1,full_screen
2026-07-26 21:16:38,3584,84.9,9.3,116555,4,1,1,1,1,full_screen
2026-07-26 21:16:43,3589,84.7,9.3,116588,4,1,1,1,1,full_screen
2026-07-26 21:16:48,3594,85.3,9.2,116631,4,1,1,1,1,full_screen
2026-07-26 21:16:53,3599,79.2,9.3,116543,4,1,1,1,1,full_screen
2026-07-26 21:16:57,3603,79.2,9.3,116543,4,1,1,1,1,full_screen
2026-07-26 21:16:58,3604,79.2,9.3,116543,4,1,1,1,1,full_screen
2026-07-26 21:16:58,3604,83.2,9.2,116666,4,1,1,1,1,full_screen
2026-07-26 21:17:03,3609,84.1,9.2,116624,4,1,1,1,1,full_screen
2026-07-26 21:17:08,3614,85.4,9.3,116539,4,1,1,1,1,full_screen
2026-07-26 21:17:13,3619,82.8,9.3,116567,4,1,1,1,1,full_screen
2026-07-26 21:17:18,3624,79.7,9.2,116729,4,1,1,1,1,full_screen
2026-07-26 21:17:19,3625,79.7,9.2,116729,4,1,1,1,1,full_screen
2026-07-26 21:17:20,3626,79.7,9.2,116729,4,1,1,1,1,full_screen
2026-07-26 21:17:23,3629,93.0,9.3,116557,4,1,1,1,1,full_screen
2026-07-26 21:17:28,3634,93.0,9.3,116559,4,1,1,1,1,full_screen
2026-07-26 21:17:33,3639,92.5,9.3,116561,4,1,1,1,1,full_screen
2026-07-26 21:17:38,3644,94.7,9.3,116589,4,1,1,1,1,full_screen
2026-07-26 21:17:40,3646,94.7,9.3,116589,4,1,1,1,1,full_screen
2026-07-26 21:17:41,3647,94.7,9.3,116589,4,1,1,1,1,full_screen
2026-07-26 21:17:43,3649,94.4,9.3,116501,4,1,1,1,1,full_screen
2026-07-26 21:17:48,3654,95.1,9.3,116544,4,1,1,1,1,full_screen
2026-07-26 21:17:53,3659,94.5,9.3,116607,4,1,1,1,1,full_screen
2026-07-26 21:17:58,3664,93.4,9.3,116591,4,1,1,1,1,full_screen
2026-07-26 21:18:02,3668,93.4,9.3,116591,4,1,1,1,1,full_screen
2026-07-26 21:18:03,3669,93.4,9.3,116591,4,1,1,1,1,full_screen
2026-07-26 21:18:03,3669,92.7,9.3,116564,4,1,1,1,1,full_screen
2026-07-26 21:18:08,3674,90.5,9.3,116550,4,1,1,1,1,full_screen
2026-07-26 21:18:13,3679,91.3,9.3,116545,4,1,1,1,1,full_screen
2026-07-26 21:18:18,3684,92.5,9.3,116553,4,1,1,1,1,full_screen
2026-07-26 21:18:23,3689,92.5,9.3,116553,4,1,1,1,1,full_screen
2026-07-26 21:18:24,3690,93.3,9.1,116766,4,1,1,1,1,full_screen
2026-07-26 21:18:24,3690,93.3,9.1,116766,4,1,1,1,1,full_screen
2026-07-26 21:18:29,3695,92.4,9.3,116556,4,1,1,1,1,full_screen
2026-07-26 21:18:34,3700,92.9,9.3,116526,4,1,1,1,1,full_screen
2026-07-26 21:18:39,3705,91.9,9.3,116549,4,1,1,1,1,full_screen
2026-07-26 21:18:44,3710,91.2,9.3,116500,4,1,1,1,1,full_screen
2026-07-26 21:18:45,3711,91.2,9.3,116500,4,1,1,1,1,full_screen
2026-07-26 21:18:46,3712,91.2,9.3,116500,4,1,1,1,1,full_screen
2026-07-26 21:18:49,3715,86.6,9.3,116541,4,1,1,1,1,full_screen
2026-07-26 21:18:54,3720,86.1,9.3,116567,4,1,1,1,1,full_screen
2026-07-26 21:18:59,3725,88.9,9.3,116561,4,1,1,1,1,full_screen
2026-07-26 21:19:04,3730,89.1,9.3,116540,4,1,1,1,1,full_screen
2026-07-26 21:19:06,3732,89.1,9.3,116540,4,1,1,1,1,full_screen
2026-07-26 21:19:07,3733,89.1,9.3,116540,4,1,1,1,1,full_screen
2026-07-26 21:19:09,3735,89.4,9.3,116602,4,1,1,1,1,full_screen
2026-07-26 21:19:14,3740,88.6,9.3,116517,4,1,1,1,1,full_screen
2026-07-26 21:19:19,3745,89.8,9.4,116451,4,1,1,1,1,full_screen
2026-07-26 21:19:24,3750,95.2,9.4,116472,4,1,1,1,1,full_screen
2026-07-26 21:19:28,3754,95.2,9.4,116472,4,1,1,1,1,full_screen
2026-07-26 21:19:29,3755,96.0,9.3,116589,4,1,1,1,1,full_screen
2026-07-26 21:19:29,3755,96.0,9.3,116589,4,1,1,1,1,full_screen
2026-07-26 21:19:34,3760,96.3,9.3,116559,4,1,1,1,1,full_screen
2026-07-26 21:19:39,3765,97.3,9.3,116546,4,1,1,1,1,full_screen
2026-07-26 21:19:44,3770,96.7,9.3,116491,4,1,1,1,1,full_screen
2026-07-26 21:19:49,3775,95.7,9.1,116768,4,1,1,1,1,full_screen
2026-07-26 21:19:49,3775,95.7,9.1,116768,4,1,1,1,1,full_screen
2026-07-26 21:19:50,3776,95.7,9.1,116768,4,1,1,1,1,full_screen
2026-07-26 21:19:54,3780,92.1,9.3,116565,4,1,1,1,1,full_screen
2026-07-26 21:19:59,3785,94.0,9.3,116607,4,1,1,1,1,full_screen
2026-07-26 21:20:04,3790,93.8,9.3,116600,4,1,1,1,1,full_screen
2026-07-26 21:20:09,3795,91.6,9.3,116598,4,1,1,1,1,full_screen
2026-07-26 21:20:11,3797,91.6,9.3,116598,4,1,1,1,1,full_screen
2026-07-26 21:20:12,3798,91.6,9.3,116598,4,1,1,1,1,full_screen
2026-07-26 21:20:14,3800,90.5,9.3,116560,4,1,1,1,1,full_screen
2026-07-26 21:20:19,3805,92.0,9.4,116481,4,1,1,1,1,full_screen
2026-07-26 21:20:24,3810,93.2,9.3,116539,4,1,1,1,1,full_screen
2026-07-26 21:20:29,3815,93.4,9.3,116560,4,1,1,1,1,full_screen
2026-07-26 21:20:34,3820,92.5,9.3,116594,4,1,1,1,1,full_screen
2026-07-26 21:20:39,3825,89.3,9.3,116594,4,1,1,1,1,full_screen
2026-07-26 21:20:44,3830,90.4,9.3,116600,4,1,1,1,1,full_screen
2026-07-26 21:20:49,3835,89.6,9.2,116640,4,1,1,1,1,full_screen
2026-07-26 21:20:54,3840,89.6,9.2,116640,4,1,1,1,1,full_screen
2026-07-26 21:20:54,3840,85.5,9.1,116774,4,1,1,1,1,full_screen
2026-07-26 21:20:55,3841,85.5,9.1,116774,4,1,1,1,1,full_screen
2026-07-26 21:20:59,3845,81.7,9.2,116628,4,1,1,1,1,full_screen
2026-07-26 21:21:04,3850,79.7,9.3,116607,4,1,1,1,1,full_screen
2026-07-26 21:21:09,3855,84.9,9.2,116624,4,1,1,1,1,full_screen
2026-07-26 21:21:14,3860,76.7,9.2,116627,4,1,1,1,1,full_screen
2026-07-26 21:21:19,3865,81.0,9.2,116623,4,1,1,1,1,full_screen
2026-07-26 21:21:24,3870,86.0,9.3,116591,4,1,1,1,1,full_screen
2026-07-26 21:21:29,3875,91.7,9.3,116542,4,1,1,1,1,full_screen
2026-07-26 21:21:34,3880,89.7,9.2,116639,4,1,1,1,1,full_screen
2026-07-26 21:21:37,3883,89.7,9.2,116639,4,1,1,1,1,full_screen
2026-07-26 21:21:38,3884,89.7,9.2,116639,4,1,1,1,1,full_screen
2026-07-26 21:21:39,3885,91.9,9.3,116590,4,1,1,1,1,full_screen
2026-07-26 21:21:44,3890,91.1,9.3,116579,4,1,1,1,1,full_screen
2026-07-26 21:21:49,3895,90.8,9.3,116559,4,1,1,1,1,full_screen
2026-07-26 21:21:54,3900,90.0,9.3,116580,4,1,1,1,1,full_screen
2026-07-26 21:21:59,3905,90.6,9.2,116654,4,1,1,1,1,full_screen
2026-07-26 21:22:04,3910,87.9,9.3,116544,4,1,1,1,1,full_screen
2026-07-26 21:22:09,3915,89.6,9.3,116613,4,1,1,1,1,full_screen
2026-07-26 21:22:14,3920,90.0,9.3,116574,4,1,1,1,1,full_screen
2026-07-26 21:22:19,3925,89.5,9.2,116716,4,1,1,1,1,full_screen
2026-07-26 21:22:19,3925,89.5,9.2,116716,4,1,1,1,1,full_screen
2026-07-26 21:22:20,3926,89.5,9.2,116716,4,1,1,1,1,full_screen
2026-07-26 21:22:24,3930,89.0,9.3,116563,4,1,1,1,1,full_screen
2026-07-26 21:22:29,3935,89.9,9.3,116493,4,1,1,1,1,full_screen
2026-07-26 21:22:34,3940,79.6,9.3,116587,4,1,1,1,1,full_screen
2026-07-26 21:22:39,3945,80.7,9.3,116593,4,1,1,1,1,full_screen
2026-07-26 21:22:44,3950,78.7,9.2,116633,4,1,1,1,1,full_screen
2026-07-26 21:22:49,3955,78.6,9.2,116660,4,1,1,1,1,full_screen
2026-07-26 21:22:54,3960,79.5,9.2,116620,4,1,1,1,1,full_screen
2026-07-26 21:22:59,3965,75.2,9.2,116654,4,1,1,1,1,full_screen
2026-07-26 21:23:02,3968,75.2,9.2,116654,4,1,1,1,1,full_screen
2026-07-26 21:23:03,3969,75.2,9.2,116654,4,1,1,1,1,full_screen
2026-07-26 21:23:04,3970,79.4,9.2,116627,4,1,1,1,1,full_screen
2026-07-26 21:23:09,3975,79.5,9.2,116630,4,1,1,1,1,full_screen
2026-07-26 21:23:14,3980,83.5,9.3,116576,4,1,1,1,1,full_screen
2026-07-26 21:23:19,3985,82.3,9.2,116634,4,1,1,1,1,full_screen
2026-07-26 21:23:24,3990,77.5,9.1,116830,4,1,1,1,1,full_screen
2026-07-26 21:23:29,3995,84.5,9.2,116646,4,1,1,1,1,full_screen
2026-07-26 21:23:34,4000,80.5,9.2,116640,4,1,1,1,1,full_screen
2026-07-26 21:23:39,4005,79.6,9.2,116643,4,1,1,1,1,full_screen
2026-07-26 21:23:44,4010,77.2,9.2,116665,4,1,1,1,1,full_screen
2026-07-26 21:23:45,4011,77.2,9.2,116665,4,1,1,1,1,full_screen
2026-07-26 21:23:46,4012,77.2,9.2,116665,4,1,1,1,1,full_screen
2026-07-26 21:23:49,4015,80.4,9.3,116570,4,1,1,1,1,full_screen
2026-07-26 21:23:54,4020,79.4,9.2,116662,4,1,1,1,1,full_screen
2026-07-26 21:23:59,4025,81.7,9.3,116551,4,1,1,1,1,full_screen
2026-07-26 21:24:04,4030,83.4,9.2,116622,4,1,1,1,1,full_screen
2026-07-26 21:24:09,4035,84.2,9.2,116671,4,1,1,1,1,full_screen
2026-07-26 21:24:14,4040,84.3,9.2,116671,4,1,1,1,1,full_screen
2026-07-26 21:24:19,4045,84.7,9.2,116664,4,1,1,1,1,full_screen
2026-07-26 21:24:24,4050,84.0,9.2,116620,4,1,1,1,1,full_screen
2026-07-26 21:24:28,4054,84.0,9.2,116620,4,1,1,1,1,full_screen
2026-07-26 21:24:29,4055,84.0,9.2,116620,4,1,1,1,1,full_screen
2026-07-26 21:24:29,4055,83.0,9.2,116637,4,1,1,1,1,full_screen
2026-07-26 21:24:34,4060,78.7,9.2,116663,4,1,1,1,1,full_screen
2026-07-26 21:24:39,4065,83.8,9.2,116639,4,1,1,1,1,full_screen
2026-07-26 21:24:44,4070,80.0,9.2,116658,4,1,1,1,1,full_screen
2026-07-26 21:24:49,4075,81.7,9.1,116803,4,1,1,1,1,full_screen
2026-07-26 21:24:54,4080,80.8,9.2,116651,4,1,1,1,1,full_screen
2026-07-26 21:24:59,4085,81.3,9.3,116595,4,1,1,1,1,full_screen
2026-07-26 21:25:04,4090,84.4,9.2,116676,4,1,1,1,1,full_screen
2026-07-26 21:25:09,4095,77.4,9.3,116583,4,1,1,1,1,full_screen
2026-07-26 21:25:11,4097,77.4,9.3,116583,4,1,1,1,1,full_screen
2026-07-26 21:25:12,4098,77.4,9.3,116583,4,1,1,1,1,full_screen
2026-07-26 21:25:14,4100,84.1,9.2,116640,4,1,1,1,1,full_screen
2026-07-26 21:25:19,4105,81.3,9.2,116669,4,1,1,1,1,full_screen
2026-07-26 21:25:24,4110,85.8,9.2,116663,4,1,1,1,1,full_screen
2026-07-26 21:25:29,4115,87.0,9.2,116665,4,1,1,1,1,full_screen
2026-07-26 21:25:34,4120,85.1,9.3,116589,4,1,1,1,1,full_screen
2026-07-26 21:25:39,4125,89.0,9.3,116587,4,1,1,1,1,full_screen
2026-07-26 21:25:44,4130,83.9,9.2,116619,4,1,1,1,1,full_screen
2026-07-26 21:25:49,4135,79.7,9.3,116603,4,1,1,1,1,full_screen
2026-07-26 21:25:54,4140,79.7,9.3,116603,4,1,1,1,1,full_screen
2026-07-26 21:25:54,4140,76.1,9.1,116744,4,1,1,1,1,full_screen
2026-07-26 21:25:55,4141,76.1,9.1,116744,4,1,1,1,1,full_screen
2026-07-26 21:25:59,4145,80.1,9.2,116688,4,1,1,1,1,full_screen
2026-07-26 21:26:04,4150,79.7,9.3,116579,4,1,1,1,1,full_screen
2026-07-26 21:26:09,4155,82.1,9.3,116542,4,1,1,1,1,full_screen
2026-07-26 21:26:14,4160,86.1,9.3,116535,4,1,1,1,1,full_screen
2026-07-26 21:26:19,4165,92.8,9.2,116625,4,1,1,1,1,full_screen
2026-07-26 21:26:24,4170,93.6,9.2,116620,4,1,1,1,1,full_screen
2026-07-26 21:26:29,4175,91.9,9.3,116592,4,1,1,1,1,full_screen
2026-07-26 21:26:34,4180,93.8,9.3,116602,4,1,1,1,1,full_screen
2026-07-26 21:26:37,4183,93.8,9.3,116602,4,1,1,1,1,full_screen
2026-07-26 21:26:38,4184,93.8,9.3,116602,4,1,1,1,1,full_screen
2026-07-26 21:26:39,4185,92.4,9.2,116624,4,1,1,1,1,full_screen
2026-07-26 21:26:44,4190,91.5,9.3,116542,4,1,1,1,1,full_screen
2026-07-26 21:26:49,4195,87.5,9.3,116608,4,1,1,1,1,full_screen
2026-07-26 21:26:54,4200,88.3,9.3,116597,4,1,1,1,1,full_screen
2026-07-26 21:26:59,4205,89.9,9.3,116584,4,1,1,1,1,full_screen
2026-07-26 21:27:04,4210,86.9,9.3,116557,4,1,1,1,1,full_screen
2026-07-26 21:27:09,4215,89.1,9.3,116591,4,1,1,1,1,full_screen
2026-07-26 21:27:14,4220,90.8,9.3,116605,4,1,1,1,1,full_screen
2026-07-26 21:27:19,4225,89.3,9.2,116672,4,1,1,1,1,full_screen
2026-07-26 21:27:19,4225,89.3,9.2,116672,4,1,1,1,1,full_screen
2026-07-26 21:27:20,4226,89.3,9.2,116672,4,1,1,1,1,full_screen
2026-07-26 21:27:24,4230,91.6,9.3,116554,4,1,1,1,1,full_screen
2026-07-26 21:27:29,4235,88.0,9.3,116596,4,1,1,1,1,full_screen
2026-07-26 21:27:34,4240,92.2,9.3,116594,4,1,1,1,1,full_screen
2026-07-26 21:27:39,4245,91.2,9.3,116567,4,1,1,1,1,full_screen
2026-07-26 21:27:41,4247,91.2,9.3,116567,4,1,1,1,1,full_screen
2026-07-26 21:27:42,4248,91.2,9.3,116567,4,1,1,1,1,full_screen
2026-07-26 21:27:44,4250,90.9,9.4,116463,4,1,1,1,1,full_screen
2026-07-26 21:27:49,4255,94.0,9.3,116568,4,1,1,1,1,full_screen
2026-07-26 21:27:54,4260,91.7,9.3,116540,4,1,1,1,1,full_screen
2026-07-26 21:27:59,4265,93.0,9.3,116570,4,1,1,1,1,full_screen
2026-07-26 21:28:02,4268,93.0,9.3,116570,4,1,1,1,1,full_screen
2026-07-26 21:28:03,4269,93.0,9.3,116570,4,1,1,1,1,full_screen
2026-07-26 21:28:04,4270,91.0,9.3,116573,4,1,1,1,1,full_screen
2026-07-26 21:28:09,4275,90.6,9.3,116565,4,1,1,1,1,full_screen
2026-07-26 21:28:14,4280,92.7,9.3,116504,4,1,1,1,1,full_screen
2026-07-26 21:28:19,4285,92.6,9.4,116452,4,1,1,1,1,full_screen
2026-07-26 21:28:24,4290,92.6,9.4,116452,4,1,1,1,1,full_screen
2026-07-26 21:28:24,4290,92.1,9.2,116677,4,1,1,1,1,full_screen
2026-07-26 21:28:25,4291,92.1,9.2,116677,4,1,1,1,1,full_screen
2026-07-26 21:28:29,4295,91.9,9.3,116560,4,1,1,1,1,full_screen
2026-07-26 21:28:34,4300,91.8,9.3,116569,4,1,1,1,1,full_screen
2026-07-26 21:28:39,4305,86.9,9.3,116604,4,1,1,1,1,full_screen
2026-07-26 21:28:44,4310,87.2,9.3,116562,4,1,1,1,1,full_screen
2026-07-26 21:28:45,4311,87.2,9.3,116562,4,1,1,1,1,full_screen
2026-07-26 21:28:46,4312,87.2,9.3,116562,4,1,1,1,1,full_screen
2026-07-26 21:28:49,4315,84.9,9.3,116612,4,1,1,1,1,full_screen
2026-07-26 21:28:54,4320,81.2,9.2,116631,4,1,1,1,1,full_screen
2026-07-26 21:28:59,4325,84.8,9.3,116569,4,1,1,1,1,full_screen
2026-07-26 21:29:04,4330,81.4,9.2,116655,4,1,1,1,1,full_screen
2026-07-26 21:29:07,4333,81.4,9.2,116655,4,1,1,1,1,full_screen
2026-07-26 21:29:08,4334,81.4,9.2,116655,4,1,1,1,1,full_screen
2026-07-26 21:29:09,4335,82.7,9.3,116611,4,1,1,1,1,full_screen
2026-07-26 21:29:14,4340,77.7,9.2,116633,4,1,1,1,1,full_screen
2026-07-26 21:29:19,4345,79.3,9.3,116589,4,1,1,1,1,full_screen
2026-07-26 21:29:24,4350,81.3,9.2,116621,4,1,1,1,1,full_screen
2026-07-26 21:29:28,4354,81.3,9.2,116621,4,1,1,1,1,full_screen
2026-07-26 21:29:29,4355,81.3,9.2,116621,4,1,1,1,1,full_screen
2026-07-26 21:29:29,4355,80.3,9.3,116597,4,1,1,1,1,full_screen
2026-07-26 21:29:34,4360,86.2,9.3,116591,4,1,1,1,1,full_screen
2026-07-26 21:29:39,4365,88.0,9.3,116562,4,1,1,1,1,full_screen
2026-07-26 21:29:44,4370,93.5,9.3,116576,4,1,1,1,1,full_screen
2026-07-26 21:29:49,4375,92.0,9.2,116681,4,1,1,1,1,full_screen
2026-07-26 21:29:50,4376,92.0,9.2,116681,4,1,1,1,1,full_screen
2026-07-26 21:29:51,4377,92.0,9.2,116681,4,1,1,1,1,full_screen
2026-07-26 21:29:54,4380,94.1,9.3,116518,4,1,1,1,1,full_screen
2026-07-26 21:29:59,4385,95.0,9.3,116558,4,1,1,1,1,full_screen
2026-07-26 21:30:04,4390,94.7,9.3,116515,4,1,1,1,1,full_screen
2026-07-26 21:30:09,4395,92.2,9.3,116556,4,1,1,1,1,full_screen
2026-07-26 21:30:11,4397,92.2,9.3,116556,4,1,1,1,1,full_screen
2026-07-26 21:30:12,4398,92.2,9.3,116556,4,1,1,1,1,full_screen
2026-07-26 21:30:14,4400,91.8,9.3,116585,4,1,1,1,1,full_screen
2026-07-26 21:30:19,4405,92.7,9.4,116454,4,1,1,1,1,full_screen
2026-07-26 21:30:24,4410,92.5,9.3,116512,4,1,1,1,1,full_screen
2026-07-26 21:30:29,4415,89.3,9.3,116527,4,1,1,1,1,full_screen
2026-07-26 21:30:33,4419,89.3,9.3,116527,4,1,1,1,1,full_screen
2026-07-26 21:30:34,4420,89.3,9.3,116527,4,1,1,1,1,full_screen
2026-07-26 21:30:34,4420,90.5,9.2,116617,4,1,1,1,1,full_screen
2026-07-26 21:30:39,4425,92.6,9.2,116625,4,1,1,1,1,full_screen
2026-07-26 21:30:44,4430,93.0,9.2,116626,4,1,1,1,1,full_screen
2026-07-26 21:30:49,4435,93.0,9.3,116607,4,1,1,1,1,full_screen
2026-07-26 21:30:54,4440,93.0,9.3,116607,4,1,1,1,1,full_screen
2026-07-26 21:30:54,4440,90.3,9.2,116627,4,1,1,1,1,full_screen
2026-07-26 21:30:55,4441,90.3,9.2,116627,4,1,1,1,1,full_screen
2026-07-26 21:30:59,4445,92.1,9.3,116598,4,1,1,1,1,full_screen
2026-07-26 21:31:04,4450,92.5,9.3,116584,4,1,1,1,1,full_screen
2026-07-26 21:31:10,4456,91.9,9.2,116661,4,1,1,1,1,full_screen
2026-07-26 21:31:15,4461,84.2,9.2,116617,4,1,1,1,1,full_screen
2026-07-26 21:31:16,4462,84.2,9.2,116617,4,1,1,1,1,full_screen
2026-07-26 21:31:17,4463,84.2,9.2,116617,4,1,1,1,1,full_screen
2026-07-26 21:31:20,4466,84.2,9.3,116534,4,1,1,1,1,full_screen
2026-07-26 21:31:25,4471,82.8,9.3,116542,4,1,1,1,1,full_screen
2026-07-26 21:31:30,4476,80.9,9.3,116550,4,1,1,1,1,full_screen
2026-07-26 21:31:35,4481,76.3,9.3,116602,4,1,1,1,1,full_screen
2026-07-26 21:31:37,4483,76.3,9.3,116602,4,1,1,1,1,full_screen
2026-07-26 21:31:38,4484,76.3,9.3,116602,4,1,1,1,1,full_screen
2026-07-26 21:31:40,4486,74.6,9.3,116547,4,1,1,1,1,full_screen
2026-07-26 21:31:45,4491,78.2,9.3,116566,4,1,1,1,1,full_screen
2026-07-26 21:31:50,4496,77.4,9.3,116567,4,1,1,1,1,full_screen
2026-07-26 21:31:55,4501,82.5,9.3,116518,4,1,1,1,1,full_screen
2026-07-26 21:31:59,4505,82.5,9.3,116518,4,1,1,1,1,full_screen
2026-07-26 21:32:00,4506,84.4,9.4,116440,4,1,1,1,1,full_screen
2026-07-26 21:32:00,4506,84.4,9.4,116440,4,1,1,1,1,full_screen
2026-07-26 21:32:05,4511,93.0,9.4,116387,4,1,1,1,1,full_screen
2026-07-26 21:32:10,4516,90.3,9.4,116468,4,1,1,1,1,full_screen
2026-07-26 21:32:15,4521,91.7,9.4,116467,4,1,1,1,1,full_screen
2026-07-26 21:32:20,4526,91.7,9.4,116467,4,1,1,1,1,full_screen
2026-07-26 21:32:20,4526,94.5,9.3,116591,4,1,1,1,1,full_screen
2026-07-26 21:32:21,4527,94.5,9.3,116591,4,1,1,1,1,full_screen
2026-07-26 21:32:25,4531,94.3,9.4,116438,4,1,1,1,1,full_screen
2026-07-26 21:32:30,4536,92.9,9.4,116441,4,1,1,1,1,full_screen
2026-07-26 21:32:35,4541,90.7,9.4,116414,4,1,1,1,1,full_screen
2026-07-26 21:32:40,4546,90.8,9.4,116375,4,1,1,1,1,full_screen
2026-07-26 21:32:42,4548,90.8,9.4,116375,4,1,1,1,1,full_screen
2026-07-26 21:32:43,4549,90.8,9.4,116375,4,1,1,1,1,full_screen
2026-07-26 21:32:45,4551,91.2,9.4,116436,4,1,1,1,1,full_screen
2026-07-26 21:32:50,4556,89.0,9.4,116427,4,1,1,1,1,full_screen
2026-07-26 21:32:55,4561,90.5,9.4,116412,4,1,1,1,1,full_screen
2026-07-26 21:33:00,4566,90.7,9.4,116454,4,1,1,1,1,full_screen
2026-07-26 21:33:02,4568,90.7,9.4,116454,4,1,1,1,1,full_screen
2026-07-26 21:33:04,4570,90.7,9.4,116454,4,1,1,1,1,full_screen
2026-07-26 21:33:05,4571,89.8,9.4,116380,4,1,1,1,1,full_screen
2026-07-26 21:33:10,4576,90.4,9.4,116409,4,1,1,1,1,full_screen
2026-07-26 21:33:15,4581,78.5,9.4,116457,4,1,1,1,1,full_screen
2026-07-26 21:33:20,4586,82.3,9.4,116474,4,1,1,1,1,full_screen
2026-07-26 21:33:24,4590,82.3,9.4,116474,4,1,1,1,1,full_screen
2026-07-26 21:33:25,4591,80.5,9.2,116625,4,1,1,1,1,full_screen
2026-07-26 21:33:25,4591,80.5,9.2,116625,4,1,1,1,1,full_screen
2026-07-26 21:33:30,4596,81.1,9.4,116452,4,1,1,1,1,full_screen
2026-07-26 21:33:35,4601,80.9,9.3,116514,4,1,1,1,1,full_screen
2026-07-26 21:33:40,4606,80.3,9.4,116430,4,1,1,1,1,full_screen
2026-07-26 21:33:45,4611,78.9,9.4,116456,4,1,1,1,1,full_screen
2026-07-26 21:33:45,4611,78.9,9.4,116456,4,1,1,1,1,full_screen
2026-07-26 21:33:46,4612,78.9,9.4,116456,4,1,1,1,1,full_screen
2026-07-26 21:33:50,4616,83.0,9.4,116417,4,1,1,1,1,full_screen
2026-07-26 21:33:55,4621,84.5,9.4,116416,4,1,1,1,1,full_screen
2026-07-26 21:34:00,4626,83.2,9.3,116497,4,1,1,1,1,full_screen
2026-07-26 21:34:05,4631,82.5,9.4,116437,4,1,1,1,1,full_screen
2026-07-26 21:34:07,4633,82.5,9.4,116437,4,1,1,1,1,full_screen
2026-07-26 21:34:08,4634,82.5,9.4,116437,4,1,1,1,1,full_screen
2026-07-26 21:34:10,4636,81.9,9.4,116456,4,1,1,1,1,full_screen
2026-07-26 21:34:15,4641,82.5,9.3,116538,4,1,1,1,1,full_screen
2026-07-26 21:34:20,4646,84.3,9.3,116510,4,1,1,1,1,full_screen
2026-07-26 21:34:25,4651,85.7,9.4,116454,4,1,1,1,1,full_screen
2026-07-26 21:34:30,4656,84.3,9.3,116534,4,1,1,1,1,full_screen
2026-07-26 21:34:35,4661,84.1,9.4,116426,4,1,1,1,1,full_screen
2026-07-26 21:34:40,4666,81.5,9.4,116474,4,1,1,1,1,full_screen
2026-07-26 21:34:45,4671,79.2,9.4,116442,4,1,1,1,1,full_screen
2026-07-26 21:34:50,4676,74.9,9.3,116541,4,1,1,1,1,full_screen
2026-07-26 21:34:50,4676,74.9,9.3,116541,4,1,1,1,1,full_screen
2026-07-26 21:34:51,4677,74.9,9.3,116541,4,1,1,1,1,full_screen
2026-07-26 21:34:55,4681,76.3,9.4,116399,4,1,1,1,1,full_screen
2026-07-26 21:35:00,4686,77.8,9.4,116394,4,1,1,1,1,full_screen
2026-07-26 21:35:05,4691,78.6,9.3,116505,4,1,1,1,1,full_screen
2026-07-26 21:35:10,4696,77.9,9.4,116411,4,1,1,1,1,full_screen
2026-07-26 21:35:15,4701,90.8,9.4,116453,4,1,1,1,1,full_screen
2026-07-26 21:35:20,4706,90.2,9.4,116370,4,1,1,1,1,full_screen
2026-07-26 21:35:25,4711,91.7,9.4,116368,4,1,1,1,1,full_screen
2026-07-26 21:35:30,4716,93.5,9.4,116370,4,1,1,1,1,full_screen
2026-07-26 21:35:33,4719,93.5,9.4,116370,4,1,1,1,1,full_screen
2026-07-26 21:35:34,4720,93.5,9.4,116370,4,1,1,1,1,full_screen
2026-07-26 21:35:35,4721,92.6,9.4,116441,4,1,1,1,1,full_screen
2026-07-26 21:35:40,4726,90.2,9.4,116459,4,1,1,1,1,full_screen
2026-07-26 21:35:45,4731,88.3,9.4,116436,4,1,1,1,1,full_screen
2026-07-26 21:35:50,4736,93.7,9.4,116412,4,1,1,1,1,full_screen
2026-07-26 21:35:55,4741,89.1,9.3,116541,4,1,1,1,1,full_screen
2026-07-26 21:36:00,4746,88.4,9.5,116326,4,1,1,1,1,full_screen
2026-07-26 21:36:05,4751,90.2,9.4,116396,4,1,1,1,1,full_screen
2026-07-26 21:36:10,4756,90.3,9.4,116391,4,1,1,1,1,full_screen
2026-07-26 21:36:15,4761,89.8,9.4,116405,4,1,1,1,1,full_screen
2026-07-26 21:36:16,4762,89.8,9.4,116405,4,1,1,1,1,full_screen
2026-07-26 21:36:17,4763,89.8,9.4,116405,4,1,1,1,1,full_screen
2026-07-26 21:36:20,4766,88.0,9.4,116438,4,1,1,1,1,full_screen
2026-07-26 21:36:25,4771,87.8,9.4,116448,4,1,1,1,1,full_screen
2026-07-26 21:36:30,4776,90.5,9.4,116440,4,1,1,1,1,full_screen
2026-07-26 21:36:35,4781,91.4,9.4,116365,4,1,1,1,1,full_screen
2026-07-26 21:36:40,4786,90.2,9.4,116437,4,1,1,1,1,full_screen
2026-07-26 21:36:45,4791,92.7,9.4,116449,4,1,1,1,1,full_screen
2026-07-26 21:36:50,4796,91.3,9.4,116451,4,1,1,1,1,full_screen
2026-07-26 21:36:55,4801,88.4,9.4,116430,4,1,1,1,1,full_screen
2026-07-26 21:36:59,4805,88.4,9.4,116430,4,1,1,1,1,full_screen
2026-07-26 21:37:00,4806,88.4,9.4,116430,4,1,1,1,1,full_screen
2026-07-26 21:37:00,4806,87.9,9.4,116363,4,1,1,1,1,full_screen
2026-07-26 21:37:05,4811,92.0,9.4,116376,4,1,1,1,1,full_screen
2026-07-26 21:37:10,4816,92.0,9.4,116417,4,1,1,1,1,full_screen
2026-07-26 21:37:15,4821,91.1,9.4,116415,4,1,1,1,1,full_screen
2026-07-26 21:37:20,4826,88.9,9.3,116572,4,1,1,1,1,full_screen
2026-07-26 21:37:25,4831,91.0,9.4,116432,4,1,1,1,1,full_screen
2026-07-26 21:37:30,4836,86.8,9.4,116443,4,1,1,1,1,full_screen
2026-07-26 21:37:35,4841,83.9,9.4,116394,4,1,1,1,1,full_screen
2026-07-26 21:37:40,4846,81.3,9.4,116460,4,1,1,1,1,full_screen
2026-07-26 21:37:42,4848,81.3,9.4,116460,4,1,1,1,1,full_screen
2026-07-26 21:37:43,4849,81.3,9.4,116460,4,1,1,1,1,full_screen
2026-07-26 21:37:45,4851,79.5,9.4,116449,4,1,1,1,1,full_screen
2026-07-26 21:37:50,4856,82.6,9.4,116442,4,1,1,1,1,full_screen
2026-07-26 21:37:55,4861,83.5,9.4,116450,4,1,1,1,1,full_screen
2026-07-26 21:38:00,4866,84.2,9.4,116407,4,1,1,1,1,full_screen
2026-07-26 21:38:05,4871,80.6,9.4,116459,4,1,1,1,1,full_screen
2026-07-26 21:38:10,4876,82.6,9.4,116395,4,1,1,1,1,full_screen
2026-07-26 21:38:15,4881,80.9,9.4,116465,4,1,1,1,1,full_screen
2026-07-26 21:38:20,4886,79.7,9.4,116426,4,1,1,1,1,full_screen
2026-07-26 21:38:25,4891,79.7,9.4,116426,4,1,1,1,1,full_screen
2026-07-26 21:38:25,4891,85.5,9.3,116597,4,1,1,1,1,full_screen
2026-07-26 21:38:26,4892,85.5,9.3,116597,4,1,1,1,1,full_screen
2026-07-26 21:38:30,4896,85.8,9.4,116462,4,1,1,1,1,full_screen
2026-07-26 21:38:35,4901,88.5,9.4,116409,4,1,1,1,1,full_screen
2026-07-26 21:38:40,4906,87.5,9.4,116413,4,1,1,1,1,full_screen
2026-07-26 21:38:45,4911,87.9,9.4,116420,4,1,1,1,1,full_screen
2026-07-26 21:38:46,4912,87.9,9.4,116420,4,1,1,1,1,full_screen
2026-07-26 21:38:48,4914,87.9,9.4,116420,4,1,1,1,1,full_screen
2026-07-26 21:38:50,4916,85.6,9.4,116451,4,1,1,1,1,full_screen
2026-07-26 21:38:55,4921,84.1,9.4,116438,4,1,1,1,1,full_screen
2026-07-26 21:39:00,4926,83.8,9.4,116399,4,1,1,1,1,full_screen
2026-07-26 21:39:05,4931,80.2,9.4,116464,4,1,1,1,1,full_screen
2026-07-26 21:39:07,4933,80.2,9.4,116464,4,1,1,1,1,full_screen
2026-07-26 21:39:08,4934,80.2,9.4,116464,4,1,1,1,1,full_screen
2026-07-26 21:39:10,4936,81.8,9.4,116448,4,1,1,1,1,full_screen
2026-07-26 21:39:15,4941,79.5,9.4,116432,4,1,1,1,1,full_screen
2026-07-26 21:39:20,4946,81.1,9.4,116367,4,1,1,1,1,full_screen
2026-07-26 21:39:25,4951,81.4,9.5,116302,4,1,1,1,1,full_screen
2026-07-26 21:39:29,4955,81.4,9.5,116302,4,1,1,1,1,full_screen
2026-07-26 21:39:30,4956,76.8,9.4,116443,4,1,1,1,1,full_screen
2026-07-26 21:39:30,4956,76.8,9.4,116443,4,1,1,1,1,full_screen
2026-07-26 21:39:35,4961,77.3,9.4,116403,4,1,1,1,1,full_screen
2026-07-26 21:39:40,4966,79.3,9.4,116397,4,1,1,1,1,full_screen
2026-07-26 21:39:45,4971,79.4,9.4,116386,4,1,1,1,1,full_screen
2026-07-26 21:39:50,4976,77.4,9.3,116565,4,1,1,1,1,full_screen
2026-07-26 21:39:50,4976,77.4,9.3,116565,4,1,1,1,1,full_screen
2026-07-26 21:39:51,4977,77.4,9.3,116565,4,1,1,1,1,full_screen
2026-07-26 21:39:55,4981,88.7,9.5,116324,4,1,1,1,1,full_screen
2026-07-26 21:40:00,4986,94.4,9.4,116406,4,1,1,1,1,full_screen
2026-07-26 21:40:05,4991,94.3,9.4,116384,4,1,1,1,1,full_screen
2026-07-26 21:40:10,4996,94.5,9.4,116390,4,1,1,1,1,full_screen
2026-07-26 21:40:12,4998,94.5,9.4,116390,4,1,1,1,1,full_screen
2026-07-26 21:40:13,4999,94.5,9.4,116390,4,1,1,1,1,full_screen
2026-07-26 21:40:15,5001,93.3,9.5,116324,4,1,1,1,1,full_screen
2026-07-26 21:40:20,5006,93.7,9.5,116337,4,1,1,1,1,full_screen
2026-07-26 21:40:25,5011,90.0,9.4,116404,4,1,1,1,1,full_screen
2026-07-26 21:40:30,5016,90.0,9.5,116325,4,1,1,1,1,full_screen
2026-07-26 21:40:33,5019,90.0,9.5,116325,4,1,1,1,1,full_screen
2026-07-26 21:40:34,5020,90.0,9.5,116325,4,1,1,1,1,full_screen
2026-07-26 21:40:35,5021,93.2,9.4,116410,4,1,1,1,1,full_screen
2026-07-26 21:40:40,5026,90.1,9.4,116363,4,1,1,1,1,full_screen
2026-07-26 21:40:45,5031,91.8,9.4,116369,4,1,1,1,1,full_screen
2026-07-26 21:40:50,5036,93.0,9.5,116351,4,1,1,1,1,full_screen
2026-07-26 21:40:55,5041,93.0,9.5,116351,4,1,1,1,1,full_screen
2026-07-26 21:40:55,5041,92.7,9.3,116534,4,1,1,1,1,full_screen
2026-07-26 21:40:56,5042,92.7,9.3,116534,4,1,1,1,1,full_screen
2026-07-26 21:41:00,5046,90.3,9.4,116380,4,1,1,1,1,full_screen
2026-07-26 21:41:05,5051,92.0,9.5,116341,4,1,1,1,1,full_screen
2026-07-26 21:41:10,5056,89.4,9.5,116343,4,1,1,1,1,full_screen
2026-07-26 21:41:15,5061,89.0,9.5,116352,4,1,1,1,1,full_screen
2026-07-26 21:41:16,5062,89.0,9.5,116352,4,1,1,1,1,full_screen
2026-07-26 21:41:17,5063,89.0,9.5,116352,4,1,1,1,1,full_screen
2026-07-26 21:41:20,5066,89.6,9.4,116360,4,1,1,1,1,full_screen
2026-07-26 21:41:25,5071,81.0,9.4,116390,4,1,1,1,1,full_screen
2026-07-26 21:41:30,5076,86.2,9.4,116400,4,1,1,1,1,full_screen
2026-07-26 21:41:35,5081,82.8,9.5,116322,4,1,1,1,1,full_screen
2026-07-26 21:41:38,5084,82.8,9.5,116322,4,1,1,1,1,full_screen
2026-07-26 21:41:39,5085,82.8,9.5,116322,4,1,1,1,1,full_screen
2026-07-26 21:41:40,5086,85.8,9.5,116354,4,1,1,1,1,full_screen
2026-07-26 21:41:45,5091,87.2,9.4,116365,4,1,1,1,1,full_screen
2026-07-26 21:41:50,5096,85.6,9.4,116375,4,1,1,1,1,full_screen
2026-07-26 21:41:55,5101,87.6,9.5,116335,4,1,1,1,1,full_screen
2026-07-26 21:41:59,5105,87.6,9.5,116335,4,1,1,1,1,full_screen
2026-07-26 21:42:00,5106,87.6,9.5,116335,4,1,1,1,1,full_screen
2026-07-26 21:42:00,5106,85.4,9.4,116378,4,1,1,1,1,full_screen
2026-07-26 21:42:05,5111,85.4,9.5,116270,4,1,1,1,1,full_screen
2026-07-26 21:42:10,5116,80.7,9.4,116372,4,1,1,1,1,full_screen
2026-07-26 21:42:15,5121,80.6,9.4,116379,4,1,1,1,1,full_screen
2026-07-26 21:42:20,5126,80.8,9.3,116516,4,1,1,1,1,full_screen
2026-07-26 21:42:21,5127,80.8,9.3,116516,4,1,1,1,1,full_screen
2026-07-26 21:42:22,5128,80.8,9.3,116516,4,1,1,1,1,full_screen
2026-07-26 21:42:25,5131,83.3,9.4,116373,4,1,1,1,1,full_screen
2026-07-26 21:42:30,5136,84.6,9.5,116354,4,1,1,1,1,full_screen
2026-07-26 21:42:35,5141,86.5,9.4,116376,4,1,1,1,1,full_screen
2026-07-26 21:42:40,5146,87.4,9.5,116232,4,1,1,1,1,full_screen
2026-07-26 21:42:42,5148,87.4,9.5,116232,4,1,1,1,1,full_screen
2026-07-26 21:42:43,5149,87.4,9.5,116232,4,1,1,1,1,full_screen
2026-07-26 21:42:45,5151,93.4,9.5,116296,4,1,1,1,1,full_screen
2026-07-26 21:42:50,5156,92.0,9.5,116301,4,1,1,1,1,full_screen
2026-07-26 21:42:55,5161,93.2,9.5,116322,4,1,1,1,1,full_screen
2026-07-26 21:43:00,5166,94.9,9.5,116344,4,1,1,1,1,full_screen
2026-07-26 21:43:04,5170,94.9,9.5,116344,4,1,1,1,1,full_screen
2026-07-26 21:43:05,5171,94.9,9.5,116344,4,1,1,1,1,full_screen
2026-07-26 21:43:05,5171,95.0,9.5,116335,4,1,1,1,1,full_screen
2026-07-26 21:43:10,5176,95.5,9.4,116361,4,1,1,1,1,full_screen
2026-07-26 21:43:15,5181,93.3,9.5,116317,4,1,1,1,1,full_screen
2026-07-26 21:43:20,5186,93.8,9.4,116363,4,1,1,1,1,full_screen
2026-07-26 21:43:25,5191,93.8,9.4,116363,4,1,1,1,1,full_screen
2026-07-26 21:43:25,5191,94.4,9.4,116400,4,1,1,1,1,full_screen
2026-07-26 21:43:26,5192,94.4,9.4,116400,4,1,1,1,1,full_screen
2026-07-26 21:43:30,5196,90.7,9.5,116311,4,1,1,1,1,full_screen
2026-07-26 21:43:35,5201,86.7,9.5,116304,4,1,1,1,1,full_screen
2026-07-26 21:43:40,5206,86.0,9.5,116264,4,1,1,1,1,full_screen
2026-07-26 21:43:45,5211,84.5,9.5,116252,4,1,1,1,1,full_screen
2026-07-26 21:43:47,5213,84.5,9.5,116252,4,1,1,1,1,full_screen
2026-07-26 21:43:48,5214,84.5,9.5,116252,4,1,1,1,1,full_screen
2026-07-26 21:43:50,5216,88.7,9.5,116265,4,1,1,1,1,full_screen
2026-07-26 21:43:55,5221,78.0,9.5,116343,4,1,1,1,1,full_screen
2026-07-26 21:44:00,5226,77.8,9.5,116309,4,1,1,1,1,full_screen
2026-07-26 21:44:05,5231,81.8,9.5,116299,4,1,1,1,1,full_screen
2026-07-26 21:44:08,5234,81.8,9.5,116299,4,1,1,1,1,full_screen
2026-07-26 21:44:09,5235,81.8,9.5,116299,4,1,1,1,1,full_screen
2026-07-26 21:44:10,5236,91.7,9.5,116289,4,1,1,1,1,full_screen
2026-07-26 21:44:15,5241,92.1,9.5,116276,4,1,1,1,1,full_screen
2026-07-26 21:44:21,5247,93.4,9.5,116278,4,1,1,1,1,full_screen
2026-07-26 21:44:26,5252,93.1,9.6,116222,4,1,1,1,1,full_screen
2026-07-26 21:44:30,5256,93.1,9.6,116222,4,1,1,1,1,full_screen
2026-07-26 21:44:31,5257,91.5,9.5,116276,4,1,1,1,1,full_screen
2026-07-26 21:44:31,5257,91.5,9.5,116276,4,1,1,1,1,full_screen
2026-07-26 21:44:36,5262,88.2,9.5,116324,4,1,1,1,1,full_screen
2026-07-26 21:44:41,5267,92.8,9.5,116320,4,1,1,1,1,full_screen
2026-07-26 21:44:46,5272,94.4,9.5,116286,4,1,1,1,1,full_screen
2026-07-26 21:44:51,5277,90.2,9.4,116360,4,1,1,1,1,full_screen
2026-07-26 21:44:51,5277,90.2,9.4,116360,4,1,1,1,1,full_screen
2026-07-26 21:44:52,5278,90.2,9.4,116360,4,1,1,1,1,full_screen
2026-07-26 21:44:56,5282,91.3,9.5,116325,4,1,1,1,1,full_screen
2026-07-26 21:45:01,5287,90.7,9.5,116306,4,1,1,1,1,full_screen
2026-07-26 21:45:06,5292,92.3,9.5,116295,4,1,1,1,1,full_screen
2026-07-26 21:45:11,5297,91.3,9.5,116314,4,1,1,1,1,full_screen
2026-07-26 21:45:13,5299,91.3,9.5,116314,4,1,1,1,1,full_screen
2026-07-26 21:45:14,5300,91.3,9.5,116314,4,1,1,1,1,full_screen
2026-07-26 21:45:16,5302,90.4,9.5,116271,4,1,1,1,1,full_screen
2026-07-26 21:45:21,5307,85.6,9.5,116300,4,1,1,1,1,full_screen
2026-07-26 21:45:26,5312,87.5,9.5,116253,4,1,1,1,1,full_screen
2026-07-26 21:45:31,5317,86.9,9.5,116251,4,1,1,1,1,full_screen
2026-07-26 21:45:36,5322,87.4,9.4,116369,4,1,1,1,1,full_screen
2026-07-26 21:45:41,5327,91.2,9.5,116299,4,1,1,1,1,full_screen
2026-07-26 21:45:46,5332,90.7,9.4,116361,4,1,1,1,1,full_screen
2026-07-26 21:45:51,5337,90.5,9.4,116360,4,1,1,1,1,full_screen
2026-07-26 21:45:55,5341,90.5,9.4,116360,4,1,1,1,1,full_screen
2026-07-26 21:45:56,5342,88.0,9.3,116500,4,1,1,1,1,full_screen
2026-07-26 21:45:56,5342,88.0,9.3,116500,4,1,1,1,1,full_screen
2026-07-26 21:46:01,5347,90.8,9.5,116349,4,1,1,1,1,full_screen
2026-07-26 21:46:06,5352,91.3,9.5,116324,4,1,1,1,1,full_screen
2026-07-26 21:46:11,5357,87.2,9.4,116359,4,1,1,1,1,full_screen
2026-07-26 21:46:16,5362,91.5,9.5,116336,4,1,1,1,1,full_screen
2026-07-26 21:46:21,5367,90.2,9.5,116308,4,1,1,1,1,full_screen
2026-07-26 21:46:26,5372,87.4,9.6,116204,4,1,1,1,1,full_screen
2026-07-26 21:46:31,5377,82.4,9.5,116267,4,1,1,1,1,full_screen
2026-07-26 21:46:36,5382,79.4,9.5,116304,4,1,1,1,1,full_screen
2026-07-26 21:46:38,5384,79.4,9.5,116304,4,1,1,1,1,full_screen
2026-07-26 21:46:39,5385,79.4,9.5,116304,4,1,1,1,1,full_screen
2026-07-26 21:46:41,5387,81.4,9.5,116339,4,1,1,1,1,full_screen
2026-07-26 21:46:46,5392,79.2,9.5,116295,4,1,1,1,1,full_screen
2026-07-26 21:46:51,5397,80.8,9.4,116371,4,1,1,1,1,full_screen
2026-07-26 21:46:56,5402,79.7,9.5,116256,4,1,1,1,1,full_screen
2026-07-26 21:47:01,5407,81.5,9.5,116329,4,1,1,1,1,full_screen
2026-07-26 21:47:06,5412,82.4,9.4,116366,4,1,1,1,1,full_screen
2026-07-26 21:47:11,5417,79.2,9.5,116312,4,1,1,1,1,full_screen
2026-07-26 21:47:16,5422,80.0,9.5,116313,4,1,1,1,1,full_screen
2026-07-26 21:47:21,5427,83.3,9.4,116442,4,1,1,1,1,full_screen
2026-07-26 21:47:21,5427,83.3,9.4,116442,4,1,1,1,1,full_screen
2026-07-26 21:47:22,5428,83.3,9.4,116442,4,1,1,1,1,full_screen
2026-07-26 21:47:26,5432,83.5,9.4,116357,4,1,1,1,1,full_screen
2026-07-26 21:47:31,5437,79.2,9.5,116353,4,1,1,1,1,full_screen
2026-07-26 21:47:36,5442,82.5,9.5,116348,4,1,1,1,1,full_screen
2026-07-26 21:47:41,5447,79.2,9.5,116341,4,1,1,1,1,full_screen
2026-07-26 21:47:46,5452,81.5,9.5,116285,4,1,1,1,1,full_screen
2026-07-26 21:47:51,5457,83.9,9.5,116305,4,1,1,1,1,full_screen
2026-07-26 21:47:56,5462,83.6,9.4,116378,4,1,1,1,1,full_screen
2026-07-26 21:48:01,5467,83.0,9.4,116376,4,1,1,1,1,full_screen
2026-07-26 21:48:04,5470,83.0,9.4,116376,4,1,1,1,1,full_screen
2026-07-26 21:48:05,5471,83.0,9.4,116376,4,1,1,1,1,full_screen
2026-07-26 21:48:06,5472,81.0,9.5,116329,4,1,1,1,1,full_screen
2026-07-26 21:48:11,5477,82.0,9.5,116336,4,1,1,1,1,full_screen
2026-07-26 21:48:16,5482,83.3,9.4,116363,4,1,1,1,1,full_screen
2026-07-26 21:48:21,5487,79.8,9.5,116295,4,1,1,1,1,full_screen
2026-07-26 21:48:26,5492,79.2,9.4,116446,4,1,1,1,1,full_screen
2026-07-26 21:48:31,5497,80.6,9.5,116349,4,1,1,1,1,full_screen
2026-07-26 21:48:36,5502,81.9,9.4,116376,4,1,1,1,1,full_screen
2026-07-26 21:48:41,5507,79.7,9.5,116352,4,1,1,1,1,full_screen
2026-07-26 21:48:46,5512,84.5,9.5,116350,4,1,1,1,1,full_screen
2026-07-26 21:48:47,5513,84.5,9.5,116350,4,1,1,1,1,full_screen
2026-07-26 21:48:48,5514,84.5,9.5,116350,4,1,1,1,1,full_screen
2026-07-26 21:48:51,5517,86.2,9.4,116359,4,1,1,1,1,full_screen
2026-07-26 21:48:56,5522,87.1,9.5,116318,4,1,1,1,1,full_screen
2026-07-26 21:49:01,5527,82.1,9.4,116357,4,1,1,1,1,full_screen
2026-07-26 21:49:06,5532,80.0,9.4,116410,4,1,1,1,1,full_screen
2026-07-26 21:49:11,5537,84.1,9.4,116363,4,1,1,1,1,full_screen
2026-07-26 21:49:16,5542,82.7,9.5,116336,4,1,1,1,1,full_screen
2026-07-26 21:49:21,5547,87.5,9.5,116335,4,1,1,1,1,full_screen
2026-07-26 21:49:26,5552,85.5,9.5,116329,4,1,1,1,1,full_screen
2026-07-26 21:49:30,5556,85.5,9.5,116329,4,1,1,1,1,full_screen
2026-07-26 21:49:31,5557,85.5,9.5,116329,4,1,1,1,1,full_screen
2026-07-26 21:49:31,5557,86.5,9.5,116328,4,1,1,1,1,full_screen
2026-07-26 21:49:36,5562,85.6,9.4,116371,4,1,1,1,1,full_screen
2026-07-26 21:49:41,5567,77.9,9.5,116334,4,1,1,1,1,full_screen
2026-07-26 21:49:46,5572,77.6,9.4,116364,4,1,1,1,1,full_screen
2026-07-26 21:49:51,5577,75.3,9.3,116503,4,1,1,1,1,full_screen
2026-07-26 21:49:56,5582,81.2,9.4,116360,4,1,1,1,1,full_screen
2026-07-26 21:50:01,5587,77.6,9.5,116342,4,1,1,1,1,full_screen
2026-07-26 21:50:06,5592,81.5,9.5,116269,4,1,1,1,1,full_screen
2026-07-26 21:50:11,5597,91.8,9.5,116300,4,1,1,1,1,full_screen
2026-07-26 21:50:13,5599,91.8,9.5,116300,4,1,1,1,1,full_screen
2026-07-26 21:50:14,5600,91.8,9.5,116300,4,1,1,1,1,full_screen
2026-07-26 21:50:16,5602,93.3,9.5,116329,4,1,1,1,1,full_screen
2026-07-26 21:50:21,5607,91.6,9.5,116323,4,1,1,1,1,full_screen
2026-07-26 21:50:26,5612,94.4,9.5,116299,4,1,1,1,1,full_screen
2026-07-26 21:50:31,5617,92.8,9.5,116316,4,1,1,1,1,full_screen
2026-07-26 21:50:36,5622,92.0,9.4,116362,4,1,1,1,1,full_screen
2026-07-26 21:50:41,5627,88.6,9.5,116256,4,1,1,1,1,full_screen
2026-07-26 21:50:46,5632,92.9,9.5,116335,4,1,1,1,1,full_screen
2026-07-26 21:50:51,5637,93.5,9.5,116317,4,1,1,1,1,full_screen
2026-07-26 21:50:56,5642,93.5,9.5,116317,4,1,1,1,1,full_screen
2026-07-26 21:50:56,5642,91.0,9.4,116411,4,1,1,1,1,full_screen
2026-07-26 21:50:57,5643,91.0,9.4,116411,4,1,1,1,1,full_screen
2026-07-26 21:51:01,5647,90.7,9.5,116330,4,1,1,1,1,full_screen
2026-07-26 21:51:06,5652,93.1,9.6,116197,4,1,1,1,1,full_screen
2026-07-26 21:51:11,5657,93.1,9.5,116307,4,1,1,1,1,full_screen
2026-07-26 21:51:16,5662,92.4,9.5,116334,4,1,1,1,1,full_screen
2026-07-26 21:51:21,5667,91.4,9.4,116357,4,1,1,1,1,full_screen
2026-07-26 21:51:26,5672,90.1,9.5,116349,4,1,1,1,1,full_screen
2026-07-26 21:51:31,5677,91.4,9.5,116339,4,1,1,1,1,full_screen
2026-07-26 21:51:36,5682,90.2,9.5,116293,4,1,1,1,1,full_screen
2026-07-26 21:51:39,5685,90.2,9.5,116293,4,1,1,1,1,full_screen
2026-07-26 21:51:40,5686,90.2,9.5,116293,4,1,1,1,1,full_screen
2026-07-26 21:51:41,5687,83.2,9.5,116284,4,1,1,1,1,full_screen
2026-07-26 21:51:46,5692,82.7,9.4,116366,4,1,1,1,1,full_screen
2026-07-26 21:51:51,5697,83.8,9.5,116333,4,1,1,1,1,full_screen
2026-07-26 21:51:56,5702,87.4,9.4,116368,4,1,1,1,1,full_screen
2026-07-26 21:52:01,5707,85.1,9.4,116389,4,1,1,1,1,full_screen
2026-07-26 21:52:06,5712,87.0,9.5,116299,4,1,1,1,1,full_screen
2026-07-26 21:52:11,5717,85.5,9.5,116331,4,1,1,1,1,full_screen
2026-07-26 21:52:16,5722,83.2,9.5,116248,4,1,1,1,1,full_screen
2026-07-26 21:52:21,5727,83.3,9.4,116464,4,1,1,1,1,full_screen
2026-07-26 21:52:21,5727,83.3,9.4,116464,4,1,1,1,1,full_screen
2026-07-26 21:52:22,5728,83.3,9.4,116464,4,1,1,1,1,full_screen
2026-07-26 21:52:26,5732,81.4,9.5,116316,4,1,1,1,1,full_screen
2026-07-26 21:52:31,5737,85.1,9.5,116335,4,1,1,1,1,full_screen
2026-07-26 21:52:36,5742,81.2,9.5,116308,4,1,1,1,1,full_screen
2026-07-26 21:52:41,5747,82.2,9.5,116298,4,1,1,1,1,full_screen
2026-07-26 21:52:46,5752,81.3,9.5,116336,4,1,1,1,1,full_screen
2026-07-26 21:52:51,5757,86.2,9.5,116248,4,1,1,1,1,full_screen
2026-07-26 21:52:56,5762,91.5,9.5,116325,4,1,1,1,1,full_screen
2026-07-26 21:53:01,5767,88.0,9.5,116285,4,1,1,1,1,full_screen
2026-07-26 21:53:04,5770,88.0,9.5,116285,4,1,1,1,1,full_screen
2026-07-26 21:53:05,5771,88.0,9.5,116285,4,1,1,1,1,full_screen
2026-07-26 21:53:06,5772,93.4,9.5,116292,4,1,1,1,1,full_screen
2026-07-26 21:53:11,5777,93.8,9.5,116287,4,1,1,1,1,full_screen
2026-07-26 21:53:16,5782,92.5,9.5,116296,4,1,1,1,1,full_screen
2026-07-26 21:53:21,5787,88.9,9.5,116287,4,1,1,1,1,full_screen
2026-07-26 21:53:26,5792,90.5,9.4,116361,4,1,1,1,1,full_screen
2026-07-26 21:53:31,5797,94.6,9.6,116218,4,1,1,1,1,full_screen
2026-07-26 21:53:36,5802,95.1,9.5,116290,4,1,1,1,1,full_screen
2026-07-26 21:53:41,5807,94.4,9.5,116269,4,1,1,1,1,full_screen
2026-07-26 21:53:46,5812,95.8,9.5,116276,4,1,1,1,1,full_screen
2026-07-26 21:53:47,5813,95.8,9.5,116276,4,1,1,1,1,full_screen
2026-07-26 21:53:48,5814,95.8,9.5,116276,4,1,1,1,1,full_screen
2026-07-26 21:53:51,5817,96.4,9.6,116139,4,1,1,1,1,full_screen
2026-07-26 21:53:56,5822,96.3,9.5,116252,4,1,1,1,1,full_screen
2026-07-26 21:54:01,5827,95.6,9.5,116247,4,1,1,1,1,full_screen
2026-07-26 21:54:06,5832,95.7,9.5,116238,4,1,1,1,1,full_screen
2026-07-26 21:54:11,5837,95.1,9.5,116286,4,1,1,1,1,full_screen
2026-07-26 21:54:16,5842,95.2,9.6,116182,4,1,1,1,1,full_screen
2026-07-26 21:54:21,5847,95.4,9.5,116263,4,1,1,1,1,full_screen
2026-07-26 21:54:26,5852,95.3,9.5,116270,4,1,1,1,1,full_screen
2026-07-26 21:54:30,5856,95.3,9.5,116270,4,1,1,1,1,full_screen
2026-07-26 21:54:31,5857,95.3,9.5,116270,4,1,1,1,1,full_screen
2026-07-26 21:54:31,5857,95.6,9.5,116287,4,1,1,1,1,full_screen
2026-07-26 21:54:36,5862,96.2,9.5,116269,4,1,1,1,1,full_screen
2026-07-26 21:54:41,5867,95.8,9.5,116264,4,1,1,1,1,full_screen
2026-07-26 21:54:46,5872,96.3,9.5,116271,4,1,1,1,1,full_screen
2026-07-26 21:54:51,5877,90.3,9.4,116441,4,1,1,1,1,full_screen
2026-07-26 21:54:56,5882,89.8,9.5,116283,4,1,1,1,1,full_screen
2026-07-26 21:55:01,5887,93.3,9.5,116274,4,1,1,1,1,full_screen
2026-07-26 21:55:06,5892,93.0,9.5,116282,4,1,1,1,1,full_screen
2026-07-26 21:55:11,5897,92.8,9.5,116266,4,1,1,1,1,full_screen
2026-07-26 21:55:13,5899,92.8,9.5,116266,4,1,1,1,1,full_screen
2026-07-26 21:55:14,5900,92.8,9.5,116266,4,1,1,1,1,full_screen
2026-07-26 21:55:16,5902,91.8,9.6,116185,4,1,1,1,1,full_screen
2026-07-26 21:55:21,5907,91.7,9.6,116209,4,1,1,1,1,full_screen
2026-07-26 21:55:26,5912,82.0,9.5,116325,4,1,1,1,1,full_screen
2026-07-26 21:55:31,5917,85.4,9.5,116318,4,1,1,1,1,full_screen
2026-07-26 21:55:36,5922,81.4,9.5,116279,4,1,1,1,1,full_screen
2026-07-26 21:55:41,5927,84.3,9.5,116296,4,1,1,1,1,full_screen
2026-07-26 21:55:46,5932,84.3,9.5,116299,4,1,1,1,1,full_screen
2026-07-26 21:55:51,5937,85.5,9.5,116288,4,1,1,1,1,full_screen
2026-07-26 21:55:56,5942,85.5,9.5,116288,4,1,1,1,1,full_screen
2026-07-26 21:55:56,5942,80.4,9.4,116450,4,1,1,1,1,full_screen
2026-07-26 21:55:57,5943,80.4,9.4,116450,4,1,1,1,1,full_screen
2026-07-26 21:56:01,5947,79.9,9.5,116352,4,1,1,1,1,full_screen
2026-07-26 21:56:06,5952,78.3,9.5,116315,4,1,1,1,1,full_screen
2026-07-26 21:56:11,5957,74.9,9.5,116337,4,1,1,1,1,full_screen
2026-07-26 21:56:16,5962,79.7,9.5,116280,4,1,1,1,1,full_screen
2026-07-26 21:56:21,5967,80.6,9.5,116317,4,1,1,1,1,full_screen
2026-07-26 21:56:26,5972,81.2,9.5,116350,4,1,1,1,1,full_screen
2026-07-26 21:56:31,5977,81.4,9.5,116299,4,1,1,1,1,full_screen
2026-07-26 21:56:36,5982,82.5,9.5,116311,4,1,1,1,1,full_screen
2026-07-26 21:56:39,5985,82.5,9.5,116311,4,1,1,1,1,full_screen
2026-07-26 21:56:40,5986,82.5,9.5,116311,4,1,1,1,1,full_screen
2026-07-26 21:56:41,5987,86.8,9.5,116287,4,1,1,1,1,full_screen
2026-07-26 21:56:46,5992,85.6,9.5,116289,4,1,1,1,1,full_screen
2026-07-26 21:56:51,5997,81.3,9.5,116347,4,1,1,1,1,full_screen
2026-07-26 21:56:56,6002,77.9,9.5,116309,4,1,1,1,1,full_screen
2026-07-26 21:57:01,6007,80.1,9.4,116372,4,1,1,1,1,full_screen
2026-07-26 21:57:06,6012,80.8,9.5,116348,4,1,1,1,1,full_screen
2026-07-26 21:57:12,6018,82.3,9.5,116313,4,1,1,1,1,full_screen
2026-07-26 21:57:17,6023,83.9,9.5,116340,4,1,1,1,1,full_screen
2026-07-26 21:57:22,6028,82.0,9.3,116493,4,1,1,1,1,full_screen
2026-07-26 21:57:22,6028,82.0,9.3,116493,4,1,1,1,1,full_screen
2026-07-26 21:57:23,6029,82.0,9.3,116493,4,1,1,1,1,full_screen
2026-07-26 21:57:27,6033,83.6,9.5,116331,4,1,1,1,1,full_screen
2026-07-26 21:57:32,6038,79.9,9.5,116278,4,1,1,1,1,full_screen
2026-07-26 21:57:37,6043,80.4,9.5,116348,4,1,1,1,1,full_screen
2026-07-26 21:57:42,6048,76.8,9.5,116339,4,1,1,1,1,full_screen
2026-07-26 21:57:47,6053,81.9,9.5,116274,4,1,1,1,1,full_screen
2026-07-26 21:57:52,6058,82.3,9.5,116289,4,1,1,1,1,full_screen
2026-07-26 21:57:57,6063,84.1,9.5,116283,4,1,1,1,1,full_screen
2026-07-26 21:58:02,6068,85.6,9.5,116295,4,1,1,1,1,full_screen
2026-07-26 21:58:05,6071,85.6,9.5,116295,4,1,1,1,1,full_screen
2026-07-26 21:58:06,6072,85.6,9.5,116295,4,1,1,1,1,full_screen
2026-07-26 21:58:07,6073,82.6,9.5,116287,4,1,1,1,1,full_screen
2026-07-26 21:58:12,6078,83.0,9.5,116333,4,1,1,1,1,full_screen
2026-07-26 21:58:17,6083,79.8,9.5,116334,4,1,1,1,1,full_screen
2026-07-26 21:58:22,6088,80.6,9.5,116256,4,1,1,1,1,full_screen
2026-07-26 21:58:27,6093,80.5,9.3,116486,4,1,1,1,1,full_screen
2026-07-26 21:58:32,6098,82.3,9.5,116347,4,1,1,1,1,full_screen
2026-07-26 21:58:37,6103,86.3,9.5,116310,4,1,1,1,1,full_screen
2026-07-26 21:58:42,6108,83.0,9.4,116365,4,1,1,1,1,full_screen
2026-07-26 21:58:47,6113,84.8,9.5,116346,4,1,1,1,1,full_screen
2026-07-26 21:58:48,6114,84.8,9.5,116346,4,1,1,1,1,full_screen
2026-07-26 21:58:49,6115,84.8,9.5,116346,4,1,1,1,1,full_screen
2026-07-26 21:58:52,6118,83.9,9.5,116355,4,1,1,1,1,full_screen
2026-07-26 21:58:57,6123,82.9,9.5,116299,4,1,1,1,1,full_screen
2026-07-26 21:59:02,6128,84.2,9.5,116350,4,1,1,1,1,full_screen
2026-07-26 21:59:07,6133,80.6,9.5,116317,4,1,1,1,1,full_screen
2026-07-26 21:59:12,6138,84.6,9.5,116330,4,1,1,1,1,full_screen
2026-07-26 21:59:17,6143,80.0,9.5,116345,4,1,1,1,1,full_screen
2026-07-26 21:59:22,6148,82.9,9.5,116344,4,1,1,1,1,full_screen
2026-07-26 21:59:27,6153,81.2,9.5,116345,4,1,1,1,1,full_screen
2026-07-26 21:59:31,6157,81.2,9.5,116345,4,1,1,1,1,full_screen
2026-07-26 21:59:32,6158,81.2,9.5,116345,4,1,1,1,1,full_screen
2026-07-26 21:59:32,6158,84.1,9.5,116252,4,1,1,1,1,full_screen
2026-07-26 21:59:37,6163,83.7,9.5,116304,4,1,1,1,1,full_screen
2026-07-26 21:59:42,6168,82.7,9.5,116259,4,1,1,1,1,full_screen
2026-07-26 21:59:47,6173,84.2,9.5,116234,4,1,1,1,1,full_screen
2026-07-26 21:59:52,6178,80.4,9.4,116467,4,1,1,1,1,full_screen
2026-07-26 21:59:57,6183,81.5,9.5,116326,4,1,1,1,1,full_screen
2026-07-26 22:00:02,6188,79.9,9.4,116381,4,1,1,1,1,full_screen
2026-07-26 22:00:07,6193,84.6,9.5,116275,4,1,1,1,1,full_screen
2026-07-26 22:00:12,6198,83.5,9.5,116273,4,1,1,1,1,full_screen
2026-07-26 22:00:13,6199,83.5,9.5,116273,4,1,1,1,1,full_screen
2026-07-26 22:00:14,6200,83.5,9.5,116273,4,1,1,1,1,full_screen
2026-07-26 22:00:17,6203,84.0,9.5,116241,4,1,1,1,1,full_screen
2026-07-26 22:00:22,6208,83.5,9.5,116257,4,1,1,1,1,full_screen
2026-07-26 22:00:27,6213,90.0,9.5,116278,4,1,1,1,1,full_screen
2026-07-26 22:00:32,6218,92.9,9.5,116247,4,1,1,1,1,full_screen
2026-07-26 22:00:37,6223,88.6,9.5,116252,4,1,1,1,1,full_screen
2026-07-26 22:00:42,6228,94.1,9.6,116185,4,1,1,1,1,full_screen
2026-07-26 22:00:47,6233,94.2,9.5,116250,4,1,1,1,1,full_screen
2026-07-26 22:00:52,6238,93.8,9.6,116201,4,1,1,1,1,full_screen
2026-07-26 22:00:56,6242,93.8,9.6,116201,4,1,1,1,1,full_screen
2026-07-26 22:00:57,6243,93.3,9.4,116367,4,1,1,1,1,full_screen
2026-07-26 22:00:57,6243,93.3,9.4,116367,4,1,1,1,1,full_screen
2026-07-26 22:01:02,6248,93.4,9.6,116188,4,1,1,1,1,full_screen
2026-07-26 22:01:07,6253,94.1,9.5,116261,4,1,1,1,1,full_screen
2026-07-26 22:01:12,6258,90.4,9.5,116253,4,1,1,1,1,full_screen
2026-07-26 22:01:17,6263,86.9,9.6,116201,4,1,1,1,1,full_screen
2026-07-26 22:01:18,6264,86.9,9.6,116201,4,1,1,1,1,full_screen
2026-07-26 22:01:19,6265,86.9,9.6,116201,4,1,1,1,1,full_screen
2026-07-26 22:01:22,6268,86.6,9.5,116248,4,1,1,1,1,full_screen
2026-07-26 22:01:27,6273,87.7,9.5,116324,4,1,1,1,1,full_screen
2026-07-26 22:01:32,6278,88.4,9.5,116307,4,1,1,1,1,full_screen
2026-07-26 22:01:37,6283,86.8,9.5,116266,4,1,1,1,1,full_screen
2026-07-26 22:01:39,6285,86.8,9.5,116266,4,1,1,1,1,full_screen
2026-07-26 22:01:40,6286,86.8,9.5,116266,4,1,1,1,1,full_screen
2026-07-26 22:01:42,6288,89.7,9.5,116244,4,1,1,1,1,full_screen
2026-07-26 22:01:47,6293,89.4,9.6,116179,4,1,1,1,1,full_screen
2026-07-26 22:01:52,6298,94.1,9.6,116184,4,1,1,1,1,full_screen
2026-07-26 22:01:57,6303,92.6,9.6,116192,4,1,1,1,1,full_screen
2026-07-26 22:02:01,6307,92.6,9.6,116192,4,1,1,1,1,full_screen
2026-07-26 22:02:02,6308,90.4,9.5,116243,4,1,1,1,1,full_screen
2026-07-26 22:02:02,6308,90.4,9.5,116243,4,1,1,1,1,full_screen
2026-07-26 22:02:07,6313,93.7,9.5,116244,4,1,1,1,1,full_screen
2026-07-26 22:02:12,6318,93.6,9.5,116270,4,1,1,1,1,full_screen
2026-07-26 22:02:17,6323,92.4,9.6,116198,4,1,1,1,1,full_screen
2026-07-26 22:02:22,6328,90.9,9.4,116367,4,1,1,1,1,full_screen
2026-07-26 22:02:22,6328,90.9,9.4,116367,4,1,1,1,1,full_screen
2026-07-26 22:02:23,6329,90.9,9.4,116367,4,1,1,1,1,full_screen
2026-07-26 22:02:27,6333,91.5,9.6,116195,4,1,1,1,1,full_screen
2026-07-26 22:02:32,6338,91.9,9.6,116174,4,1,1,1,1,full_screen
2026-07-26 22:02:37,6343,90.3,9.5,116245,4,1,1,1,1,full_screen
2026-07-26 22:02:42,6348,91.0,9.5,116249,4,1,1,1,1,full_screen
2026-07-26 22:02:44,6350,91.0,9.5,116249,4,1,1,1,1,full_screen
2026-07-26 22:02:45,6351,91.0,9.5,116249,4,1,1,1,1,full_screen
2026-07-26 22:02:47,6353,90.8,9.5,116245,4,1,1,1,1,full_screen
2026-07-26 22:02:52,6358,92.6,9.6,116212,4,1,1,1,1,full_screen
2026-07-26 22:02:57,6363,91.9,9.5,116248,4,1,1,1,1,full_screen
2026-07-26 22:03:02,6368,90.4,9.5,116233,4,1,1,1,1,full_screen
2026-07-26 22:03:05,6371,90.4,9.5,116233,4,1,1,1,1,full_screen
2026-07-26 22:03:06,6372,90.4,9.5,116233,4,1,1,1,1,full_screen
2026-07-26 22:03:07,6373,89.3,9.5,116270,4,1,1,1,1,full_screen
2026-07-26 22:03:12,6378,91.0,9.5,116240,4,1,1,1,1,full_screen
2026-07-26 22:03:17,6383,92.3,9.6,116216,4,1,1,1,1,full_screen
2026-07-26 22:03:22,6388,93.2,9.5,116246,4,1,1,1,1,full_screen
2026-07-26 22:03:27,6393,91.3,9.4,116389,4,1,1,1,1,full_screen
2026-07-26 22:03:32,6398,94.0,9.5,116272,4,1,1,1,1,full_screen
2026-07-26 22:03:37,6403,90.9,9.5,116247,4,1,1,1,1,full_screen
2026-07-26 22:03:42,6408,92.4,9.5,116268,4,1,1,1,1,full_screen
2026-07-26 22:03:47,6413,91.7,9.6,116212,4,1,1,1,1,full_screen
2026-07-26 22:03:48,6414,91.7,9.6,116212,4,1,1,1,1,full_screen
2026-07-26 22:03:49,6415,91.7,9.6,116212,4,1,1,1,1,full_screen
2026-07-26 22:03:52,6418,90.2,9.6,116194,4,1,1,1,1,full_screen
2026-07-26 22:03:57,6423,87.8,9.6,116174,4,1,1,1,1,full_screen
2026-07-26 22:04:02,6428,88.0,9.6,116215,4,1,1,1,1,full_screen
2026-07-26 22:04:07,6433,85.2,9.5,116231,4,1,1,1,1,full_screen
2026-07-26 22:04:10,6436,85.2,9.5,116231,4,1,1,1,1,full_screen
2026-07-26 22:04:11,6437,85.2,9.5,116231,4,1,1,1,1,full_screen
2026-07-26 22:04:12,6438,80.6,9.5,116257,4,1,1,1,1,full_screen
2026-07-26 22:04:17,6443,80.0,9.5,116308,4,1,1,1,1,full_screen
2026-07-26 22:04:22,6448,79.0,9.6,116215,4,1,1,1,1,full_screen
2026-07-26 22:04:27,6453,90.1,9.6,116194,4,1,1,1,1,full_screen
2026-07-26 22:04:31,6457,90.1,9.6,116194,4,1,1,1,1,full_screen
2026-07-26 22:04:32,6458,90.1,9.6,116194,4,1,1,1,1,full_screen
2026-07-26 22:04:32,6458,92.3,9.5,116290,4,1,1,1,1,full_screen
2026-07-26 22:04:37,6463,92.2,9.5,116238,4,1,1,1,1,full_screen
2026-07-26 22:04:42,6468,94.6,9.5,116233,4,1,1,1,1,full_screen
2026-07-26 22:04:47,6473,94.9,9.6,116174,4,1,1,1,1,full_screen
2026-07-26 22:04:52,6478,93.2,9.5,116260,4,1,1,1,1,full_screen
2026-07-26 22:04:53,6479,93.2,9.5,116260,4,1,1,1,1,full_screen
2026-07-26 22:04:54,6480,93.2,9.5,116260,4,1,1,1,1,full_screen
2026-07-26 22:04:57,6483,91.5,9.5,116290,4,1,1,1,1,full_screen
2026-07-26 22:05:02,6488,91.7,9.5,116279,4,1,1,1,1,full_screen
2026-07-26 22:05:07,6493,90.6,9.5,116252,4,1,1,1,1,full_screen
2026-07-26 22:05:12,6498,88.2,9.5,116256,4,1,1,1,1,full_screen
2026-07-26 22:05:14,6500,88.2,9.5,116256,4,1,1,1,1,full_screen
2026-07-26 22:05:15,6501,88.2,9.5,116256,4,1,1,1,1,full_screen
2026-07-26 22:05:17,6503,91.3,9.5,116228,4,1,1,1,1,full_screen
2026-07-26 22:05:22,6508,90.9,9.5,116230,4,1,1,1,1,full_screen
2026-07-26 22:05:27,6513,92.6,9.6,116171,4,1,1,1,1,full_screen
2026-07-26 22:05:32,6518,92.1,9.5,116250,4,1,1,1,1,full_screen
2026-07-26 22:05:36,6522,92.1,9.5,116250,4,1,1,1,1,full_screen
2026-07-26 22:05:37,6523,92.1,9.5,116250,4,1,1,1,1,full_screen
2026-07-26 22:05:37,6523,87.0,9.5,116313,4,1,1,1,1,full_screen
2026-07-26 22:05:42,6528,85.7,9.5,116279,4,1,1,1,1,full_screen
2026-07-26 22:05:47,6533,81.3,9.5,116233,4,1,1,1,1,full_screen
2026-07-26 22:05:52,6538,77.7,9.5,116245,4,1,1,1,1,full_screen
2026-07-26 22:05:57,6543,77.7,9.5,116245,4,1,1,1,1,full_screen
2026-07-26 22:05:57,6543,76.6,9.4,116451,4,1,1,1,1,full_screen
2026-07-26 22:05:58,6544,76.6,9.4,116451,4,1,1,1,1,full_screen
2026-07-26 22:06:02,6548,76.9,9.5,116244,4,1,1,1,1,full_screen
2026-07-26 22:06:07,6553,75.5,9.5,116265,4,1,1,1,1,full_screen
2026-07-26 22:06:12,6558,74.3,9.5,116249,4,1,1,1,1,full_screen
2026-07-26 22:06:17,6563,80.7,9.5,116256,4,1,1,1,1,full_screen
2026-07-26 22:06:19,6565,80.7,9.5,116256,4,1,1,1,1,full_screen
2026-07-26 22:06:20,6566,80.7,9.5,116256,4,1,1,1,1,full_screen
2026-07-26 22:06:22,6568,80.6,9.5,116299,4,1,1,1,1,full_screen
2026-07-26 22:06:27,6573,82.9,9.5,116276,4,1,1,1,1,full_screen
2026-07-26 22:06:32,6578,81.9,9.5,116256,4,1,1,1,1,full_screen
2026-07-26 22:06:37,6583,82.6,9.6,116185,4,1,1,1,1,full_screen
2026-07-26 22:06:40,6586,82.6,9.6,116185,4,1,1,1,1,full_screen
2026-07-26 22:06:41,6587,82.6,9.6,116185,4,1,1,1,1,full_screen
2026-07-26 22:06:42,6588,83.4,9.5,116282,4,1,1,1,1,full_screen
2026-07-26 22:06:47,6593,86.3,9.5,116256,4,1,1,1,1,full_screen
2026-07-26 22:06:52,6598,87.2,9.5,116273,4,1,1,1,1,full_screen
2026-07-26 22:06:57,6603,83.8,9.5,116320,4,1,1,1,1,full_screen
2026-07-26 22:07:02,6608,83.8,9.5,116320,4,1,1,1,1,full_screen
2026-07-26 22:07:02,6608,81.3,9.5,116316,4,1,1,1,1,full_screen
2026-07-26 22:07:03,6609,81.3,9.5,116316,4,1,1,1,1,full_screen
2026-07-26 22:07:07,6613,81.5,9.5,116299,4,1,1,1,1,full_screen
2026-07-26 22:07:12,6618,81.8,9.6,116225,4,1,1,1,1,full_screen
2026-07-26 22:07:17,6623,81.3,9.5,116298,4,1,1,1,1,full_screen
2026-07-26 22:07:22,6628,81.8,9.4,116413,4,1,1,1,1,full_screen
2026-07-26 22:07:22,6628,81.8,9.4,116413,4,1,1,1,1,full_screen
2026-07-26 22:07:24,6630,81.8,9.4,116413,4,1,1,1,1,full_screen
2026-07-26 22:07:27,6633,89.1,9.5,116287,4,1,1,1,1,full_screen
2026-07-26 22:07:32,6638,88.4,9.5,116278,4,1,1,1,1,full_screen
2026-07-26 22:07:37,6643,85.0,9.5,116297,4,1,1,1,1,full_screen
2026-07-26 22:07:42,6648,81.6,9.5,116263,4,1,1,1,1,full_screen
2026-07-26 22:07:44,6650,81.6,9.5,116263,4,1,1,1,1,full_screen
2026-07-26 22:07:46,6652,81.6,9.5,116263,4,1,1,1,1,full_screen
2026-07-26 22:07:47,6653,83.2,9.5,116245,4,1,1,1,1,full_screen
2026-07-26 22:07:52,6658,83.8,9.5,116325,4,1,1,1,1,full_screen
2026-07-26 22:07:57,6663,82.2,9.5,116254,4,1,1,1,1,full_screen
2026-07-26 22:08:02,6668,81.8,9.5,116282,4,1,1,1,1,full_screen
2026-07-26 22:08:07,6673,81.6,9.5,116265,4,1,1,1,1,full_screen
2026-07-26 22:08:12,6678,85.0,9.5,116236,4,1,1,1,1,full_screen
2026-07-26 22:08:17,6683,78.5,9.6,116224,4,1,1,1,1,full_screen
2026-07-26 22:08:22,6688,80.2,9.6,116198,4,1,1,1,1,full_screen
2026-07-26 22:08:27,6693,80.2,9.6,116198,4,1,1,1,1,full_screen
2026-07-26 22:08:27,6693,80.8,9.4,116450,4,1,1,1,1,full_screen
2026-07-26 22:08:28,6694,80.8,9.4,116450,4,1,1,1,1,full_screen
2026-07-26 22:08:32,6698,83.4,9.5,116340,4,1,1,1,1,full_screen
2026-07-26 22:08:37,6703,83.2,9.5,116351,4,1,1,1,1,full_screen
2026-07-26 22:08:42,6708,80.5,9.5,116288,4,1,1,1,1,full_screen
2026-07-26 22:08:47,6713,84.0,9.5,116258,4,1,1,1,1,full_screen
2026-07-26 22:08:52,6718,85.6,9.5,116252,4,1,1,1,1,full_screen
2026-07-26 22:08:57,6723,86.1,9.6,116222,4,1,1,1,1,full_screen
2026-07-26 22:09:02,6728,86.8,9.5,116316,4,1,1,1,1,full_screen
2026-07-26 22:09:07,6733,82.1,9.5,116289,4,1,1,1,1,full_screen
2026-07-26 22:09:10,6736,82.1,9.5,116289,4,1,1,1,1,full_screen
2026-07-26 22:09:11,6737,82.1,9.5,116289,4,1,1,1,1,full_screen
2026-07-26 22:09:12,6738,86.1,9.5,116248,4,1,1,1,1,full_screen
2026-07-26 22:09:17,6743,88.3,9.5,116312,4,1,1,1,1,full_screen
2026-07-26 22:09:22,6748,91.2,9.5,116291,4,1,1,1,1,full_screen
2026-07-26 22:09:27,6753,87.9,9.5,116295,4,1,1,1,1,full_screen
2026-07-26 22:09:32,6758,84.8,9.5,116258,4,1,1,1,1,full_screen
2026-07-26 22:09:37,6763,88.2,9.5,116321,4,1,1,1,1,full_screen
2026-07-26 22:09:42,6768,87.8,9.5,116255,4,1,1,1,1,full_screen
2026-07-26 22:09:47,6773,90.2,9.5,116287,4,1,1,1,1,full_screen
2026-07-26 22:09:53,6779,84.6,9.4,116427,4,1,1,1,1,full_screen
2026-07-26 22:09:53,6779,84.6,9.4,116427,4,1,1,1,1,full_screen
2026-07-26 22:09:54,6780,84.6,9.4,116427,4,1,1,1,1,full_screen
2026-07-26 22:09:58,6784,86.0,9.5,116301,4,1,1,1,1,full_screen
2026-07-26 22:10:03,6789,83.6,9.5,116299,4,1,1,1,1,full_screen
2026-07-26 22:10:08,6794,80.4,9.6,116215,4,1,1,1,1,full_screen
2026-07-26 22:10:13,6799,77.3,9.5,116303,4,1,1,1,1,full_screen
2026-07-26 22:10:18,6804,75.2,9.5,116325,4,1,1,1,1,full_screen
2026-07-26 22:10:23,6809,75.5,9.5,116343,4,1,1,1,1,full_screen
2026-07-26 22:10:28,6814,76.3,9.5,116347,4,1,1,1,1,full_screen
2026-07-26 22:10:33,6819,78.5,9.5,116324,4,1,1,1,1,full_screen
2026-07-26 22:10:36,6822,78.5,9.5,116324,4,1,1,1,1,full_screen
2026-07-26 22:10:37,6823,78.5,9.5,116324,4,1,1,1,1,full_screen
2026-07-26 22:10:38,6824,88.3,9.5,116239,4,1,1,1,1,full_screen
2026-07-26 22:10:43,6829,92.4,9.6,116129,4,1,1,1,1,full_screen
2026-07-26 22:10:48,6834,95.4,9.5,116241,4,1,1,1,1,full_screen
2026-07-26 22:10:53,6839,96.6,9.5,116244,4,1,1,1,1,full_screen
2026-07-26 22:10:57,6843,96.6,9.5,116244,4,1,1,1,1,full_screen
2026-07-26 22:10:58,6844,96.5,9.4,116411,4,1,1,1,1,full_screen
2026-07-26 22:10:58,6844,96.5,9.4,116411,4,1,1,1,1,full_screen
2026-07-26 22:11:03,6849,97.6,9.6,116225,4,1,1,1,1,full_screen
2026-07-26 22:11:08,6854,97.0,9.6,116196,4,1,1,1,1,full_screen
2026-07-26 22:11:13,6859,96.5,9.5,116240,4,1,1,1,1,full_screen
2026-07-26 22:11:18,6864,95.5,9.6,116225,4,1,1,1,1,full_screen
2026-07-26 22:11:19,6865,95.5,9.6,116225,4,1,1,1,1,full_screen
2026-07-26 22:11:20,6866,95.5,9.6,116225,4,1,1,1,1,full_screen
2026-07-26 22:11:23,6869,96.1,9.5,116234,4,1,1,1,1,full_screen
2026-07-26 22:11:28,6874,94.7,9.5,116233,4,1,1,1,1,full_screen
2026-07-26 22:11:33,6879,94.8,9.5,116243,4,1,1,1,1,full_screen
2026-07-26 22:11:38,6884,93.7,9.5,116257,4,1,1,1,1,full_screen
2026-07-26 22:11:40,6886,93.7,9.5,116257,4,1,1,1,1,full_screen
2026-07-26 22:11:41,6887,93.7,9.5,116257,4,1,1,1,1,full_screen
2026-07-26 22:11:43,6889,93.1,9.6,116210,4,1,1,1,1,full_screen
2026-07-26 22:11:48,6894,95.3,9.5,116244,4,1,1,1,1,full_screen
2026-07-26 22:11:53,6899,95.7,9.5,116247,4,1,1,1,1,full_screen
2026-07-26 22:11:58,6904,94.3,9.5,116278,4,1,1,1,1,full_screen
2026-07-26 22:12:02,6908,94.3,9.5,116278,4,1,1,1,1,full_screen
2026-07-26 22:12:03,6909,94.2,9.5,116272,4,1,1,1,1,full_screen
2026-07-26 22:12:03,6909,94.2,9.5,116272,4,1,1,1,1,full_screen
2026-07-26 22:12:08,6914,94.0,9.6,116133,4,1,1,1,1,full_screen
2026-07-26 22:12:13,6919,93.3,9.5,116231,4,1,1,1,1,full_screen
2026-07-26 22:12:18,6924,94.2,9.6,116212,4,1,1,1,1,full_screen
2026-07-26 22:12:23,6929,94.2,9.5,116352,4,1,1,1,1,full_screen
2026-07-26 22:12:23,6929,94.2,9.5,116352,4,1,1,1,1,full_screen
2026-07-26 22:12:24,6930,94.2,9.5,116352,4,1,1,1,1,full_screen
2026-07-26 22:12:28,6934,87.9,9.5,116233,4,1,1,1,1,full_screen
2026-07-26 22:12:33,6939,90.4,9.6,116212,4,1,1,1,1,full_screen
2026-07-26 22:12:38,6944,88.9,9.5,116241,4,1,1,1,1,full_screen
2026-07-26 22:12:43,6949,92.1,9.6,116122,4,1,1,1,1,full_screen
2026-07-26 22:12:45,6951,92.1,9.6,116122,4,1,1,1,1,full_screen
2026-07-26 22:12:46,6952,92.1,9.6,116122,4,1,1,1,1,full_screen
2026-07-26 22:12:48,6954,92.8,9.5,116271,4,1,1,1,1,full_screen
2026-07-26 22:12:53,6959,90.1,9.5,116277,4,1,1,1,1,full_screen
2026-07-26 22:12:58,6964,91.2,9.5,116230,4,1,1,1,1,full_screen
2026-07-26 22:13:03,6969,91.6,9.6,116216,4,1,1,1,1,full_screen
2026-07-26 22:13:06,6972,91.6,9.6,116216,4,1,1,1,1,full_screen
2026-07-26 22:13:07,6973,91.6,9.6,116216,4,1,1,1,1,full_screen
2026-07-26 22:13:08,6974,88.3,9.5,116238,4,1,1,1,1,full_screen
2026-07-26 22:13:13,6979,80.2,9.5,116238,4,1,1,1,1,full_screen
2026-07-26 22:13:18,6984,80.9,9.6,116206,4,1,1,1,1,full_screen
2026-07-26 22:13:23,6989,82.1,9.6,116209,4,1,1,1,1,full_screen
2026-07-26 22:13:28,6994,79.7,9.4,116480,4,1,1,1,1,full_screen
2026-07-26 22:13:33,6999,85.4,9.5,116302,4,1,1,1,1,full_screen
2026-07-26 22:13:38,7004,85.3,9.5,116299,4,1,1,1,1,full_screen
2026-07-26 22:13:43,7009,86.9,9.5,116233,4,1,1,1,1,full_screen
2026-07-26 22:13:48,7014,84.1,9.5,116315,4,1,1,1,1,full_screen
2026-07-26 22:13:49,7015,84.1,9.5,116315,4,1,1,1,1,full_screen
2026-07-26 22:13:50,7016,84.1,9.5,116315,4,1,1,1,1,full_screen
2026-07-26 22:13:53,7019,81.3,9.5,116313,4,1,1,1,1,full_screen
2026-07-26 22:13:58,7024,82.1,9.5,116268,4,1,1,1,1,full_screen
2026-07-26 22:14:03,7029,80.8,9.5,116334,4,1,1,1,1,full_screen
2026-07-26 22:14:08,7034,86.4,9.5,116271,4,1,1,1,1,full_screen
2026-07-26 22:14:13,7039,85.6,9.5,116283,4,1,1,1,1,full_screen
2026-07-26 22:14:18,7044,85.2,9.6,116226,4,1,1,1,1,full_screen
2026-07-26 22:14:23,7049,87.4,9.5,116332,4,1,1,1,1,full_screen
2026-07-26 22:14:28,7054,80.7,9.5,116336,4,1,1,1,1,full_screen
2026-07-26 22:14:32,7058,80.7,9.5,116336,4,1,1,1,1,full_screen
2026-07-26 22:14:33,7059,80.7,9.5,116336,4,1,1,1,1,full_screen
2026-07-26 22:14:33,7059,82.8,9.5,116304,4,1,1,1,1,full_screen
2026-07-26 22:14:38,7064,77.6,9.5,116288,4,1,1,1,1,full_screen
2026-07-26 22:14:43,7069,77.9,9.5,116305,4,1,1,1,1,full_screen
2026-07-26 22:14:48,7074,76.3,9.5,116305,4,1,1,1,1,full_screen
2026-07-26 22:14:53,7079,77.3,9.4,116368,4,1,1,1,1,full_screen
2026-07-26 22:14:58,7084,81.6,9.5,116322,4,1,1,1,1,full_screen
2026-07-26 22:15:03,7089,81.2,9.5,116244,4,1,1,1,1,full_screen
2026-07-26 22:15:08,7094,89.0,9.5,116242,4,1,1,1,1,full_screen
2026-07-26 22:15:13,7099,93.1,9.5,116238,4,1,1,1,1,full_screen
2026-07-26 22:15:15,7101,93.1,9.5,116238,4,1,1,1,1,full_screen
2026-07-26 22:15:16,7102,93.1,9.5,116238,4,1,1,1,1,full_screen
2026-07-26 22:15:18,7104,90.3,9.5,116231,4,1,1,1,1,full_screen
2026-07-26 22:15:23,7109,93.6,9.5,116228,4,1,1,1,1,full_screen
2026-07-26 22:15:28,7114,91.1,9.5,116258,4,1,1,1,1,full_screen
2026-07-26 22:15:33,7119,93.8,9.5,116235,4,1,1,1,1,full_screen
2026-07-26 22:15:38,7124,93.3,9.5,116265,4,1,1,1,1,full_screen
2026-07-26 22:15:43,7129,93.9,9.6,116210,4,1,1,1,1,full_screen
2026-07-26 22:15:48,7134,93.9,9.6,116208,4,1,1,1,1,full_screen
2026-07-26 22:15:53,7139,92.4,9.6,116200,4,1,1,1,1,full_screen
2026-07-26 22:15:58,7144,92.4,9.6,116200,4,1,1,1,1,full_screen
2026-07-26 22:15:58,7144,87.3,9.4,116454,4,1,1,1,1,full_screen
2026-07-26 22:15:59,7145,87.3,9.4,116454,4,1,1,1,1,full_screen
2026-07-26 22:16:03,7149,92.6,9.5,116231,4,1,1,1,1,full_screen
2026-07-26 22:16:08,7154,91.1,9.5,116270,4,1,1,1,1,full_screen
2026-07-26 22:16:13,7159,87.7,9.5,116304,4,1,1,1,1,full_screen
2026-07-26 22:16:18,7164,82.2,9.5,116323,4,1,1,1,1,full_screen
2026-07-26 22:16:23,7169,76.5,9.5,116310,4,1,1,1,1,full_screen
2026-07-26 22:16:28,7174,82.1,9.5,116284,4,1,1,1,1,full_screen
2026-07-26 22:16:33,7179,77.6,9.5,116292,4,1,1,1,1,full_screen
2026-07-26 22:16:38,7184,77.7,9.5,116251,4,1,1,1,1,full_screen
2026-07-26 22:16:41,7187,77.7,9.5,116251,4,1,1,1,1,full_screen
2026-07-26 22:16:42,7188,77.7,9.5,116251,4,1,1,1,1,full_screen
2026-07-26 22:16:43,7189,79.8,9.5,116339,4,1,1,1,1,full_screen
2026-07-26 22:16:48,7194,77.0,9.5,116293,4,1,1,1,1,full_screen
2026-07-26 22:16:53,7199,80.8,9.5,116323,4,1,1,1,1,full_screen
2026-07-26 22:16:58,7204,76.4,9.5,116302,4,1,1,1,1,full_screen
2026-07-26 22:17:03,7209,83.8,9.5,116336,4,1,1,1,1,full_screen
2026-07-26 22:17:08,7214,86.2,9.5,116290,4,1,1,1,1,full_screen
2026-07-26 22:17:13,7219,89.0,9.5,116256,4,1,1,1,1,full_screen
