timestamp,elapsed_s,cpu_pct,ram_pct,ram_available_mb,n_cameras_active,cam1,cam2,cam3,cam4,composite
2026-07-25 20:30:46,0,0.0,0.0,0,0,0,0,0,0,unknown
2026-07-25 20:30:48,2,0.0,0.0,0,0,0,0,0,0,unknown
2026-07-25 20:30:48,2,0.0,0.0,0,0,0,0,0,0,unknown
2026-07-25 20:30:48,2,0.0,0.0,0,0,0,0,0,0,full_screen
2026-07-25 20:30:48,2,0.0,0.0,0,0,0,0,0,0,full_screen
2026-07-25 20:30:48,2,0.0,0.0,0,0,0,0,0,0,full_screen
2026-07-25 20:30:51,5,36.6,6.0,120756,0,0,0,0,0,full_screen
2026-07-25 20:30:55,9,36.6,6.0,120756,4,1,1,1,1,full_screen
2026-07-25 20:30:56,10,42.5,8.0,118168,4,1,1,1,1,full_screen
2026-07-25 20:31:01,15,66.0,8.3,117791,4,1,1,1,1,full_screen
2026-07-25 20:31:06,20,65.8,8.4,117656,4,1,1,1,1,full_screen
2026-07-25 20:31:11,25,68.4,8.4,117736,4,1,1,1,1,full_screen
2026-07-25 20:31:16,30,72.7,8.4,117680,4,1,1,1,1,full_screen
2026-07-25 20:31:21,35,71.6,8.4,117699,4,1,1,1,1,full_screen
2026-07-25 20:31:26,40,66.0,8.5,117635,4,1,1,1,1,full_screen
2026-07-25 20:31:28,42,66.0,8.5,117635,4,1,1,1,1,full_screen
2026-07-25 20:31:29,43,66.0,8.5,117635,4,1,1,1,1,full_screen
2026-07-25 20:31:31,45,75.2,8.4,117662,4,1,1,1,1,full_screen
2026-07-25 20:31:36,50,67.1,8.5,117638,4,1,1,1,1,full_screen
2026-07-25 20:31:41,55,64.5,8.5,117637,4,1,1,1,1,full_screen
2026-07-25 20:31:46,60,71.1,8.5,117636,4,1,1,1,1,full_screen
2026-07-25 20:31:50,64,71.1,8.5,117636,4,1,1,1,1,full_screen
2026-07-25 20:31:51,65,70.3,8.4,117663,4,1,1,1,1,full_screen
2026-07-25 20:31:51,65,70.3,8.4,117663,4,1,1,1,1,full_screen
2026-07-25 20:31:56,70,69.4,8.4,117699,4,1,1,1,1,full_screen
2026-07-25 20:32:01,75,69.6,8.5,117630,4,1,1,1,1,full_screen
2026-07-25 20:32:06,80,70.1,8.5,117554,4,1,1,1,1,full_screen
2026-07-25 20:32:11,85,67.1,8.5,117601,4,1,1,1,1,full_screen
2026-07-25 20:32:11,85,67.1,8.5,117601,4,1,1,1,1,full_screen
2026-07-25 20:32:12,86,67.1,8.5,117601,4,1,1,1,1,full_screen
2026-07-25 20:32:16,90,67.5,8.5,117557,4,1,1,1,1,full_screen
2026-07-25 20:32:21,95,67.5,8.5,117533,4,1,1,1,1,full_screen
2026-07-25 20:32:26,100,63.9,8.6,117481,4,1,1,1,1,full_screen
2026-07-25 20:32:31,105,63.7,8.5,117542,4,1,1,1,1,full_screen
2026-07-25 20:32:33,107,63.7,8.5,117542,4,1,1,1,1,full_screen
2026-07-25 20:32:34,108,63.7,8.5,117542,4,1,1,1,1,full_screen
2026-07-25 20:32:36,110,66.3,8.6,117465,4,1,1,1,1,full_screen
2026-07-25 20:32:41,115,67.8,8.6,117450,4,1,1,1,1,full_screen
2026-07-25 20:32:46,120,65.2,8.6,117471,4,1,1,1,1,full_screen
2026-07-25 20:32:51,125,69.2,8.5,117518,4,1,1,1,1,full_screen
2026-07-25 20:32:54,128,69.2,8.5,117518,4,1,1,1,1,full_screen
2026-07-25 20:32:55,129,69.2,8.5,117518,4,1,1,1,1,full_screen
2026-07-25 20:32:56,130,68.4,8.7,117366,4,1,1,1,1,full_screen
2026-07-25 20:33:01,135,69.3,8.6,117507,4,1,1,1,1,full_screen
2026-07-25 20:33:06,140,70.9,8.6,117467,4,1,1,1,1,full_screen
2026-07-25 20:33:11,145,72.2,8.6,117445,4,1,1,1,1,full_screen
2026-07-25 20:33:16,150,72.2,8.6,117445,4,1,1,1,1,full_screen
2026-07-25 20:33:16,150,76.6,8.5,117549,4,1,1,1,1,full_screen
2026-07-25 20:33:17,151,76.6,8.5,117549,4,1,1,1,1,full_screen
2026-07-25 20:33:21,155,65.4,8.6,117476,4,1,1,1,1,full_screen
2026-07-25 20:33:26,160,70.9,8.6,117511,4,1,1,1,1,full_screen
2026-07-25 20:33:31,165,63.7,8.6,117439,4,1,1,1,1,full_screen
2026-07-25 20:33:36,170,65.0,8.7,117314,4,1,1,1,1,full_screen
2026-07-25 20:33:41,175,60.2,8.7,117380,4,1,1,1,1,full_screen
2026-07-25 20:33:46,180,70.0,8.6,117464,4,1,1,1,1,full_screen
2026-07-25 20:33:51,185,66.4,8.7,117369,4,1,1,1,1,full_screen
2026-07-25 20:33:56,190,61.9,8.7,117327,4,1,1,1,1,full_screen
2026-07-25 20:33:59,193,61.9,8.7,117327,4,1,1,1,1,full_screen
2026-07-25 20:34:00,194,61.9,8.7,117327,4,1,1,1,1,full_screen
2026-07-25 20:34:01,195,75.8,8.6,117457,4,1,1,1,1,full_screen
2026-07-25 20:34:06,200,93.8,8.6,117462,4,1,1,1,1,full_screen
2026-07-25 20:34:11,205,94.4,8.6,117444,4,1,1,1,1,full_screen
2026-07-25 20:34:16,210,95.8,8.6,117420,4,1,1,1,1,full_screen
2026-07-25 20:34:21,215,96.4,8.6,117452,4,1,1,1,1,full_screen
2026-07-25 20:34:26,220,96.9,8.6,117458,4,1,1,1,1,full_screen
2026-07-25 20:34:31,225,97.4,8.6,117505,4,1,1,1,1,full_screen
2026-07-25 20:34:36,230,96.4,8.5,117513,4,1,1,1,1,full_screen
2026-07-25 20:34:41,235,96.6,8.4,117724,4,1,1,1,1,full_screen
2026-07-25 20:34:41,235,96.6,8.4,117724,4,1,1,1,1,full_screen
2026-07-25 20:34:42,236,96.6,8.4,117724,4,1,1,1,1,full_screen
2026-07-25 20:34:46,240,96.3,8.6,117443,4,1,1,1,1,full_screen
2026-07-25 20:34:51,245,96.0,8.6,117436,4,1,1,1,1,full_screen
2026-07-25 20:34:56,250,95.9,8.7,117293,4,1,1,1,1,full_screen
2026-07-25 20:35:01,255,96.1,8.7,117376,4,1,1,1,1,full_screen
2026-07-25 20:35:06,260,96.9,8.6,117402,4,1,1,1,1,full_screen
2026-07-25 20:35:11,265,96.7,8.6,117480,4,1,1,1,1,full_screen
2026-07-25 20:35:16,270,96.1,8.6,117393,4,1,1,1,1,full_screen
2026-07-25 20:35:21,275,96.4,8.7,117324,4,1,1,1,1,full_screen
2026-07-25 20:35:24,278,96.4,8.7,117324,4,1,1,1,1,full_screen
2026-07-25 20:35:25,279,96.4,8.7,117324,4,1,1,1,1,full_screen
2026-07-25 20:35:26,280,96.3,8.6,117389,4,1,1,1,1,full_screen
2026-07-25 20:35:31,285,87.8,8.7,117305,4,1,1,1,1,full_screen
2026-07-25 20:35:36,290,91.9,8.7,117296,4,1,1,1,1,full_screen
2026-07-25 20:35:41,295,89.1,8.8,117247,4,1,1,1,1,full_screen
2026-07-25 20:35:46,300,93.0,8.7,117360,4,1,1,1,1,full_screen
2026-07-25 20:35:51,305,86.4,8.8,117255,4,1,1,1,1,full_screen
2026-07-25 20:35:56,310,91.9,8.9,117119,4,1,1,1,1,full_screen
2026-07-25 20:36:01,315,88.1,8.8,117167,4,1,1,1,1,full_screen
2026-07-25 20:36:06,320,84.6,8.7,117361,4,1,1,1,1,full_screen
2026-07-25 20:36:07,321,84.6,8.7,117361,4,1,1,1,1,full_screen
2026-07-25 20:36:08,322,84.6,8.7,117361,4,1,1,1,1,full_screen
2026-07-25 20:36:11,325,88.3,8.8,117188,4,1,1,1,1,full_screen
2026-07-25 20:36:16,330,91.4,8.8,117142,4,1,1,1,1,full_screen
2026-07-25 20:36:21,335,87.3,8.9,117101,4,1,1,1,1,full_screen
2026-07-25 20:36:26,340,75.9,8.8,117143,4,1,1,1,1,full_screen
2026-07-25 20:36:29,343,75.9,8.8,117143,4,1,1,1,1,full_screen
2026-07-25 20:36:30,344,75.9,8.8,117143,4,1,1,1,1,full_screen
2026-07-25 20:36:31,345,86.0,8.8,117132,4,1,1,1,1,full_screen
2026-07-25 20:36:36,350,94.5,8.9,117035,4,1,1,1,1,full_screen
2026-07-25 20:36:41,355,94.4,8.8,117145,4,1,1,1,1,full_screen
2026-07-25 20:36:46,360,96.2,8.9,117117,4,1,1,1,1,full_screen
2026-07-25 20:36:50,364,96.2,8.9,117117,4,1,1,1,1,full_screen
2026-07-25 20:36:51,365,96.2,8.9,117117,4,1,1,1,1,full_screen
2026-07-25 20:36:51,365,97.1,8.8,117149,4,1,1,1,1,full_screen
2026-07-25 20:36:56,370,96.0,8.9,117051,4,1,1,1,1,full_screen
2026-07-25 20:37:01,375,95.2,8.9,117035,4,1,1,1,1,full_screen
2026-07-25 20:37:06,380,90.3,8.9,117091,4,1,1,1,1,full_screen
2026-07-25 20:37:11,385,91.9,8.8,117199,4,1,1,1,1,full_screen
2026-07-25 20:37:12,386,91.9,8.8,117199,4,1,1,1,1,full_screen
2026-07-25 20:37:13,387,91.9,8.8,117199,4,1,1,1,1,full_screen
2026-07-25 20:37:16,390,94.6,8.9,117088,4,1,1,1,1,full_screen
2026-07-25 20:37:21,395,87.0,8.9,117026,4,1,1,1,1,full_screen
2026-07-25 20:37:26,400,84.9,8.9,117020,4,1,1,1,1,full_screen
2026-07-25 20:37:31,405,84.9,8.9,117021,4,1,1,1,1,full_screen
2026-07-25 20:37:36,410,89.2,8.9,117013,4,1,1,1,1,full_screen
2026-07-25 20:37:41,415,88.4,9.0,116983,4,1,1,1,1,full_screen
2026-07-25 20:37:46,420,91.0,9.0,116981,4,1,1,1,1,full_screen
2026-07-25 20:37:51,425,91.5,9.0,116980,4,1,1,1,1,full_screen
2026-07-25 20:37:55,429,91.5,9.0,116980,4,1,1,1,1,full_screen
2026-07-25 20:37:56,430,91.5,9.0,116980,4,1,1,1,1,full_screen
2026-07-25 20:37:56,430,92.6,9.0,116958,4,1,1,1,1,full_screen
2026-07-25 20:38:02,436,90.5,8.9,117048,4,1,1,1,1,full_screen
2026-07-25 20:38:07,441,92.8,8.9,117030,4,1,1,1,1,full_screen
2026-07-25 20:38:12,446,95.4,8.9,117050,4,1,1,1,1,full_screen
2026-07-25 20:38:17,451,95.6,8.8,117129,4,1,1,1,1,full_screen
2026-07-25 20:38:22,456,93.6,9.0,116962,4,1,1,1,1,full_screen
2026-07-25 20:38:27,461,92.8,8.9,117047,4,1,1,1,1,full_screen
2026-07-25 20:38:32,466,92.0,9.0,116903,4,1,1,1,1,full_screen
2026-07-25 20:38:37,471,91.8,8.8,117153,4,1,1,1,1,full_screen
2026-07-25 20:38:37,471,91.8,8.8,117153,4,1,1,1,1,full_screen
2026-07-25 20:38:38,472,91.8,8.8,117153,4,1,1,1,1,full_screen
2026-07-25 20:38:42,476,88.5,8.9,117019,4,1,1,1,1,full_screen
2026-07-25 20:38:47,481,92.1,8.9,116999,4,1,1,1,1,full_screen
2026-07-25 20:38:52,486,91.3,8.9,117005,4,1,1,1,1,full_screen
2026-07-25 20:38:57,491,88.7,9.0,116992,4,1,1,1,1,full_screen
2026-07-25 20:39:02,496,85.0,8.8,117128,4,1,1,1,1,full_screen
2026-07-25 20:39:07,501,93.7,8.8,117135,4,1,1,1,1,full_screen
2026-07-25 20:39:12,506,93.3,8.9,117104,4,1,1,1,1,full_screen
2026-07-25 20:39:17,511,91.9,8.9,117083,4,1,1,1,1,full_screen
2026-07-25 20:39:20,514,91.9,8.9,117083,4,1,1,1,1,full_screen
2026-07-25 20:39:21,515,91.9,8.9,117083,4,1,1,1,1,full_screen
2026-07-25 20:39:22,516,93.4,8.9,117062,4,1,1,1,1,full_screen
2026-07-25 20:39:27,521,93.6,8.9,117067,4,1,1,1,1,full_screen
2026-07-25 20:39:32,526,91.3,9.0,116994,4,1,1,1,1,full_screen
2026-07-25 20:39:37,531,90.5,8.9,117046,4,1,1,1,1,full_screen
2026-07-25 20:39:42,536,94.1,8.8,117243,4,1,1,1,1,full_screen
2026-07-25 20:39:47,541,96.2,8.9,117117,4,1,1,1,1,full_screen
2026-07-25 20:39:52,546,95.3,8.9,117056,4,1,1,1,1,full_screen
2026-07-25 20:39:57,551,96.5,8.9,117068,4,1,1,1,1,full_screen
2026-07-25 20:40:02,556,97.2,8.9,117073,4,1,1,1,1,full_screen
2026-07-25 20:40:03,557,97.2,8.9,117073,4,1,1,1,1,full_screen
2026-07-25 20:40:04,558,97.2,8.9,117073,4,1,1,1,1,full_screen
2026-07-25 20:40:07,561,97.1,8.9,117060,4,1,1,1,1,full_screen
2026-07-25 20:40:12,566,96.4,8.9,117105,4,1,1,1,1,full_screen
2026-07-25 20:40:17,571,96.1,8.9,117062,4,1,1,1,1,full_screen
2026-07-25 20:40:22,576,92.2,8.9,117014,4,1,1,1,1,full_screen
2026-07-25 20:40:25,579,92.2,8.9,117014,4,1,1,1,1,full_screen
2026-07-25 20:40:26,580,92.2,8.9,117014,4,1,1,1,1,full_screen
2026-07-25 20:40:27,581,93.9,8.9,117057,4,1,1,1,1,full_screen
2026-07-25 20:40:32,586,87.7,9.0,116985,4,1,1,1,1,full_screen
2026-07-25 20:40:37,591,89.6,8.9,117050,4,1,1,1,1,full_screen
2026-07-25 20:40:42,596,91.1,8.9,117037,4,1,1,1,1,full_screen
2026-07-25 20:40:46,600,91.1,8.9,117037,4,1,1,1,1,full_screen
2026-07-25 20:40:47,601,93.6,8.8,117170,4,1,1,1,1,full_screen
2026-07-25 20:40:47,601,93.6,8.8,117170,4,1,1,1,1,full_screen
2026-07-25 20:40:52,606,92.9,8.9,117042,4,1,1,1,1,full_screen
2026-07-25 20:40:57,611,93.8,8.9,117056,4,1,1,1,1,full_screen
2026-07-25 20:41:02,616,92.5,8.9,117068,4,1,1,1,1,full_screen
2026-07-25 20:41:07,621,87.3,8.9,117019,4,1,1,1,1,full_screen
2026-07-25 20:41:08,622,87.3,8.9,117019,4,1,1,1,1,full_screen
2026-07-25 20:41:09,623,87.3,8.9,117019,4,1,1,1,1,full_screen
2026-07-25 20:41:12,626,86.8,8.9,117032,4,1,1,1,1,full_screen
2026-07-25 20:41:17,631,79.8,9.0,116939,4,1,1,1,1,full_screen
2026-07-25 20:41:22,636,82.6,9.0,116909,4,1,1,1,1,full_screen
2026-07-25 20:41:27,641,83.3,9.0,116966,4,1,1,1,1,full_screen
2026-07-25 20:41:29,643,83.3,9.0,116966,4,1,1,1,1,full_screen
2026-07-25 20:41:30,644,83.3,9.0,116966,4,1,1,1,1,full_screen
2026-07-25 20:41:32,646,84.2,9.0,116925,4,1,1,1,1,full_screen
2026-07-25 20:41:37,651,80.9,9.0,116957,4,1,1,1,1,full_screen
2026-07-25 20:41:42,656,85.9,9.0,116897,4,1,1,1,1,full_screen
2026-07-25 20:41:47,661,84.3,9.0,116904,4,1,1,1,1,full_screen
2026-07-25 20:41:51,665,84.3,9.0,116904,4,1,1,1,1,full_screen
2026-07-25 20:41:52,666,84.3,9.0,116904,4,1,1,1,1,full_screen
2026-07-25 20:41:52,666,79.3,9.0,116936,4,1,1,1,1,full_screen
2026-07-25 20:41:57,671,84.8,9.0,116971,4,1,1,1,1,full_screen
2026-07-25 20:42:02,676,89.6,9.0,116942,4,1,1,1,1,full_screen
2026-07-25 20:42:07,681,90.8,9.0,116976,4,1,1,1,1,full_screen
2026-07-25 20:42:12,686,85.9,8.9,117121,4,1,1,1,1,full_screen
2026-07-25 20:42:17,691,85.9,9.1,116841,4,1,1,1,1,full_screen
2026-07-25 20:42:22,696,85.6,9.0,116936,4,1,1,1,1,full_screen
2026-07-25 20:42:27,701,86.3,9.0,116907,4,1,1,1,1,full_screen
2026-07-25 20:42:32,706,85.6,9.1,116870,4,1,1,1,1,full_screen
2026-07-25 20:42:34,708,85.6,9.1,116870,4,1,1,1,1,full_screen
2026-07-25 20:42:35,709,85.6,9.1,116870,4,1,1,1,1,full_screen
2026-07-25 20:42:37,711,84.4,9.0,116918,4,1,1,1,1,full_screen
2026-07-25 20:42:42,716,88.9,9.0,116882,4,1,1,1,1,full_screen
2026-07-25 20:42:47,721,86.8,9.0,116914,4,1,1,1,1,full_screen
2026-07-25 20:42:52,726,88.4,9.1,116819,4,1,1,1,1,full_screen
2026-07-25 20:42:57,731,87.7,9.0,116920,4,1,1,1,1,full_screen
2026-07-25 20:43:02,736,88.5,9.0,116909,4,1,1,1,1,full_screen
2026-07-25 20:43:07,741,91.4,9.0,116921,4,1,1,1,1,full_screen
2026-07-25 20:43:12,746,87.2,9.0,116872,4,1,1,1,1,full_screen
2026-07-25 20:43:16,750,87.2,9.0,116872,4,1,1,1,1,full_screen
2026-07-25 20:43:17,751,87.6,9.0,116966,4,1,1,1,1,full_screen
2026-07-25 20:43:17,751,87.6,9.0,116966,4,1,1,1,1,full_screen
2026-07-25 20:43:22,756,81.6,9.1,116868,4,1,1,1,1,full_screen
2026-07-25 20:43:27,761,81.0,9.1,116856,4,1,1,1,1,full_screen
2026-07-25 20:43:32,766,82.2,9.0,116880,4,1,1,1,1,full_screen
2026-07-25 20:43:37,771,81.6,8.9,117013,4,1,1,1,1,full_screen
2026-07-25 20:43:42,776,90.1,9.0,116885,4,1,1,1,1,full_screen
2026-07-25 20:43:47,781,90.9,9.1,116870,4,1,1,1,1,full_screen
2026-07-25 20:43:52,786,89.1,9.1,116750,4,1,1,1,1,full_screen
2026-07-25 20:43:57,791,93.7,9.0,116913,4,1,1,1,1,full_screen
2026-07-25 20:43:59,793,93.7,9.0,116913,4,1,1,1,1,full_screen
2026-07-25 20:44:00,794,93.7,9.0,116913,4,1,1,1,1,full_screen
2026-07-25 20:44:02,796,90.1,9.1,116836,4,1,1,1,1,full_screen
2026-07-25 20:44:07,801,92.7,9.1,116841,4,1,1,1,1,full_screen
2026-07-25 20:44:12,806,92.1,9.0,116887,4,1,1,1,1,full_screen
2026-07-25 20:44:17,811,92.8,9.1,116860,4,1,1,1,1,full_screen
2026-07-25 20:44:21,815,92.8,9.1,116860,4,1,1,1,1,full_screen
2026-07-25 20:44:22,816,89.5,9.1,116824,4,1,1,1,1,full_screen
2026-07-25 20:44:22,816,89.5,9.1,116824,4,1,1,1,1,full_screen
2026-07-25 20:44:27,821,87.1,9.1,116754,4,1,1,1,1,full_screen
2026-07-25 20:44:32,826,90.4,9.1,116868,4,1,1,1,1,full_screen
2026-07-25 20:44:37,831,92.3,9.1,116867,4,1,1,1,1,full_screen
2026-07-25 20:44:42,836,92.3,9.1,116867,4,1,1,1,1,full_screen
2026-07-25 20:44:42,836,90.9,8.9,117031,4,1,1,1,1,full_screen
2026-07-25 20:44:43,837,90.9,8.9,117031,4,1,1,1,1,full_screen
2026-07-25 20:44:47,841,93.1,9.1,116775,4,1,1,1,1,full_screen
2026-07-25 20:44:52,846,89.9,9.1,116774,4,1,1,1,1,full_screen
2026-07-25 20:44:57,851,88.1,9.1,116768,4,1,1,1,1,full_screen
2026-07-25 20:45:02,856,87.3,9.2,116696,4,1,1,1,1,full_screen
2026-07-25 20:45:04,858,87.3,9.2,116696,4,1,1,1,1,full_screen
2026-07-25 20:45:05,859,87.3,9.2,116696,4,1,1,1,1,full_screen
2026-07-25 20:45:07,861,93.0,9.1,116813,4,1,1,1,1,full_screen
2026-07-25 20:45:12,866,90.1,9.1,116784,4,1,1,1,1,full_screen
2026-07-25 20:45:17,871,91.2,9.1,116803,4,1,1,1,1,full_screen
2026-07-25 20:45:22,876,91.3,9.1,116781,4,1,1,1,1,full_screen
2026-07-25 20:45:25,879,91.3,9.1,116781,4,1,1,1,1,full_screen
2026-07-25 20:45:26,880,91.3,9.1,116781,4,1,1,1,1,full_screen
2026-07-25 20:45:27,881,89.6,9.0,116870,4,1,1,1,1,full_screen
2026-07-25 20:45:32,886,89.2,9.1,116822,4,1,1,1,1,full_screen
2026-07-25 20:45:37,891,94.5,9.1,116788,4,1,1,1,1,full_screen
2026-07-25 20:45:42,896,94.4,9.1,116802,4,1,1,1,1,full_screen
2026-07-25 20:45:47,901,94.4,9.1,116802,4,1,1,1,1,full_screen
2026-07-25 20:45:47,901,92.5,9.0,116919,4,1,1,1,1,full_screen
2026-07-25 20:45:48,902,92.5,9.0,116919,4,1,1,1,1,full_screen
2026-07-25 20:45:52,906,93.0,9.1,116816,4,1,1,1,1,full_screen
2026-07-25 20:45:57,911,92.8,9.1,116847,4,1,1,1,1,full_screen
2026-07-25 20:46:02,916,90.1,9.1,116802,4,1,1,1,1,full_screen
2026-07-25 20:46:07,921,89.4,9.0,116971,4,1,1,1,1,full_screen
2026-07-25 20:46:12,926,88.4,9.1,116861,4,1,1,1,1,full_screen
2026-07-25 20:46:17,931,90.6,9.1,116830,4,1,1,1,1,full_screen
2026-07-25 20:46:22,936,88.4,9.1,116814,4,1,1,1,1,full_screen
2026-07-25 20:46:27,941,91.2,9.1,116830,4,1,1,1,1,full_screen
2026-07-25 20:46:29,943,91.2,9.1,116830,4,1,1,1,1,full_screen
2026-07-25 20:46:31,945,91.2,9.1,116830,4,1,1,1,1,full_screen
2026-07-25 20:46:32,946,91.5,9.1,116841,4,1,1,1,1,full_screen
2026-07-25 20:46:37,951,88.0,9.1,116781,4,1,1,1,1,full_screen
2026-07-25 20:46:42,956,91.6,9.1,116857,4,1,1,1,1,full_screen
2026-07-25 20:46:47,961,88.0,9.1,116834,4,1,1,1,1,full_screen
2026-07-25 20:46:52,966,88.3,9.0,116906,4,1,1,1,1,full_screen
2026-07-25 20:46:57,971,88.6,9.1,116846,4,1,1,1,1,full_screen
2026-07-25 20:47:02,976,88.0,9.1,116796,4,1,1,1,1,full_screen
2026-07-25 20:47:07,981,70.7,9.0,116932,4,1,1,1,1,full_screen
2026-07-25 20:47:12,986,87.3,8.9,117014,4,1,1,1,1,full_screen
2026-07-25 20:47:12,986,87.3,8.9,117014,4,1,1,1,1,full_screen
2026-07-25 20:47:13,987,87.3,8.9,117014,4,1,1,1,1,full_screen
2026-07-25 20:47:17,991,89.7,9.0,116936,4,1,1,1,1,full_screen
2026-07-25 20:47:22,996,93.1,9.0,116976,4,1,1,1,1,full_screen
2026-07-25 20:47:27,1001,95.1,9.0,116993,4,1,1,1,1,full_screen
2026-07-25 20:47:32,1006,96.3,9.0,116963,4,1,1,1,1,full_screen
2026-07-25 20:47:37,1011,96.5,9.0,116917,4,1,1,1,1,full_screen
2026-07-25 20:47:42,1016,96.3,9.0,116998,4,1,1,1,1,full_screen
2026-07-25 20:47:47,1021,97.2,9.0,116974,4,1,1,1,1,full_screen
2026-07-25 20:47:52,1026,97.2,9.0,116977,4,1,1,1,1,full_screen
2026-07-25 20:47:55,1029,97.2,9.0,116977,4,1,1,1,1,full_screen
2026-07-25 20:47:56,1030,97.2,9.0,116977,4,1,1,1,1,full_screen
2026-07-25 20:47:57,1031,96.4,9.0,116985,4,1,1,1,1,full_screen
2026-07-25 20:48:02,1036,93.7,8.9,117006,4,1,1,1,1,full_screen
2026-07-25 20:48:07,1041,93.4,9.0,116972,4,1,1,1,1,full_screen
2026-07-25 20:48:12,1046,95.2,9.0,116938,4,1,1,1,1,full_screen
2026-07-25 20:48:17,1051,95.2,9.0,116938,4,1,1,1,1,full_screen
2026-07-25 20:48:17,1051,93.6,8.9,117084,4,1,1,1,1,full_screen
2026-07-25 20:48:18,1052,93.6,8.9,117084,4,1,1,1,1,full_screen
2026-07-25 20:48:22,1056,92.8,9.0,116951,4,1,1,1,1,full_screen
2026-07-25 20:48:27,1061,93.1,9.0,116942,4,1,1,1,1,full_screen
2026-07-25 20:48:32,1066,92.2,9.0,116940,4,1,1,1,1,full_screen
2026-07-25 20:48:37,1071,89.9,9.0,116871,4,1,1,1,1,full_screen
2026-07-25 20:48:38,1072,89.9,9.0,116871,4,1,1,1,1,full_screen
2026-07-25 20:48:39,1073,89.9,9.0,116871,4,1,1,1,1,full_screen
2026-07-25 20:48:42,1076,92.7,9.0,116975,4,1,1,1,1,full_screen
2026-07-25 20:48:47,1081,88.7,9.0,116963,4,1,1,1,1,full_screen
2026-07-25 20:48:52,1086,87.8,9.0,116950,4,1,1,1,1,full_screen
2026-07-25 20:48:57,1091,86.7,9.0,116974,4,1,1,1,1,full_screen
2026-07-25 20:49:00,1094,86.7,9.0,116974,4,1,1,1,1,full_screen
2026-07-25 20:49:01,1095,86.7,9.0,116974,4,1,1,1,1,full_screen
2026-07-25 20:49:02,1096,87.4,9.0,116883,4,1,1,1,1,full_screen
2026-07-25 20:49:07,1101,84.2,9.0,116870,4,1,1,1,1,full_screen
2026-07-25 20:49:12,1106,87.1,9.1,116827,4,1,1,1,1,full_screen
2026-07-25 20:49:17,1111,84.7,9.1,116833,4,1,1,1,1,full_screen
2026-07-25 20:49:21,1115,84.7,9.1,116833,4,1,1,1,1,full_screen
2026-07-25 20:49:22,1116,84.7,9.1,116833,4,1,1,1,1,full_screen
2026-07-25 20:49:22,1116,88.1,9.1,116837,4,1,1,1,1,full_screen
2026-07-25 20:49:27,1121,85.7,9.0,116886,4,1,1,1,1,full_screen
2026-07-25 20:49:32,1126,82.7,9.1,116848,4,1,1,1,1,full_screen
2026-07-25 20:49:37,1131,85.9,9.0,116873,4,1,1,1,1,full_screen
2026-07-25 20:49:42,1136,82.7,8.9,117022,4,1,1,1,1,full_screen
2026-07-25 20:49:43,1137,82.7,8.9,117022,4,1,1,1,1,full_screen
2026-07-25 20:49:44,1138,82.7,8.9,117022,4,1,1,1,1,full_screen
2026-07-25 20:49:47,1141,88.3,9.1,116772,4,1,1,1,1,full_screen
2026-07-25 20:49:52,1146,89.0,9.1,116833,4,1,1,1,1,full_screen
2026-07-25 20:49:57,1151,85.2,9.1,116848,4,1,1,1,1,full_screen
2026-07-25 20:50:02,1156,88.6,9.1,116869,4,1,1,1,1,full_screen
2026-07-25 20:50:07,1161,88.6,9.1,116808,4,1,1,1,1,full_screen
2026-07-25 20:50:12,1166,90.5,9.1,116773,4,1,1,1,1,full_screen
2026-07-25 20:50:17,1171,87.8,9.1,116802,4,1,1,1,1,full_screen
2026-07-25 20:50:22,1176,84.5,9.2,116696,4,1,1,1,1,full_screen
2026-07-25 20:50:26,1180,84.5,9.2,116696,4,1,1,1,1,full_screen
2026-07-25 20:50:27,1181,84.5,9.2,116696,4,1,1,1,1,full_screen
2026-07-25 20:50:27,1181,75.9,9.1,116815,4,1,1,1,1,full_screen
2026-07-25 20:50:32,1186,81.1,9.1,116830,4,1,1,1,1,full_screen
2026-07-25 20:50:37,1191,86.2,9.1,116844,4,1,1,1,1,full_screen
2026-07-25 20:50:43,1197,84.6,9.1,116790,4,1,1,1,1,full_screen
2026-07-25 20:50:48,1202,94.3,9.0,116980,4,1,1,1,1,full_screen
2026-07-25 20:50:53,1207,94.9,9.0,116918,4,1,1,1,1,full_screen
2026-07-25 20:50:58,1212,94.2,9.1,116823,4,1,1,1,1,full_screen
2026-07-25 20:51:03,1217,95.8,9.0,116889,4,1,1,1,1,full_screen
2026-07-25 20:51:08,1222,92.7,9.1,116839,4,1,1,1,1,full_screen
2026-07-25 20:51:08,1222,92.7,9.1,116839,4,1,1,1,1,full_screen
2026-07-25 20:51:09,1223,92.7,9.1,116839,4,1,1,1,1,full_screen
2026-07-25 20:51:13,1227,94.7,9.0,116894,4,1,1,1,1,full_screen
2026-07-25 20:51:18,1232,95.7,9.0,116883,4,1,1,1,1,full_screen
2026-07-25 20:51:23,1237,95.3,9.1,116743,4,1,1,1,1,full_screen
2026-07-25 20:51:28,1242,96.4,9.0,116871,4,1,1,1,1,full_screen
2026-07-25 20:51:33,1247,94.1,9.1,116827,4,1,1,1,1,full_screen
2026-07-25 20:51:38,1252,92.0,9.1,116813,4,1,1,1,1,full_screen
2026-07-25 20:51:43,1257,82.9,9.1,116796,4,1,1,1,1,full_screen
2026-07-25 20:51:48,1262,86.6,9.1,116833,4,1,1,1,1,full_screen
2026-07-25 20:51:51,1265,86.6,9.1,116833,4,1,1,1,1,full_screen
2026-07-25 20:51:52,1266,86.6,9.1,116833,4,1,1,1,1,full_screen
2026-07-25 20:51:53,1267,84.8,9.1,116830,4,1,1,1,1,full_screen
2026-07-25 20:51:58,1272,84.6,9.1,116809,4,1,1,1,1,full_screen
2026-07-25 20:52:03,1277,87.7,9.0,116880,4,1,1,1,1,full_screen
2026-07-25 20:52:08,1282,86.3,9.1,116827,4,1,1,1,1,full_screen
2026-07-25 20:52:13,1287,90.2,9.0,116947,4,1,1,1,1,full_screen
2026-07-25 20:52:18,1292,92.0,9.1,116831,4,1,1,1,1,full_screen
2026-07-25 20:52:23,1297,94.2,9.0,116885,4,1,1,1,1,full_screen
2026-07-25 20:52:28,1302,94.0,9.0,116921,4,1,1,1,1,full_screen
2026-07-25 20:52:33,1307,92.4,9.1,116853,4,1,1,1,1,full_screen
2026-07-25 20:52:34,1308,92.4,9.1,116853,4,1,1,1,1,full_screen
2026-07-25 20:52:35,1309,92.4,9.1,116853,4,1,1,1,1,full_screen
2026-07-25 20:52:38,1312,93.5,9.1,116862,4,1,1,1,1,full_screen
2026-07-25 20:52:43,1317,92.5,9.1,116822,4,1,1,1,1,full_screen
2026-07-25 20:52:48,1322,92.2,9.1,116769,4,1,1,1,1,full_screen
2026-07-25 20:52:53,1327,89.6,9.1,116752,4,1,1,1,1,full_screen
2026-07-25 20:52:58,1332,93.9,9.1,116777,4,1,1,1,1,full_screen
2026-07-25 20:53:03,1337,94.9,9.1,116829,4,1,1,1,1,full_screen
2026-07-25 20:53:08,1342,88.2,9.1,116852,4,1,1,1,1,full_screen
2026-07-25 20:53:13,1347,84.4,9.1,116816,4,1,1,1,1,full_screen
2026-07-25 20:53:17,1351,84.4,9.1,116816,4,1,1,1,1,full_screen
2026-07-25 20:53:18,1352,80.8,9.0,116879,4,1,1,1,1,full_screen
2026-07-25 20:53:18,1352,80.8,9.0,116879,4,1,1,1,1,full_screen
2026-07-25 20:53:23,1357,81.0,9.1,116782,4,1,1,1,1,full_screen
2026-07-25 20:53:28,1362,88.4,9.1,116827,4,1,1,1,1,full_screen
2026-07-25 20:53:33,1367,88.3,9.2,116716,4,1,1,1,1,full_screen
2026-07-25 20:53:38,1372,85.6,9.1,116812,4,1,1,1,1,full_screen
2026-07-25 20:53:39,1373,85.6,9.1,116812,4,1,1,1,1,full_screen
2026-07-25 20:53:40,1374,85.6,9.1,116812,4,1,1,1,1,full_screen
2026-07-25 20:53:43,1377,84.9,9.1,116833,4,1,1,1,1,full_screen
2026-07-25 20:53:48,1382,89.0,9.1,116852,4,1,1,1,1,full_screen
2026-07-25 20:53:53,1387,88.0,9.1,116778,4,1,1,1,1,full_screen
2026-07-25 20:53:58,1392,87.6,9.1,116771,4,1,1,1,1,full_screen
2026-07-25 20:54:00,1394,87.6,9.1,116771,4,1,1,1,1,full_screen
2026-07-25 20:54:01,1395,87.6,9.1,116771,4,1,1,1,1,full_screen
2026-07-25 20:54:03,1397,88.7,9.1,116850,4,1,1,1,1,full_screen
2026-07-25 20:54:08,1402,91.3,9.2,116714,4,1,1,1,1,full_screen
2026-07-25 20:54:13,1407,88.3,9.2,116708,4,1,1,1,1,full_screen
2026-07-25 20:54:18,1412,88.4,9.2,116736,4,1,1,1,1,full_screen
2026-07-25 20:54:22,1416,88.4,9.2,116736,4,1,1,1,1,full_screen
2026-07-25 20:54:23,1417,88.4,9.2,116736,4,1,1,1,1,full_screen
2026-07-25 20:54:23,1417,88.1,9.1,116859,4,1,1,1,1,full_screen
2026-07-25 20:54:28,1422,84.9,9.1,116847,4,1,1,1,1,full_screen
2026-07-25 20:54:33,1427,88.9,9.1,116789,4,1,1,1,1,full_screen
2026-07-25 20:54:38,1432,89.9,9.1,116772,4,1,1,1,1,full_screen
2026-07-25 20:54:43,1437,90.0,9.0,116880,4,1,1,1,1,full_screen
2026-07-25 20:54:48,1442,88.3,9.1,116820,4,1,1,1,1,full_screen
2026-07-25 20:54:53,1447,86.2,9.1,116834,4,1,1,1,1,full_screen
2026-07-25 20:54:58,1452,80.9,9.1,116786,4,1,1,1,1,full_screen
2026-07-25 20:55:03,1457,73.0,9.2,116726,4,1,1,1,1,full_screen
2026-07-25 20:55:05,1459,73.0,9.2,116726,4,1,1,1,1,full_screen
2026-07-25 20:55:06,1460,73.0,9.2,116726,4,1,1,1,1,full_screen
2026-07-25 20:55:08,1462,76.0,9.2,116694,4,1,1,1,1,full_screen
2026-07-25 20:55:13,1467,72.8,9.2,116651,4,1,1,1,1,full_screen
2026-07-25 20:55:18,1472,90.9,9.1,116867,4,1,1,1,1,full_screen
2026-07-25 20:55:23,1477,95.5,9.0,116895,4,1,1,1,1,full_screen
2026-07-25 20:55:28,1482,95.4,9.0,116905,4,1,1,1,1,full_screen
2026-07-25 20:55:33,1487,96.7,9.0,116890,4,1,1,1,1,full_screen
2026-07-25 20:55:38,1492,97.3,9.0,116895,4,1,1,1,1,full_screen
2026-07-25 20:55:43,1497,97.0,9.1,116864,4,1,1,1,1,full_screen
2026-07-25 20:55:47,1501,97.0,9.1,116864,4,1,1,1,1,full_screen
2026-07-25 20:55:48,1502,96.2,8.9,117007,4,1,1,1,1,full_screen
2026-07-25 20:55:48,1502,96.2,8.9,117007,4,1,1,1,1,full_screen
2026-07-25 20:55:53,1507,92.1,9.0,116921,4,1,1,1,1,full_screen
2026-07-25 20:55:58,1512,95.3,9.0,116904,4,1,1,1,1,full_screen
2026-07-25 20:56:03,1517,96.3,9.0,116886,4,1,1,1,1,full_screen
2026-07-25 20:56:08,1522,93.5,8.9,117025,4,1,1,1,1,full_screen
2026-07-25 20:56:13,1527,93.9,9.0,116917,4,1,1,1,1,full_screen
2026-07-25 20:56:18,1532,95.3,9.1,116840,4,1,1,1,1,full_screen
2026-07-25 20:56:23,1537,95.9,9.0,116881,4,1,1,1,1,full_screen
2026-07-25 20:56:28,1542,95.2,9.0,116881,4,1,1,1,1,full_screen
2026-07-25 20:56:30,1544,95.2,9.0,116881,4,1,1,1,1,full_screen
2026-07-25 20:56:31,1545,95.2,9.0,116881,4,1,1,1,1,full_screen
2026-07-25 20:56:33,1547,95.6,9.0,116899,4,1,1,1,1,full_screen
2026-07-25 20:56:38,1552,90.3,9.0,116883,4,1,1,1,1,full_screen
2026-07-25 20:56:43,1557,91.2,9.1,116774,4,1,1,1,1,full_screen
2026-07-25 20:56:48,1562,90.0,9.0,116886,4,1,1,1,1,full_screen
2026-07-25 20:56:53,1567,90.3,9.1,116811,4,1,1,1,1,full_screen
2026-07-25 20:56:58,1572,86.0,9.1,116773,4,1,1,1,1,full_screen
2026-07-25 20:57:03,1577,82.7,9.1,116773,4,1,1,1,1,full_screen
2026-07-25 20:57:08,1582,85.4,9.1,116755,4,1,1,1,1,full_screen
2026-07-25 20:57:13,1587,87.0,9.0,116981,4,1,1,1,1,full_screen
2026-07-25 20:57:13,1587,87.0,9.0,116981,4,1,1,1,1,full_screen
2026-07-25 20:57:14,1588,87.0,9.0,116981,4,1,1,1,1,full_screen
2026-07-25 20:57:18,1592,89.1,9.2,116690,4,1,1,1,1,full_screen
2026-07-25 20:57:23,1597,87.8,9.1,116762,4,1,1,1,1,full_screen
2026-07-25 20:57:28,1602,85.2,9.2,116731,4,1,1,1,1,full_screen
2026-07-25 20:57:33,1607,79.5,9.2,116700,4,1,1,1,1,full_screen
2026-07-25 20:57:38,1612,78.7,9.2,116741,4,1,1,1,1,full_screen
2026-07-25 20:57:43,1617,83.9,9.1,116766,4,1,1,1,1,full_screen
2026-07-25 20:57:48,1622,79.7,9.1,116745,4,1,1,1,1,full_screen
2026-07-25 20:57:53,1627,88.9,9.2,116661,4,1,1,1,1,full_screen
2026-07-25 20:57:56,1630,88.9,9.2,116661,4,1,1,1,1,full_screen
2026-07-25 20:57:57,1631,88.9,9.2,116661,4,1,1,1,1,full_screen
2026-07-25 20:57:58,1632,94.9,9.2,116729,4,1,1,1,1,full_screen
2026-07-25 20:58:03,1637,91.3,9.2,116717,4,1,1,1,1,full_screen
2026-07-25 20:58:08,1642,94.9,9.1,116800,4,1,1,1,1,full_screen
2026-07-25 20:58:13,1647,93.7,9.2,116738,4,1,1,1,1,full_screen
2026-07-25 20:58:18,1652,93.7,9.2,116738,4,1,1,1,1,full_screen
2026-07-25 20:58:18,1652,94.0,9.0,116884,4,1,1,1,1,full_screen
2026-07-25 20:58:19,1653,94.0,9.0,116884,4,1,1,1,1,full_screen
2026-07-25 20:58:23,1657,87.0,9.2,116717,4,1,1,1,1,full_screen
2026-07-25 20:58:28,1662,90.0,9.2,116671,4,1,1,1,1,full_screen
2026-07-25 20:58:33,1667,90.8,9.2,116680,4,1,1,1,1,full_screen
2026-07-25 20:58:38,1672,82.6,9.2,116680,4,1,1,1,1,full_screen
2026-07-25 20:58:39,1673,82.6,9.2,116680,4,1,1,1,1,full_screen
2026-07-25 20:58:40,1674,82.6,9.2,116680,4,1,1,1,1,full_screen
2026-07-25 20:58:43,1677,89.5,9.2,116739,4,1,1,1,1,full_screen
2026-07-25 20:58:48,1682,92.1,9.2,116734,4,1,1,1,1,full_screen
2026-07-25 20:58:53,1687,89.8,9.2,116623,4,1,1,1,1,full_screen
2026-07-25 20:58:58,1692,92.1,9.1,116744,4,1,1,1,1,full_screen
2026-07-25 20:59:01,1695,92.1,9.1,116744,4,1,1,1,1,full_screen
2026-07-25 20:59:02,1696,92.1,9.1,116744,4,1,1,1,1,full_screen
2026-07-25 20:59:03,1697,89.8,9.2,116702,4,1,1,1,1,full_screen
2026-07-25 20:59:08,1702,89.8,9.2,116688,4,1,1,1,1,full_screen
2026-07-25 20:59:13,1707,93.3,9.2,116681,4,1,1,1,1,full_screen
2026-07-25 20:59:18,1712,93.1,9.2,116656,4,1,1,1,1,full_screen
2026-07-25 20:59:22,1716,93.1,9.2,116656,4,1,1,1,1,full_screen
2026-07-25 20:59:23,1717,93.1,9.2,116656,4,1,1,1,1,full_screen
2026-07-25 20:59:23,1717,93.8,9.1,116773,4,1,1,1,1,full_screen
2026-07-25 20:59:28,1722,93.5,9.2,116674,4,1,1,1,1,full_screen
2026-07-25 20:59:33,1727,94.0,9.2,116729,4,1,1,1,1,full_screen
2026-07-25 20:59:38,1732,89.5,9.2,116705,4,1,1,1,1,full_screen
2026-07-25 20:59:43,1737,89.8,9.0,116887,4,1,1,1,1,full_screen
2026-07-25 20:59:44,1738,89.8,9.0,116887,4,1,1,1,1,full_screen
2026-07-25 20:59:45,1739,89.8,9.0,116887,4,1,1,1,1,full_screen
2026-07-25 20:59:48,1742,91.5,9.1,116792,4,1,1,1,1,full_screen
2026-07-25 20:59:53,1747,89.7,9.1,116771,4,1,1,1,1,full_screen
2026-07-25 20:59:58,1752,91.9,9.2,116732,4,1,1,1,1,full_screen
2026-07-25 21:00:03,1757,87.5,9.2,116720,4,1,1,1,1,full_screen
2026-07-25 21:00:04,1758,87.5,9.2,116720,4,1,1,1,1,full_screen
2026-07-25 21:00:06,1760,87.5,9.2,116720,4,1,1,1,1,full_screen
2026-07-25 21:00:08,1762,88.9,9.2,116729,4,1,1,1,1,full_screen
2026-07-25 21:00:13,1767,82.3,9.1,116747,4,1,1,1,1,full_screen
2026-07-25 21:00:18,1772,86.6,9.1,116767,4,1,1,1,1,full_screen
2026-07-25 21:00:23,1777,83.5,9.2,116728,4,1,1,1,1,full_screen
2026-07-25 21:00:26,1780,83.5,9.2,116728,4,1,1,1,1,full_screen
2026-07-25 21:00:27,1781,83.5,9.2,116728,4,1,1,1,1,full_screen
2026-07-25 21:00:28,1782,87.5,9.3,116610,4,1,1,1,1,full_screen
2026-07-25 21:00:33,1787,89.6,9.2,116656,4,1,1,1,1,full_screen
2026-07-25 21:00:38,1792,89.0,9.2,116641,4,1,1,1,1,full_screen
2026-07-25 21:00:43,1797,84.8,9.2,116655,4,1,1,1,1,full_screen
2026-07-25 21:00:48,1802,84.1,9.1,116857,4,1,1,1,1,full_screen
2026-07-25 21:00:53,1807,91.4,9.1,116750,4,1,1,1,1,full_screen
2026-07-25 21:00:58,1812,87.3,9.2,116735,4,1,1,1,1,full_screen
2026-07-25 21:01:03,1817,88.4,9.2,116645,4,1,1,1,1,full_screen
2026-07-25 21:01:08,1822,88.8,9.0,116887,4,1,1,1,1,full_screen
2026-07-25 21:01:09,1823,88.8,9.0,116887,4,1,1,1,1,full_screen
2026-07-25 21:01:10,1824,88.8,9.0,116887,4,1,1,1,1,full_screen
2026-07-25 21:01:13,1827,83.3,9.2,116729,4,1,1,1,1,full_screen
2026-07-25 21:01:18,1832,84.2,9.1,116749,4,1,1,1,1,full_screen
2026-07-25 21:01:23,1837,84.2,9.1,116762,4,1,1,1,1,full_screen
2026-07-25 21:01:28,1842,85.4,9.1,116781,4,1,1,1,1,full_screen
2026-07-25 21:01:33,1847,89.0,9.2,116671,4,1,1,1,1,full_screen
2026-07-25 21:01:38,1852,89.3,9.2,116632,4,1,1,1,1,full_screen
2026-07-25 21:01:43,1857,88.4,9.2,116633,4,1,1,1,1,full_screen
2026-07-25 21:01:48,1862,88.8,9.2,116636,4,1,1,1,1,full_screen
2026-07-25 21:01:52,1866,88.8,9.2,116636,4,1,1,1,1,full_screen
2026-07-25 21:01:53,1867,88.8,9.2,116636,4,1,1,1,1,full_screen
2026-07-25 21:01:53,1867,92.1,9.2,116636,4,1,1,1,1,full_screen
2026-07-25 21:01:58,1872,93.3,9.1,116744,4,1,1,1,1,full_screen
2026-07-25 21:02:03,1877,93.2,9.2,116739,4,1,1,1,1,full_screen
2026-07-25 21:02:08,1882,90.7,9.2,116664,4,1,1,1,1,full_screen
2026-07-25 21:02:13,1887,90.0,9.1,116826,4,1,1,1,1,full_screen
2026-07-25 21:02:18,1892,84.6,9.2,116675,4,1,1,1,1,full_screen
2026-07-25 21:02:23,1897,85.4,9.2,116711,4,1,1,1,1,full_screen
2026-07-25 21:02:28,1902,92.0,9.2,116699,4,1,1,1,1,full_screen
2026-07-25 21:02:33,1907,90.9,9.2,116676,4,1,1,1,1,full_screen
2026-07-25 21:02:35,1909,90.9,9.2,116676,4,1,1,1,1,full_screen
2026-07-25 21:02:36,1910,90.9,9.2,116676,4,1,1,1,1,full_screen
2026-07-25 21:02:38,1912,88.5,9.2,116674,4,1,1,1,1,full_screen
2026-07-25 21:02:43,1917,90.1,9.2,116683,4,1,1,1,1,full_screen
2026-07-25 21:02:48,1922,87.7,9.2,116645,4,1,1,1,1,full_screen
2026-07-25 21:02:53,1927,82.8,9.2,116680,4,1,1,1,1,full_screen
2026-07-25 21:02:58,1932,85.5,9.2,116713,4,1,1,1,1,full_screen
2026-07-25 21:03:03,1937,80.3,9.2,116685,4,1,1,1,1,full_screen
2026-07-25 21:03:08,1942,83.6,9.2,116692,4,1,1,1,1,full_screen
2026-07-25 21:03:14,1948,93.8,9.1,116784,4,1,1,1,1,full_screen
2026-07-25 21:03:18,1952,93.8,9.1,116784,4,1,1,1,1,full_screen
2026-07-25 21:03:19,1953,94.2,9.0,116875,4,1,1,1,1,full_screen
2026-07-25 21:03:19,1953,94.2,9.0,116875,4,1,1,1,1,full_screen
2026-07-25 21:03:24,1958,93.8,9.1,116804,4,1,1,1,1,full_screen
2026-07-25 21:03:29,1963,96.3,9.1,116829,4,1,1,1,1,full_screen
2026-07-25 21:03:34,1968,96.7,9.1,116802,4,1,1,1,1,full_screen
2026-07-25 21:03:39,1973,96.7,9.0,116914,4,1,1,1,1,full_screen
2026-07-25 21:03:44,1978,97.3,9.1,116744,4,1,1,1,1,full_screen
2026-07-25 21:03:49,1983,97.0,9.2,116690,4,1,1,1,1,full_screen
2026-07-25 21:03:54,1988,97.2,9.1,116744,4,1,1,1,1,full_screen
2026-07-25 21:03:59,1993,96.5,9.2,116731,4,1,1,1,1,full_screen
2026-07-25 21:04:01,1995,96.5,9.2,116731,4,1,1,1,1,full_screen
2026-07-25 21:04:02,1996,96.5,9.2,116731,4,1,1,1,1,full_screen
2026-07-25 21:04:04,1998,95.9,9.1,116758,4,1,1,1,1,full_screen
2026-07-25 21:04:09,2003,94.7,9.1,116749,4,1,1,1,1,full_screen
2026-07-25 21:04:14,2008,95.6,9.2,116683,4,1,1,1,1,full_screen
2026-07-25 21:04:19,2013,96.1,9.1,116757,4,1,1,1,1,full_screen
2026-07-25 21:04:24,2018,94.5,9.1,116746,4,1,1,1,1,full_screen
2026-07-25 21:04:29,2023,95.6,9.2,116722,4,1,1,1,1,full_screen
2026-07-25 21:04:34,2028,95.1,9.2,116740,4,1,1,1,1,full_screen
2026-07-25 21:04:39,2033,93.6,9.2,116721,4,1,1,1,1,full_screen
2026-07-25 21:04:44,2038,93.6,9.2,116721,4,1,1,1,1,full_screen
2026-07-25 21:04:44,2038,90.9,9.0,116930,4,1,1,1,1,full_screen
2026-07-25 21:04:45,2039,90.9,9.0,116930,4,1,1,1,1,full_screen
2026-07-25 21:04:49,2043,83.0,9.3,116598,4,1,1,1,1,full_screen
2026-07-25 21:04:54,2048,80.0,9.2,116629,4,1,1,1,1,full_screen
2026-07-25 21:04:59,2053,82.3,9.2,116628,4,1,1,1,1,full_screen
2026-07-25 21:05:04,2058,91.1,9.3,116608,4,1,1,1,1,full_screen
2026-07-25 21:05:05,2059,91.1,9.3,116608,4,1,1,1,1,full_screen
2026-07-25 21:05:07,2061,91.1,9.3,116608,4,1,1,1,1,full_screen
2026-07-25 21:05:09,2063,88.6,9.3,116576,4,1,1,1,1,full_screen
2026-07-25 21:05:14,2068,92.3,9.2,116637,4,1,1,1,1,full_screen
2026-07-25 21:05:19,2073,93.3,9.2,116638,4,1,1,1,1,full_screen
2026-07-25 21:05:24,2078,90.8,9.3,116554,4,1,1,1,1,full_screen
2026-07-25 21:05:26,2080,90.8,9.3,116554,4,1,1,1,1,full_screen
2026-07-25 21:05:27,2081,90.8,9.3,116554,4,1,1,1,1,full_screen
2026-07-25 21:05:29,2083,90.0,9.3,116538,4,1,1,1,1,full_screen
2026-07-25 21:05:34,2088,87.5,9.3,116562,4,1,1,1,1,full_screen
2026-07-25 21:05:39,2093,92.7,9.3,116558,4,1,1,1,1,full_screen
2026-07-25 21:05:44,2098,89.1,9.3,116558,4,1,1,1,1,full_screen
2026-07-25 21:05:48,2102,89.1,9.3,116558,4,1,1,1,1,full_screen
2026-07-25 21:05:49,2103,87.2,9.3,116580,4,1,1,1,1,full_screen
2026-07-25 21:05:49,2103,87.2,9.3,116580,4,1,1,1,1,full_screen
2026-07-25 21:05:54,2108,88.4,9.3,116536,4,1,1,1,1,full_screen
2026-07-25 21:05:59,2113,91.3,9.3,116564,4,1,1,1,1,full_screen
2026-07-25 21:06:04,2118,90.7,9.3,116544,4,1,1,1,1,full_screen
2026-07-25 21:06:09,2123,88.0,9.2,116637,4,1,1,1,1,full_screen
2026-07-25 21:06:14,2128,90.7,9.3,116578,4,1,1,1,1,full_screen
2026-07-25 21:06:19,2133,86.1,9.3,116558,4,1,1,1,1,full_screen
2026-07-25 21:06:24,2138,88.8,9.4,116431,4,1,1,1,1,full_screen
2026-07-25 21:06:29,2143,89.8,9.3,116539,4,1,1,1,1,full_screen
2026-07-25 21:06:31,2145,89.8,9.3,116539,4,1,1,1,1,full_screen
2026-07-25 21:06:32,2146,89.8,9.3,116539,4,1,1,1,1,full_screen
2026-07-25 21:06:34,2148,90.3,9.3,116537,4,1,1,1,1,full_screen
2026-07-25 21:06:39,2153,90.7,9.3,116565,4,1,1,1,1,full_screen
2026-07-25 21:06:44,2158,90.1,9.3,116533,4,1,1,1,1,full_screen
2026-07-25 21:06:49,2163,91.6,9.3,116595,4,1,1,1,1,full_screen
2026-07-25 21:06:54,2168,92.9,9.3,116558,4,1,1,1,1,full_screen
2026-07-25 21:06:59,2173,90.3,9.3,116515,4,1,1,1,1,full_screen
2026-07-25 21:07:04,2178,89.8,9.3,116547,4,1,1,1,1,full_screen
2026-07-25 21:07:09,2183,92.6,9.3,116609,4,1,1,1,1,full_screen
2026-07-25 21:07:14,2188,93.0,9.2,116725,4,1,1,1,1,full_screen
2026-07-25 21:07:14,2188,93.0,9.2,116725,4,1,1,1,1,full_screen
2026-07-25 21:07:15,2189,93.0,9.2,116725,4,1,1,1,1,full_screen
2026-07-25 21:07:19,2193,87.4,9.3,116526,4,1,1,1,1,full_screen
2026-07-25 21:07:24,2198,87.3,9.4,116432,4,1,1,1,1,full_screen
2026-07-25 21:07:29,2203,83.4,9.4,116484,4,1,1,1,1,full_screen
2026-07-25 21:07:34,2208,82.0,9.3,116510,4,1,1,1,1,full_screen
2026-07-25 21:07:39,2213,87.0,9.3,116566,4,1,1,1,1,full_screen
2026-07-25 21:07:44,2218,83.4,9.3,116575,4,1,1,1,1,full_screen
2026-07-25 21:07:49,2223,85.9,9.3,116533,4,1,1,1,1,full_screen
2026-07-25 21:07:54,2228,83.3,9.3,116548,4,1,1,1,1,full_screen
2026-07-25 21:07:57,2231,83.3,9.3,116548,4,1,1,1,1,full_screen
2026-07-25 21:07:58,2232,83.3,9.3,116548,4,1,1,1,1,full_screen
2026-07-25 21:07:59,2233,86.5,9.3,116568,4,1,1,1,1,full_screen
2026-07-25 21:08:04,2238,84.9,9.3,116555,4,1,1,1,1,full_screen
2026-07-25 21:08:09,2243,83.6,9.3,116572,4,1,1,1,1,full_screen
2026-07-25 21:08:14,2248,89.6,9.3,116569,4,1,1,1,1,full_screen
2026-07-25 21:08:19,2253,83.7,9.2,116659,4,1,1,1,1,full_screen
2026-07-25 21:08:24,2258,80.1,9.3,116608,4,1,1,1,1,full_screen
2026-07-25 21:08:29,2263,84.0,9.3,116574,4,1,1,1,1,full_screen
2026-07-25 21:08:34,2268,82.8,9.3,116540,4,1,1,1,1,full_screen
2026-07-25 21:08:39,2273,86.0,9.2,116717,4,1,1,1,1,full_screen
2026-07-25 21:08:40,2274,86.0,9.2,116717,4,1,1,1,1,full_screen
2026-07-25 21:08:41,2275,86.0,9.2,116717,4,1,1,1,1,full_screen
2026-07-25 21:08:44,2278,90.8,9.3,116557,4,1,1,1,1,full_screen
2026-07-25 21:08:49,2283,88.4,9.3,116556,4,1,1,1,1,full_screen
2026-07-25 21:08:54,2288,83.2,9.4,116483,4,1,1,1,1,full_screen
2026-07-25 21:08:59,2293,84.8,9.3,116511,4,1,1,1,1,full_screen
2026-07-25 21:09:04,2298,85.2,9.3,116581,4,1,1,1,1,full_screen
2026-07-25 21:09:09,2303,83.1,9.3,116498,4,1,1,1,1,full_screen
2026-07-25 21:09:14,2308,87.0,9.3,116582,4,1,1,1,1,full_screen
2026-07-25 21:09:19,2313,81.8,9.3,116570,4,1,1,1,1,full_screen
2026-07-25 21:09:23,2317,81.8,9.3,116570,4,1,1,1,1,full_screen
2026-07-25 21:09:24,2318,81.8,9.3,116570,4,1,1,1,1,full_screen
2026-07-25 21:09:24,2318,84.7,9.3,116538,4,1,1,1,1,full_screen
2026-07-25 21:09:29,2323,85.8,9.3,116510,4,1,1,1,1,full_screen
2026-07-25 21:09:34,2328,87.9,9.3,116564,4,1,1,1,1,full_screen
2026-07-25 21:09:39,2333,86.2,9.3,116572,4,1,1,1,1,full_screen
2026-07-25 21:09:44,2338,86.3,9.2,116663,4,1,1,1,1,full_screen
2026-07-25 21:09:49,2343,90.1,9.3,116543,4,1,1,1,1,full_screen
2026-07-25 21:09:54,2348,88.0,9.3,116524,4,1,1,1,1,full_screen
2026-07-25 21:09:59,2353,92.5,9.3,116561,4,1,1,1,1,full_screen
2026-07-25 21:10:04,2358,89.3,9.3,116552,4,1,1,1,1,full_screen
2026-07-25 21:10:05,2359,89.3,9.3,116552,4,1,1,1,1,full_screen
2026-07-25 21:10:06,2360,89.3,9.3,116552,4,1,1,1,1,full_screen
2026-07-25 21:10:09,2363,89.9,9.3,116545,4,1,1,1,1,full_screen
2026-07-25 21:10:14,2368,87.8,9.4,116470,4,1,1,1,1,full_screen
2026-07-25 21:10:19,2373,91.3,9.4,116482,4,1,1,1,1,full_screen
2026-07-25 21:10:24,2378,92.2,9.4,116473,4,1,1,1,1,full_screen
2026-07-25 21:10:27,2381,92.2,9.4,116473,4,1,1,1,1,full_screen
2026-07-25 21:10:28,2382,92.2,9.4,116473,4,1,1,1,1,full_screen
2026-07-25 21:10:29,2383,93.8,9.3,116534,4,1,1,1,1,full_screen
2026-07-25 21:10:34,2388,93.9,9.3,116582,4,1,1,1,1,full_screen
2026-07-25 21:10:39,2393,86.5,9.3,116517,4,1,1,1,1,full_screen
2026-07-25 21:10:44,2398,87.0,9.3,116583,4,1,1,1,1,full_screen
2026-07-25 21:10:48,2402,87.0,9.3,116583,4,1,1,1,1,full_screen
2026-07-25 21:10:49,2403,88.1,9.2,116626,4,1,1,1,1,full_screen
2026-07-25 21:10:49,2403,88.1,9.2,116626,4,1,1,1,1,full_screen
2026-07-25 21:10:54,2408,89.6,9.4,116482,4,1,1,1,1,full_screen
2026-07-25 21:10:59,2413,85.8,9.3,116493,4,1,1,1,1,full_screen
2026-07-25 21:11:04,2418,93.0,9.2,116619,4,1,1,1,1,full_screen
2026-07-25 21:11:09,2423,94.0,9.2,116739,4,1,1,1,1,full_screen
2026-07-25 21:11:10,2424,94.0,9.2,116739,4,1,1,1,1,full_screen
2026-07-25 21:11:11,2425,94.0,9.2,116739,4,1,1,1,1,full_screen
2026-07-25 21:11:14,2428,92.4,9.3,116609,4,1,1,1,1,full_screen
2026-07-25 21:11:19,2433,95.3,9.3,116544,4,1,1,1,1,full_screen
2026-07-25 21:11:24,2438,95.5,9.2,116642,4,1,1,1,1,full_screen
2026-07-25 21:11:29,2443,94.1,9.2,116639,4,1,1,1,1,full_screen
2026-07-25 21:11:34,2448,94.0,9.2,116632,4,1,1,1,1,full_screen
2026-07-25 21:11:39,2453,94.6,9.2,116645,4,1,1,1,1,full_screen
2026-07-25 21:11:44,2458,95.7,9.2,116646,4,1,1,1,1,full_screen
2026-07-25 21:11:49,2463,96.8,9.2,116654,4,1,1,1,1,full_screen
2026-07-25 21:11:53,2467,96.8,9.2,116654,4,1,1,1,1,full_screen
2026-07-25 21:11:54,2468,96.8,9.2,116654,4,1,1,1,1,full_screen
2026-07-25 21:11:54,2468,96.6,9.3,116591,4,1,1,1,1,full_screen
2026-07-25 21:11:59,2473,97.2,9.2,116645,4,1,1,1,1,full_screen
2026-07-25 21:12:04,2478,97.5,9.2,116670,4,1,1,1,1,full_screen
2026-07-25 21:12:09,2483,97.4,9.2,116675,4,1,1,1,1,full_screen
2026-07-25 21:12:14,2488,97.5,9.1,116854,4,1,1,1,1,full_screen
2026-07-25 21:12:19,2493,97.7,9.3,116576,4,1,1,1,1,full_screen
2026-07-25 21:12:24,2498,97.4,9.2,116635,4,1,1,1,1,full_screen
2026-07-25 21:12:29,2503,97.6,9.3,116609,4,1,1,1,1,full_screen
2026-07-25 21:12:34,2508,96.8,9.2,116621,4,1,1,1,1,full_screen
2026-07-25 21:12:36,2510,96.8,9.2,116621,4,1,1,1,1,full_screen
2026-07-25 21:12:37,2511,96.8,9.2,116621,4,1,1,1,1,full_screen
2026-07-25 21:12:39,2513,97.3,9.2,116690,4,1,1,1,1,full_screen
2026-07-25 21:12:44,2518,97.3,9.2,116636,4,1,1,1,1,full_screen
2026-07-25 21:12:49,2523,96.3,9.2,116654,4,1,1,1,1,full_screen
2026-07-25 21:12:54,2528,92.5,9.2,116641,4,1,1,1,1,full_screen
2026-07-25 21:12:59,2533,88.8,9.3,116550,4,1,1,1,1,full_screen
2026-07-25 21:13:04,2538,88.9,9.4,116455,4,1,1,1,1,full_screen
2026-07-25 21:13:09,2543,89.0,9.4,116460,4,1,1,1,1,full_screen
2026-07-25 21:13:14,2548,88.3,9.4,116445,4,1,1,1,1,full_screen
2026-07-25 21:13:19,2553,88.3,9.4,116445,4,1,1,1,1,full_screen
2026-07-25 21:13:19,2553,84.5,9.3,116515,4,1,1,1,1,full_screen
2026-07-25 21:13:20,2554,84.5,9.3,116515,4,1,1,1,1,full_screen
2026-07-25 21:13:24,2558,89.9,9.4,116453,4,1,1,1,1,full_screen
2026-07-25 21:13:29,2563,89.0,9.3,116526,4,1,1,1,1,full_screen
2026-07-25 21:13:34,2568,90.0,9.4,116480,4,1,1,1,1,full_screen
2026-07-25 21:13:39,2573,91.8,9.3,116498,4,1,1,1,1,full_screen
2026-07-25 21:13:44,2578,93.8,9.3,116526,4,1,1,1,1,full_screen
2026-07-25 21:13:49,2583,93.2,9.3,116515,4,1,1,1,1,full_screen
2026-07-25 21:13:54,2588,91.4,9.4,116406,4,1,1,1,1,full_screen
2026-07-25 21:13:59,2593,90.3,9.4,116470,4,1,1,1,1,full_screen
2026-07-25 21:14:02,2596,90.3,9.4,116470,4,1,1,1,1,full_screen
2026-07-25 21:14:03,2597,90.3,9.4,116470,4,1,1,1,1,full_screen
2026-07-25 21:14:04,2598,92.0,9.3,116528,4,1,1,1,1,full_screen
2026-07-25 21:14:09,2603,92.0,9.3,116500,4,1,1,1,1,full_screen
2026-07-25 21:14:14,2608,90.3,9.4,116480,4,1,1,1,1,full_screen
2026-07-25 21:14:19,2613,88.8,9.4,116394,4,1,1,1,1,full_screen
2026-07-25 21:14:24,2618,89.8,9.4,116432,4,1,1,1,1,full_screen
2026-07-25 21:14:29,2623,83.6,9.3,116503,4,1,1,1,1,full_screen
2026-07-25 21:14:34,2628,87.3,9.3,116520,4,1,1,1,1,full_screen
2026-07-25 21:14:39,2633,85.3,9.4,116472,4,1,1,1,1,full_screen
2026-07-25 21:14:44,2638,86.8,9.2,116633,4,1,1,1,1,full_screen
2026-07-25 21:14:45,2639,86.8,9.2,116633,4,1,1,1,1,full_screen
2026-07-25 21:14:46,2640,86.8,9.2,116633,4,1,1,1,1,full_screen
2026-07-25 21:14:49,2643,83.7,9.3,116524,4,1,1,1,1,full_screen
2026-07-25 21:14:54,2648,83.1,9.4,116409,4,1,1,1,1,full_screen
2026-07-25 21:14:59,2653,77.6,9.4,116472,4,1,1,1,1,full_screen
2026-07-25 21:15:04,2658,85.3,9.3,116499,4,1,1,1,1,full_screen
2026-07-25 21:15:09,2663,88.9,9.3,116506,4,1,1,1,1,full_screen
2026-07-25 21:15:14,2668,86.3,9.3,116500,4,1,1,1,1,full_screen
2026-07-25 21:15:19,2673,90.2,9.3,116526,4,1,1,1,1,full_screen
2026-07-25 21:15:24,2678,87.8,9.3,116504,4,1,1,1,1,full_screen
2026-07-25 21:15:27,2681,87.8,9.3,116504,4,1,1,1,1,full_screen
2026-07-25 21:15:28,2682,87.8,9.3,116504,4,1,1,1,1,full_screen
2026-07-25 21:15:29,2683,81.0,9.4,116456,4,1,1,1,1,full_screen
2026-07-25 21:15:34,2688,78.2,9.3,116498,4,1,1,1,1,full_screen
2026-07-25 21:15:39,2693,78.3,9.4,116484,4,1,1,1,1,full_screen
2026-07-25 21:15:44,2698,83.6,9.4,116479,4,1,1,1,1,full_screen
2026-07-25 21:15:49,2703,83.6,9.4,116479,4,1,1,1,1,full_screen
2026-07-25 21:15:49,2703,80.9,9.2,116627,4,1,1,1,1,full_screen
2026-07-25 21:15:50,2704,80.9,9.2,116627,4,1,1,1,1,full_screen
2026-07-25 21:15:55,2709,84.5,9.3,116521,4,1,1,1,1,full_screen
2026-07-25 21:16:00,2714,84.6,9.3,116488,4,1,1,1,1,full_screen
2026-07-25 21:16:05,2719,84.3,9.4,116476,4,1,1,1,1,full_screen
2026-07-25 21:16:10,2724,84.9,9.3,116506,4,1,1,1,1,full_screen
2026-07-25 21:16:10,2724,84.9,9.3,116506,4,1,1,1,1,full_screen
2026-07-25 21:16:11,2725,84.9,9.3,116506,4,1,1,1,1,full_screen
2026-07-25 21:16:15,2729,87.8,9.4,116429,4,1,1,1,1,full_screen
2026-07-25 21:16:20,2734,80.7,9.4,116408,4,1,1,1,1,full_screen
2026-07-25 21:16:25,2739,81.6,9.4,116451,4,1,1,1,1,full_screen
2026-07-25 21:16:30,2744,80.8,9.4,116445,4,1,1,1,1,full_screen
2026-07-25 21:16:32,2746,80.8,9.4,116445,4,1,1,1,1,full_screen
2026-07-25 21:16:33,2747,80.8,9.4,116445,4,1,1,1,1,full_screen
2026-07-25 21:16:35,2749,84.7,9.3,116503,4,1,1,1,1,full_screen
2026-07-25 21:16:40,2754,91.1,9.4,116445,4,1,1,1,1,full_screen
2026-07-25 21:16:45,2759,88.2,9.3,116488,4,1,1,1,1,full_screen
2026-07-25 21:16:50,2764,87.7,9.3,116536,4,1,1,1,1,full_screen
2026-07-25 21:16:55,2769,80.9,9.3,116509,4,1,1,1,1,full_screen
2026-07-25 21:17:00,2774,77.7,9.4,116477,4,1,1,1,1,full_screen
2026-07-25 21:17:05,2779,82.9,9.3,116506,4,1,1,1,1,full_screen
2026-07-25 21:17:10,2784,86.6,9.3,116526,4,1,1,1,1,full_screen
2026-07-25 21:17:15,2789,90.0,9.2,116631,4,1,1,1,1,full_screen
2026-07-25 21:17:15,2789,90.0,9.2,116631,4,1,1,1,1,full_screen
2026-07-25 21:17:16,2790,90.0,9.2,116631,4,1,1,1,1,full_screen
2026-07-25 21:17:20,2794,90.0,9.3,116485,4,1,1,1,1,full_screen
2026-07-25 21:17:25,2799,89.2,9.3,116510,4,1,1,1,1,full_screen
2026-07-25 21:17:30,2804,87.9,9.4,116473,4,1,1,1,1,full_screen
2026-07-25 21:17:35,2809,82.9,9.3,116505,4,1,1,1,1,full_screen
2026-07-25 21:17:40,2814,87.5,9.3,116493,4,1,1,1,1,full_screen
2026-07-25 21:17:45,2819,89.8,9.3,116512,4,1,1,1,1,full_screen
2026-07-25 21:17:50,2824,91.2,9.4,116444,4,1,1,1,1,full_screen
2026-07-25 21:17:55,2829,91.6,9.3,116486,4,1,1,1,1,full_screen
2026-07-25 21:17:58,2832,91.6,9.3,116486,4,1,1,1,1,full_screen
2026-07-25 21:17:59,2833,91.6,9.3,116486,4,1,1,1,1,full_screen
2026-07-25 21:18:00,2834,92.8,9.3,116518,4,1,1,1,1,full_screen
2026-07-25 21:18:05,2839,88.0,9.3,116504,4,1,1,1,1,full_screen
2026-07-25 21:18:10,2844,88.5,9.3,116511,4,1,1,1,1,full_screen
2026-07-25 21:18:15,2849,92.9,9.3,116530,4,1,1,1,1,full_screen
2026-07-25 21:18:20,2854,92.9,9.3,116559,4,1,1,1,1,full_screen
2026-07-25 21:18:25,2859,92.7,9.4,116427,4,1,1,1,1,full_screen
2026-07-25 21:18:30,2864,92.2,9.3,116527,4,1,1,1,1,full_screen
2026-07-25 21:18:35,2869,87.5,9.3,116513,4,1,1,1,1,full_screen
2026-07-25 21:18:40,2874,79.4,9.4,116483,4,1,1,1,1,full_screen
2026-07-25 21:18:41,2875,79.4,9.4,116483,4,1,1,1,1,full_screen
2026-07-25 21:18:42,2876,79.4,9.4,116483,4,1,1,1,1,full_screen
2026-07-25 21:18:45,2879,82.3,9.4,116460,4,1,1,1,1,full_screen
2026-07-25 21:18:50,2884,85.9,9.4,116443,4,1,1,1,1,full_screen
2026-07-25 21:18:55,2889,88.2,9.4,116451,4,1,1,1,1,full_screen
2026-07-25 21:19:00,2894,95.3,9.4,116402,4,1,1,1,1,full_screen
2026-07-25 21:19:05,2899,96.4,9.3,116531,4,1,1,1,1,full_screen
2026-07-25 21:19:10,2904,96.4,9.3,116545,4,1,1,1,1,full_screen
2026-07-25 21:19:15,2909,97.0,9.3,116516,4,1,1,1,1,full_screen
2026-07-25 21:19:20,2914,96.8,9.3,116498,4,1,1,1,1,full_screen
2026-07-25 21:19:24,2918,96.8,9.3,116498,4,1,1,1,1,full_screen
2026-07-25 21:19:25,2919,96.8,9.3,116498,4,1,1,1,1,full_screen
2026-07-25 21:19:25,2919,96.6,9.4,116357,4,1,1,1,1,full_screen
2026-07-25 21:19:30,2924,94.7,9.4,116438,4,1,1,1,1,full_screen
2026-07-25 21:19:35,2929,94.7,9.4,116404,4,1,1,1,1,full_screen
2026-07-25 21:19:40,2934,95.0,9.4,116474,4,1,1,1,1,full_screen
2026-07-25 21:19:45,2939,96.7,9.2,116673,4,1,1,1,1,full_screen
2026-07-25 21:19:50,2944,95.5,9.4,116484,4,1,1,1,1,full_screen
2026-07-25 21:19:55,2949,95.6,9.4,116470,4,1,1,1,1,full_screen
2026-07-25 21:20:00,2954,97.2,9.4,116467,4,1,1,1,1,full_screen
2026-07-25 21:20:05,2959,97.1,9.4,116474,4,1,1,1,1,full_screen
2026-07-25 21:20:06,2960,97.1,9.4,116474,4,1,1,1,1,full_screen
2026-07-25 21:20:08,2962,97.1,9.4,116474,4,1,1,1,1,full_screen
2026-07-25 21:20:10,2964,97.5,9.4,116474,4,1,1,1,1,full_screen
2026-07-25 21:20:15,2969,96.7,9.4,116469,4,1,1,1,1,full_screen
2026-07-25 21:20:20,2974,97.3,9.4,116462,4,1,1,1,1,full_screen
2026-07-25 21:20:25,2979,96.5,9.4,116390,4,1,1,1,1,full_screen
2026-07-25 21:20:30,2984,97.1,9.3,116486,4,1,1,1,1,full_screen
2026-07-25 21:20:35,2989,96.6,9.3,116506,4,1,1,1,1,full_screen
2026-07-25 21:20:40,2994,95.8,9.3,116495,4,1,1,1,1,full_screen
2026-07-25 21:20:45,2999,95.2,9.3,116491,4,1,1,1,1,full_screen
2026-07-25 21:20:49,3003,95.2,9.3,116491,4,1,1,1,1,full_screen
2026-07-25 21:20:50,3004,95.7,9.3,116557,4,1,1,1,1,full_screen
2026-07-25 21:20:50,3004,95.7,9.3,116557,4,1,1,1,1,full_screen
2026-07-25 21:20:55,3009,95.5,9.3,116512,4,1,1,1,1,full_screen
2026-07-25 21:21:00,3014,95.3,9.3,116495,4,1,1,1,1,full_screen
2026-07-25 21:21:05,3019,91.8,9.4,116435,4,1,1,1,1,full_screen
2026-07-25 21:21:10,3024,89.4,9.4,116427,4,1,1,1,1,full_screen
2026-07-25 21:21:15,3029,91.6,9.4,116478,4,1,1,1,1,full_screen
2026-07-25 21:21:20,3034,88.8,9.4,116451,4,1,1,1,1,full_screen
2026-07-25 21:21:25,3039,89.2,9.4,116399,4,1,1,1,1,full_screen
2026-07-25 21:21:30,3044,87.9,9.4,116399,4,1,1,1,1,full_screen
2026-07-25 21:21:32,3046,87.9,9.4,116399,4,1,1,1,1,full_screen
2026-07-25 21:21:33,3047,87.9,9.4,116399,4,1,1,1,1,full_screen
2026-07-25 21:21:35,3049,85.2,9.4,116435,4,1,1,1,1,full_screen
2026-07-25 21:21:40,3054,87.9,9.4,116454,4,1,1,1,1,full_screen
2026-07-25 21:21:45,3059,86.0,9.4,116437,4,1,1,1,1,full_screen
2026-07-25 21:21:50,3064,86.6,9.4,116406,4,1,1,1,1,full_screen
2026-07-25 21:21:55,3069,85.6,9.4,116484,4,1,1,1,1,full_screen
2026-07-25 21:22:00,3074,86.6,9.4,116372,4,1,1,1,1,full_screen
2026-07-25 21:22:05,3079,83.0,9.4,116467,4,1,1,1,1,full_screen
2026-07-25 21:22:10,3084,81.7,9.4,116462,4,1,1,1,1,full_screen
2026-07-25 21:22:15,3089,85.0,9.3,116578,4,1,1,1,1,full_screen
2026-07-25 21:22:15,3089,85.0,9.3,116578,4,1,1,1,1,full_screen
2026-07-25 21:22:16,3090,85.0,9.3,116578,4,1,1,1,1,full_screen
2026-07-25 21:22:20,3094,86.6,9.3,116491,4,1,1,1,1,full_screen
2026-07-25 21:22:25,3099,91.2,9.4,116455,4,1,1,1,1,full_screen
2026-07-25 21:22:30,3104,86.9,9.4,116438,4,1,1,1,1,full_screen
2026-07-25 21:22:35,3109,90.0,9.4,116394,4,1,1,1,1,full_screen
2026-07-25 21:22:37,3111,90.0,9.4,116394,4,1,1,1,1,full_screen
2026-07-25 21:22:38,3112,90.0,9.4,116394,4,1,1,1,1,full_screen
2026-07-25 21:22:40,3114,86.7,9.4,116414,4,1,1,1,1,full_screen
2026-07-25 21:22:45,3119,86.0,9.4,116427,4,1,1,1,1,full_screen
2026-07-25 21:22:50,3124,82.7,9.4,116440,4,1,1,1,1,full_screen
2026-07-25 21:22:55,3129,83.0,9.4,116434,4,1,1,1,1,full_screen
2026-07-25 21:22:58,3132,83.0,9.4,116434,4,1,1,1,1,full_screen
2026-07-25 21:22:59,3133,83.0,9.4,116434,4,1,1,1,1,full_screen
2026-07-25 21:23:00,3134,88.0,9.4,116442,4,1,1,1,1,full_screen
2026-07-25 21:23:05,3139,88.4,9.4,116454,4,1,1,1,1,full_screen
2026-07-25 21:23:10,3144,90.6,9.4,116383,4,1,1,1,1,full_screen
2026-07-25 21:23:15,3149,87.9,9.4,116433,4,1,1,1,1,full_screen
2026-07-25 21:23:20,3154,87.9,9.4,116433,4,1,1,1,1,full_screen
2026-07-25 21:23:20,3154,88.1,9.2,116632,4,1,1,1,1,full_screen
2026-07-25 21:23:21,3155,88.1,9.2,116632,4,1,1,1,1,full_screen
2026-07-25 21:23:25,3159,87.2,9.4,116458,4,1,1,1,1,full_screen
2026-07-25 21:23:30,3164,77.6,9.4,116471,4,1,1,1,1,full_screen
2026-07-25 21:23:35,3169,80.8,9.4,116455,4,1,1,1,1,full_screen
2026-07-25 21:23:40,3174,76.8,9.4,116443,4,1,1,1,1,full_screen
2026-07-25 21:23:45,3179,85.9,9.4,116434,4,1,1,1,1,full_screen
2026-07-25 21:23:50,3184,87.2,9.3,116494,4,1,1,1,1,full_screen
2026-07-25 21:23:55,3189,88.2,9.3,116492,4,1,1,1,1,full_screen
2026-07-25 21:24:00,3194,90.1,9.4,116470,4,1,1,1,1,full_screen
2026-07-25 21:24:03,3197,90.1,9.4,116470,4,1,1,1,1,full_screen
2026-07-25 21:24:04,3198,90.1,9.4,116470,4,1,1,1,1,full_screen
2026-07-25 21:24:05,3199,89.0,9.4,116439,4,1,1,1,1,full_screen
2026-07-25 21:24:10,3204,83.5,9.4,116443,4,1,1,1,1,full_screen
2026-07-25 21:24:15,3209,79.8,9.4,116433,4,1,1,1,1,full_screen
2026-07-25 21:24:20,3214,87.2,9.4,116372,4,1,1,1,1,full_screen
2026-07-25 21:24:25,3219,86.6,9.3,116489,4,1,1,1,1,full_screen
2026-07-25 21:24:30,3224,87.5,9.4,116467,4,1,1,1,1,full_screen
2026-07-25 21:24:35,3229,90.8,9.4,116479,4,1,1,1,1,full_screen
2026-07-25 21:24:40,3234,87.6,9.4,116441,4,1,1,1,1,full_screen
2026-07-25 21:24:45,3239,86.8,9.3,116598,4,1,1,1,1,full_screen
2026-07-25 21:24:46,3240,86.8,9.3,116598,4,1,1,1,1,full_screen
2026-07-25 21:24:47,3241,86.8,9.3,116598,4,1,1,1,1,full_screen
2026-07-25 21:24:50,3244,86.8,9.3,116490,4,1,1,1,1,full_screen
2026-07-25 21:24:55,3249,88.5,9.4,116438,4,1,1,1,1,full_screen
2026-07-25 21:25:00,3254,86.9,9.4,116485,4,1,1,1,1,full_screen
2026-07-25 21:25:05,3259,87.9,9.4,116454,4,1,1,1,1,full_screen
2026-07-25 21:25:10,3264,91.2,9.4,116453,4,1,1,1,1,full_screen
2026-07-25 21:25:15,3269,87.2,9.4,116455,4,1,1,1,1,full_screen
2026-07-25 21:25:20,3274,88.9,9.3,116498,4,1,1,1,1,full_screen
2026-07-25 21:25:25,3279,91.7,9.4,116474,4,1,1,1,1,full_screen
2026-07-25 21:25:28,3282,91.7,9.4,116474,4,1,1,1,1,full_screen
2026-07-25 21:25:30,3284,91.7,9.4,116474,4,1,1,1,1,full_screen
2026-07-25 21:25:30,3284,87.0,9.4,116383,4,1,1,1,1,full_screen
2026-07-25 21:25:35,3289,89.2,9.3,116491,4,1,1,1,1,full_screen
2026-07-25 21:25:40,3294,86.7,9.4,116470,4,1,1,1,1,full_screen
2026-07-25 21:25:45,3299,81.9,9.4,116431,4,1,1,1,1,full_screen
2026-07-25 21:25:50,3304,84.3,9.3,116582,4,1,1,1,1,full_screen
2026-07-25 21:25:55,3309,89.7,9.4,116462,4,1,1,1,1,full_screen
2026-07-25 21:26:00,3314,84.5,9.4,116404,4,1,1,1,1,full_screen
2026-07-25 21:26:05,3319,89.1,9.4,116369,4,1,1,1,1,full_screen
2026-07-25 21:26:10,3324,94.5,9.4,116440,4,1,1,1,1,full_screen
2026-07-25 21:26:11,3325,94.5,9.4,116440,4,1,1,1,1,full_screen
2026-07-25 21:26:12,3326,94.5,9.4,116440,4,1,1,1,1,full_screen
2026-07-25 21:26:15,3329,93.9,9.4,116464,4,1,1,1,1,full_screen
2026-07-25 21:26:20,3334,94.1,9.3,116488,4,1,1,1,1,full_screen
2026-07-25 21:26:25,3339,95.9,9.4,116476,4,1,1,1,1,full_screen
2026-07-25 21:26:30,3344,93.4,9.4,116390,4,1,1,1,1,full_screen
2026-07-25 21:26:33,3347,93.4,9.4,116390,4,1,1,1,1,full_screen
2026-07-25 21:26:34,3348,93.4,9.4,116390,4,1,1,1,1,full_screen
2026-07-25 21:26:35,3349,89.3,9.5,116353,4,1,1,1,1,full_screen
2026-07-25 21:26:40,3354,90.5,9.4,116367,4,1,1,1,1,full_screen
2026-07-25 21:26:45,3359,93.8,9.5,116339,4,1,1,1,1,full_screen
2026-07-25 21:26:50,3364,90.5,9.5,116277,4,1,1,1,1,full_screen
2026-07-25 21:26:54,3368,90.5,9.5,116277,4,1,1,1,1,full_screen
2026-07-25 21:26:55,3369,90.5,9.5,116277,4,1,1,1,1,full_screen
2026-07-25 21:26:55,3369,92.0,9.4,116400,4,1,1,1,1,full_screen
2026-07-25 21:27:00,3374,95.4,9.4,116375,4,1,1,1,1,full_screen
2026-07-25 21:27:05,3379,95.9,9.5,116325,4,1,1,1,1,full_screen
2026-07-25 21:27:10,3384,97.2,9.4,116421,4,1,1,1,1,full_screen
2026-07-25 21:27:15,3389,97.0,9.3,116542,4,1,1,1,1,full_screen
2026-07-25 21:27:16,3390,97.0,9.3,116542,4,1,1,1,1,full_screen
2026-07-25 21:27:17,3391,97.0,9.3,116542,4,1,1,1,1,full_screen
2026-07-25 21:27:20,3394,96.9,9.4,116431,4,1,1,1,1,full_screen
2026-07-25 21:27:25,3399,95.6,9.4,116420,4,1,1,1,1,full_screen
2026-07-25 21:27:30,3404,92.1,9.5,116294,4,1,1,1,1,full_screen
2026-07-25 21:27:35,3409,90.8,9.5,116338,4,1,1,1,1,full_screen
2026-07-25 21:27:37,3411,90.8,9.5,116338,4,1,1,1,1,full_screen
2026-07-25 21:27:38,3412,90.8,9.5,116338,4,1,1,1,1,full_screen
2026-07-25 21:27:40,3414,93.9,9.5,116326,4,1,1,1,1,full_screen
2026-07-25 21:27:45,3419,93.9,9.5,116305,4,1,1,1,1,full_screen
2026-07-25 21:27:50,3424,92.9,9.5,116342,4,1,1,1,1,full_screen
2026-07-25 21:27:55,3429,95.7,9.5,116341,4,1,1,1,1,full_screen
2026-07-25 21:27:59,3433,95.7,9.5,116341,4,1,1,1,1,full_screen
2026-07-25 21:28:00,3434,95.7,9.5,116341,4,1,1,1,1,full_screen
2026-07-25 21:28:00,3434,96.8,9.4,116445,4,1,1,1,1,full_screen
2026-07-25 21:28:05,3439,96.5,9.4,116389,4,1,1,1,1,full_screen
2026-07-25 21:28:10,3444,97.4,9.4,116451,4,1,1,1,1,full_screen
2026-07-25 21:28:15,3449,97.3,9.4,116443,4,1,1,1,1,full_screen
2026-07-25 21:28:20,3454,96.9,9.3,116602,4,1,1,1,1,full_screen
2026-07-25 21:28:26,3460,97.3,9.4,116416,4,1,1,1,1,full_screen
2026-07-25 21:28:31,3465,96.5,9.5,116334,4,1,1,1,1,full_screen
2026-07-25 21:28:36,3470,96.2,9.4,116423,4,1,1,1,1,full_screen
2026-07-25 21:28:41,3475,95.4,9.4,116412,4,1,1,1,1,full_screen
2026-07-25 21:28:42,3476,95.4,9.4,116412,4,1,1,1,1,full_screen
2026-07-25 21:28:43,3477,95.4,9.4,116412,4,1,1,1,1,full_screen
2026-07-25 21:28:46,3480,91.7,9.4,116413,4,1,1,1,1,full_screen
2026-07-25 21:28:51,3485,88.6,9.4,116415,4,1,1,1,1,full_screen
2026-07-25 21:28:56,3490,89.8,9.4,116417,4,1,1,1,1,full_screen
2026-07-25 21:29:01,3495,92.6,9.4,116430,4,1,1,1,1,full_screen
2026-07-25 21:29:06,3500,91.7,9.4,116370,4,1,1,1,1,full_screen
2026-07-25 21:29:11,3505,89.0,9.5,116353,4,1,1,1,1,full_screen
2026-07-25 21:29:16,3510,81.2,9.5,116323,4,1,1,1,1,full_screen
2026-07-25 21:29:21,3515,81.4,9.4,116363,4,1,1,1,1,full_screen
2026-07-25 21:29:25,3519,81.4,9.4,116363,4,1,1,1,1,full_screen
2026-07-25 21:29:26,3520,83.6,9.4,116392,4,1,1,1,1,full_screen
2026-07-25 21:29:26,3520,83.6,9.4,116392,4,1,1,1,1,full_screen
2026-07-25 21:29:31,3525,86.3,9.5,116344,4,1,1,1,1,full_screen
2026-07-25 21:29:36,3530,85.6,9.5,116341,4,1,1,1,1,full_screen
2026-07-25 21:29:41,3535,86.5,9.5,116258,4,1,1,1,1,full_screen
2026-07-25 21:29:46,3540,84.0,9.4,116454,4,1,1,1,1,full_screen
2026-07-25 21:29:51,3545,86.5,9.5,116332,4,1,1,1,1,full_screen
2026-07-25 21:29:56,3550,82.7,9.4,116361,4,1,1,1,1,full_screen
2026-07-25 21:30:01,3555,82.3,9.5,116347,4,1,1,1,1,full_screen
2026-07-25 21:30:06,3560,80.1,9.5,116356,4,1,1,1,1,full_screen
2026-07-25 21:30:08,3562,80.1,9.5,116356,4,1,1,1,1,full_screen
2026-07-25 21:30:09,3563,80.1,9.5,116356,4,1,1,1,1,full_screen
2026-07-25 21:30:11,3565,78.6,9.5,116329,4,1,1,1,1,full_screen
2026-07-25 21:30:16,3570,81.8,9.5,116288,4,1,1,1,1,full_screen
2026-07-25 21:30:21,3575,80.4,9.5,116341,4,1,1,1,1,full_screen
2026-07-25 21:30:26,3580,87.3,9.4,116359,4,1,1,1,1,full_screen
2026-07-25 21:30:31,3585,89.0,9.5,116315,4,1,1,1,1,full_screen
2026-07-25 21:30:36,3590,85.5,9.5,116318,4,1,1,1,1,full_screen
2026-07-25 21:30:41,3595,83.0,9.5,116311,4,1,1,1,1,full_screen
2026-07-25 21:30:46,3600,82.5,9.5,116307,4,1,1,1,1,full_screen
2026-07-25 21:30:51,3605,82.5,9.5,116307,4,1,1,1,1,full_screen
2026-07-25 21:30:51,3605,83.8,9.4,116436,4,1,1,1,1,full_screen
2026-07-25 21:30:52,3606,83.8,9.4,116436,4,1,1,1,1,full_screen
2026-07-25 21:30:56,3610,88.7,9.5,116337,4,1,1,1,1,full_screen
2026-07-25 21:31:01,3615,90.3,9.5,116293,4,1,1,1,1,full_screen
2026-07-25 21:31:06,3620,89.3,9.5,116347,4,1,1,1,1,full_screen
2026-07-25 21:31:11,3625,79.3,9.5,116302,4,1,1,1,1,full_screen
2026-07-25 21:31:16,3630,83.4,9.5,116329,4,1,1,1,1,full_screen
2026-07-25 21:31:21,3635,75.2,9.5,116297,4,1,1,1,1,full_screen
2026-07-25 21:31:26,3640,84.2,9.5,116242,4,1,1,1,1,full_screen
2026-07-25 21:31:31,3645,86.3,9.5,116298,4,1,1,1,1,full_screen
2026-07-25 21:31:33,3647,86.3,9.5,116298,4,1,1,1,1,full_screen
2026-07-25 21:31:34,3648,86.3,9.5,116298,4,1,1,1,1,full_screen
2026-07-25 21:31:36,3650,87.3,9.5,116355,4,1,1,1,1,full_screen
2026-07-25 21:31:41,3655,89.6,9.5,116318,4,1,1,1,1,full_screen
2026-07-25 21:31:46,3660,84.2,9.5,116315,4,1,1,1,1,full_screen
2026-07-25 21:31:51,3665,90.9,9.5,116242,4,1,1,1,1,full_screen
2026-07-25 21:31:56,3670,88.3,9.4,116392,4,1,1,1,1,full_screen
2026-07-25 21:32:01,3675,89.1,9.5,116355,4,1,1,1,1,full_screen
2026-07-25 21:32:06,3680,87.5,9.5,116328,4,1,1,1,1,full_screen
2026-07-25 21:32:11,3685,85.2,9.5,116277,4,1,1,1,1,full_screen
2026-07-25 21:32:16,3690,87.8,9.4,116429,4,1,1,1,1,full_screen
2026-07-25 21:32:16,3690,87.8,9.4,116429,4,1,1,1,1,full_screen
2026-07-25 21:32:17,3691,87.8,9.4,116429,4,1,1,1,1,full_screen
2026-07-25 21:32:21,3695,88.2,9.5,116348,4,1,1,1,1,full_screen
2026-07-25 21:32:26,3700,89.0,9.5,116290,4,1,1,1,1,full_screen
2026-07-25 21:32:31,3705,88.3,9.5,116333,4,1,1,1,1,full_screen
2026-07-25 21:32:36,3710,89.3,9.5,116296,4,1,1,1,1,full_screen
2026-07-25 21:32:38,3712,89.3,9.5,116296,4,1,1,1,1,full_screen
2026-07-25 21:32:39,3713,89.3,9.5,116296,4,1,1,1,1,full_screen
2026-07-25 21:32:41,3715,88.6,9.5,116333,4,1,1,1,1,full_screen
2026-07-25 21:32:46,3720,85.8,9.5,116309,4,1,1,1,1,full_screen
2026-07-25 21:32:51,3725,86.4,9.4,116381,4,1,1,1,1,full_screen
2026-07-25 21:32:56,3730,85.9,9.5,116316,4,1,1,1,1,full_screen
2026-07-25 21:32:59,3733,85.9,9.5,116316,4,1,1,1,1,full_screen
2026-07-25 21:33:00,3734,85.9,9.5,116316,4,1,1,1,1,full_screen
2026-07-25 21:33:01,3735,88.4,9.5,116259,4,1,1,1,1,full_screen
2026-07-25 21:33:06,3740,86.3,9.5,116263,4,1,1,1,1,full_screen
2026-07-25 21:33:11,3745,88.0,9.5,116232,4,1,1,1,1,full_screen
2026-07-25 21:33:16,3750,93.5,9.5,116266,4,1,1,1,1,full_screen
2026-07-25 21:33:21,3755,93.9,9.3,116501,4,1,1,1,1,full_screen
2026-07-25 21:33:21,3755,93.9,9.3,116501,4,1,1,1,1,full_screen
2026-07-25 21:33:22,3756,93.9,9.3,116501,4,1,1,1,1,full_screen
2026-07-25 21:33:26,3760,92.8,9.5,116291,4,1,1,1,1,full_screen
2026-07-25 21:33:31,3765,96.2,9.4,116382,4,1,1,1,1,full_screen
2026-07-25 21:33:36,3770,96.3,9.4,116398,4,1,1,1,1,full_screen
2026-07-25 21:33:41,3775,96.4,9.4,116414,4,1,1,1,1,full_screen
2026-07-25 21:33:42,3776,96.4,9.4,116414,4,1,1,1,1,full_screen
2026-07-25 21:33:43,3777,96.4,9.4,116414,4,1,1,1,1,full_screen
2026-07-25 21:33:46,3780,95.7,9.4,116375,4,1,1,1,1,full_screen
2026-07-25 21:33:51,3785,95.5,9.5,116338,4,1,1,1,1,full_screen
2026-07-25 21:33:56,3790,93.6,9.5,116293,4,1,1,1,1,full_screen
2026-07-25 21:34:01,3795,89.1,9.6,116165,4,1,1,1,1,full_screen
2026-07-25 21:34:04,3798,89.1,9.6,116165,4,1,1,1,1,full_screen
2026-07-25 21:34:05,3799,89.1,9.6,116165,4,1,1,1,1,full_screen
2026-07-25 21:34:06,3800,90.8,9.5,116330,4,1,1,1,1,full_screen
2026-07-25 21:34:11,3805,93.4,9.5,116331,4,1,1,1,1,full_screen
2026-07-25 21:34:16,3810,93.5,9.4,116363,4,1,1,1,1,full_screen
2026-07-25 21:34:21,3815,93.0,9.5,116331,4,1,1,1,1,full_screen
2026-07-25 21:34:25,3819,93.0,9.5,116331,4,1,1,1,1,full_screen
2026-07-25 21:34:26,3820,93.0,9.5,116331,4,1,1,1,1,full_screen
2026-07-25 21:34:26,3820,91.6,9.5,116291,4,1,1,1,1,full_screen
2026-07-25 21:34:31,3825,87.1,9.5,116293,4,1,1,1,1,full_screen
2026-07-25 21:34:36,3830,89.6,9.5,116253,4,1,1,1,1,full_screen
2026-07-25 21:34:41,3835,91.7,9.5,116326,4,1,1,1,1,full_screen
2026-07-25 21:34:46,3840,89.5,9.4,116428,4,1,1,1,1,full_screen
2026-07-25 21:34:47,3841,89.5,9.4,116428,4,1,1,1,1,full_screen
2026-07-25 21:34:48,3842,89.5,9.4,116428,4,1,1,1,1,full_screen
2026-07-25 21:34:51,3845,92.6,9.5,116282,4,1,1,1,1,full_screen
2026-07-25 21:34:56,3850,96.4,9.5,116308,4,1,1,1,1,full_screen
2026-07-25 21:35:01,3855,96.9,9.5,116286,4,1,1,1,1,full_screen
2026-07-25 21:35:06,3860,96.0,9.5,116322,4,1,1,1,1,full_screen
2026-07-25 21:35:08,3862,96.0,9.5,116322,4,1,1,1,1,full_screen
2026-07-25 21:35:09,3863,96.0,9.5,116322,4,1,1,1,1,full_screen
2026-07-25 21:35:11,3865,97.0,9.4,116398,4,1,1,1,1,full_screen
2026-07-25 21:35:16,3870,97.0,9.4,116426,4,1,1,1,1,full_screen
2026-07-25 21:35:21,3875,97.5,9.4,116394,4,1,1,1,1,full_screen
2026-07-25 21:35:26,3880,96.5,9.4,116379,4,1,1,1,1,full_screen
2026-07-25 21:35:30,3884,96.5,9.4,116379,4,1,1,1,1,full_screen
2026-07-25 21:35:31,3885,96.5,9.4,116379,4,1,1,1,1,full_screen
2026-07-25 21:35:31,3885,96.5,9.5,116342,4,1,1,1,1,full_screen
2026-07-25 21:35:36,3890,96.4,9.5,116337,4,1,1,1,1,full_screen
2026-07-25 21:35:41,3895,95.6,9.5,116319,4,1,1,1,1,full_screen
2026-07-25 21:35:46,3900,92.5,9.5,116291,4,1,1,1,1,full_screen
2026-07-25 21:35:51,3905,85.9,9.4,116461,4,1,1,1,1,full_screen
2026-07-25 21:35:56,3910,88.2,9.5,116327,4,1,1,1,1,full_screen
2026-07-25 21:36:01,3915,88.4,9.5,116329,4,1,1,1,1,full_screen
2026-07-25 21:36:06,3920,94.4,9.4,116401,4,1,1,1,1,full_screen
2026-07-25 21:36:11,3925,94.7,9.4,116379,4,1,1,1,1,full_screen
2026-07-25 21:36:13,3927,94.7,9.4,116379,4,1,1,1,1,full_screen
2026-07-25 21:36:14,3928,94.7,9.4,116379,4,1,1,1,1,full_screen
2026-07-25 21:36:16,3930,93.9,9.5,116345,4,1,1,1,1,full_screen
2026-07-25 21:36:21,3935,95.6,9.5,116344,4,1,1,1,1,full_screen
2026-07-25 21:36:26,3940,95.8,9.4,116368,4,1,1,1,1,full_screen
2026-07-25 21:36:31,3945,95.1,9.4,116403,4,1,1,1,1,full_screen
2026-07-25 21:36:36,3950,91.8,9.5,116322,4,1,1,1,1,full_screen
2026-07-25 21:36:41,3955,92.1,9.5,116355,4,1,1,1,1,full_screen
2026-07-25 21:36:46,3960,94.3,9.5,116323,4,1,1,1,1,full_screen
2026-07-25 21:36:51,3965,90.6,9.5,116320,4,1,1,1,1,full_screen
2026-07-25 21:36:56,3970,90.6,9.5,116320,4,1,1,1,1,full_screen
2026-07-25 21:36:56,3970,85.3,9.4,116476,4,1,1,1,1,full_screen
2026-07-25 21:36:57,3971,85.3,9.4,116476,4,1,1,1,1,full_screen
2026-07-25 21:37:01,3975,87.9,9.5,116292,4,1,1,1,1,full_screen
2026-07-25 21:37:06,3980,87.9,9.4,116372,4,1,1,1,1,full_screen
2026-07-25 21:37:11,3985,87.2,9.5,116352,4,1,1,1,1,full_screen
2026-07-25 21:37:16,3990,81.0,9.4,116462,4,1,1,1,1,full_screen
2026-07-25 21:37:21,3995,81.6,9.5,116288,4,1,1,1,1,full_screen
2026-07-25 21:37:26,4000,83.4,9.5,116231,4,1,1,1,1,full_screen
2026-07-25 21:37:31,4005,79.6,9.6,116189,4,1,1,1,1,full_screen
2026-07-25 21:37:36,4010,85.3,9.5,116229,4,1,1,1,1,full_screen
2026-07-25 21:37:38,4012,85.3,9.5,116229,4,1,1,1,1,full_screen
2026-07-25 21:37:39,4013,85.3,9.5,116229,4,1,1,1,1,full_screen
2026-07-25 21:37:41,4015,87.7,9.5,116293,4,1,1,1,1,full_screen
2026-07-25 21:37:46,4020,83.6,9.5,116288,4,1,1,1,1,full_screen
2026-07-25 21:37:51,4025,84.1,9.5,116263,4,1,1,1,1,full_screen
2026-07-25 21:37:56,4030,80.1,9.5,116259,4,1,1,1,1,full_screen
2026-07-25 21:38:01,4035,82.3,9.5,116309,4,1,1,1,1,full_screen
2026-07-25 21:38:06,4040,85.0,9.5,116273,4,1,1,1,1,full_screen
2026-07-25 21:38:11,4045,86.8,9.5,116280,4,1,1,1,1,full_screen
2026-07-25 21:38:16,4050,80.9,9.5,116296,4,1,1,1,1,full_screen
2026-07-25 21:38:21,4055,80.9,9.5,116296,4,1,1,1,1,full_screen
2026-07-25 21:38:21,4055,83.3,9.4,116425,4,1,1,1,1,full_screen
2026-07-25 21:38:22,4056,83.3,9.4,116425,4,1,1,1,1,full_screen
2026-07-25 21:38:26,4060,83.1,9.5,116258,4,1,1,1,1,full_screen
2026-07-25 21:38:31,4065,83.3,9.5,116259,4,1,1,1,1,full_screen
2026-07-25 21:38:36,4070,87.1,9.5,116256,4,1,1,1,1,full_screen
2026-07-25 21:38:41,4075,85.8,9.5,116246,4,1,1,1,1,full_screen
2026-07-25 21:38:46,4080,89.5,9.5,116310,4,1,1,1,1,full_screen
2026-07-25 21:38:51,4085,86.3,9.5,116309,4,1,1,1,1,full_screen
2026-07-25 21:38:56,4090,87.7,9.5,116270,4,1,1,1,1,full_screen
2026-07-25 21:39:01,4095,86.2,9.5,116312,4,1,1,1,1,full_screen
2026-07-25 21:39:04,4098,86.2,9.5,116312,4,1,1,1,1,full_screen
2026-07-25 21:39:05,4099,86.2,9.5,116312,4,1,1,1,1,full_screen
2026-07-25 21:39:06,4100,81.0,9.5,116296,4,1,1,1,1,full_screen
2026-07-25 21:39:11,4105,85.0,9.5,116291,4,1,1,1,1,full_screen
2026-07-25 21:39:16,4110,81.2,9.5,116294,4,1,1,1,1,full_screen
2026-07-25 21:39:21,4115,87.1,9.5,116303,4,1,1,1,1,full_screen
2026-07-25 21:39:26,4120,86.0,9.4,116360,4,1,1,1,1,full_screen
2026-07-25 21:39:31,4125,87.6,9.6,116216,4,1,1,1,1,full_screen
2026-07-25 21:39:36,4130,87.1,9.5,116251,4,1,1,1,1,full_screen
2026-07-25 21:39:41,4135,90.1,9.5,116266,4,1,1,1,1,full_screen
2026-07-25 21:39:46,4140,92.6,9.4,116415,4,1,1,1,1,full_screen
2026-07-25 21:39:47,4141,92.6,9.4,116415,4,1,1,1,1,full_screen
2026-07-25 21:39:48,4142,92.6,9.4,116415,4,1,1,1,1,full_screen
2026-07-25 21:39:51,4145,90.1,9.5,116247,4,1,1,1,1,full_screen
2026-07-25 21:39:56,4150,91.0,9.6,116135,4,1,1,1,1,full_screen
2026-07-25 21:40:01,4155,81.4,9.6,116214,4,1,1,1,1,full_screen
2026-07-25 21:40:06,4160,78.2,9.6,116194,4,1,1,1,1,full_screen
2026-07-25 21:40:11,4165,88.1,9.5,116251,4,1,1,1,1,full_screen
2026-07-25 21:40:16,4170,85.5,9.5,116278,4,1,1,1,1,full_screen
2026-07-25 21:40:21,4175,88.7,9.6,116216,4,1,1,1,1,full_screen
2026-07-25 21:40:26,4180,93.3,9.6,116197,4,1,1,1,1,full_screen
2026-07-25 21:40:30,4184,93.3,9.6,116197,4,1,1,1,1,full_screen
2026-07-25 21:40:31,4185,93.3,9.6,116197,4,1,1,1,1,full_screen
2026-07-25 21:40:31,4185,90.2,9.5,116249,4,1,1,1,1,full_screen
2026-07-25 21:40:36,4190,94.4,9.5,116269,4,1,1,1,1,full_screen
2026-07-25 21:40:41,4195,91.4,9.5,116278,4,1,1,1,1,full_screen
2026-07-25 21:40:46,4200,92.5,9.5,116292,4,1,1,1,1,full_screen
2026-07-25 21:40:51,4205,89.4,9.4,116436,4,1,1,1,1,full_screen
2026-07-25 21:40:52,4206,89.4,9.4,116436,4,1,1,1,1,full_screen
2026-07-25 21:40:53,4207,89.4,9.4,116436,4,1,1,1,1,full_screen
2026-07-25 21:40:56,4210,91.5,9.5,116248,4,1,1,1,1,full_screen
2026-07-25 21:41:01,4215,94.4,9.5,116232,4,1,1,1,1,full_screen
2026-07-25 21:41:07,4221,92.8,9.6,116196,4,1,1,1,1,full_screen
2026-07-25 21:41:12,4226,90.2,9.5,116232,4,1,1,1,1,full_screen
2026-07-25 21:41:13,4227,90.2,9.5,116232,4,1,1,1,1,full_screen
2026-07-25 21:41:14,4228,90.2,9.5,116232,4,1,1,1,1,full_screen
2026-07-25 21:41:17,4231,89.7,9.5,116232,4,1,1,1,1,full_screen
2026-07-25 21:41:22,4236,92.8,9.6,116224,4,1,1,1,1,full_screen
2026-07-25 21:41:27,4241,90.6,9.5,116272,4,1,1,1,1,full_screen
2026-07-25 21:41:32,4246,93.5,9.6,116176,4,1,1,1,1,full_screen
2026-07-25 21:41:35,4249,93.5,9.6,116176,4,1,1,1,1,full_screen
2026-07-25 21:41:36,4250,93.5,9.6,116176,4,1,1,1,1,full_screen
2026-07-25 21:41:37,4251,95.1,9.5,116286,4,1,1,1,1,full_screen
2026-07-25 21:41:42,4256,95.1,9.5,116257,4,1,1,1,1,full_screen
2026-07-25 21:41:47,4261,92.3,9.5,116231,4,1,1,1,1,full_screen
2026-07-25 21:41:52,4266,91.7,9.5,116284,4,1,1,1,1,full_screen
2026-07-25 21:41:56,4270,91.7,9.5,116284,4,1,1,1,1,full_screen
2026-07-25 21:41:57,4271,90.7,9.5,116328,4,1,1,1,1,full_screen
2026-07-25 21:41:57,4271,90.7,9.5,116328,4,1,1,1,1,full_screen
2026-07-25 21:42:02,4276,91.3,9.6,116225,4,1,1,1,1,full_screen
2026-07-25 21:42:07,4281,94.2,9.6,116160,4,1,1,1,1,full_screen
2026-07-25 21:42:12,4286,95.6,9.6,116214,4,1,1,1,1,full_screen
2026-07-25 21:42:17,4291,94.7,9.4,116363,4,1,1,1,1,full_screen
2026-07-25 21:42:18,4292,94.7,9.4,116363,4,1,1,1,1,full_screen
2026-07-25 21:42:19,4293,94.7,9.4,116363,4,1,1,1,1,full_screen
2026-07-25 21:42:22,4296,94.1,9.5,116273,4,1,1,1,1,full_screen
2026-07-25 21:42:27,4301,90.2,9.5,116245,4,1,1,1,1,full_screen
2026-07-25 21:42:32,4306,89.0,9.5,116271,4,1,1,1,1,full_screen
2026-07-25 21:42:37,4311,89.7,9.5,116270,4,1,1,1,1,full_screen
2026-07-25 21:42:38,4312,89.7,9.5,116270,4,1,1,1,1,full_screen
2026-07-25 21:42:40,4314,89.7,9.5,116270,4,1,1,1,1,full_screen
2026-07-25 21:42:42,4316,86.2,9.6,116202,4,1,1,1,1,full_screen
2026-07-25 21:42:47,4321,90.0,9.5,116250,4,1,1,1,1,full_screen
2026-07-25 21:42:52,4326,94.5,9.6,116218,4,1,1,1,1,full_screen
2026-07-25 21:42:57,4331,93.3,9.6,116218,4,1,1,1,1,full_screen
2026-07-25 21:43:00,4334,93.3,9.6,116218,4,1,1,1,1,full_screen
2026-07-25 21:43:02,4336,93.3,9.6,116218,4,1,1,1,1,full_screen
2026-07-25 21:43:02,4336,95.1,9.5,116242,4,1,1,1,1,full_screen
2026-07-25 21:43:07,4341,96.3,9.6,116188,4,1,1,1,1,full_screen
2026-07-25 21:43:12,4346,95.6,9.6,116221,4,1,1,1,1,full_screen
2026-07-25 21:43:17,4351,94.7,9.6,116225,4,1,1,1,1,full_screen
2026-07-25 21:43:21,4355,94.7,9.6,116225,4,1,1,1,1,full_screen
2026-07-25 21:43:22,4356,93.0,9.4,116384,4,1,1,1,1,full_screen
2026-07-25 21:43:22,4356,93.0,9.4,116384,4,1,1,1,1,full_screen
2026-07-25 21:43:27,4361,94.6,9.5,116257,4,1,1,1,1,full_screen
2026-07-25 21:43:32,4366,95.8,9.5,116273,4,1,1,1,1,full_screen
2026-07-25 21:43:37,4371,94.6,9.5,116232,4,1,1,1,1,full_screen
2026-07-25 21:43:42,4376,93.5,9.6,116190,4,1,1,1,1,full_screen
2026-07-25 21:43:43,4377,93.5,9.6,116190,4,1,1,1,1,full_screen
2026-07-25 21:43:44,4378,93.5,9.6,116190,4,1,1,1,1,full_screen
2026-07-25 21:43:47,4381,91.7,9.5,116265,4,1,1,1,1,full_screen
2026-07-25 21:43:52,4386,92.7,9.5,116231,4,1,1,1,1,full_screen
2026-07-25 21:43:57,4391,90.2,9.5,116241,4,1,1,1,1,full_screen
2026-07-25 21:44:02,4396,89.1,9.6,116215,4,1,1,1,1,full_screen
2026-07-25 21:44:04,4398,89.1,9.6,116215,4,1,1,1,1,full_screen
2026-07-25 21:44:05,4399,89.1,9.6,116215,4,1,1,1,1,full_screen
2026-07-25 21:44:07,4401,89.2,9.6,116184,4,1,1,1,1,full_screen
2026-07-25 21:44:12,4406,95.3,9.5,116263,4,1,1,1,1,full_screen
2026-07-25 21:44:17,4411,95.8,9.5,116238,4,1,1,1,1,full_screen
2026-07-25 21:44:22,4416,95.4,9.5,116242,4,1,1,1,1,full_screen
2026-07-25 21:44:26,4420,95.4,9.5,116242,4,1,1,1,1,full_screen
2026-07-25 21:44:27,4421,95.7,9.5,116301,4,1,1,1,1,full_screen
2026-07-25 21:44:27,4421,95.7,9.5,116301,4,1,1,1,1,full_screen
2026-07-25 21:44:32,4426,93.0,9.5,116303,4,1,1,1,1,full_screen
2026-07-25 21:44:37,4431,90.0,9.5,116265,4,1,1,1,1,full_screen
2026-07-25 21:44:42,4436,90.4,9.6,116199,4,1,1,1,1,full_screen
2026-07-25 21:44:47,4441,91.4,9.4,116432,4,1,1,1,1,full_screen
2026-07-25 21:44:47,4441,91.4,9.4,116432,4,1,1,1,1,full_screen
2026-07-25 21:44:48,4442,91.4,9.4,116432,4,1,1,1,1,full_screen
2026-07-25 21:44:52,4446,90.5,9.5,116244,4,1,1,1,1,full_screen
2026-07-25 21:44:57,4451,86.4,9.5,116231,4,1,1,1,1,full_screen
2026-07-25 21:45:02,4456,86.4,9.6,116221,4,1,1,1,1,full_screen
2026-07-25 21:45:07,4461,91.0,9.6,116214,4,1,1,1,1,full_screen
2026-07-25 21:45:09,4463,91.0,9.6,116214,4,1,1,1,1,full_screen
2026-07-25 21:45:10,4464,91.0,9.6,116214,4,1,1,1,1,full_screen
2026-07-25 21:45:12,4466,91.7,9.5,116258,4,1,1,1,1,full_screen
2026-07-25 21:45:17,4471,94.0,9.6,116155,4,1,1,1,1,full_screen
2026-07-25 21:45:22,4476,83.9,9.6,116222,4,1,1,1,1,full_screen
2026-07-25 21:45:27,4481,85.1,9.6,116227,4,1,1,1,1,full_screen
2026-07-25 21:45:32,4486,84.4,9.5,116321,4,1,1,1,1,full_screen
2026-07-25 21:45:37,4491,82.6,9.5,116279,4,1,1,1,1,full_screen
2026-07-25 21:45:42,4496,83.3,9.5,116265,4,1,1,1,1,full_screen
2026-07-25 21:45:47,4501,85.9,9.5,116283,4,1,1,1,1,full_screen
2026-07-25 21:45:52,4506,82.8,9.4,116448,4,1,1,1,1,full_screen
2026-07-25 21:45:52,4506,82.8,9.4,116448,4,1,1,1,1,full_screen
2026-07-25 21:45:53,4507,82.8,9.4,116448,4,1,1,1,1,full_screen
2026-07-25 21:45:57,4511,85.6,9.5,116269,4,1,1,1,1,full_screen
2026-07-25 21:46:02,4516,85.8,9.5,116278,4,1,1,1,1,full_screen
2026-07-25 21:46:07,4521,84.4,9.5,116270,4,1,1,1,1,full_screen
2026-07-25 21:46:12,4526,85.2,9.5,116263,4,1,1,1,1,full_screen
2026-07-25 21:46:17,4531,89.1,9.6,116219,4,1,1,1,1,full_screen
2026-07-25 21:46:22,4536,87.5,9.5,116259,4,1,1,1,1,full_screen
2026-07-25 21:46:27,4541,83.7,9.5,116271,4,1,1,1,1,full_screen
2026-07-25 21:46:32,4546,85.9,9.5,116269,4,1,1,1,1,full_screen
2026-07-25 21:46:35,4549,85.9,9.5,116269,4,1,1,1,1,full_screen
2026-07-25 21:46:36,4550,85.9,9.5,116269,4,1,1,1,1,full_screen
2026-07-25 21:46:37,4551,87.3,9.5,116306,4,1,1,1,1,full_screen
2026-07-25 21:46:42,4556,88.1,9.5,116307,4,1,1,1,1,full_screen
2026-07-25 21:46:47,4561,88.1,9.5,116266,4,1,1,1,1,full_screen
2026-07-25 21:46:52,4566,88.4,9.6,116217,4,1,1,1,1,full_screen
2026-07-25 21:46:57,4571,87.9,9.5,116349,4,1,1,1,1,full_screen
2026-07-25 21:47:02,4576,85.9,9.5,116254,4,1,1,1,1,full_screen
2026-07-25 21:47:07,4581,81.5,9.5,116278,4,1,1,1,1,full_screen
2026-07-25 21:47:12,4586,73.7,9.5,116288,4,1,1,1,1,full_screen
2026-07-25 21:47:17,4591,79.3,9.4,116407,4,1,1,1,1,full_screen
2026-07-25 21:47:18,4592,79.3,9.4,116407,4,1,1,1,1,full_screen
2026-07-25 21:47:19,4593,79.3,9.4,116407,4,1,1,1,1,full_screen
2026-07-25 21:47:22,4596,80.3,9.5,116282,4,1,1,1,1,full_screen
2026-07-25 21:47:27,4601,84.4,9.6,116184,4,1,1,1,1,full_screen
2026-07-25 21:47:32,4606,92.3,9.6,116226,4,1,1,1,1,full_screen
2026-07-25 21:47:37,4611,90.9,9.6,116203,4,1,1,1,1,full_screen
2026-07-25 21:47:42,4616,94.6,9.6,116218,4,1,1,1,1,full_screen
2026-07-25 21:47:47,4621,95.6,9.5,116228,4,1,1,1,1,full_screen
2026-07-25 21:47:52,4626,93.2,9.6,116222,4,1,1,1,1,full_screen
2026-07-25 21:47:57,4631,88.2,9.6,116205,4,1,1,1,1,full_screen
2026-07-25 21:48:01,4635,88.2,9.6,116205,4,1,1,1,1,full_screen
2026-07-25 21:48:02,4636,88.2,9.6,116205,4,1,1,1,1,full_screen
2026-07-25 21:48:02,4636,90.5,9.5,116236,4,1,1,1,1,full_screen
2026-07-25 21:48:07,4641,94.4,9.5,116297,4,1,1,1,1,full_screen
2026-07-25 21:48:12,4646,89.7,9.5,116252,4,1,1,1,1,full_screen
2026-07-25 21:48:17,4651,92.8,9.5,116283,4,1,1,1,1,full_screen
2026-07-25 21:48:22,4656,92.0,9.4,116427,4,1,1,1,1,full_screen
2026-07-25 21:48:27,4661,90.4,9.6,116193,4,1,1,1,1,full_screen
2026-07-25 21:48:32,4666,89.7,9.5,116234,4,1,1,1,1,full_screen
2026-07-25 21:48:37,4671,85.9,9.5,116246,4,1,1,1,1,full_screen
2026-07-25 21:48:42,4676,83.9,9.5,116249,4,1,1,1,1,full_screen
2026-07-25 21:48:44,4678,83.9,9.5,116249,4,1,1,1,1,full_screen
2026-07-25 21:48:45,4679,83.9,9.5,116249,4,1,1,1,1,full_screen
2026-07-25 21:48:47,4681,89.5,9.5,116247,4,1,1,1,1,full_screen
2026-07-25 21:48:52,4686,91.2,9.5,116256,4,1,1,1,1,full_screen
2026-07-25 21:48:57,4691,91.5,9.5,116240,4,1,1,1,1,full_screen
2026-07-25 21:49:02,4696,92.9,9.6,116187,4,1,1,1,1,full_screen
2026-07-25 21:49:07,4701,93.4,9.6,116198,4,1,1,1,1,full_screen
2026-07-25 21:49:12,4706,93.3,9.6,116176,4,1,1,1,1,full_screen
2026-07-25 21:49:17,4711,92.9,9.6,116194,4,1,1,1,1,full_screen
2026-07-25 21:49:22,4716,92.7,9.6,116205,4,1,1,1,1,full_screen
2026-07-25 21:49:27,4721,92.7,9.6,116205,4,1,1,1,1,full_screen
2026-07-25 21:49:27,4721,92.1,9.5,116309,4,1,1,1,1,full_screen
2026-07-25 21:49:28,4722,92.1,9.5,116309,4,1,1,1,1,full_screen
2026-07-25 21:49:32,4726,92.2,9.6,116216,4,1,1,1,1,full_screen
2026-07-25 21:49:37,4731,92.4,9.6,116108,4,1,1,1,1,full_screen
2026-07-25 21:49:42,4736,93.9,9.6,116179,4,1,1,1,1,full_screen
2026-07-25 21:49:47,4741,91.9,9.5,116344,4,1,1,1,1,full_screen
2026-07-25 21:49:52,4746,87.3,9.5,116253,4,1,1,1,1,full_screen
2026-07-25 21:49:57,4751,86.5,9.5,116265,4,1,1,1,1,full_screen
2026-07-25 21:50:02,4756,88.5,9.5,116274,4,1,1,1,1,full_screen
2026-07-25 21:50:07,4761,88.2,9.5,116258,4,1,1,1,1,full_screen
2026-07-25 21:50:09,4763,88.2,9.5,116258,4,1,1,1,1,full_screen
2026-07-25 21:50:10,4764,88.2,9.5,116258,4,1,1,1,1,full_screen
2026-07-25 21:50:12,4766,84.5,9.6,116201,4,1,1,1,1,full_screen
2026-07-25 21:50:17,4771,89.0,9.5,116235,4,1,1,1,1,full_screen
2026-07-25 21:50:22,4776,80.1,9.5,116244,4,1,1,1,1,full_screen
2026-07-25 21:50:27,4781,86.7,9.6,116222,4,1,1,1,1,full_screen
2026-07-25 21:50:32,4786,85.9,9.6,116225,4,1,1,1,1,full_screen
2026-07-25 21:50:37,4791,86.0,9.6,116202,4,1,1,1,1,full_screen
2026-07-25 21:50:42,4796,92.8,9.6,116201,4,1,1,1,1,full_screen
2026-07-25 21:50:47,4801,95.6,9.6,116170,4,1,1,1,1,full_screen
2026-07-25 21:50:52,4806,93.4,9.4,116412,4,1,1,1,1,full_screen
2026-07-25 21:50:52,4806,93.4,9.4,116412,4,1,1,1,1,full_screen
2026-07-25 21:50:53,4807,93.4,9.4,116412,4,1,1,1,1,full_screen
2026-07-25 21:50:57,4811,95.1,9.6,116220,4,1,1,1,1,full_screen
2026-07-25 21:51:02,4816,95.0,9.6,116204,4,1,1,1,1,full_screen
2026-07-25 21:51:07,4821,95.4,9.6,116201,4,1,1,1,1,full_screen
2026-07-25 21:51:12,4826,91.8,9.6,116154,4,1,1,1,1,full_screen
2026-07-25 21:51:17,4831,90.6,9.6,116177,4,1,1,1,1,full_screen
2026-07-25 21:51:22,4836,93.2,9.6,116185,4,1,1,1,1,full_screen
2026-07-25 21:51:27,4841,91.4,9.6,116148,4,1,1,1,1,full_screen
2026-07-25 21:51:32,4846,89.8,9.6,116154,4,1,1,1,1,full_screen
2026-07-25 21:51:35,4849,89.8,9.6,116154,4,1,1,1,1,full_screen
2026-07-25 21:51:36,4850,89.8,9.6,116154,4,1,1,1,1,full_screen
2026-07-25 21:51:37,4851,93.0,9.6,116174,4,1,1,1,1,full_screen
2026-07-25 21:51:42,4856,94.7,9.6,116152,4,1,1,1,1,full_screen
2026-07-25 21:51:47,4861,93.4,9.6,116148,4,1,1,1,1,full_screen
2026-07-25 21:51:52,4866,85.7,9.6,116168,4,1,1,1,1,full_screen
2026-07-25 21:51:57,4871,84.6,9.5,116308,4,1,1,1,1,full_screen
2026-07-25 21:52:02,4876,90.0,9.6,116191,4,1,1,1,1,full_screen
2026-07-25 21:52:07,4881,90.4,9.6,116196,4,1,1,1,1,full_screen
2026-07-25 21:52:12,4886,89.4,9.6,116137,4,1,1,1,1,full_screen
2026-07-25 21:52:17,4891,94.4,9.5,116282,4,1,1,1,1,full_screen
2026-07-25 21:52:18,4892,94.4,9.5,116282,4,1,1,1,1,full_screen
2026-07-25 21:52:19,4893,94.4,9.5,116282,4,1,1,1,1,full_screen
2026-07-25 21:52:22,4896,90.7,9.6,116192,4,1,1,1,1,full_screen
2026-07-25 21:52:27,4901,94.2,9.6,116197,4,1,1,1,1,full_screen
2026-07-25 21:52:32,4906,92.5,9.6,116200,4,1,1,1,1,full_screen
2026-07-25 21:52:37,4911,92.1,9.6,116163,4,1,1,1,1,full_screen
2026-07-25 21:52:42,4916,88.6,9.6,116197,4,1,1,1,1,full_screen
2026-07-25 21:52:47,4921,93.5,9.6,116124,4,1,1,1,1,full_screen
2026-07-25 21:52:52,4926,93.4,9.6,116213,4,1,1,1,1,full_screen
2026-07-25 21:52:57,4931,89.7,9.6,116191,4,1,1,1,1,full_screen
2026-07-25 21:53:01,4935,89.7,9.6,116191,4,1,1,1,1,full_screen
2026-07-25 21:53:02,4936,89.7,9.6,116191,4,1,1,1,1,full_screen
2026-07-25 21:53:02,4936,90.6,9.6,116211,4,1,1,1,1,full_screen
2026-07-25 21:53:07,4941,92.3,9.6,116192,4,1,1,1,1,full_screen
2026-07-25 21:53:12,4946,92.6,9.6,116128,4,1,1,1,1,full_screen
2026-07-25 21:53:17,4951,89.5,9.6,116150,4,1,1,1,1,full_screen
2026-07-25 21:53:22,4956,87.9,9.4,116429,4,1,1,1,1,full_screen
2026-07-25 21:53:28,4962,88.5,9.6,116212,4,1,1,1,1,full_screen
2026-07-25 21:53:33,4967,85.9,9.6,116200,4,1,1,1,1,full_screen
2026-07-25 21:53:38,4972,89.4,9.6,116190,4,1,1,1,1,full_screen
2026-07-25 21:53:43,4977,83.7,9.6,116192,4,1,1,1,1,full_screen
2026-07-25 21:53:44,4978,83.7,9.6,116192,4,1,1,1,1,full_screen
2026-07-25 21:53:45,4979,83.7,9.6,116192,4,1,1,1,1,full_screen
2026-07-25 21:53:48,4982,86.6,9.6,116126,4,1,1,1,1,full_screen
2026-07-25 21:53:53,4987,88.5,9.6,116182,4,1,1,1,1,full_screen
2026-07-25 21:53:58,4992,88.3,9.6,116209,4,1,1,1,1,full_screen
2026-07-25 21:54:03,4997,91.9,9.6,116202,4,1,1,1,1,full_screen
2026-07-25 21:54:06,5000,91.9,9.6,116202,4,1,1,1,1,full_screen
2026-07-25 21:54:07,5001,91.9,9.6,116202,4,1,1,1,1,full_screen
2026-07-25 21:54:08,5002,90.6,9.6,116224,4,1,1,1,1,full_screen
2026-07-25 21:54:13,5007,87.3,9.6,116200,4,1,1,1,1,full_screen
2026-07-25 21:54:18,5012,80.9,9.5,116241,4,1,1,1,1,full_screen
2026-07-25 21:54:23,5017,83.9,9.6,116165,4,1,1,1,1,full_screen
2026-07-25 21:54:27,5021,83.9,9.6,116165,4,1,1,1,1,full_screen
2026-07-25 21:54:28,5022,86.4,9.5,116266,4,1,1,1,1,full_screen
2026-07-25 21:54:28,5022,86.4,9.5,116266,4,1,1,1,1,full_screen
2026-07-25 21:54:33,5027,85.2,9.6,116141,4,1,1,1,1,full_screen
2026-07-25 21:54:38,5032,92.6,9.6,116125,4,1,1,1,1,full_screen
2026-07-25 21:54:43,5037,95.5,9.6,116114,4,1,1,1,1,full_screen
2026-07-25 21:54:48,5042,95.7,9.5,116242,4,1,1,1,1,full_screen
2026-07-25 21:54:49,5043,95.7,9.5,116242,4,1,1,1,1,full_screen
2026-07-25 21:54:50,5044,95.7,9.5,116242,4,1,1,1,1,full_screen
2026-07-25 21:54:53,5047,96.0,9.6,116110,4,1,1,1,1,full_screen
2026-07-25 21:54:58,5052,94.6,9.7,116086,4,1,1,1,1,full_screen
2026-07-25 21:55:03,5057,92.7,9.6,116143,4,1,1,1,1,full_screen
2026-07-25 21:55:08,5062,85.7,9.6,116158,4,1,1,1,1,full_screen
2026-07-25 21:55:10,5064,85.7,9.6,116158,4,1,1,1,1,full_screen
2026-07-25 21:55:11,5065,85.7,9.6,116158,4,1,1,1,1,full_screen
2026-07-25 21:55:13,5067,88.4,9.6,116147,4,1,1,1,1,full_screen
2026-07-25 21:55:18,5072,89.6,9.6,116112,4,1,1,1,1,full_screen
2026-07-25 21:55:23,5077,85.6,9.6,116126,4,1,1,1,1,full_screen
2026-07-25 21:55:28,5082,88.7,9.6,116101,4,1,1,1,1,full_screen
2026-07-25 21:55:32,5086,88.7,9.6,116101,4,1,1,1,1,full_screen
2026-07-25 21:55:33,5087,87.9,9.7,116038,4,1,1,1,1,full_screen
2026-07-25 21:55:33,5087,87.9,9.7,116038,4,1,1,1,1,full_screen
2026-07-25 21:55:38,5092,92.8,9.6,116101,4,1,1,1,1,full_screen
2026-07-25 21:55:43,5097,94.5,9.7,116057,4,1,1,1,1,full_screen
2026-07-25 21:55:48,5102,93.3,9.7,116080,4,1,1,1,1,full_screen
2026-07-25 21:55:53,5107,93.3,9.7,116080,4,1,1,1,1,full_screen
2026-07-25 21:55:53,5107,87.1,9.5,116232,4,1,1,1,1,full_screen
2026-07-25 21:55:54,5108,87.1,9.5,116232,4,1,1,1,1,full_screen
2026-07-25 21:55:58,5112,90.0,9.7,115994,4,1,1,1,1,full_screen
2026-07-25 21:56:03,5117,91.7,9.6,116102,4,1,1,1,1,full_screen
2026-07-25 21:56:08,5122,92.8,9.7,116097,4,1,1,1,1,full_screen
2026-07-25 21:56:13,5127,94.7,9.7,116086,4,1,1,1,1,full_screen
2026-07-25 21:56:15,5129,94.7,9.7,116086,4,1,1,1,1,full_screen
2026-07-25 21:56:16,5130,94.7,9.7,116086,4,1,1,1,1,full_screen
2026-07-25 21:56:18,5132,95.3,9.7,116081,4,1,1,1,1,full_screen
2026-07-25 21:56:23,5137,92.6,9.7,116066,4,1,1,1,1,full_screen
2026-07-25 21:56:28,5142,92.2,9.7,116078,4,1,1,1,1,full_screen
2026-07-25 21:56:33,5147,91.4,9.7,116019,4,1,1,1,1,full_screen
2026-07-25 21:56:35,5149,91.4,9.7,116019,4,1,1,1,1,full_screen
2026-07-25 21:56:37,5151,91.4,9.7,116019,4,1,1,1,1,full_screen
2026-07-25 21:56:38,5152,88.5,9.7,116054,4,1,1,1,1,full_screen
2026-07-25 21:56:43,5157,89.6,9.7,116035,4,1,1,1,1,full_screen
2026-07-25 21:56:48,5162,91.4,9.7,116048,4,1,1,1,1,full_screen
2026-07-25 21:56:53,5167,91.6,9.7,115995,4,1,1,1,1,full_screen
2026-07-25 21:56:57,5171,91.6,9.7,115995,4,1,1,1,1,full_screen
2026-07-25 21:56:58,5172,88.7,9.6,116177,4,1,1,1,1,full_screen
2026-07-25 21:56:58,5172,88.7,9.6,116177,4,1,1,1,1,full_screen
2026-07-25 21:57:03,5177,83.7,9.6,116164,4,1,1,1,1,full_screen
2026-07-25 21:57:08,5182,82.9,9.7,116062,4,1,1,1,1,full_screen
2026-07-25 21:57:13,5187,84.1,9.6,116123,4,1,1,1,1,full_screen
2026-07-25 21:57:18,5192,87.3,9.5,116256,4,1,1,1,1,full_screen
2026-07-25 21:57:18,5192,87.3,9.5,116256,4,1,1,1,1,full_screen
2026-07-25 21:57:19,5193,87.3,9.5,116256,4,1,1,1,1,full_screen
2026-07-25 21:57:23,5197,90.8,9.7,116099,4,1,1,1,1,full_screen
2026-07-25 21:57:28,5202,86.8,9.6,116124,4,1,1,1,1,full_screen
2026-07-25 21:57:33,5207,86.2,9.6,116115,4,1,1,1,1,full_screen
2026-07-25 21:57:38,5212,89.4,9.6,116145,4,1,1,1,1,full_screen
2026-07-25 21:57:40,5214,89.4,9.6,116145,4,1,1,1,1,full_screen
2026-07-25 21:57:41,5215,89.4,9.6,116145,4,1,1,1,1,full_screen
2026-07-25 21:57:43,5217,85.6,9.7,116072,4,1,1,1,1,full_screen
2026-07-25 21:57:48,5222,90.0,9.7,116062,4,1,1,1,1,full_screen
2026-07-25 21:57:53,5227,91.9,9.7,116063,4,1,1,1,1,full_screen
2026-07-25 21:57:58,5232,90.1,9.6,116108,4,1,1,1,1,full_screen
2026-07-25 21:58:01,5235,90.1,9.6,116108,4,1,1,1,1,full_screen
2026-07-25 21:58:02,5236,90.1,9.6,116108,4,1,1,1,1,full_screen
2026-07-25 21:58:03,5237,83.6,9.6,116134,4,1,1,1,1,full_screen
2026-07-25 21:58:08,5242,84.0,9.6,116146,4,1,1,1,1,full_screen
2026-07-25 21:58:13,5247,73.1,9.6,116144,4,1,1,1,1,full_screen
2026-07-25 21:58:18,5252,76.9,9.6,116122,4,1,1,1,1,full_screen
2026-07-25 21:58:23,5257,82.5,9.5,116314,4,1,1,1,1,full_screen
2026-07-25 21:58:23,5257,82.5,9.5,116314,4,1,1,1,1,full_screen
2026-07-25 21:58:24,5258,82.5,9.5,116314,4,1,1,1,1,full_screen
2026-07-25 21:58:28,5262,82.2,9.6,116099,4,1,1,1,1,full_screen
2026-07-25 21:58:33,5267,91.0,9.7,116084,4,1,1,1,1,full_screen
2026-07-25 21:58:38,5272,94.4,9.7,116088,4,1,1,1,1,full_screen
2026-07-25 21:58:43,5277,93.0,9.7,116036,4,1,1,1,1,full_screen
2026-07-25 21:58:44,5278,93.0,9.7,116036,4,1,1,1,1,full_screen
2026-07-25 21:58:45,5279,93.0,9.7,116036,4,1,1,1,1,full_screen
2026-07-25 21:58:48,5282,95.6,9.6,116103,4,1,1,1,1,full_screen
2026-07-25 21:58:53,5287,94.9,9.7,116095,4,1,1,1,1,full_screen
2026-07-25 21:58:58,5292,94.7,9.7,116079,4,1,1,1,1,full_screen
2026-07-25 21:59:03,5297,91.7,9.7,116090,4,1,1,1,1,full_screen
2026-07-25 21:59:06,5300,91.7,9.7,116090,4,1,1,1,1,full_screen
2026-07-25 21:59:07,5301,91.7,9.7,116090,4,1,1,1,1,full_screen
2026-07-25 21:59:08,5302,92.7,9.7,116090,4,1,1,1,1,full_screen
2026-07-25 21:59:13,5307,95.1,9.6,116110,4,1,1,1,1,full_screen
2026-07-25 21:59:18,5312,92.8,9.7,116046,4,1,1,1,1,full_screen
2026-07-25 21:59:23,5317,91.9,9.6,116102,4,1,1,1,1,full_screen
2026-07-25 21:59:27,5321,91.9,9.6,116102,4,1,1,1,1,full_screen
2026-07-25 21:59:28,5322,90.5,9.6,116199,4,1,1,1,1,full_screen
2026-07-25 21:59:28,5322,90.5,9.6,116199,4,1,1,1,1,full_screen
2026-07-25 21:59:33,5327,93.9,9.6,116118,4,1,1,1,1,full_screen
2026-07-25 21:59:38,5332,93.6,9.7,116076,4,1,1,1,1,full_screen
2026-07-25 21:59:43,5337,93.2,9.7,116016,4,1,1,1,1,full_screen
2026-07-25 21:59:48,5342,90.0,9.6,116210,4,1,1,1,1,full_screen
2026-07-25 21:59:49,5343,90.0,9.6,116210,4,1,1,1,1,full_screen
2026-07-25 21:59:50,5344,90.0,9.6,116210,4,1,1,1,1,full_screen
2026-07-25 21:59:53,5347,89.0,9.6,116104,4,1,1,1,1,full_screen
2026-07-25 21:59:58,5352,88.3,9.7,116094,4,1,1,1,1,full_screen
2026-07-25 22:00:03,5357,83.2,9.6,116138,4,1,1,1,1,full_screen
2026-07-25 22:00:08,5362,86.0,9.6,116115,4,1,1,1,1,full_screen
2026-07-25 22:00:13,5367,86.7,9.7,116095,4,1,1,1,1,full_screen
2026-07-25 22:00:18,5372,93.7,9.8,115965,4,1,1,1,1,full_screen
2026-07-25 22:00:23,5377,90.9,9.7,116047,4,1,1,1,1,full_screen
2026-07-25 22:00:28,5382,94.1,9.7,116070,4,1,1,1,1,full_screen
2026-07-25 22:00:32,5386,94.1,9.7,116070,4,1,1,1,1,full_screen
2026-07-25 22:00:33,5387,94.1,9.7,116070,4,1,1,1,1,full_screen
2026-07-25 22:00:33,5387,94.1,9.6,116119,4,1,1,1,1,full_screen
2026-07-25 22:00:38,5392,94.9,9.6,116104,4,1,1,1,1,full_screen
2026-07-25 22:00:43,5397,92.7,9.7,116096,4,1,1,1,1,full_screen
2026-07-25 22:00:48,5402,93.7,9.6,116109,4,1,1,1,1,full_screen
2026-07-25 22:00:53,5407,93.7,9.6,116109,4,1,1,1,1,full_screen
2026-07-25 22:00:53,5407,93.8,9.6,116209,4,1,1,1,1,full_screen
2026-07-25 22:00:54,5408,93.8,9.6,116209,4,1,1,1,1,full_screen
2026-07-25 22:00:58,5412,93.7,9.7,116096,4,1,1,1,1,full_screen
2026-07-25 22:01:03,5417,92.5,9.7,116045,4,1,1,1,1,full_screen
2026-07-25 22:01:08,5422,92.4,9.7,116054,4,1,1,1,1,full_screen
2026-07-25 22:01:13,5427,92.3,9.7,116042,4,1,1,1,1,full_screen
2026-07-25 22:01:15,5429,92.3,9.7,116042,4,1,1,1,1,full_screen
2026-07-25 22:01:16,5430,92.3,9.7,116042,4,1,1,1,1,full_screen
2026-07-25 22:01:18,5432,93.0,9.7,115995,4,1,1,1,1,full_screen
2026-07-25 22:01:23,5437,91.4,9.6,116118,4,1,1,1,1,full_screen
2026-07-25 22:01:28,5442,78.2,9.6,116117,4,1,1,1,1,full_screen
2026-07-25 22:01:33,5447,81.9,9.6,116117,4,1,1,1,1,full_screen
2026-07-25 22:01:36,5450,81.9,9.6,116117,4,1,1,1,1,full_screen
2026-07-25 22:01:37,5451,81.9,9.6,116117,4,1,1,1,1,full_screen
2026-07-25 22:01:38,5452,80.7,9.7,116078,4,1,1,1,1,full_screen
2026-07-25 22:01:43,5457,88.2,9.7,116051,4,1,1,1,1,full_screen
2026-07-25 22:01:48,5462,91.9,9.7,116057,4,1,1,1,1,full_screen
2026-07-25 22:01:53,5467,89.1,9.8,115955,4,1,1,1,1,full_screen
2026-07-25 22:01:58,5472,89.1,9.8,115955,4,1,1,1,1,full_screen
2026-07-25 22:01:58,5472,94.1,9.6,116181,4,1,1,1,1,full_screen
2026-07-25 22:01:59,5473,94.1,9.6,116181,4,1,1,1,1,full_screen
2026-07-25 22:02:03,5477,92.1,9.7,116056,4,1,1,1,1,full_screen
2026-07-25 22:02:08,5482,93.0,9.6,116102,4,1,1,1,1,full_screen
2026-07-25 22:02:13,5487,88.1,9.6,116102,4,1,1,1,1,full_screen
2026-07-25 22:02:18,5492,89.6,9.6,116210,4,1,1,1,1,full_screen
2026-07-25 22:02:19,5493,89.6,9.6,116210,4,1,1,1,1,full_screen
2026-07-25 22:02:20,5494,89.6,9.6,116210,4,1,1,1,1,full_screen
2026-07-25 22:02:23,5497,93.8,9.7,116044,4,1,1,1,1,full_screen
2026-07-25 22:02:28,5502,90.2,9.7,116014,4,1,1,1,1,full_screen
2026-07-25 22:02:33,5507,90.4,9.7,116037,4,1,1,1,1,full_screen
2026-07-25 22:02:38,5512,92.1,9.7,116029,4,1,1,1,1,full_screen
2026-07-25 22:02:41,5515,92.1,9.7,116029,4,1,1,1,1,full_screen
2026-07-25 22:02:42,5516,92.1,9.7,116029,4,1,1,1,1,full_screen
2026-07-25 22:02:43,5517,93.8,9.6,116100,4,1,1,1,1,full_screen
2026-07-25 22:02:48,5522,91.9,9.6,116138,4,1,1,1,1,full_screen
2026-07-25 22:02:53,5527,89.8,9.7,116076,4,1,1,1,1,full_screen
2026-07-25 22:02:58,5532,88.1,9.6,116103,4,1,1,1,1,full_screen
2026-07-25 22:03:02,5536,88.1,9.6,116103,4,1,1,1,1,full_screen
2026-07-25 22:03:03,5537,88.1,9.6,116103,4,1,1,1,1,full_screen
2026-07-25 22:03:03,5537,85.7,9.6,116110,4,1,1,1,1,full_screen
2026-07-25 22:03:08,5542,89.6,9.7,116097,4,1,1,1,1,full_screen
2026-07-25 22:03:13,5547,91.5,9.6,116109,4,1,1,1,1,full_screen
2026-07-25 22:03:18,5552,92.3,9.7,116082,4,1,1,1,1,full_screen
2026-07-25 22:03:23,5557,92.4,9.5,116267,4,1,1,1,1,full_screen
2026-07-25 22:03:24,5558,92.4,9.5,116267,4,1,1,1,1,full_screen
2026-07-25 22:03:25,5559,92.4,9.5,116267,4,1,1,1,1,full_screen
2026-07-25 22:03:28,5562,90.6,9.7,116051,4,1,1,1,1,full_screen
2026-07-25 22:03:33,5567,91.7,9.6,116136,4,1,1,1,1,full_screen
2026-07-25 22:03:38,5572,93.4,9.6,116137,4,1,1,1,1,full_screen
2026-07-25 22:03:43,5577,89.2,9.6,116147,4,1,1,1,1,full_screen
2026-07-25 22:03:45,5579,89.2,9.6,116147,4,1,1,1,1,full_screen
2026-07-25 22:03:46,5580,89.2,9.6,116147,4,1,1,1,1,full_screen
2026-07-25 22:03:48,5582,88.5,9.7,116079,4,1,1,1,1,full_screen
2026-07-25 22:03:53,5587,92.0,9.7,116087,4,1,1,1,1,full_screen
2026-07-25 22:03:58,5592,91.4,9.7,116077,4,1,1,1,1,full_screen
2026-07-25 22:04:03,5597,91.2,9.7,116077,4,1,1,1,1,full_screen
2026-07-25 22:04:07,5601,91.2,9.7,116077,4,1,1,1,1,full_screen
2026-07-25 22:04:08,5602,91.2,9.7,116077,4,1,1,1,1,full_screen
2026-07-25 22:04:08,5602,89.9,9.6,116144,4,1,1,1,1,full_screen
2026-07-25 22:04:13,5607,81.2,9.6,116144,4,1,1,1,1,full_screen
2026-07-25 22:04:18,5612,91.2,9.6,116137,4,1,1,1,1,full_screen
2026-07-25 22:04:23,5617,86.6,9.6,116113,4,1,1,1,1,full_screen
2026-07-25 22:04:27,5621,86.6,9.6,116113,4,1,1,1,1,full_screen
2026-07-25 22:04:28,5622,86.9,9.6,116137,4,1,1,1,1,full_screen
2026-07-25 22:04:29,5623,86.9,9.6,116137,4,1,1,1,1,full_screen
2026-07-25 22:04:33,5627,87.6,9.6,116156,4,1,1,1,1,full_screen
2026-07-25 22:04:38,5632,87.0,9.6,116156,4,1,1,1,1,full_screen
2026-07-25 22:04:43,5637,90.2,9.6,116156,4,1,1,1,1,full_screen
2026-07-25 22:04:48,5642,87.6,9.5,116312,4,1,1,1,1,full_screen
2026-07-25 22:04:49,5643,87.6,9.5,116312,4,1,1,1,1,full_screen
2026-07-25 22:04:51,5645,87.6,9.5,116312,4,1,1,1,1,full_screen
2026-07-25 22:04:53,5647,90.1,9.6,116132,4,1,1,1,1,full_screen
2026-07-25 22:04:58,5652,88.7,9.6,116102,4,1,1,1,1,full_screen
2026-07-25 22:05:03,5657,88.5,9.7,116044,4,1,1,1,1,full_screen
2026-07-25 22:05:08,5662,85.1,9.6,116143,4,1,1,1,1,full_screen
2026-07-25 22:05:10,5664,85.1,9.6,116143,4,1,1,1,1,full_screen
2026-07-25 22:05:11,5665,85.1,9.6,116143,4,1,1,1,1,full_screen
2026-07-25 22:05:13,5667,87.5,9.6,116146,4,1,1,1,1,full_screen
2026-07-25 22:05:18,5672,89.9,9.6,116147,4,1,1,1,1,full_screen
2026-07-25 22:05:23,5677,92.9,9.6,116121,4,1,1,1,1,full_screen
2026-07-25 22:05:28,5682,92.7,9.6,116158,4,1,1,1,1,full_screen
2026-07-25 22:05:32,5686,92.7,9.6,116158,4,1,1,1,1,full_screen
2026-07-25 22:05:33,5687,92.7,9.6,116158,4,1,1,1,1,full_screen
2026-07-25 22:05:33,5687,87.3,9.6,116144,4,1,1,1,1,full_screen
2026-07-25 22:05:38,5692,87.2,9.7,116058,4,1,1,1,1,full_screen
2026-07-25 22:05:44,5698,84.0,9.7,116076,4,1,1,1,1,full_screen
2026-07-25 22:05:49,5703,87.6,9.6,116104,4,1,1,1,1,full_screen
2026-07-25 22:05:53,5707,87.6,9.6,116104,4,1,1,1,1,full_screen
2026-07-25 22:05:54,5708,90.6,9.5,116279,4,1,1,1,1,full_screen
2026-07-25 22:05:54,5708,90.6,9.5,116279,4,1,1,1,1,full_screen
2026-07-25 22:05:59,5713,87.6,9.6,116188,4,1,1,1,1,full_screen
2026-07-25 22:06:04,5718,79.1,9.6,116130,4,1,1,1,1,full_screen
2026-07-25 22:06:09,5723,77.1,9.6,116155,4,1,1,1,1,full_screen
2026-07-25 22:06:14,5728,81.7,9.7,116077,4,1,1,1,1,full_screen
2026-07-25 22:06:15,5729,81.7,9.7,116077,4,1,1,1,1,full_screen
2026-07-25 22:06:16,5730,81.7,9.7,116077,4,1,1,1,1,full_screen
2026-07-25 22:06:19,5733,86.6,9.6,116136,4,1,1,1,1,full_screen
2026-07-25 22:06:24,5738,94.4,9.6,116101,4,1,1,1,1,full_screen
2026-07-25 22:06:29,5743,92.7,9.7,116090,4,1,1,1,1,full_screen
2026-07-25 22:06:34,5748,93.5,9.6,116129,4,1,1,1,1,full_screen
2026-07-25 22:06:36,5750,93.5,9.6,116129,4,1,1,1,1,full_screen
2026-07-25 22:06:37,5751,93.5,9.6,116129,4,1,1,1,1,full_screen
2026-07-25 22:06:39,5753,95.3,9.6,116129,4,1,1,1,1,full_screen
2026-07-25 22:06:44,5758,94.9,9.6,116134,4,1,1,1,1,full_screen
2026-07-25 22:06:49,5763,93.9,9.7,116094,4,1,1,1,1,full_screen
2026-07-25 22:06:54,5768,94.0,9.6,116116,4,1,1,1,1,full_screen
2026-07-25 22:06:58,5772,94.0,9.6,116116,4,1,1,1,1,full_screen
2026-07-25 22:06:59,5773,93.5,9.6,116179,4,1,1,1,1,full_screen
2026-07-25 22:06:59,5773,93.5,9.6,116179,4,1,1,1,1,full_screen
2026-07-25 22:07:04,5778,94.4,9.7,116077,4,1,1,1,1,full_screen
2026-07-25 22:07:09,5783,91.8,9.6,116121,4,1,1,1,1,full_screen
2026-07-25 22:07:14,5788,92.1,9.7,116040,4,1,1,1,1,full_screen
2026-07-25 22:07:19,5793,93.1,9.5,116239,4,1,1,1,1,full_screen
2026-07-25 22:07:19,5793,93.1,9.5,116239,4,1,1,1,1,full_screen
2026-07-25 22:07:20,5794,93.1,9.5,116239,4,1,1,1,1,full_screen
2026-07-25 22:07:24,5798,95.1,9.7,116096,4,1,1,1,1,full_screen
2026-07-25 22:07:29,5803,94.7,9.7,116061,4,1,1,1,1,full_screen
2026-07-25 22:07:34,5808,92.7,9.7,116006,4,1,1,1,1,full_screen
2026-07-25 22:07:39,5813,92.4,9.7,116036,4,1,1,1,1,full_screen
2026-07-25 22:07:41,5815,92.4,9.7,116036,4,1,1,1,1,full_screen
2026-07-25 22:07:42,5816,92.4,9.7,116036,4,1,1,1,1,full_screen
2026-07-25 22:07:44,5818,93.7,9.7,116088,4,1,1,1,1,full_screen
2026-07-25 22:07:49,5823,94.1,9.7,116015,4,1,1,1,1,full_screen
2026-07-25 22:07:54,5828,89.8,9.7,116085,4,1,1,1,1,full_screen
2026-07-25 22:07:59,5833,83.6,9.7,116070,4,1,1,1,1,full_screen
2026-07-25 22:08:02,5836,83.6,9.7,116070,4,1,1,1,1,full_screen
2026-07-25 22:08:03,5837,83.6,9.7,116070,4,1,1,1,1,full_screen
2026-07-25 22:08:04,5838,84.8,9.6,116114,4,1,1,1,1,full_screen
2026-07-25 22:08:09,5843,85.8,9.6,116121,4,1,1,1,1,full_screen
2026-07-25 22:08:14,5848,86.4,9.7,116031,4,1,1,1,1,full_screen
2026-07-25 22:08:19,5853,84.4,9.7,116098,4,1,1,1,1,full_screen
2026-07-25 22:08:24,5858,87.8,9.5,116305,4,1,1,1,1,full_screen
2026-07-25 22:08:24,5858,87.8,9.5,116305,4,1,1,1,1,full_screen
2026-07-25 22:08:25,5859,87.8,9.5,116305,4,1,1,1,1,full_screen
2026-07-25 22:08:29,5863,88.8,9.6,116117,4,1,1,1,1,full_screen
2026-07-25 22:08:34,5868,90.4,9.6,116128,4,1,1,1,1,full_screen
2026-07-25 22:08:39,5873,92.6,9.7,116094,4,1,1,1,1,full_screen
2026-07-25 22:08:44,5878,92.3,9.7,116092,4,1,1,1,1,full_screen
2026-07-25 22:08:45,5879,92.3,9.7,116092,4,1,1,1,1,full_screen
2026-07-25 22:08:46,5880,92.3,9.7,116092,4,1,1,1,1,full_screen
2026-07-25 22:08:49,5883,94.8,9.7,116031,4,1,1,1,1,full_screen
2026-07-25 22:08:54,5888,95.4,9.7,116091,4,1,1,1,1,full_screen
2026-07-25 22:08:59,5893,94.7,9.7,116091,4,1,1,1,1,full_screen
2026-07-25 22:09:04,5898,95.6,9.7,116062,4,1,1,1,1,full_screen
2026-07-25 22:09:07,5901,95.6,9.7,116062,4,1,1,1,1,full_screen
2026-07-25 22:09:08,5902,95.6,9.7,116062,4,1,1,1,1,full_screen
2026-07-25 22:09:09,5903,95.2,9.7,116056,4,1,1,1,1,full_screen
2026-07-25 22:09:14,5908,95.2,9.7,116040,4,1,1,1,1,full_screen
2026-07-25 22:09:19,5913,94.2,9.7,116044,4,1,1,1,1,full_screen
2026-07-25 22:09:24,5918,95.3,9.7,115971,4,1,1,1,1,full_screen
2026-07-25 22:09:28,5922,95.3,9.7,115971,4,1,1,1,1,full_screen
2026-07-25 22:09:29,5923,95.2,9.5,116238,4,1,1,1,1,full_screen
2026-07-25 22:09:29,5923,95.2,9.5,116238,4,1,1,1,1,full_screen
2026-07-25 22:09:34,5928,93.0,9.7,116093,4,1,1,1,1,full_screen
2026-07-25 22:09:39,5933,87.7,9.6,116112,4,1,1,1,1,full_screen
2026-07-25 22:09:44,5938,87.4,9.7,116080,4,1,1,1,1,full_screen
2026-07-25 22:09:49,5943,90.4,9.7,116025,4,1,1,1,1,full_screen
2026-07-25 22:09:50,5944,90.4,9.7,116025,4,1,1,1,1,full_screen
2026-07-25 22:09:51,5945,90.4,9.7,116025,4,1,1,1,1,full_screen
2026-07-25 22:09:54,5948,90.5,9.6,116111,4,1,1,1,1,full_screen
2026-07-25 22:09:59,5953,88.9,9.6,116102,4,1,1,1,1,full_screen
2026-07-25 22:10:04,5958,88.2,9.6,116107,4,1,1,1,1,full_screen
2026-07-25 22:10:09,5963,87.5,9.6,116109,4,1,1,1,1,full_screen
2026-07-25 22:10:14,5968,90.9,9.7,116073,4,1,1,1,1,full_screen
2026-07-25 22:10:19,5973,93.7,9.7,116097,4,1,1,1,1,full_screen
2026-07-25 22:10:24,5978,92.0,9.7,116034,4,1,1,1,1,full_screen
2026-07-25 22:10:29,5983,92.8,9.6,116128,4,1,1,1,1,full_screen
2026-07-25 22:10:33,5987,92.8,9.6,116128,4,1,1,1,1,full_screen
2026-07-25 22:10:34,5988,91.1,9.6,116127,4,1,1,1,1,full_screen
2026-07-25 22:10:34,5988,91.1,9.6,116127,4,1,1,1,1,full_screen
2026-07-25 22:10:39,5993,89.5,9.6,116105,4,1,1,1,1,full_screen
2026-07-25 22:10:44,5998,88.0,9.6,116126,4,1,1,1,1,full_screen
2026-07-25 22:10:49,6003,91.7,9.6,116103,4,1,1,1,1,full_screen
2026-07-25 22:10:54,6008,86.8,9.5,116276,4,1,1,1,1,full_screen
2026-07-25 22:10:59,6013,89.1,9.7,116035,4,1,1,1,1,full_screen
2026-07-25 22:11:04,6018,91.0,9.7,116071,4,1,1,1,1,full_screen
2026-07-25 22:11:09,6023,85.8,9.6,116136,4,1,1,1,1,full_screen
2026-07-25 22:11:14,6028,86.1,9.6,116108,4,1,1,1,1,full_screen
2026-07-25 22:11:16,6030,86.1,9.6,116108,4,1,1,1,1,full_screen
2026-07-25 22:11:17,6031,86.1,9.6,116108,4,1,1,1,1,full_screen
2026-07-25 22:11:19,6033,80.6,9.7,116098,4,1,1,1,1,full_screen
2026-07-25 22:11:24,6038,90.6,9.7,116012,4,1,1,1,1,full_screen
2026-07-25 22:11:29,6043,90.5,9.7,116084,4,1,1,1,1,full_screen
2026-07-25 22:11:34,6048,82.4,9.7,116093,4,1,1,1,1,full_screen
2026-07-25 22:11:39,6053,84.1,9.6,116116,4,1,1,1,1,full_screen
2026-07-25 22:11:44,6058,80.0,9.6,116108,4,1,1,1,1,full_screen
2026-07-25 22:11:49,6063,86.9,9.6,116124,4,1,1,1,1,full_screen
2026-07-25 22:11:54,6068,89.3,9.6,116128,4,1,1,1,1,full_screen
2026-07-25 22:11:59,6073,89.3,9.6,116128,4,1,1,1,1,full_screen
2026-07-25 22:11:59,6073,92.3,9.6,116159,4,1,1,1,1,full_screen
2026-07-25 22:12:00,6074,92.3,9.6,116159,4,1,1,1,1,full_screen
2026-07-25 22:12:04,6078,86.2,9.6,116102,4,1,1,1,1,full_screen
2026-07-25 22:12:09,6083,89.2,9.7,116094,4,1,1,1,1,full_screen
2026-07-25 22:12:14,6088,82.6,9.7,116096,4,1,1,1,1,full_screen
2026-07-25 22:12:19,6093,78.6,9.7,116095,4,1,1,1,1,full_screen
2026-07-25 22:12:24,6098,86.5,9.7,116091,4,1,1,1,1,full_screen
2026-07-25 22:12:29,6103,83.5,9.7,116065,4,1,1,1,1,full_screen
2026-07-25 22:12:34,6108,87.8,9.7,116074,4,1,1,1,1,full_screen
2026-07-25 22:12:39,6113,85.8,9.7,116047,4,1,1,1,1,full_screen
2026-07-25 22:12:42,6116,85.8,9.7,116047,4,1,1,1,1,full_screen
2026-07-25 22:12:43,6117,85.8,9.7,116047,4,1,1,1,1,full_screen
2026-07-25 22:12:44,6118,82.3,9.6,116101,4,1,1,1,1,full_screen
2026-07-25 22:12:49,6123,86.4,9.6,116115,4,1,1,1,1,full_screen
2026-07-25 22:12:54,6128,85.2,9.6,116115,4,1,1,1,1,full_screen
2026-07-25 22:12:59,6133,88.3,9.6,116118,4,1,1,1,1,full_screen
2026-07-25 22:13:04,6138,84.6,9.6,116109,4,1,1,1,1,full_screen
2026-07-25 22:13:09,6143,87.0,9.7,116059,4,1,1,1,1,full_screen
2026-07-25 22:13:14,6148,90.5,9.7,116093,4,1,1,1,1,full_screen
2026-07-25 22:13:19,6153,87.3,9.6,116109,4,1,1,1,1,full_screen
2026-07-25 22:13:24,6158,92.3,9.5,116262,4,1,1,1,1,full_screen
2026-07-25 22:13:25,6159,92.3,9.5,116262,4,1,1,1,1,full_screen
2026-07-25 22:13:26,6160,92.3,9.5,116262,4,1,1,1,1,full_screen
2026-07-25 22:13:29,6163,91.0,9.7,116093,4,1,1,1,1,full_screen
2026-07-25 22:13:34,6168,92.0,9.7,116094,4,1,1,1,1,full_screen
2026-07-25 22:13:39,6173,84.7,9.6,116113,4,1,1,1,1,full_screen
2026-07-25 22:13:44,6178,84.8,9.7,116044,4,1,1,1,1,full_screen
2026-07-25 22:13:49,6183,78.6,9.7,116092,4,1,1,1,1,full_screen
2026-07-25 22:13:54,6188,84.9,9.7,116079,4,1,1,1,1,full_screen
2026-07-25 22:13:59,6193,90.9,9.7,116057,4,1,1,1,1,full_screen
2026-07-25 22:14:04,6198,83.8,9.7,116062,4,1,1,1,1,full_screen
2026-07-25 22:14:07,6201,83.8,9.7,116062,4,1,1,1,1,full_screen
2026-07-25 22:14:08,6202,83.8,9.7,116062,4,1,1,1,1,full_screen
2026-07-25 22:14:09,6203,86.4,9.7,115990,4,1,1,1,1,full_screen
2026-07-25 22:14:14,6208,92.7,9.7,116013,4,1,1,1,1,full_screen
2026-07-25 22:14:19,6213,91.3,9.8,115925,4,1,1,1,1,full_screen
2026-07-25 22:14:24,6218,93.0,9.7,115994,4,1,1,1,1,full_screen
2026-07-25 22:14:29,6223,95.5,9.6,116142,4,1,1,1,1,full_screen
2026-07-25 22:14:34,6228,95.2,9.7,116015,4,1,1,1,1,full_screen
2026-07-25 22:14:39,6233,95.8,9.7,116031,4,1,1,1,1,full_screen
2026-07-25 22:14:44,6238,95.1,9.7,115978,4,1,1,1,1,full_screen
2026-07-25 22:14:49,6243,95.7,9.7,116022,4,1,1,1,1,full_screen
2026-07-25 22:14:50,6244,95.7,9.7,116022,4,1,1,1,1,full_screen
2026-07-25 22:14:51,6245,95.7,9.7,116022,4,1,1,1,1,full_screen
2026-07-25 22:14:54,6248,95.1,9.7,116050,4,1,1,1,1,full_screen
2026-07-25 22:14:59,6253,93.8,9.7,116018,4,1,1,1,1,full_screen
2026-07-25 22:15:04,6258,93.5,9.7,116032,4,1,1,1,1,full_screen
2026-07-25 22:15:09,6263,95.0,9.7,116044,4,1,1,1,1,full_screen
2026-07-25 22:15:11,6265,95.0,9.7,116044,4,1,1,1,1,full_screen
2026-07-25 22:15:12,6266,95.0,9.7,116044,4,1,1,1,1,full_screen
2026-07-25 22:15:14,6268,95.7,9.7,116051,4,1,1,1,1,full_screen
2026-07-25 22:15:19,6273,95.8,9.7,115993,4,1,1,1,1,full_screen
2026-07-25 22:15:24,6278,95.7,9.7,116059,4,1,1,1,1,full_screen
2026-07-25 22:15:29,6283,92.9,9.7,116065,4,1,1,1,1,full_screen
2026-07-25 22:15:33,6287,92.9,9.7,116065,4,1,1,1,1,full_screen
2026-07-25 22:15:34,6288,90.8,9.7,116079,4,1,1,1,1,full_screen
2026-07-25 22:15:34,6288,90.8,9.7,116079,4,1,1,1,1,full_screen
2026-07-25 22:15:39,6293,91.0,9.7,116048,4,1,1,1,1,full_screen
2026-07-25 22:15:44,6298,91.8,9.7,116045,4,1,1,1,1,full_screen
2026-07-25 22:15:49,6303,90.8,9.7,116038,4,1,1,1,1,full_screen
2026-07-25 22:15:54,6308,90.8,9.7,116038,4,1,1,1,1,full_screen
2026-07-25 22:15:54,6308,94.8,9.6,116199,4,1,1,1,1,full_screen
2026-07-25 22:15:55,6309,94.8,9.6,116199,4,1,1,1,1,full_screen
2026-07-25 22:15:59,6313,95.4,9.7,116041,4,1,1,1,1,full_screen
2026-07-25 22:16:04,6318,94.2,9.7,116070,4,1,1,1,1,full_screen
2026-07-25 22:16:09,6323,94.1,9.7,116032,4,1,1,1,1,full_screen
2026-07-25 22:16:14,6328,89.4,9.7,116047,4,1,1,1,1,full_screen
2026-07-25 22:16:16,6330,89.4,9.7,116047,4,1,1,1,1,full_screen
2026-07-25 22:16:17,6331,89.4,9.7,116047,4,1,1,1,1,full_screen
2026-07-25 22:16:19,6333,87.5,9.7,116023,4,1,1,1,1,full_screen
2026-07-25 22:16:24,6338,88.2,9.7,116086,4,1,1,1,1,full_screen
2026-07-25 22:16:29,6343,90.9,9.7,116068,4,1,1,1,1,full_screen
2026-07-25 22:16:34,6348,94.9,9.7,116034,4,1,1,1,1,full_screen
2026-07-25 22:16:37,6351,94.9,9.7,116034,4,1,1,1,1,full_screen
2026-07-25 22:16:38,6352,94.9,9.7,116034,4,1,1,1,1,full_screen
2026-07-25 22:16:39,6353,92.9,9.7,116055,4,1,1,1,1,full_screen
2026-07-25 22:16:44,6358,94.3,9.7,116057,4,1,1,1,1,full_screen
2026-07-25 22:16:49,6363,96.2,9.7,115992,4,1,1,1,1,full_screen
2026-07-25 22:16:54,6368,96.4,9.8,115915,4,1,1,1,1,full_screen
2026-07-25 22:16:59,6373,96.4,9.8,115915,4,1,1,1,1,full_screen
2026-07-25 22:16:59,6373,95.6,9.6,116182,4,1,1,1,1,full_screen
2026-07-25 22:17:00,6374,95.6,9.6,116182,4,1,1,1,1,full_screen
2026-07-25 22:17:04,6378,94.4,9.7,116030,4,1,1,1,1,full_screen
2026-07-25 22:17:09,6383,95.8,9.7,116051,4,1,1,1,1,full_screen
2026-07-25 22:17:14,6388,96.9,9.7,116034,4,1,1,1,1,full_screen
2026-07-25 22:17:19,6393,95.1,9.8,115962,4,1,1,1,1,full_screen
2026-07-25 22:17:20,6394,95.1,9.8,115962,4,1,1,1,1,full_screen
2026-07-25 22:17:21,6395,95.1,9.8,115962,4,1,1,1,1,full_screen
2026-07-25 22:17:24,6398,93.4,9.7,116013,4,1,1,1,1,full_screen
2026-07-25 22:17:29,6403,94.5,9.7,115984,4,1,1,1,1,full_screen
2026-07-25 22:17:34,6408,95.4,9.8,115967,4,1,1,1,1,full_screen
2026-07-25 22:17:39,6413,94.3,9.7,115985,4,1,1,1,1,full_screen
2026-07-25 22:17:42,6416,94.3,9.7,115985,4,1,1,1,1,full_screen
2026-07-25 22:17:43,6417,94.3,9.7,115985,4,1,1,1,1,full_screen
2026-07-25 22:17:44,6418,93.9,9.7,116029,4,1,1,1,1,full_screen
2026-07-25 22:17:49,6423,91.0,9.7,116037,4,1,1,1,1,full_screen
2026-07-25 22:17:54,6428,89.9,9.7,116005,4,1,1,1,1,full_screen
2026-07-25 22:17:59,6433,93.5,9.7,116042,4,1,1,1,1,full_screen
2026-07-25 22:18:03,6437,93.5,9.7,116042,4,1,1,1,1,full_screen
2026-07-25 22:18:04,6438,93.5,9.7,116042,4,1,1,1,1,full_screen
2026-07-25 22:18:04,6438,90.8,9.7,116057,4,1,1,1,1,full_screen
2026-07-25 22:18:09,6443,88.1,9.7,116039,4,1,1,1,1,full_screen
2026-07-25 22:18:14,6448,91.3,9.7,116043,4,1,1,1,1,full_screen
2026-07-25 22:18:19,6453,89.1,9.7,116036,4,1,1,1,1,full_screen
2026-07-25 22:18:25,6459,83.3,9.6,116179,4,1,1,1,1,full_screen
2026-07-25 22:18:30,6464,85.4,9.7,116053,4,1,1,1,1,full_screen
2026-07-25 22:18:35,6469,84.9,9.7,116050,4,1,1,1,1,full_screen
2026-07-25 22:18:40,6474,82.8,9.7,116069,4,1,1,1,1,full_screen
2026-07-25 22:18:45,6479,84.2,9.7,116025,4,1,1,1,1,full_screen
2026-07-25 22:18:46,6480,84.2,9.7,116025,4,1,1,1,1,full_screen
2026-07-25 22:18:47,6481,84.2,9.7,116025,4,1,1,1,1,full_screen
2026-07-25 22:18:50,6484,79.0,9.7,116058,4,1,1,1,1,full_screen
2026-07-25 22:18:55,6489,80.4,9.7,116058,4,1,1,1,1,full_screen
2026-07-25 22:19:00,6494,83.9,9.7,116044,4,1,1,1,1,full_screen
2026-07-25 22:19:05,6499,83.9,9.7,116029,4,1,1,1,1,full_screen
2026-07-25 22:19:08,6502,83.9,9.7,116029,4,1,1,1,1,full_screen
2026-07-25 22:19:09,6503,83.9,9.7,116029,4,1,1,1,1,full_screen
2026-07-25 22:19:10,6504,87.9,9.7,116072,4,1,1,1,1,full_screen
2026-07-25 22:19:15,6509,86.5,9.7,116061,4,1,1,1,1,full_screen
2026-07-25 22:19:20,6514,85.6,9.7,116053,4,1,1,1,1,full_screen
2026-07-25 22:19:25,6519,83.3,9.7,116072,4,1,1,1,1,full_screen
2026-07-25 22:19:29,6523,83.3,9.7,116072,4,1,1,1,1,full_screen
2026-07-25 22:19:30,6524,81.6,9.6,116169,4,1,1,1,1,full_screen
2026-07-25 22:19:30,6524,81.6,9.6,116169,4,1,1,1,1,full_screen
2026-07-25 22:19:35,6529,77.1,9.7,116036,4,1,1,1,1,full_screen
2026-07-25 22:19:40,6534,80.3,9.8,115944,4,1,1,1,1,full_screen
2026-07-25 22:19:45,6539,83.4,9.8,115966,4,1,1,1,1,full_screen
2026-07-25 22:19:50,6544,85.8,9.8,115970,4,1,1,1,1,full_screen
2026-07-25 22:19:51,6545,85.8,9.8,115970,4,1,1,1,1,full_screen
2026-07-25 22:19:52,6546,85.8,9.8,115970,4,1,1,1,1,full_screen
2026-07-25 22:19:55,6549,84.2,9.7,116047,4,1,1,1,1,full_screen
2026-07-25 22:20:00,6554,86.9,9.7,116084,4,1,1,1,1,full_screen
2026-07-25 22:20:05,6559,89.3,9.7,116070,4,1,1,1,1,full_screen
2026-07-25 22:20:10,6564,82.7,9.7,116075,4,1,1,1,1,full_screen
2026-07-25 22:20:12,6566,82.7,9.7,116075,4,1,1,1,1,full_screen
2026-07-25 22:20:13,6567,82.7,9.7,116075,4,1,1,1,1,full_screen
2026-07-25 22:20:15,6569,85.9,9.8,115967,4,1,1,1,1,full_screen
2026-07-25 22:20:20,6574,84.2,9.7,116027,4,1,1,1,1,full_screen
2026-07-25 22:20:25,6579,83.0,9.7,116042,4,1,1,1,1,full_screen
2026-07-25 22:20:30,6584,90.6,9.7,116020,4,1,1,1,1,full_screen
2026-07-25 22:20:34,6588,90.6,9.7,116020,4,1,1,1,1,full_screen
2026-07-25 22:20:35,6589,89.2,9.7,116014,4,1,1,1,1,full_screen
2026-07-25 22:20:35,6589,89.2,9.7,116014,4,1,1,1,1,full_screen
2026-07-25 22:20:40,6594,89.7,9.7,116023,4,1,1,1,1,full_screen
2026-07-25 22:20:45,6599,87.6,9.7,116006,4,1,1,1,1,full_screen
2026-07-25 22:20:50,6604,86.0,9.8,115959,4,1,1,1,1,full_screen
2026-07-25 22:20:55,6609,83.2,9.6,116171,4,1,1,1,1,full_screen
2026-07-25 22:20:55,6609,83.2,9.6,116171,4,1,1,1,1,full_screen
2026-07-25 22:20:56,6610,83.2,9.6,116171,4,1,1,1,1,full_screen
2026-07-25 22:21:00,6614,85.1,9.7,116014,4,1,1,1,1,full_screen
2026-07-25 22:21:05,6619,89.3,9.7,116010,4,1,1,1,1,full_screen
2026-07-25 22:21:10,6624,87.4,9.7,116007,4,1,1,1,1,full_screen
2026-07-25 22:21:15,6629,87.1,9.7,115990,4,1,1,1,1,full_screen
2026-07-25 22:21:17,6631,87.1,9.7,115990,4,1,1,1,1,full_screen
2026-07-25 22:21:18,6632,87.1,9.7,115990,4,1,1,1,1,full_screen
2026-07-25 22:21:20,6634,88.7,9.7,116004,4,1,1,1,1,full_screen
2026-07-25 22:21:25,6639,89.6,9.7,115985,4,1,1,1,1,full_screen
2026-07-25 22:21:30,6644,90.6,9.7,115985,4,1,1,1,1,full_screen
2026-07-25 22:21:35,6649,89.7,9.7,115985,4,1,1,1,1,full_screen
2026-07-25 22:21:38,6652,89.7,9.7,115985,4,1,1,1,1,full_screen
2026-07-25 22:21:39,6653,89.7,9.7,115985,4,1,1,1,1,full_screen
2026-07-25 22:21:40,6654,90.7,9.8,115961,4,1,1,1,1,full_screen
2026-07-25 22:21:45,6659,81.2,9.8,115965,4,1,1,1,1,full_screen
2026-07-25 22:21:50,6664,86.2,9.8,115881,4,1,1,1,1,full_screen
2026-07-25 22:21:55,6669,84.4,9.8,115944,4,1,1,1,1,full_screen
2026-07-25 22:22:00,6674,84.4,9.8,115944,4,1,1,1,1,full_screen
2026-07-25 22:22:00,6674,84.2,9.6,116100,4,1,1,1,1,full_screen
2026-07-25 22:22:01,6675,84.2,9.6,116100,4,1,1,1,1,full_screen
2026-07-25 22:22:05,6679,94.3,9.7,115973,4,1,1,1,1,full_screen
2026-07-25 22:22:10,6684,95.9,9.8,115943,4,1,1,1,1,full_screen
2026-07-25 22:22:15,6689,93.3,9.8,115958,4,1,1,1,1,full_screen
2026-07-25 22:22:20,6694,95.7,9.8,115946,4,1,1,1,1,full_screen
2026-07-25 22:22:21,6695,95.7,9.8,115946,4,1,1,1,1,full_screen
2026-07-25 22:22:22,6696,95.7,9.8,115946,4,1,1,1,1,full_screen
2026-07-25 22:22:25,6699,94.7,9.8,115910,4,1,1,1,1,full_screen
2026-07-25 22:22:30,6704,93.6,9.7,116012,4,1,1,1,1,full_screen
2026-07-25 22:22:35,6709,87.6,9.7,115987,4,1,1,1,1,full_screen
2026-07-25 22:22:40,6714,91.4,9.7,116005,4,1,1,1,1,full_screen
2026-07-25 22:22:43,6717,91.4,9.7,116005,4,1,1,1,1,full_screen
2026-07-25 22:22:44,6718,91.4,9.7,116005,4,1,1,1,1,full_screen
2026-07-25 22:22:45,6719,94.3,9.7,115985,4,1,1,1,1,full_screen
2026-07-25 22:22:50,6724,91.4,9.8,115947,4,1,1,1,1,full_screen
2026-07-25 22:22:55,6729,93.7,9.8,115949,4,1,1,1,1,full_screen
2026-07-25 22:23:00,6734,95.3,9.8,115906,4,1,1,1,1,full_screen
2026-07-25 22:23:04,6738,95.3,9.8,115906,4,1,1,1,1,full_screen
2026-07-25 22:23:05,6739,95.3,9.8,115906,4,1,1,1,1,full_screen
2026-07-25 22:23:05,6739,95.0,9.7,115971,4,1,1,1,1,full_screen
2026-07-25 22:23:10,6744,96.5,9.8,115932,4,1,1,1,1,full_screen
2026-07-25 22:23:15,6749,96.3,9.8,115933,4,1,1,1,1,full_screen
2026-07-25 22:23:20,6754,95.8,9.8,115967,4,1,1,1,1,full_screen
2026-07-25 22:23:25,6759,95.0,9.7,116009,4,1,1,1,1,full_screen
2026-07-25 22:23:30,6764,95.9,9.8,115959,4,1,1,1,1,full_screen
2026-07-25 22:23:35,6769,96.4,9.7,115995,4,1,1,1,1,full_screen
2026-07-25 22:23:40,6774,93.3,9.7,116040,4,1,1,1,1,full_screen
2026-07-25 22:23:45,6779,89.9,9.7,116019,4,1,1,1,1,full_screen
2026-07-25 22:23:47,6781,89.9,9.7,116019,4,1,1,1,1,full_screen
2026-07-25 22:23:48,6782,89.9,9.7,116019,4,1,1,1,1,full_screen
2026-07-25 22:23:50,6784,92.7,9.8,115929,4,1,1,1,1,full_screen
2026-07-25 22:23:55,6789,95.3,9.8,115869,4,1,1,1,1,full_screen
2026-07-25 22:24:00,6794,94.3,9.8,115920,4,1,1,1,1,full_screen
2026-07-25 22:24:05,6799,92.7,9.8,115879,4,1,1,1,1,full_screen
2026-07-25 22:24:10,6804,90.4,9.8,115907,4,1,1,1,1,full_screen
2026-07-25 22:24:15,6809,87.4,9.8,115926,4,1,1,1,1,full_screen
2026-07-25 22:24:20,6814,83.9,9.8,115968,4,1,1,1,1,full_screen
2026-07-25 22:24:25,6819,88.2,9.8,115884,4,1,1,1,1,full_screen
2026-07-25 22:24:29,6823,88.2,9.8,115884,4,1,1,1,1,full_screen
2026-07-25 22:24:30,6824,92.2,9.7,116088,4,1,1,1,1,full_screen
2026-07-25 22:24:31,6825,92.2,9.7,116088,4,1,1,1,1,full_screen
2026-07-25 22:24:35,6829,91.6,9.8,115945,4,1,1,1,1,full_screen
2026-07-25 22:24:40,6834,93.9,9.8,115948,4,1,1,1,1,full_screen
2026-07-25 22:24:45,6839,95.5,9.8,115919,4,1,1,1,1,full_screen
2026-07-25 22:24:50,6844,93.4,9.8,115932,4,1,1,1,1,full_screen
2026-07-25 22:24:55,6849,95.7,9.8,115932,4,1,1,1,1,full_screen
2026-07-25 22:25:00,6854,96.2,9.8,115881,4,1,1,1,1,full_screen
2026-07-25 22:25:05,6859,96.4,9.8,115925,4,1,1,1,1,full_screen
2026-07-25 22:25:10,6864,95.1,9.8,115951,4,1,1,1,1,full_screen
2026-07-25 22:25:12,6866,95.1,9.8,115951,4,1,1,1,1,full_screen
2026-07-25 22:25:14,6868,95.1,9.8,115951,4,1,1,1,1,full_screen
2026-07-25 22:25:15,6869,95.6,9.8,115954,4,1,1,1,1,full_screen
2026-07-25 22:25:20,6874,95.8,9.8,115963,4,1,1,1,1,full_screen
2026-07-25 22:25:25,6879,95.1,9.8,115876,4,1,1,1,1,full_screen
2026-07-25 22:25:30,6884,90.6,9.8,115948,4,1,1,1,1,full_screen
2026-07-25 22:25:35,6889,89.7,9.8,115971,4,1,1,1,1,full_screen
2026-07-25 22:25:40,6894,92.7,9.8,115943,4,1,1,1,1,full_screen
2026-07-25 22:25:45,6899,94.7,9.8,115915,4,1,1,1,1,full_screen
2026-07-25 22:25:50,6904,93.3,9.8,115904,4,1,1,1,1,full_screen
2026-07-25 22:25:55,6909,87.7,9.7,116084,4,1,1,1,1,full_screen
2026-07-25 22:25:55,6909,87.7,9.7,116084,4,1,1,1,1,full_screen
2026-07-25 22:25:57,6911,87.7,9.7,116084,4,1,1,1,1,full_screen
2026-07-25 22:26:00,6914,83.4,9.8,115953,4,1,1,1,1,full_screen
2026-07-25 22:26:05,6919,88.9,9.7,116009,4,1,1,1,1,full_screen
2026-07-25 22:26:10,6924,90.2,9.7,115980,4,1,1,1,1,full_screen
2026-07-25 22:26:15,6929,88.4,9.7,115981,4,1,1,1,1,full_screen
2026-07-25 22:26:20,6934,88.6,9.7,116005,4,1,1,1,1,full_screen
2026-07-25 22:26:25,6939,90.7,9.8,115906,4,1,1,1,1,full_screen
2026-07-25 22:26:30,6944,87.7,9.8,115941,4,1,1,1,1,full_screen
2026-07-25 22:26:35,6949,84.0,9.8,115915,4,1,1,1,1,full_screen
2026-07-25 22:26:38,6952,84.0,9.8,115915,4,1,1,1,1,full_screen
2026-07-25 22:26:39,6953,84.0,9.8,115915,4,1,1,1,1,full_screen
2026-07-25 22:26:40,6954,82.4,9.7,116016,4,1,1,1,1,full_screen
2026-07-25 22:26:45,6959,79.2,9.7,115999,4,1,1,1,1,full_screen
2026-07-25 22:26:50,6964,79.9,9.7,116007,4,1,1,1,1,full_screen
2026-07-25 22:26:55,6969,76.8,9.7,116016,4,1,1,1,1,full_screen
2026-07-25 22:27:00,6974,81.5,9.6,116131,4,1,1,1,1,full_screen
2026-07-25 22:27:05,6979,82.4,9.7,115981,4,1,1,1,1,full_screen
2026-07-25 22:27:10,6984,87.8,9.8,115914,4,1,1,1,1,full_screen
2026-07-25 22:27:15,6989,89.5,9.7,116001,4,1,1,1,1,full_screen
2026-07-25 22:27:20,6994,85.7,9.7,115972,4,1,1,1,1,full_screen
2026-07-25 22:27:21,6995,85.7,9.7,115972,4,1,1,1,1,full_screen
2026-07-25 22:27:22,6996,85.7,9.7,115972,4,1,1,1,1,full_screen
2026-07-25 22:27:25,6999,85.5,9.7,115990,4,1,1,1,1,full_screen
2026-07-25 22:27:30,7004,82.6,9.8,115971,4,1,1,1,1,full_screen
2026-07-25 22:27:35,7009,83.7,9.8,115934,4,1,1,1,1,full_screen
2026-07-25 22:27:40,7014,87.6,9.7,115972,4,1,1,1,1,full_screen
2026-07-25 22:27:45,7019,91.3,9.7,115975,4,1,1,1,1,full_screen
2026-07-25 22:27:50,7024,87.5,9.8,115935,4,1,1,1,1,full_screen
2026-07-25 22:27:55,7029,84.1,9.7,115996,4,1,1,1,1,full_screen
2026-07-25 22:28:00,7034,84.0,9.8,115943,4,1,1,1,1,full_screen
2026-07-25 22:28:04,7038,84.0,9.8,115943,4,1,1,1,1,full_screen
2026-07-25 22:28:05,7039,84.0,9.8,115943,4,1,1,1,1,full_screen
2026-07-25 22:28:05,7039,79.9,9.8,115963,4,1,1,1,1,full_screen
2026-07-25 22:28:10,7044,88.3,9.8,115939,4,1,1,1,1,full_screen
2026-07-25 22:28:15,7049,88.0,9.7,115975,4,1,1,1,1,full_screen
2026-07-25 22:28:20,7054,87.7,9.7,115992,4,1,1,1,1,full_screen
2026-07-25 22:28:25,7059,87.7,9.7,116098,4,1,1,1,1,full_screen
2026-07-25 22:28:30,7064,85.9,9.8,115950,4,1,1,1,1,full_screen
2026-07-25 22:28:35,7069,92.1,9.8,115932,4,1,1,1,1,full_screen
2026-07-25 22:28:40,7074,88.4,9.8,115937,4,1,1,1,1,full_screen
2026-07-25 22:28:45,7079,89.1,9.8,115873,4,1,1,1,1,full_screen
2026-07-25 22:28:47,7081,89.1,9.8,115873,4,1,1,1,1,full_screen
2026-07-25 22:28:48,7082,89.1,9.8,115873,4,1,1,1,1,full_screen
2026-07-25 22:28:50,7084,89.0,9.7,115973,4,1,1,1,1,full_screen
2026-07-25 22:28:55,7089,89.0,9.7,116020,4,1,1,1,1,full_screen
2026-07-25 22:29:00,7094,90.1,9.7,116025,4,1,1,1,1,full_screen
2026-07-25 22:29:05,7099,86.8,9.7,116000,4,1,1,1,1,full_screen
2026-07-25 22:29:10,7104,85.0,9.7,115996,4,1,1,1,1,full_screen
2026-07-25 22:29:15,7109,89.3,9.7,116037,4,1,1,1,1,full_screen
2026-07-25 22:29:20,7114,91.6,9.8,115908,4,1,1,1,1,full_screen
2026-07-25 22:29:25,7119,91.5,9.8,115953,4,1,1,1,1,full_screen
2026-07-25 22:29:30,7124,91.5,9.8,115953,4,1,1,1,1,full_screen
2026-07-25 22:29:30,7124,89.2,9.6,116163,4,1,1,1,1,full_screen
2026-07-25 22:29:31,7125,89.2,9.6,116163,4,1,1,1,1,full_screen
2026-07-25 22:29:35,7129,85.1,9.7,116008,4,1,1,1,1,full_screen
2026-07-25 22:29:40,7134,79.2,9.7,116015,4,1,1,1,1,full_screen
2026-07-25 22:29:45,7139,82.2,9.7,116024,4,1,1,1,1,full_screen
2026-07-25 22:29:50,7144,77.2,9.7,116001,4,1,1,1,1,full_screen
2026-07-25 22:29:55,7149,83.4,9.8,115936,4,1,1,1,1,full_screen
2026-07-25 22:30:00,7154,94.4,9.7,115991,4,1,1,1,1,full_screen
2026-07-25 22:30:05,7159,95.1,9.7,115993,4,1,1,1,1,full_screen
2026-07-25 22:30:10,7164,95.4,9.8,115940,4,1,1,1,1,full_screen
2026-07-25 22:30:13,7167,95.4,9.8,115940,4,1,1,1,1,full_screen
2026-07-25 22:30:14,7168,95.4,9.8,115940,4,1,1,1,1,full_screen
2026-07-25 22:30:15,7169,97.6,9.8,115936,4,1,1,1,1,full_screen
2026-07-25 22:30:20,7174,96.9,9.8,115874,4,1,1,1,1,full_screen
2026-07-25 22:30:25,7179,96.7,9.8,115962,4,1,1,1,1,full_screen
2026-07-25 22:30:30,7184,96.2,9.8,115967,4,1,1,1,1,full_screen
2026-07-25 22:30:35,7189,93.6,9.7,115973,4,1,1,1,1,full_screen
2026-07-25 22:30:40,7194,95.5,9.7,115996,4,1,1,1,1,full_screen
2026-07-25 22:30:45,7199,95.7,9.8,115964,4,1,1,1,1,full_screen
2026-07-25 22:30:50,7204,94.0,9.8,115963,4,1,1,1,1,full_screen
2026-07-25 22:30:55,7209,92.7,9.7,116083,4,1,1,1,1,full_screen
2026-07-25 22:30:56,7210,92.7,9.7,116083,4,1,1,1,1,full_screen
2026-07-25 22:30:57,7211,92.7,9.7,116083,4,1,1,1,1,full_screen
2026-07-25 22:31:00,7214,94.8,9.8,115869,4,1,1,1,1,full_screen
2026-07-25 22:31:05,7219,95.3,9.8,115860,4,1,1,1,1,full_screen
2026-07-25 22:31:11,7225,95.2,9.8,115857,4,1,1,1,1,full_screen
